cohort,cumu_month,year,age,newpop,monthdth,tot_deaths_app,mort_rate
1916,1,2006,90,290534,1,8952.124,3081.2656
1916,2,2006,90,,2,7677.25,
1916,3,2006,90,,3,8045.5,
1916,4,2006,90,,4,6495.042,
1916,5,2006,90,,5,5727,
1916,6,2006,90,,6,4844.4995,
1916,7,2006,90,,7,4518.875,
1916,8,2006,90,,8,3996.125,
1916,9,2006,90,,9,3435.2502,
1916,10,2006,90,,10,3207.7915,
1916,11,2006,90,,11,2778,
1916,12,2006,90,,12,2417.1252,
1917,1,2006,89,162159,1,2161.0833,1332.694
1917,2,2006,89,174372.4904109593,2,1997.25,1145.3928
1917,3,2006,89,185404.0301369866,3,2257.75,1217.746
1917,4,2006,89,197617.520547946,4,2000.0001,1012.0561
1917,5,2006,89,209437.027397261,5,1980.875,945.80933
1917,6,2006,89,221650.5178082194,6,1850.3333,834.79761
1917,7,2006,89,233470.0246575344,7,1928.25,825.909
1917,8,2006,89,245683.5150684938,8,1939.125,789.27765
1917,9,2006,89,257897.0054794522,9,1961.4166,760.5426
1917,10,2006,89,269716.5123287672,10,2166.4585,803.23541
1917,11,2006,89,281930.0027397266,11,2164.375,767.6994
1917,12,2006,89,293749.5095890416,12,2358.7915,802.9942
1917,13,2007,90,305963,1,9375.833,3064.3682
1917,14,2007,90,,2,8108.125,
1917,15,2007,90,,3,7934.875,
1917,16,2007,90,,4,6809.2505,
1917,17,2007,90,,5,5872.125,
1917,18,2007,90,,6,4915.5415,
1917,19,2007,90,,7,4634.708,
1917,20,2007,90,,8,4075.25,
1917,21,2007,90,,9,3534.875,
1917,22,2007,90,,10,3320.75,
1917,23,2007,90,,11,2861,
1917,24,2007,90,,12,2497,
1918,1,2006,88,193236,1,2491.2083,1289.2051
1918,2,2006,88,191054.8315068493,2,2231.5,1167.9893
1918,3,2006,88,189084.7438356164,3,2559.875,1353.8242
1918,4,2006,88,186903.5753424657,4,2191.7085,1172.6412
1918,5,2006,88,184792.7671232875,5,2190.375,1185.3142
1918,6,2006,88,182611.598630137,6,2036.0416,1114.9574
1918,7,2006,88,180500.7904109589,7,2098.9583,1162.8527
1918,8,2006,88,178319.6219178082,8,2066.625,1158.9442
1918,9,2006,88,176138.4534246575,9,2093.2915,1188.4353
1918,10,2006,88,174027.6452054793,10,2260.8333,1299.123
1918,11,2006,88,171846.4767123286,11,2229,1297.088
1918,12,2006,88,169735.6684931507,12,2472.5,1456.6768
1918,13,2007,89,167554.5,1,2295.2915,1369.8776
1918,14,2007,89,180215.8342465758,2,2139.875,1187.3956
1918,15,2007,89,191651.8780821916,3,2212.875,1154.6326
1918,16,2007,89,204313.2123287674,4,2127.4167,1041.2527
1918,17,2007,89,216566.1164383562,5,2017.5,931.58618
1918,18,2007,89,229227.4506849321,6,1892.8333,825.74457
1918,19,2007,89,241480.3547945209,7,1975.4584,818.06171
1918,20,2007,89,254141.6890410958,8,1936.25,761.87817
1918,21,2007,89,266803.0232876716,9,1866.9583,699.75153
1918,22,2007,89,279055.9273972604,10,2058.5833,737.69556
1918,23,2007,89,291717.2616438353,11,2097.375,718.97528
1918,24,2007,89,303970.1657534251,12,2332.625,767.38617
1918,25,2008,90,316631.5,1,9655.417,3049.4177
1918,26,2008,90,,2,9318.875,
1918,27,2008,90,,3,9043.583,
1918,28,2008,90,,4,7178.792,
1918,29,2008,90,,5,6161.125,
1918,30,2008,90,,6,5196.4995,
1918,31,2008,90,,7,4679.375,
1918,32,2008,90,,8,4089.75,
1918,33,2008,90,,9,3599.75,
1918,34,2008,90,,10,3365.458,
1918,35,2008,90,,11,2845.75,
1918,36,2008,90,,12,2583.8335,
1919,1,2006,87,229900,1,2637.625,1147.2924
1919,2,2006,87,227664.9849315069,2,2412.125,1059.5063
1919,3,2006,87,225646.2616438356,3,2696.75,1195.1228
1919,4,2006,87,223411.2465753425,4,2380.375,1065.4679
1919,5,2006,87,221248.3287671232,5,2363.125,1068.0872
1919,6,2006,87,219013.3136986301,6,2222.9585,1014.9879
1919,7,2006,87,216850.395890411,7,2308.3333,1064.4819
1919,8,2006,87,214615.3808219177,8,2299.5,1071.4517
1919,9,2006,87,212380.3657534246,9,2369.0833,1115.4907
1919,10,2006,87,210217.4479452055,10,2546.8335,1211.5233
1919,11,2006,87,207982.4328767124,11,2647.125,1272.7638
1919,12,2006,87,205819.5150684931,12,2913.0417,1415.338
1919,13,2007,88,203584.5,1,2469.7917,1213.1531
1919,14,2007,88,201338.6136986301,2,2335.25,1159.8619
1919,15,2007,88,199310.0712328767,3,2437.875,1223.157
1919,16,2007,88,197064.1849315069,4,2295.4585,1164.8279
1919,17,2007,88,194890.7465753425,5,2209.875,1133.9045
1919,18,2007,88,192644.8602739726,6,2079,1079.1879
1919,19,2007,88,190471.4219178082,7,2206.2083,1158.2883
1919,20,2007,88,188225.5356164384,8,2217.5,1178.1079
1919,21,2007,88,185979.6493150685,9,2227,1197.4429
1919,22,2007,88,183806.2109589041,10,2426,1319.8684
1919,23,2007,88,181560.3246575342,11,2457,1353.2692
1919,24,2007,88,179386.8863013699,12,2741.5,1528.2611
1919,25,2008,89,177141,1,2381,1344.127
1919,26,2008,89,190479.9357923502,2,2407.875,1264.1095
1919,27,2008,89,202958.2950819675,3,2459.2917,1211.7227
1919,28,2008,89,216297.2308743168,4,2220.1667,1026.4425
1919,29,2008,89,229205.8784153005,5,2116.5,923.40564
1919,30,2008,89,242544.8142076507,6,2010.5416,828.93616
1919,31,2008,89,255453.4617486345,7,1996.0417,781.37195
1919,32,2008,89,268792.3975409837,8,2024,752.9975
1919,33,2008,89,282131.333333334,9,2113.5,749.1192
1919,34,2008,89,295039.9808743168,10,2392.125,810.77997
1919,35,2008,89,308378.916666667,11,2310.625,749.28113
1919,36,2008,89,321287.5642076507,12,2635.75,820.37097
1919,37,2009,90,334626.5,1,10129.166,3027.0066
1919,38,2009,90,,2,8347.25,
1919,39,2009,90,,3,8328.375,
1919,40,2009,90,,4,7116.7085,
1919,41,2009,90,,5,6313.75,
1919,42,2009,90,,6,5461.1665,
1919,43,2009,90,,7,5055.083,
1919,44,2009,90,,8,4412.875,
1919,45,2009,90,,9,4017.875,
1919,46,2009,90,,10,3788.625,
1919,47,2009,90,,11,3048.25,
1919,48,2009,90,,12,2793.2085,
1920,1,2006,86,275425,1,2735.7083,993.26794
1920,2,2006,86,272980.0767123287,2,2593.375,950.02356
1920,3,2006,86,270771.7589041095,3,2943.9165,1087.2317
1920,4,2006,86,268326.8356164382,4,2606.25,971.29681
1920,5,2006,86,265960.7808219178,5,2623.125,986.28265
1920,6,2006,86,263515.8575342465,6,2433.7915,923.58447
1920,7,2006,86,261149.8027397259,7,2510.625,961.37347
1920,8,2006,86,258704.8794520546,8,2526,976.40216
1920,9,2006,86,256259.9561643836,9,2539.3335,990.9209
1920,10,2006,86,253893.901369863,10,2697.7915,1062.5665
1920,11,2006,86,251448.9780821917,11,2790.875,1109.917
1920,12,2006,86,249082.9232876711,12,3130.375,1256.7601
1920,13,2007,87,246638,1,2640.75,1070.6987
1920,14,2007,87,244339.4561643836,2,2612.25,1069.1069
1920,15,2007,87,242263.3520547943,3,2679.3333,1105.959
1920,16,2007,87,239964.8082191779,4,2488.2917,1036.9403
1920,17,2007,87,237740.4109589041,5,2479.75,1043.0494
1920,18,2007,87,235441.8671232876,6,2369.2915,1006.317
1920,19,2007,87,233217.4698630136,7,2462.4585,1055.8636
1920,20,2007,87,230918.9260273972,8,2456,1063.5768
1920,21,2007,87,228620.3821917807,9,2452.0835,1072.5568
1920,22,2007,87,226395.9849315067,10,2597.5415,1147.3444
1920,23,2007,87,224097.4410958902,11,2696.875,1203.4386
1920,24,2007,87,221873.0438356164,12,3010.0835,1356.6693
1920,25,2008,88,219574.5,1,2557.4583,1164.7338
1920,26,2008,88,217080.1010928962,2,2587.625,1192.0139
1920,27,2008,88,214746.6311475411,3,2792.0833,1300.1755
1920,28,2008,88,212252.2322404373,4,2478.9585,1167.9304
1920,29,2008,88,209838.2978142076,5,2400.625,1144.0356
1920,30,2008,88,207343.8989071038,6,2242.2085,1081.396
1920,31,2008,88,204929.9644808744,7,2286.5415,1115.7673
1920,32,2008,88,202435.5655737706,8,2292.75,1132.5826
1920,33,2008,88,199941.1666666667,9,2277.7085,1139.1893
1920,34,2008,88,197527.2322404373,10,2579.7085,1306.0015
1920,35,2008,88,195032.8333333335,11,2565.875,1315.6118
1920,36,2008,88,192618.8989071038,12,2807.25,1457.4115
1920,37,2009,89,190124.5,1,2349.2498,1235.6376
1920,38,2009,89,203895.9739726027,2,2112.5,1036.0675
1920,39,2009,89,216334.7246575337,3,2437.5835,1126.7648
1920,40,2009,89,230106.1986301364,4,2215.4167,962.78015
1920,41,2009,89,243433.4315068489,5,2135,877.0365
1920,42,2009,89,257204.9054794516,6,2066.4583,803.42877
1920,43,2009,89,270532.1383561641,7,2215.9583,819.1109
1920,44,2009,89,284303.6123287668,8,2214.5,778.92084
1920,45,2009,89,298075.0863013696,9,2284.5415,766.43158
1920,46,2009,89,311402.319178082,10,2450.25,786.84387
1920,47,2009,89,325173.7931506848,11,2376,730.68622
1920,48,2009,89,338501.0260273973,12,2630.2085,777.01642
1920,49,2010,90,352272.5,1,10410.416,2955.2168
1920,50,2010,90,,2,8711.125,
1920,51,2010,90,,3,8827.959,
1920,52,2010,90,,4,7416.667,
1920,53,2010,90,,5,6773,
1920,54,2010,90,,6,5800.666,
1920,55,2010,90,,7,5370.708,
1920,56,2010,90,,8,4759.375,
1920,57,2010,90,,9,4237.9585,
1920,58,2010,90,,10,3903.7083,
1920,59,2010,90,,11,3341.25,
1920,60,2010,90,,12,3042.375,
1921,1,2006,85,324253,1,3078.2083,949.323
1921,2,2006,85,321095.0342465753,2,2743.875,854.53674
1921,3,2006,85,318242.6780821919,3,3153.4585,990.8974
1921,4,2006,85,315084.7123287672,4,2866.5417,909.76862
1921,5,2006,85,312028.6164383562,5,2821.875,904.3642
1921,6,2006,85,308870.6506849315,6,2556.75,827.77368
1921,7,2006,85,305814.5547945206,7,2589.2085,846.65967
1921,8,2006,85,302656.5890410959,8,2592.125,856.45746
1921,9,2006,85,299498.6232876712,9,2639.375,881.26447
1921,10,2006,85,296442.5273972603,10,2836.75,956.93085
1921,11,2006,85,293284.5616438356,11,2833.625,966.16919
1921,12,2006,85,290228.4657534247,12,3004.8333,1035.3337
1921,13,2007,86,287070.5,1,2989.875,1041.5125
1921,14,2007,86,284614.4506849314,2,2839.875,997.79718
1921,15,2007,86,282396.0835616437,3,2979.7917,1055.1816
1921,16,2007,86,279940.0342465753,4,2760.2085,985.99994
1921,17,2007,86,277563.2123287672,5,2717,978.8761
1921,18,2007,86,275107.1630136985,6,2552.2915,927.74445
1921,19,2007,86,272730.3410958904,7,2542.5835,932.27014
1921,20,2007,86,270274.291780822,8,2555.625,945.5672
1921,21,2007,86,267818.2424657533,9,2565.0833,957.7702
1921,22,2007,86,265441.4205479452,10,2671.25,1006.3426
1921,23,2007,86,262985.3712328768,11,2786.125,1059.422
1921,24,2007,86,260608.5493150684,12,2979.7915,1143.3975
1921,25,2008,87,258152.5,1,2920.2083,1131.1951
1921,26,2008,87,255683.5532786886,2,2912.25,1139.0056
1921,27,2008,87,253373.8934426229,3,3110.625,1227.6818
1921,28,2008,87,250904.9467213114,4,2787.9167,1111.1447
1921,29,2008,87,248515.6434426229,5,2608,1049.4309
1921,30,2008,87,246046.6967213114,6,2476.2083,1006.3977
1921,31,2008,87,243657.3934426229,7,2471.75,1014.4367
1921,32,2008,87,241188.4467213114,8,2448.75,1015.285
1921,33,2008,87,238719.5,9,2417.375,1012.6425
1921,34,2008,87,236330.1967213114,10,2637.375,1115.9703
1921,35,2008,87,233861.25,11,2694.75,1152.2858
1921,36,2008,87,231471.9467213114,12,3027.7083,1308.0238
1921,37,2009,88,229003,1,2665.7083,1164.0494
1921,38,2009,88,226319.3342465751,2,2403.625,1062.0502
1921,39,2009,88,223895.3780821916,3,2636.75,1177.6705
1921,40,2009,88,221211.7123287669,4,2496.0417,1128.3497
1921,41,2009,88,218614.616438356,5,2392.5,1094.3916
1921,42,2009,88,215930.9506849314,6,2310.25,1069.9022
1921,43,2009,88,213333.8547945204,7,2404.1667,1126.9504
1921,44,2009,88,210650.1890410958,8,2403,1140.7538
1921,45,2009,88,207966.5232876712,9,2438.4167,1172.5044
1921,46,2009,88,205369.4273972602,10,2544.4165,1238.946
1921,47,2009,88,202685.7616438356,11,2491.625,1229.3044
1921,48,2009,88,200088.6657534246,12,2828.6665,1413.7065
1921,49,2010,89,197405,1,2586.625,1310.3138
1921,50,2010,89,212524.846575344,2,2278.875,1072.2864
1921,51,2010,89,226181.4821917824,3,2528.375,1117.8523
1921,52,2010,89,241301.3287671246,4,2378.9585,985.88702
1921,53,2010,89,255933.4383561648,5,2392.5,934.81335
1921,54,2010,89,271053.284931507,6,2184.1665,805.80707
1921,55,2010,89,285685.3945205491,7,2272.625,795.49921
1921,56,2010,89,300805.2410958912,8,2231.875,741.9668
1921,57,2010,89,315925.0876712333,9,2330.5,737.67487
1921,58,2010,89,330557.1972602755,10,2479.8333,750.19794
1921,59,2010,89,345677.0438356176,11,2517.375,728.24475
1921,60,2010,89,360309.1534246579,12,2844.125,789.35687
1921,61,2011,90,375429,1,11752.333,3130.3743
1921,62,2011,90,,2,9925.875,
1921,63,2011,90,,3,9577.375,
1921,64,2011,90,,4,8012.959,
1921,65,2011,90,,5,7220.625,
1921,66,2011,90,,6,6165.6245,
1921,67,2011,90,,7,5677.75,
1921,68,2011,90,,8,4934.125,
1921,69,2011,90,,9,4328.3335,
1921,70,2011,90,,10,4024.583,
1921,71,2011,90,,11,3366.875,
1921,72,2011,90,,12,2896.542,
1922,1,2006,84,372390.5,1,3175.5833,852.75623
1922,2,2006,84,368839.0890410962,2,2849.5,772.55914
1922,3,2006,84,365631.3630136987,3,3295.625,901.35181
1922,4,2006,84,362079.9520547946,4,2922.5415,807.15363
1922,5,2006,84,358643.1027397262,5,2910.25,811.4613
1922,6,2006,84,355091.6917808221,6,2639.7915,743.41125
1922,7,2006,84,351654.8424657537,7,2665.4165,757.96381
1922,8,2006,84,348103.4315068496,8,2601.5,747.33533
1922,9,2006,84,344552.0205479453,9,2631.75,763.81787
1922,10,2006,84,341115.1712328768,10,2899.6667,850.05505
1922,11,2006,84,337563.7602739728,11,2862.5,847.98798
1922,12,2006,84,334126.9109589043,12,3090.0417,924.81079
1922,13,2007,85,330575.5,1,3216.0833,972.87402
1922,14,2007,85,327571.0904109587,2,2949.375,900.37708
1922,15,2007,85,324857.4301369863,3,3181.5833,979.3783
1922,16,2007,85,321853.0205479451,4,2971,923.09216
1922,17,2007,85,318945.5273972603,5,2822.25,884.86896
1922,18,2007,85,315941.117808219,6,2575.0415,815.03845
1922,19,2007,85,313033.6246575343,7,2597.9583,829.92944
1922,20,2007,85,310029.215068493,8,2622.375,845.84772
1922,21,2007,85,307024.805479452,9,2607.3335,849.22571
1922,22,2007,85,304117.312328767,10,2792.6667,918.28601
1922,23,2007,85,301112.902739726,11,2921,970.06805
1922,24,2007,85,298205.409589041,12,3022.0835,1013.4235
1922,25,2008,86,295201,1,3090.9583,1047.0691
1922,26,2008,86,292651.6734972678,2,3182.75,1087.5557
1922,27,2008,86,290266.8196721312,3,3219.25,1109.0658
1922,28,2008,86,287717.493169399,4,2891.0415,1004.8195
1922,29,2008,86,285250.4030054645,5,2729.875,957.01007
1922,30,2008,86,282701.0765027322,6,2566.4583,907.83459
1922,31,2008,86,280233.986338798,7,2556.6667,912.33289
1922,32,2008,86,277684.6598360655,8,2503.75,901.65228
1922,33,2008,86,275135.3333333333,9,2493.7917,906.38733
1922,34,2008,86,272668.243169399,10,2712.9165,994.95142
1922,35,2008,86,270118.9166666667,11,2745.75,1016.4968
1922,36,2008,86,267651.8265027322,12,3102.1667,1159.0306
1922,37,2009,87,265102.5,1,2942.5833,1109.9795
1922,38,2009,87,262478.583561644,2,2711,1032.8462
1922,39,2009,87,260108.5945205481,3,2835.125,1089.9774
1922,40,2009,87,257484.6780821919,4,2624.2917,1019.2031
1922,41,2009,87,254945.4041095891,5,2587.75,1015.0212
1922,42,2009,87,252321.487671233,6,2409.4585,954.91608
1922,43,2009,87,249782.2136986302,7,2548.1665,1020.1553
1922,44,2009,87,247158.2972602739,8,2473.75,1000.8768
1922,45,2009,87,244534.3808219179,9,2454.0833,1003.5739
1922,46,2009,87,241995.1068493151,10,2670.625,1103.5863
1922,47,2009,87,239371.1904109591,11,2656.25,1109.6782
1922,48,2009,87,236831.9164383563,12,3041.125,1284.0858
1922,49,2010,88,234208,1,2813.3333,1201.2114
1922,50,2010,88,231394.006849315,2,2564.125,1108.1207
1922,51,2010,88,228852.3356164384,3,2798.0417,1222.6406
1922,52,2010,88,226038.3424657534,4,2555.9585,1130.7633
1922,53,2010,88,223315.1232876712,5,2573.875,1152.5753
1922,54,2010,88,220501.1301369863,6,2367.75,1073.8041
1922,55,2010,88,217777.9109589041,7,2507.125,1151.2301
1922,56,2010,88,214963.9178082191,8,2441,1135.5394
1922,57,2010,88,212149.9246575341,9,2482.875,1170.3398
1922,58,2010,88,209426.7054794519,10,2638.5415,1259.8878
1922,59,2010,88,206612.7123287672,11,2623.125,1269.5854
1922,60,2010,88,203889.493150685,12,2931.5417,1437.8091
1922,61,2011,89,201075.5,1,2840.5,1412.6534
1922,62,2011,89,217440.3575342465,2,2529.375,1163.25
1922,63,2011,89,232221.5191780832,3,2740.4583,1180.1052
1922,64,2011,89,248586.3767123297,4,2392.9585,962.62659
1922,65,2011,89,264423.3356164396,5,2419.375,914.96277
1922,66,2011,89,280788.1931506861,6,2258.4583,804.32806
1922,67,2011,89,296625.1520547941,7,2304.4167,776.87842
1922,68,2011,89,312990.0095890407,8,2249.625,718.75299
1922,69,2011,89,329354.8671232872,9,2296.0833,697.14569
1922,70,2011,89,345191.8260273971,10,2497.7085,723.57117
1922,71,2011,89,361556.6835616436,11,2523.125,697.85046
1922,72,2011,89,377393.6424657535,12,2766.6665,733.09833
1922,73,2012,90,393758.5,1,11693.124,2969.6182
1922,74,2012,90,,2,10059.625,
1922,75,2012,90,,3,9644.917,
1922,76,2012,90,,4,8465.084,
1922,77,2012,90,,5,7361.25,
1922,78,2012,90,,6,6426.666,
1922,79,2012,90,,7,5877.583,
1922,80,2012,90,,8,5261.125,
1922,81,2012,90,,9,4608.417,
1922,82,2012,90,,10,4248.25,
1922,83,2012,90,,11,3619.375,
1922,84,2012,90,,12,3214.167,
1923,1,2006,83,414914,1,3192.8333,769.51691
1923,2,2006,83,411892.1794520547,2,2877.625,698.6355
1923,3,2006,83,409162.7931506848,3,3177.0833,776.48389
1923,4,2006,83,406140.9726027397,4,2918.0417,718.48004
1923,5,2006,83,403216.6301369863,5,2829.75,701.79395
1923,6,2006,83,400194.8095890409,6,2711.375,677.51379
1923,7,2006,83,397270.4671232875,7,2707.5,681.52563
1923,8,2006,83,394248.6465753424,8,2676.625,678.91797
1923,9,2006,83,391226.8260273971,9,2700.2917,690.2113
1923,10,2006,83,388302.4835616436,10,2984.7917,768.67694
1923,11,2006,83,385280.6630136985,11,2911.5,755.68286
1923,12,2006,83,382356.3205479451,12,3133.2917,819.46906
1923,13,2007,84,379334.5,1,3195.4583,842.38538
1923,14,2007,84,375893.2452054797,2,2942,782.66901
1923,15,2007,84,372785.0150684933,3,3117.2917,836.21704
1923,16,2007,84,369343.7602739728,4,2862.6667,775.06842
1923,17,2007,84,366013.5136986303,5,2867.25,783.37274
1923,18,2007,84,362572.2589041097,6,2572.5833,709.53668
1923,19,2007,84,359242.0123287672,7,2739.25,762.50824
1923,20,2007,84,355800.7575342467,8,2692.25,756.67346
1923,21,2007,84,352359.5027397261,9,2645.2915,750.73651
1923,22,2007,84,349029.2561643838,10,2808.3333,804.61255
1923,23,2007,84,345588.0013698633,11,2784.125,805.61969
1923,24,2007,84,342257.7547945208,12,3161.0415,923.58508
1923,25,2008,85,338816.5,1,3200.25,944.53784
1923,26,2008,85,335871.2882513662,2,3113.875,927.10364
1923,27,2008,85,333116.0901639345,3,3277.2085,983.80371
1923,28,2008,85,330170.8784153007,4,2873.9167,870.43317
1923,29,2008,85,327320.6734972678,5,2777.5,848.55621
1923,30,2008,85,324375.461748634,6,2583.75,796.53064
1923,31,2008,85,321525.2568306013,7,2648.6665,823.7818
1923,32,2008,85,318580.0450819673,8,2553.625,801.56464
1923,33,2008,85,315634.8333333335,9,2619.4585,829.90161
1923,34,2008,85,312784.6284153007,10,2872.5,918.36353
1923,35,2008,85,309839.4166666667,11,2905,937.58246
1923,36,2008,85,306989.211748634,12,3181.6665,1036.4099
1923,37,2009,86,304044,1,3117.5417,1025.3588
1923,38,2009,86,301350.5246575342,2,2769,918.86353
1923,39,2009,86,298917.708219178,3,2915.625,975.39386
1923,40,2009,86,296224.2328767122,4,2711,915.18506
1923,41,2009,86,293617.6438356163,5,2715.5,924.84222
1923,42,2009,86,290924.1684931505,6,2468.8333,848.61743
1923,43,2009,86,288317.5794520548,7,2606.4585,904.02344
1923,44,2009,86,285624.104109589,8,2592.25,907.57397
1923,45,2009,86,282930.6287671232,9,2557.75,904.0202
1923,46,2009,86,280324.0397260273,10,2871.7917,1024.4543
1923,47,2009,86,277630.5643835615,11,2696.375,971.20972
1923,48,2009,86,275023.9753424656,12,3073.9585,1117.7057
1923,49,2010,87,272330.5,1,2936.5415,1078.3007
1923,50,2010,87,269326.5575342467,2,2540.125,943.13947
1923,51,2010,87,266613.3191780823,3,2851,1069.3389
1923,52,2010,87,263609.3767123288,4,2627,996.55029
1923,53,2010,87,260702.3356164384,5,2651.875,1017.2042
1923,54,2010,87,257698.3931506851,6,2512.7085,975.05786
1923,55,2010,87,254791.3520547946,7,2598.2083,1019.7396
1923,56,2010,87,251787.4095890413,8,2543.625,1010.2272
1923,57,2010,87,248783.4671232877,9,2576.4167,1035.6061
1923,58,2010,87,245876.4260273974,10,2689.7917,1093.9608
1923,59,2010,87,242872.4835616439,11,2733.875,1125.6421
1923,60,2010,87,239965.4424657535,12,3227.2917,1344.8986
1923,61,2011,88,236961.5,1,2950.25,1245.0334
1923,62,2011,88,234299.194520548,2,2583.125,1102.4899
1923,63,2011,88,231894.5315068495,3,2744,1183.2965
1923,64,2011,88,229232.2260273972,4,2522.3335,1100.3398
1923,65,2011,88,226655.8013698631,5,2632.625,1161.5079
1923,66,2011,88,223993.4958904111,6,2373.1665,1059.4801
1923,67,2011,88,221417.0712328767,7,2518.5415,1137.465
1923,68,2011,88,218754.7657534247,8,2489.125,1137.861
1923,69,2011,88,216092.4602739727,9,2447.875,1132.7905
1923,70,2011,88,213516.0356164384,10,2651.125,1241.6515
1923,71,2011,88,210853.7301369864,11,2627.875,1246.3024
1923,72,2011,88,208277.305479452,12,2834.5,1360.926
1923,73,2012,89,205615,1,2598.5415,1263.7898
1923,74,2012,89,222981.903005464,2,2449.25,1098.4075
1923,75,2012,89,239228.3606557362,3,2617.75,1094.2473
1923,76,2012,89,256595.263661202,4,2445.7917,953.17102
1923,77,2012,89,273401.9439890701,5,2374.125,868.36432
1923,78,2012,89,290768.8469945341,6,2248.75,773.38068
1923,79,2012,89,307575.5273224041,7,2385.0833,775.44635
1923,80,2012,89,324942.4303278681,8,2398.125,738.01532
1923,81,2012,89,342309.3333333321,9,2425.8333,708.66699
1923,82,2012,89,359116.013661202,10,2571.1667,715.97107
1923,83,2012,89,376482.916666666,11,2611.625,693.69019
1923,84,2012,89,393289.5969945341,12,2956.5,751.73615
1923,85,2013,90,410656.5,1,14934.25,3636.677
1923,86,2013,90,,2,11007.625,
1923,87,2013,90,,3,10568.167,
1923,88,2013,90,,4,8763.667,
1923,89,2013,90,,5,7748.875,
1923,90,2013,90,,6,6628.833,
1923,91,2013,90,,7,6017.75,
1923,92,2013,90,,8,5307.375,
1923,93,2013,90,,9,4673.625,
1923,94,2013,90,,10,4307.083,
1923,95,2013,90,,11,3574.875,
1923,96,2013,90,,12,3101.2085,
1924,1,2006,82,462231,1,3279.3748,709.46661
1924,2,2006,82,459142.5082191781,2,2993,651.86731
1924,3,2006,82,456352.902739726,3,3220.0835,705.61261
1924,4,2006,82,453264.4109589041,4,2959.3335,652.89343
1924,5,2006,82,450275.5479452054,5,2866,636.49915
1924,6,2006,82,447187.0561643834,6,2702.3333,604.29596
1924,7,2006,82,444198.1931506847,7,2755.625,620.35938
1924,8,2006,82,441109.701369863,8,2736.5,620.36725
1924,9,2006,82,438021.2095890411,9,2684.7085,612.91748
1924,10,2006,82,435032.3465753424,10,2957.5,679.83453
1924,11,2006,82,431943.8547945204,11,2917.125,675.34821
1924,12,2006,82,428954.9917808217,12,3083.25,718.78168
1924,13,2007,83,425866.5,1,3208.9583,753.5127
1924,14,2007,83,422815.9726027397,2,2965.375,701.33942
1924,15,2007,83,420060.6575342466,3,3222.9165,767.25024
1924,16,2007,83,417010.1301369863,4,2841.5835,681.41833
1924,17,2007,83,414058.006849315,5,2863.875,691.66034
1924,18,2007,83,411007.4794520547,6,2654.5415,645.86212
1924,19,2007,83,408055.3561643835,7,2737.5835,670.88531
1924,20,2007,83,405004.8287671232,8,2746.875,678.23267
1924,21,2007,83,401954.3013698629,9,2632.0835,654.82159
1924,22,2007,83,399002.1780821916,10,2814.5,705.38464
1924,23,2007,83,395951.6506849313,11,2776,701.0957
1924,24,2007,83,392999.5273972601,12,3093.2085,787.0769
1924,25,2008,84,389949,1,3096.875,794.17438
1924,26,2008,84,386567.7978142079,2,3182.875,823.36786
1924,27,2008,84,383404.7377049183,3,3356.25,875.38043
1924,28,2008,84,380023.5355191259,4,3058.9585,804.93921
1924,29,2008,84,376751.4043715848,5,2851.25,756.79877
1924,30,2008,84,373370.2021857924,6,2672.7915,715.85559
1924,31,2008,84,370098.0710382515,7,2681.75,724.60522
1924,32,2008,84,366716.8688524591,8,2609,711.44806
1924,33,2008,84,363335.6666666667,9,2672.6667,735.59161
1924,34,2008,84,360063.5355191259,10,2818.1667,782.68597
1924,35,2008,84,356682.3333333335,11,2850,799.03033
1924,36,2008,84,353410.2021857924,12,3168.7085,896.60925
1924,37,2009,85,350029,1,3132.2915,894.86627
1924,38,2009,85,347166.8506849315,2,2765.375,796.55505
1924,39,2009,85,344581.6835616438,3,3041.7917,882.74908
1924,40,2009,85,341719.5342465753,4,2841.5,831.52985
1924,41,2009,85,338949.7123287672,5,2745.125,809.89154
1924,42,2009,85,336087.5630136987,6,2576.625,766.65289
1924,43,2009,85,333317.7410958905,7,2666.8333,800.0874
1924,44,2009,85,330455.591780822,8,2641.125,799.23749
1924,45,2009,85,327593.4424657535,9,2613.5,797.78766
1924,46,2009,85,324823.6205479451,10,2870.2917,883.64624
1924,47,2009,85,321961.4712328766,11,2791.75,867.10687
1924,48,2009,85,319191.6493150685,12,3121.9583,978.0827
1924,49,2010,86,316329.5,1,2959.9583,935.71997
1924,50,2010,86,313121.2972602739,2,2770.5,884.8009
1924,51,2010,86,310223.5657534245,3,2997.9167,966.37299
1924,52,2010,86,307015.3630136985,4,2760.7917,899.23572
1924,53,2010,86,303910.6506849315,5,2807.875,923.91461
1924,54,2010,86,300702.4479452055,6,2604.5,866.13861
1924,55,2010,86,297597.7356164383,7,2675.1667,898.92041
1924,56,2010,86,294389.5328767123,8,2638.625,896.30396
1924,57,2010,86,291181.3301369862,9,2632,903.90411
1924,58,2010,86,288076.617808219,10,2854.9167,991.02692
1924,59,2010,86,284868.415068493,11,2848.625,999.97925
1924,60,2010,86,281763.7027397261,12,3160.4583,1121.6698
1924,61,2011,87,278555.5,1,3099.5415,1112.7196
1924,62,2011,87,275699.6356164385,2,2811.375,1019.7239
1924,63,2011,87,273120.1452054796,3,2974.875,1089.2185
1924,64,2011,87,270264.2808219178,4,2789.625,1032.1841
1924,65,2011,87,267500.5410958906,5,2716.5,1015.512
1924,66,2011,87,264644.6767123288,6,2504.625,946.41052
1924,67,2011,87,261880.9369863013,7,2705,1032.9121
1924,68,2011,87,259025.0726027398,8,2590.125,999.95148
1924,69,2011,87,256169.2082191783,9,2551.3335,995.95636
1924,70,2011,87,253405.4684931508,10,2776.4167,1095.642
1924,71,2011,87,250549.604109589,11,2728.25,1088.9061
1924,72,2011,87,247785.8643835618,12,2849.4585,1149.9681
1924,73,2012,88,244930,1,2851.5,1164.2102
1924,74,2012,88,242153.043715847,2,2584.875,1067.4551
1924,75,2012,88,239555.2459016393,3,2820.5,1177.3903
1924,76,2012,88,236778.2896174863,4,2666.7085,1126.2471
1924,77,2012,88,234090.9125683059,5,2606.5,1113.4563
1924,78,2012,88,231313.9562841528,6,2443.6665,1056.4285
1924,79,2012,88,228626.5792349726,7,2493.2917,1090.552
1924,80,2012,88,225849.6229508196,8,2535.125,1122.4836
1924,81,2012,88,223072.6666666665,9,2590.4165,1161.2434
1924,82,2012,88,220385.2896174863,10,2642.3333,1198.9608
1924,83,2012,88,217608.3333333333,11,2775.625,1275.5142
1924,84,2012,88,214920.9562841528,12,3054.0833,1421.0262
1924,85,2013,89,212144,1,3219.3333,1517.5227
1924,86,2013,89,230687.180821918,2,2565,1111.8954
1924,87,2013,89,247435.8602739722,3,2836.5417,1146.3745
1924,88,2013,89,265979.0410958901,4,2518.25,946.78516
1924,89,2013,89,283924.0547945201,5,2479,873.12079
1924,90,2013,89,302467.2356164381,6,2330.0833,770.35889
1924,91,2013,89,320412.2493150681,7,2302.7083,718.67047
1924,92,2013,89,338955.4301369861,8,2355.875,695.03973
1924,93,2013,89,357498.610958904,9,2390.9583,668.80212
1924,94,2013,89,375443.6246575341,10,2525.7083,672.72638
1924,95,2013,89,393986.805479452,11,2536.75,643.86676
1924,96,2013,89,411931.819178082,12,2793.9583,678.25745
1924,97,2014,90,430475,1,12650.291,2938.6819
1924,98,2014,90,,2,10555.75,
1924,99,2014,90,,3,10451.167,
1924,100,2014,90,,4,9240.667,
1924,101,2014,90,,5,8290.125,
1924,102,2014,90,,6,7054.7495,
1924,103,2014,90,,7,6386.333,
1924,104,2014,90,,8,5610.25,
1924,105,2014,90,,9,4926.7085,
1924,106,2014,90,,10,4427.125,
1924,107,2014,90,,11,3870,
1924,108,2014,90,,12,3349.875,
1925,1,2006,81,501425.5,1,3237.1665,645.59271
1925,2,2006,81,498412.2150684933,2,2925.5,586.96393
1925,3,2006,81,495690.5383561645,3,3190.0417,643.55511
1925,4,2006,81,492677.2534246577,4,2935.8335,595.89386
1925,5,2006,81,489761.1712328768,5,2937.5,599.7821
1925,6,2006,81,486747.8863013699,6,2665.4165,547.59692
1925,7,2006,81,483831.8041095892,7,2697.5415,557.53705
1925,8,2006,81,480818.5191780822,8,2622,545.32007
1925,9,2006,81,477805.2342465755,9,2603.7917,544.94836
1925,10,2006,81,474889.1520547946,10,2872.1665,604.8078
1925,11,2006,81,471875.8671232879,11,2902.125,615.01874
1925,12,2006,81,468959.784931507,12,3047.4583,649.83362
1925,13,2007,82,465946.5,1,3270.9165,701.99402
1925,14,2007,82,462881.0246575344,2,2929.75,632.93805
1925,15,2007,82,460112.2082191783,3,3155.0835,685.72046
1925,16,2007,82,457046.7328767125,4,2911.9583,637.12482
1925,17,2007,82,454080.1438356165,5,2813.125,619.52167
1925,18,2007,82,451014.6684931507,6,2737.2083,606.90002
1925,19,2007,82,448048.0794520548,7,2640.0835,589.24109
1925,20,2007,82,444982.6041095892,8,2678.625,601.96173
1925,21,2007,82,441917.1287671234,9,2645.0835,598.54742
1925,22,2007,82,438950.5397260275,10,2767.9167,630.57599
1925,23,2007,82,435885.0643835617,11,2816.5,646.15656
1925,24,2007,82,432918.4753424658,12,3090.9583,713.98163
1925,25,2008,83,429853,1,3232.8333,752.0788
1925,26,2008,83,426842.8237704921,2,3177.625,744.44849
1925,27,2008,83,424026.8524590167,3,3410.9585,804.42041
1925,28,2008,83,421016.6762295086,4,2972.8335,706.10828
1925,29,2008,83,418103.6024590167,5,2855.125,682.875
1925,30,2008,83,415093.4262295086,6,2695.75,649.43213
1925,31,2008,83,412180.3524590167,7,2626.125,637.13007
1925,32,2008,83,409170.1762295086,8,2575.875,629.53638
1925,33,2008,83,406160.0000000002,9,2616.9165,644.30682
1925,34,2008,83,403246.9262295086,10,2835.9583,703.28082
1925,35,2008,83,400236.7500000002,11,2841.625,709.98602
1925,36,2008,83,397323.6762295086,12,3018.5,759.70807
1925,37,2009,84,394313.5,1,3183.6665,807.39478
1925,38,2009,84,391129.2054794519,2,2966,758.3172
1925,39,2009,84,388253.0684931504,3,3069.4167,790.57117
1925,40,2009,84,385068.7739726026,4,2915.5415,757.14825
1925,41,2009,84,381987.1986301367,5,2740.375,717.39972
1925,42,2009,84,378802.9041095888,6,2629,694.02844
1925,43,2009,84,375721.3287671232,7,2661.875,708.47058
1925,44,2009,84,372537.0342465751,8,2664.625,715.26447
1925,45,2009,84,369352.7397260272,9,2587.9585,700.67395
1925,46,2009,84,366271.1643835614,10,2829.5,772.51508
1925,47,2009,84,363086.8698630135,11,2833,780.25403
1925,48,2009,84,360005.2945205478,12,3089.5,858.18182
1925,49,2010,85,356821,1,3212.5833,900.33472
1925,50,2010,85,353422.5082191781,2,2864.125,810.39691
1925,51,2010,85,350352.902739726,3,3106.9583,886.80817
1925,52,2010,85,346954.4109589041,4,2854.3335,822.68256
1925,53,2010,85,343665.5479452056,5,2836.25,825.29364
1925,54,2010,85,340267.0561643837,6,2636.375,774.79584
1925,55,2010,85,336978.1931506849,7,2742.4583,813.8385
1925,56,2010,85,333579.701369863,8,2675.625,802.09467
1925,57,2010,85,330181.2095890411,9,2634.6667,797.94568
1925,58,2010,85,326892.3465753426,10,2795.6665,855.22546
1925,59,2010,85,323493.8547945207,11,2910.25,899.63068
1925,60,2010,85,320204.9917808219,12,3225.0417,1007.1804
1925,61,2011,86,316806.5,1,3231.1248,1019.9048
1925,62,2011,86,313815,2,2937.5,936.06104
1925,63,2011,86,311113,3,3075.0835,988.4137
1925,64,2011,86,308121.5,4,2864.5,929.66571
1925,65,2011,86,305226.5,5,2752.875,901.91217
1925,66,2011,86,302235,6,2574.7083,851.88953
1925,67,2011,86,299340,7,2763.25,923.1142
1925,68,2011,86,296348.5,8,2653,895.2298
1925,69,2011,86,293357,9,2583.375,880.625
1925,70,2011,86,290462,10,2729.75,939.7959
1925,71,2011,86,287470.5,11,2855.625,993.36279
1925,72,2011,86,284575.5,12,3054.125,1073.2213
1925,73,2012,87,281584,1,3088.7917,1096.9344
1925,74,2012,87,278642.7267759563,2,2794.5,1002.8972
1925,75,2012,87,275891.2131147541,3,2905.125,1052.9966
1925,76,2012,87,272949.9398907104,4,2763.3335,1012.3957
1925,77,2012,87,270103.5464480876,5,2689.125,995.59039
1925,78,2012,87,267162.2732240439,6,2569.2915,961.69696
1925,79,2012,87,264315.8797814208,7,2566.8333,971.12335
1925,80,2012,87,261374.6065573771,8,2591.625,991.53662
1925,81,2012,87,258433.3333333335,9,2624.5835,1015.5747
1925,82,2012,87,255586.9398907104,10,2842.1667,1112.0156
1925,83,2012,87,252645.6666666667,11,2905.5,1150.0297
1925,84,2012,87,249799.2732240439,12,3059.9167,1224.9502
1925,85,2013,88,246858,1,3434.8748,1391.4375
1925,86,2013,88,244180.5767123287,2,2796.75,1145.3613
1925,87,2013,88,241762.2589041095,3,2964.75,1226.308
1925,88,2013,88,239084.8356164382,4,2676,1119.2679
1925,89,2013,88,236493.7808219178,5,2677.25,1132.0593
1925,90,2013,88,233816.3575342465,6,2474.6665,1058.3804
1925,91,2013,88,231225.3027397259,7,2470.8335,1068.5826
1925,92,2013,88,228547.8794520546,8,2501.5,1094.519
1925,93,2013,88,225870.4561643836,9,2413.0415,1068.3298
1925,94,2013,88,223279.401369863,10,2690.25,1204.8805
1925,95,2013,88,220601.9780821917,11,2706.125,1226.7002
1925,96,2013,88,218010.9232876711,12,2949.4167,1352.8757
1925,97,2014,89,215333.5,1,2753.9583,1278.927
1925,98,2014,89,234655.1630136985,2,2483.375,1058.3082
1925,99,2014,89,252106.9876712319,3,2660,1055.1077
1925,100,2014,89,271428.6506849304,4,2508.2917,924.10724
1925,101,2014,89,290127.0342465751,5,2536.125,874.14294
1925,102,2014,89,309448.6972602736,6,2383.75,770.32153
1925,103,2014,89,328147.0808219183,7,2466.125,751.5304
1925,104,2014,89,347468.7438356169,8,2445.25,703.73236
1925,105,2014,89,366790.4068493154,9,2435,663.86688
1925,106,2014,89,385488.7904109582,10,2607.375,676.38153
1925,107,2014,89,404810.4534246568,11,2739.5,676.73645
1925,108,2014,89,423508.8369863015,12,3010.1667,710.76837
1925,109,2015,90,442830.5,1,15786.875,3564.9927
1925,110,2015,90,,2,12064,
1925,111,2015,90,,3,11651.334,
1925,112,2015,90,,4,9704.418,
1925,113,2015,90,,5,8710.125,
1925,114,2015,90,,6,7262.833,
1925,115,2015,90,,7,6568.5835,
1925,116,2015,90,,8,5821.125,
1925,117,2015,90,,9,4971.5835,
1925,118,2015,90,,10,4557.0415,
1925,119,2015,90,,11,3753.625,
1925,120,2015,90,,12,3138.5002,
1926,1,2006,80,541033,1,3122.2083,577.08276
1926,2,2006,80,538014.4068493152,2,2835.875,527.10022
1926,3,2006,80,535287.9356164385,3,3099.6667,579.06531
1926,4,2006,80,532269.3424657534,4,2843.125,534.15155
1926,5,2006,80,529348.1232876712,5,2837.125,535.96582
1926,6,2006,80,526329.5301369864,6,2623.5,498.452
1926,7,2006,80,523408.3109589042,7,2639.7917,504.34656
1926,8,2006,80,520389.7178082194,8,2616.375,502.77225
1926,9,2006,80,517371.1246575343,9,2549.25,492.73141
1926,10,2006,80,514449.9054794521,10,2791.25,542.56982
1926,11,2006,80,511431.3123287673,11,2772.25,542.05713
1926,12,2006,80,508510.0931506851,12,3000,589.9588
1926,13,2007,81,505491.5,1,3132.0833,619.61145
1926,14,2007,81,502511.8054794518,2,2902.625,577.62323
1926,15,2007,81,499820.4684931505,3,3111.9165,622.60687
1926,16,2007,81,496840.7739726026,4,2869.7917,577.60791
1926,17,2007,81,493957.1986301369,5,2783.625,563.53564
1926,18,2007,81,490977.5041095889,6,2627.625,535.18237
1926,19,2007,81,488093.928767123,7,2591.75,530.99408
1926,20,2007,81,485114.2342465753,8,2676.75,551.77728
1926,21,2007,81,482134.5397260273,9,2638.7083,547.29706
1926,22,2007,81,479250.9643835614,10,2785.0833,581.13251
1926,23,2007,81,476271.2698630136,11,2873.625,603.35889
1926,24,2007,81,473387.6945205478,12,2991.3333,631.89923
1926,25,2008,82,470408,1,3245.7083,689.97729
1926,26,2008,82,467383.3825136609,2,3144.75,672.84161
1926,27,2008,82,464553.9016393442,3,3303.4583,711.10333
1926,28,2008,82,461529.2841530053,4,2834.5,614.15387
1926,29,2008,82,458602.2349726774,5,2780.375,606.27161
1926,30,2008,82,455577.6174863386,6,2637.75,578.99023
1926,31,2008,82,452650.5683060107,7,2624.375,579.77948
1926,32,2008,82,449625.9508196719,8,2645.125,588.29456
1926,33,2008,82,446601.333333333,9,2590.1667,579.9729
1926,34,2008,82,443674.2841530053,10,2837.5,639.54572
1926,35,2008,82,440649.6666666665,11,2857.75,648.53107
1926,36,2008,82,437722.6174863386,12,2959.2915,676.06549
1926,37,2009,83,434698,1,3153.75,725.50366
1926,38,2009,83,431643.1835616438,2,2838.75,657.66125
1926,39,2009,83,428883.994520548,3,3039.875,708.78723
1926,40,2009,83,425829.1780821919,4,2837.5,666.34698
1926,41,2009,83,422872.9041095891,5,2802.75,662.78778
1926,42,2009,83,419818.0876712329,6,2615.5415,623.01782
1926,43,2009,83,416861.8136986301,7,2690.7917,645.48773
1926,44,2009,83,413806.9972602741,8,2618,632.66211
1926,45,2009,83,410752.180821918,9,2631.25,640.59308
1926,46,2009,83,407795.9068493152,10,2940.75,721.13281
1926,47,2009,83,404741.090410959,11,2852.75,704.83331
1926,48,2009,83,401784.8164383562,12,2961.5,737.08612
1926,49,2010,84,398730,1,3215.6665,806.47717
1926,50,2010,84,395389.6863013699,2,2894.875,732.15741
1926,51,2010,84,392372.6287671232,3,3059.5417,779.75415
1926,52,2010,84,389032.3150684931,4,2880.875,740.52332
1926,53,2010,84,385799.7534246575,5,2823.375,731.82397
1926,54,2010,84,382459.4397260274,6,2667.5,697.45959
1926,55,2010,84,379226.8780821918,7,2740.375,722.62152
1926,56,2010,84,375886.5643835617,8,2696.375,717.3374
1926,57,2010,84,372546.2506849314,9,2593.1665,696.06567
1926,58,2010,84,369313.6890410958,10,2906.75,787.06805
1926,59,2010,84,365973.3753424657,11,2873.25,785.09808
1926,60,2010,84,362740.8136986301,12,3143.6665,866.64264
1926,61,2011,85,359400.5,1,3323.9998,924.87341
1926,62,2011,85,356023.0712328765,2,2970.625,834.39117
1926,63,2011,85,352972.4904109586,3,3148.5417,892.00769
1926,64,2011,85,349595.0616438354,4,2884.8333,825.19281
1926,65,2011,85,346326.5821917807,5,2820.5,814.40472
1926,66,2011,85,342949.1534246574,6,2626.875,765.96631
1926,67,2011,85,339680.6739726025,7,2747.5835,808.8725
1926,68,2011,85,336303.2452054792,8,2734.375,813.0683
1926,69,2011,85,332925.8164383559,9,2671.7083,802.49359
1926,70,2011,85,329657.3369863012,10,2913.6665,883.84698
1926,71,2011,85,326279.908219178,11,2929.75,897.92535
1926,72,2011,85,323011.428767123,12,3135.8333,970.81183
1926,73,2012,86,319634,1,2998.4583,938.09113
1926,74,2012,86,316538.2773224043,2,2853.375,901.43127
1926,75,2012,86,313642.2786885246,3,2990.4585,953.46155
1926,76,2012,86,310546.5560109289,4,2767.1667,891.06342
1926,77,2012,86,307550.6953551911,5,2763.875,898.67297
1926,78,2012,86,304454.9726775954,6,2623.625,861.74481
1926,79,2012,86,301459.1120218579,7,2679.2085,888.74689
1926,80,2012,86,298363.3893442622,8,2756.5,923.87341
1926,81,2012,86,295267.6666666665,9,2676.4165,906.43738
1926,82,2012,86,292271.8060109289,10,2872.4167,982.78955
1926,83,2012,86,289176.0833333333,11,2914.875,1007.9931
1926,84,2012,86,286180.2226775954,12,3211.4165,1122.1658
1926,85,2013,87,283084.5,1,3458.4583,1221.7053
1926,86,2013,87,280265.4534246577,2,2959.125,1055.8293
1926,87,2013,87,277719.2178082194,3,3115.3335,1121.7566
1926,88,2013,87,274900.1712328768,4,2879.0417,1047.3044
1926,89,2013,87,272172.0616438356,5,2738.125,1006.0272
1926,90,2013,87,269353.0150684933,6,2599.7915,965.19861
1926,91,2013,87,266624.9054794521,7,2588.25,970.74579
1926,92,2013,87,263805.8589041098,8,2655.25,1006.5167
1926,93,2013,87,260986.8123287673,9,2521.5833,966.17267
1926,94,2013,87,258258.7027397261,10,2729.7915,1056.9989
1926,95,2013,87,255439.6561643837,11,2904.875,1137.2059
1926,96,2013,87,252711.5465753425,12,3095.9167,1225.0792
1926,97,2014,88,249892.5,1,2984.0415,1194.1301
1926,98,2014,88,247164.415068493,2,2617.75,1059.1128
1926,99,2014,88,244700.3383561643,3,2829.7085,1156.3975
1926,100,2014,88,241972.2534246575,4,2696.9167,1114.5562
1926,101,2014,88,239332.1712328766,5,2619.75,1094.6084
1926,102,2014,88,236604.0863013698,6,2484.0835,1049.8904
1926,103,2014,88,233964.0041095889,7,2579.125,1102.3597
1926,104,2014,88,231235.9191780821,8,2601,1124.8252
1926,105,2014,88,228507.8342465751,9,2557.6667,1119.2906
1926,106,2014,88,225867.7520547945,10,2756.7083,1220.4966
1926,107,2014,88,223139.6671232875,11,2849.25,1276.8909
1926,108,2014,88,220499.5849315068,12,3247.9167,1472.9808
1926,109,2015,89,217771.5,1,3256.6667,1495.4513
1926,110,2015,89,238104.9520547949,2,2688.375,1129.0714
1926,111,2015,89,256470.6506849322,3,2887.3333,1125.7948
1926,112,2015,89,276804.1027397271,4,2545.5835,919.63361
1926,113,2015,89,296481.6369863022,5,2612.375,881.12537
1926,114,2015,89,316815.0890410971,6,2380.9585,751.52936
1926,115,2015,89,336492.6232876722,7,2470.2085,734.1048
1926,116,2015,89,356826.0753424671,8,2444.875,685.17273
1926,117,2015,89,377159.5273972601,9,2425.5833,643.11865
1926,118,2015,89,396837.0616438352,10,2664.5417,671.44476
1926,119,2015,89,417170.51369863,11,2639.875,632.80481
1926,120,2015,89,436848.0479452051,12,2834.9167,648.948
1926,121,2016,90,457181.5,1,14079.958,3079.7305
1926,122,2016,90,,2,11724,
1926,123,2016,90,,3,11516.542,
1926,124,2016,90,,4,9737.751,
1926,125,2016,90,,5,8848.375,
1926,126,2016,90,,6,7367.3745,
1926,127,2016,90,,7,6823.125,
1926,128,2016,90,,8,5994.625,
1926,129,2016,90,,9,5161.875,
1926,130,2016,90,,10,4862.4165,
1926,131,2016,90,,11,3914.75,
1926,132,2016,90,,12,3402.3335,
1927,1,2006,79,586254,1,3030.3333,516.89764
1927,2,2006,79,583132.4273972602,2,2767.25,474.54916
1927,3,2006,79,580312.9424657535,3,3024.375,521.16278
1927,4,2006,79,577191.3698630137,4,2766.6667,479.33267
1927,5,2006,79,574170.493150685,5,2699.5,470.15652
1927,6,2006,79,571048.9205479452,6,2587.4583,453.10623
1927,7,2006,79,568028.0438356164,7,2564.7915,451.52551
1927,8,2006,79,564906.4712328766,8,2548.625,451.15875
1927,9,2006,79,561784.8986301371,9,2517.1665,448.06589
1927,10,2006,79,558764.0219178083,10,2718.7917,486.57245
1927,11,2006,79,555642.4493150685,11,2629.75,473.28098
1927,12,2006,79,552621.5726027398,12,2848.5,515.45221
1927,13,2007,80,549500,1,3152.75,573.74884
1927,14,2007,80,546477.0753424659,2,2855.75,522.57452
1927,15,2007,80,543746.6917808221,3,2995.625,550.92291
1927,16,2007,80,540723.7671232878,4,2842.4585,525.67664
1927,17,2007,80,537798.3561643837,5,2762.875,513.7381
1927,18,2007,80,534775.4315068494,6,2513.125,469.94025
1927,19,2007,80,531850.0205479453,7,2572.0415,483.60278
1927,20,2007,80,528827.0958904112,8,2571,486.17026
1927,21,2007,80,525804.1712328768,9,2459.1667,467.69632
1927,22,2007,80,522878.7602739728,10,2746.2917,525.22534
1927,23,2007,80,519855.8356164384,11,2633.375,506.55872
1927,24,2007,80,516930.4246575343,12,2932.375,567.26685
1927,25,2008,81,513907.5,1,3100.4998,603.31866
1927,26,2008,81,510952.8866120218,2,3126.625,611.92041
1927,27,2008,81,508188.8934426229,3,3291,647.59387
1927,28,2008,81,505234.2800546449,4,2857.4585,565.57098
1927,29,2008,81,502374.9767759563,5,2825.875,562.50311
1927,30,2008,81,499420.3633879782,6,2573.375,515.27234
1927,31,2008,81,496561.0601092896,7,2623.3335,528.30029
1927,32,2008,81,493606.4467213114,8,2612.75,529.31848
1927,33,2008,81,490651.8333333333,9,2518.1667,513.22882
1927,34,2008,81,487792.5300546449,10,2701.2085,553.76178
1927,35,2008,81,484837.9166666667,11,2770.75,571.47961
1927,36,2008,81,481978.6133879782,12,2862.125,593.82819
1927,37,2009,82,479024,1,3173.5417,662.50165
1927,38,2009,82,475904.083561644,2,2869.75,603.01019
1927,39,2009,82,473086.0945205481,3,3044.9583,643.63721
1927,40,2009,82,469966.1780821919,4,2841.7085,604.66235
1927,41,2009,82,466946.9041095891,5,2777.25,594.76782
1927,42,2009,82,463826.987671233,6,2612.7083,563.2937
1927,43,2009,82,460807.7136986302,7,2602.75,564.82343
1927,44,2009,82,457687.7972602739,8,2589,565.66943
1927,45,2009,82,454567.8808219179,9,2647.625,582.44879
1927,46,2009,82,451548.6068493151,10,2824.75,625.5694
1927,47,2009,82,448428.6904109591,11,2804.25,625.35028
1927,48,2009,82,445409.4164383563,12,2984.75,670.11383
1927,49,2010,83,442289.5,1,2986.6665,675.27411
1927,50,2010,83,439107.5410958903,2,2819.5,642.09784
1927,51,2010,83,436233.51369863,3,3106.625,712.14728
1927,52,2010,83,433051.5547945206,4,2848.125,657.68726
1927,53,2010,83,429972.2397260275,5,2816.625,655.07135
1927,54,2010,83,426790.2808219178,6,2663.625,624.10632
1927,55,2010,83,423710.9657534247,7,2728.1667,643.87445
1927,56,2010,83,420529.006849315,8,2665.25,633.78503
1927,57,2010,83,417347.0479452056,9,2648.8335,634.68365
1927,58,2010,83,414267.7328767125,10,2923.2085,705.63269
1927,59,2010,83,411085.7739726028,11,2870.5,698.27277
1927,60,2010,83,408006.4589041097,12,3173.5417,777.81653
1927,61,2011,84,404824.5,1,3280.6248,810.38196
1927,62,2011,84,401424.9465753427,2,2999.5,747.21313
1927,63,2011,84,398354.382191781,3,3198.0835,802.82373
1927,64,2011,84,394954.8287671234,4,2845.5835,720.48328
1927,65,2011,84,391664.9383561646,5,2870.625,732.92877
1927,66,2011,84,388265.3849315071,6,2703.1665,696.21619
1927,67,2011,84,384975.494520548,7,2733.0835,709.93701
1927,68,2011,84,381575.9410958905,8,2665.5,698.55035
1927,69,2011,84,378176.3876712329,9,2775.7085,733.97192
1927,70,2011,84,374886.4972602741,10,2980.4585,795.02954
1927,71,2011,84,371486.9438356166,11,2756,741.88342
1927,72,2011,84,368197.0534246578,12,2993.3333,812.97046
1927,73,2012,85,364797.5,1,3146.75,862.60187
1927,74,2012,85,361240.4193989071,2,2905.75,804.38116
1927,75,2012,85,357912.8278688528,3,3065.2917,856.4353
1927,76,2012,85,354355.7472677599,4,2816.8335,794.91681
1927,77,2012,85,350913.4112021858,5,2768.75,789.01233
1927,78,2012,85,347356.3306010929,6,2699.5415,777.16779
1927,79,2012,85,343913.9945355193,7,2796.9165,813.26044
1927,80,2012,85,340356.9139344264,8,2776.5,815.76129
1927,81,2012,85,336799.8333333335,9,2745.4585,815.16028
1927,82,2012,85,333357.4972677599,10,2963.5835,889.01062
1927,83,2012,85,329800.416666667,11,2962.125,898.15686
1927,84,2012,85,326358.0806010929,12,3220.875,986.91443
1927,85,2013,86,322801,1,3546.1665,1098.5612
1927,86,2013,86,319829.1191780821,2,3033.875,948.59247
1927,87,2013,86,317144.8397260273,3,3142.5835,990.8985
1927,88,2013,86,314172.9589041094,4,2923.5417,930.5517
1927,89,2013,86,311296.9452054794,5,2886.5,927.24969
1927,90,2013,86,308325.0643835615,6,2610.7083,846.73889
1927,91,2013,86,305449.0506849315,7,2689.5415,880.52051
1927,92,2013,86,302477.1698630136,8,2681,886.3479
1927,93,2013,86,299505.2890410959,9,2659.25,887.8808
1927,94,2013,86,296629.2753424656,10,2772.75,934.75262
1927,95,2013,86,293657.3945205479,11,2845.125,968.85864
1927,96,2013,86,290781.3808219177,12,2976.4583,1023.6069
1927,97,2014,87,287809.5,1,3019.4583,1049.1169
1927,98,2014,87,284918.8561643835,2,2849.75,1000.1971
1927,99,2014,87,282307.9520547944,3,2940.75,1041.6816
1927,100,2014,87,279417.3082191781,4,2852.75,1020.9639
1927,101,2014,87,276619.9109589041,5,2766,999.92804
1927,102,2014,87,273729.2671232875,6,2577.9165,941.776
1927,103,2014,87,270931.8698630137,7,2631.25,971.18512
1927,104,2014,87,268041.2260273972,8,2656.125,990.93896
1927,105,2014,87,265150.5821917807,9,2598.625,980.05634
1927,106,2014,87,262353.1849315069,10,2781.625,1060.2596
1927,107,2014,87,259462.5410958903,11,2899.75,1117.5988
1927,108,2014,87,256665.1438356163,12,3396.9583,1323.498
1927,109,2015,88,253774.5,1,3436.875,1354.3027
1927,110,2015,88,251072.319178082,2,2841.25,1131.646
1927,111,2015,88,248631.6397260274,3,3129.4167,1258.6559
1927,112,2015,88,245929.4589041094,4,2805.25,1140.6726
1927,113,2015,88,243314.4452054794,5,2774.75,1140.3967
1927,114,2015,88,240612.2643835614,6,2637.8333,1096.3004
1927,115,2015,88,237997.2506849314,7,2705.1665,1136.6377
1927,116,2015,88,235295.0698630137,8,2612.375,1110.2549
1927,117,2015,88,232592.8890410957,9,2554.8333,1098.4142
1927,118,2015,88,229977.8753424657,10,2827.6667,1229.5386
1927,119,2015,88,227275.6945205478,11,2791.625,1228.299
1927,120,2015,88,224660.6808219177,12,2946.4165,1311.4963
1927,121,2016,89,221958.5,1,2907.1667,1309.7794
1927,122,2016,89,242813.1571038254,2,2697.375,1110.885
1927,123,2016,89,262322.3524590172,3,2898.3335,1104.8748
1927,124,2016,89,283177.0095628425,4,2685.6667,948.40564
1927,125,2016,89,303358.9357923511,5,2583.875,851.755
1927,126,2016,89,324213.5928961765,6,2476.375,763.80975
1927,127,2016,89,344395.5191256832,7,2620.2085,760.81378
1927,128,2016,89,365250.1762295086,8,2465.5,675.01678
1927,129,2016,89,386104.833333334,9,2461.7917,637.59674
1927,130,2016,89,406286.7595628425,10,2664.9585,655.93042
1927,131,2016,89,427141.4166666679,11,2714.625,635.53308
1927,132,2016,89,447323.3428961765,12,3022.8333,675.76025
1927,133,2017,90,468178,1,15526.041,3316.2688
1927,134,2017,90,,2,12769.875,
1927,135,2017,90,,3,12476.709,
1927,136,2017,90,,4,10178.584,
1927,137,2017,90,,5,8963.625,
1927,138,2017,90,,6,7748.208,
1927,139,2017,90,,7,6921.125,
1927,140,2017,90,,8,6189.375,
1927,141,2017,90,,9,5426.792,
1927,142,2017,90,,10,4815.125,
1927,143,2017,90,,11,4011.125,
1927,144,2017,90,,12,3621.8752,
1928,1,2006,78,617576,1,2919.2915,472.70157
1928,2,2006,78,614844.3054794518,2,2729.75,443.97418
1928,3,2006,78,612376.9684931505,3,2971.3333,485.2131
1928,4,2006,78,609645.2739726026,4,2674.125,438.63623
1928,5,2006,78,607001.6986301369,5,2609.875,429.96173
1928,6,2006,78,604270.0041095889,6,2482.9165,410.8952
1928,7,2006,78,601626.428767123,7,2452.9165,407.71423
1928,8,2006,78,598894.7342465753,8,2448,408.75296
1928,9,2006,78,596163.0397260273,9,2346.0833,393.53049
1928,10,2006,78,593519.4643835614,10,2477.5833,417.43927
1928,11,2006,78,590787.7698630136,11,2537.625,429.53241
1928,12,2006,78,588144.1945205478,12,2684.8333,456.49234
1928,13,2007,79,585412.5,1,3045.4583,520.2243
1928,14,2007,79,582300.3972602738,2,2738.25,470.24698
1928,15,2007,79,579489.4657534244,3,2992.4167,516.38849
1928,16,2007,79,576377.3630136985,4,2757.375,478.39752
1928,17,2007,79,573365.6506849313,5,2674,466.36905
1928,18,2007,79,570253.5479452051,6,2449.25,429.50192
1928,19,2007,79,567241.8356164382,7,2492.7915,439.45834
1928,20,2007,79,564129.732876712,8,2439.375,432.41382
1928,21,2007,79,561017.630136986,9,2395.7917,427.04395
1928,22,2007,79,558005.9178082189,10,2533.7083,454.06476
1928,23,2007,79,554893.8150684929,11,2547.25,459.05179
1928,24,2007,79,551882.1027397257,12,2762.2917,500.52206
1928,25,2008,80,548770,1,3088.8748,562.87238
1928,26,2008,80,545813.9890710381,2,3101.875,568.30261
1928,27,2008,80,543048.6885245901,3,3298.875,607.47314
1928,28,2008,80,540092.6775956284,4,2805.3335,519.41705
1928,29,2008,80,537232.0218579234,5,2768.875,515.39648
1928,30,2008,80,534276.0109289617,6,2547.375,476.79007
1928,31,2008,80,531415.3551912566,7,2517.25,473.68787
1928,32,2008,80,528459.3442622949,8,2553,483.10245
1928,33,2008,80,525503.3333333333,9,2421.7085,460.836
1928,34,2008,80,522642.6775956284,10,2590,495.55847
1928,35,2008,80,519686.6666666665,11,2717.75,522.95935
1928,36,2008,80,516826.0109289617,12,2824.4585,546.50085
1928,37,2009,81,513870,1,3222.2915,627.06354
1928,38,2009,81,510901.3465753424,2,2794.25,546.92554
1928,39,2009,81,508219.9821917808,3,2948.9585,580.25238
1928,40,2009,81,505251.3287671232,4,2762.2917,546.71637
1928,41,2009,81,502378.4383561644,5,2715.625,540.55365
1928,42,2009,81,499409.7849315067,6,2571.0415,514.81598
1928,43,2009,81,496536.8945205479,7,2492,501.8761
1928,44,2009,81,493568.2410958903,8,2522.5,511.07422
1928,45,2009,81,490599.5876712329,9,2543,518.34534
1928,46,2009,81,487726.6972602739,10,2701.2915,553.85352
1928,47,2009,81,484758.0438356164,11,2595.75,535.47333
1928,48,2009,81,481885.1534246574,12,2923.7083,606.72302
1928,49,2010,82,478916.5,1,3182.8333,664.59045
1928,50,2010,82,475811.0643835615,2,2864.125,601.94586
1928,51,2010,82,473006.1547945205,3,3067.0833,648.42352
1928,52,2010,82,469900.719178082,4,2811.5835,598.33563
1928,53,2010,82,466895.4589041094,5,2784.375,596.35944
1928,54,2010,82,463790.0232876712,6,2603,561.24536
1928,55,2010,82,460784.7630136984,7,2663.75,578.08984
1928,56,2010,82,457679.3273972601,8,2569.75,561.47388
1928,57,2010,82,454573.8917808218,9,2622.0415,576.81305
1928,58,2010,82,451568.6315068491,10,2834.875,627.78387
1928,59,2010,82,448463.1958904108,11,2759.875,615.40723
1928,60,2010,82,445457.9356164383,12,3007.2917,675.1012
1928,61,2011,83,442352.5,1,3339.1665,754.86554
1928,62,2011,83,439249.0178082192,2,3086.5,702.67657
1928,63,2011,83,436445.8726027396,3,3232.5835,740.66083
1928,64,2011,83,433342.3904109588,4,2858.5417,659.64972
1928,65,2011,83,430339.0205479451,5,2877.875,668.74603
1928,66,2011,83,427235.5383561642,6,2696.625,631.17993
1928,67,2011,83,424232.1684931507,7,2702.5833,637.05286
1928,68,2011,83,421128.6863013699,8,2692.5,639.35327
1928,69,2011,83,418025.2041095891,9,2692.7915,644.16968
1928,70,2011,83,415021.8342465754,10,2838.3335,683.89978
1928,71,2011,83,411918.3520547946,11,2710.75,658.07947
1928,72,2011,83,408914.9821917808,12,2993.7085,732.11023
1928,73,2012,84,405811.5,1,3141.75,774.18951
1928,74,2012,84,402301.4699453553,2,2948.625,732.93915
1928,75,2012,84,399017.8934426229,3,3095.9585,775.89465
1928,76,2012,84,395507.8633879782,4,2826.125,714.55597
1928,77,2012,84,392111.0601092894,5,2817.625,718.57831
1928,78,2012,84,388601.0300546447,6,2671.9583,687.58392
1928,79,2012,84,385204.2267759563,7,2799.1667,726.67084
1928,80,2012,84,381694.1967213112,8,2780.25,728.39722
1928,81,2012,84,378184.1666666665,9,2779.1665,734.87122
1928,82,2012,84,374787.3633879782,10,2882.9167,769.21399
1928,83,2012,84,371277.333333333,11,2865.75,771.86237
1928,84,2012,84,367880.5300546447,12,3080.125,837.26233
1928,85,2013,85,364370.5,1,3736.0833,1025.3528
1928,86,2013,85,360884.0616438356,2,3058.875,847.60602
1928,87,2013,85,357735.0205479455,3,3171.125,886.44525
1928,88,2013,85,354248.5821917811,4,2937.5833,829.24347
1928,89,2013,85,350874.6095890412,5,2872.25,818.59729
1928,90,2013,85,347388.1712328768,6,2583.375,743.65656
1928,91,2013,85,344014.1986301369,7,2715.2085,789.27222
1928,92,2013,85,340527.7602739725,8,2675,785.54535
1928,93,2013,85,337041.3219178081,9,2631.5415,780.7771
1928,94,2013,85,333667.3493150687,10,2855.25,855.71753
1928,95,2013,85,330180.9109589043,11,2832.125,857.74945
1928,96,2013,85,326806.9383561644,12,3105.1667,950.15326
1928,97,2014,86,323320.5,1,3280.3333,1014.5764
1928,98,2014,86,320313.7123287672,2,2816.125,879.17719
1928,99,2014,86,317597.9041095891,3,3104.9167,977.62506
1928,100,2014,86,314591.1164383562,4,2892.9165,919.57983
1928,101,2014,86,311681.3219178081,5,2854.75,915.91949
1928,102,2014,86,308674.5342465753,6,2636.6665,854.18982
1928,103,2014,86,305764.7397260275,7,2620.8333,857.14044
1928,104,2014,86,302757.9520547946,8,2683.125,886.22778
1928,105,2014,86,299751.1643835616,9,2602.2915,868.15057
1928,106,2014,86,296841.3698630137,10,2857,962.46692
1928,107,2014,86,293834.5821917809,11,2991.625,1018.1324
1928,108,2014,86,290924.7876712328,12,3191.2083,1096.9187
1928,109,2015,87,287918,1,3527.0415,1225.016
1928,110,2015,87,285102.6054794518,2,3012.625,1056.681
1928,111,2015,87,282559.6684931503,3,3215.3333,1137.9307
1928,112,2015,87,279744.2739726023,4,2882.75,1030.4948
1928,113,2015,87,277019.6986301367,5,2830.375,1021.7234
1928,114,2015,87,274204.3041095887,6,2718.9165,991.56592
1928,115,2015,87,271479.7287671231,7,2726.2085,1004.2033
1928,116,2015,87,268664.3342465751,8,2693.875,1002.6917
1928,117,2015,87,265848.939726027,9,2579.6665,970.35052
1928,118,2015,87,263124.3643835613,10,2884.75,1096.3447
1928,119,2015,87,260308.9698630134,11,2715.625,1043.2314
1928,120,2015,87,257584.3945205477,12,3050.6667,1184.3368
1928,121,2016,88,254769,1,3051.6665,1197.817
1928,122,2016,88,252023.2131147541,2,2793.625,1108.4792
1928,123,2016,88,249454.5737704919,3,2973.5833,1192.0339
1928,124,2016,88,246708.7868852459,4,2781.625,1127.4933
1928,125,2016,88,244051.5737704919,5,2724.375,1116.3112
1928,126,2016,88,241305.7868852459,6,2538.5415,1052.002
1928,127,2016,88,238648.5737704919,7,2596.2915,1087.9141
1928,128,2016,88,235902.7868852459,8,2635.625,1117.2505
1928,129,2016,88,233157,9,2624.8335,1125.7794
1928,130,2016,88,230499.7868852459,10,2757.2917,1196.2231
1928,131,2016,88,227754,11,2809,1233.3483
1928,132,2016,88,225096.7868852459,12,3077.8333,1367.3378
1928,133,2017,89,222351,1,3112.5833,1399.8512
1928,134,2017,89,243822.6191780828,2,2755.625,1130.1761
1928,135,2017,89,263216.3397260271,3,2970.4583,1128.5236
1928,136,2017,89,284687.9589041099,4,2667.7917,937.09326
1928,137,2017,89,305466.9452054799,5,2634.5,862.45013
1928,138,2017,89,326938.5643835627,6,2500.75,764.89905
1928,139,2017,89,347717.5506849326,7,2464.1665,708.66901
1928,140,2017,89,369189.1698630136,8,2560.125,693.44531
1928,141,2017,89,390660.7890410963,9,2585.375,661.79535
1928,142,2017,89,411439.7753424663,10,2791.75,678.53186
1928,143,2017,89,432911.3945205491,11,2676.5,618.25586
1928,144,2017,89,453690.3808219191,12,3015.7917,664.72461
1928,145,2018,90,475162,1,17254.041,3631.1912
1928,146,2018,90,,2,12972,
1928,147,2018,90,,3,12283.083,
1928,148,2018,90,,4,10554.625,
1928,149,2018,90,,5,9214,
1928,150,2018,90,,6,7835.708,
1928,151,2018,90,,7,7046.4165,
1928,152,2018,90,,8,6198.875,
1928,153,2018,90,,9,5335.3335,
1928,154,2018,90,,10,4901.25,
1928,155,2018,90,,11,4009.625,
1928,156,2018,90,,12,3307.8335,
1929,1,2006,77,658002.5,1,2828.5415,429.86789
1929,2,2006,77,655266.006849315,2,2672.625,407.86871
1929,3,2006,77,652794.3356164382,3,2839.125,434.91876
1929,4,2006,77,650057.8424657534,4,2581.75,397.15695
1929,5,2006,77,647409.6232876712,5,2534.625,391.50253
1929,6,2006,77,644673.1301369863,6,2325.25,360.68668
1929,7,2006,77,642024.9109589041,7,2415.9167,376.29642
1929,8,2006,77,639288.4178082191,8,2382,372.60178
1929,9,2006,77,636551.9246575341,9,2334.25,366.70221
1929,10,2006,77,633903.7054794519,10,2490.8333,392.93558
1929,11,2006,77,631167.2123287669,11,2541.875,402.72607
1929,12,2006,77,628518.9931506847,12,2714.4167,431.87506
1929,13,2007,78,625782.5,1,2824.8333,451.40814
1929,14,2007,78,623070.1273972602,2,2698.625,433.11737
1929,15,2007,78,620620.2424657533,3,2863.7917,461.44028
1929,16,2007,78,617907.8698630135,4,2625.4585,424.89481
1929,17,2007,78,615282.9931506847,5,2527.75,410.82721
1929,18,2007,78,612570.6205479451,6,2335.9165,381.33017
1929,19,2007,78,609945.7438356164,7,2454.375,402.39233
1929,20,2007,78,607233.3712328766,8,2369.625,390.233
1929,21,2007,78,604520.9986301369,9,2351.5415,388.99252
1929,22,2007,78,601896.1219178082,10,2541.9583,422.32507
1929,23,2007,78,599183.7493150684,11,2540,423.91003
1929,24,2007,78,596558.8726027396,12,2658.2083,445.59027
1929,25,2008,79,593846.5,1,3077.7915,518.28064
1929,26,2008,79,590729.0095628416,2,3015.75,510.51328
1929,27,2008,79,587812.6475409837,3,3004.7917,511.18188
1929,28,2008,79,584695.1571038251,4,2750.25,470.37332
1929,29,2008,79,581678.230874317,5,2679.125,460.58539
1929,30,2008,79,578560.7404371586,6,2430.375,420.07257
1929,31,2008,79,575543.8142076503,7,2442.4583,424.37399
1929,32,2008,79,572426.3237704919,8,2505,437.6109
1929,33,2008,79,569308.8333333333,9,2442.875,429.09488
1929,34,2008,79,566291.9071038251,10,2596.9165,458.58267
1929,35,2008,79,563174.4166666667,11,2654.25,471.30161
1929,36,2008,79,560157.4904371586,12,2834.5,506.0184
1929,37,2009,80,557040,1,2992.3333,537.18463
1929,38,2009,80,554066.5479452051,2,2706.375,488.45667
1929,39,2009,80,551380.8493150682,3,2865.2917,519.65747
1929,40,2009,80,548407.3972602738,4,2667.875,486.47684
1929,41,2009,80,545529.8630136983,5,2641.5,484.20813
1929,42,2009,80,542556.4109589038,6,2518.5833,464.2067
1929,43,2009,80,539678.8767123285,7,2431.5,450.54572
1929,44,2009,80,536705.4246575339,8,2493.375,464.5705
1929,45,2009,80,533731.9726027395,9,2479.0415,464.47311
1929,46,2009,80,530854.4383561641,10,2646.5417,498.54376
1929,47,2009,80,527880.9863013695,11,2624.75,497.22382
1929,48,2009,80,525003.4520547942,12,2848.1667,542.50439
1929,49,2010,81,522030,1,3101.4165,594.10693
1929,50,2010,81,519023.9342465757,2,2713.25,522.76007
1929,51,2010,81,516308.7780821922,3,2961.25,573.54242
1929,52,2010,81,513302.7123287674,4,2725.375,530.94885
1929,53,2010,81,510393.6164383565,5,2756,539.9754
1929,54,2010,81,507387.5506849319,6,2529.1665,498.46838
1929,55,2010,81,504478.454794521,7,2591.5415,513.70709
1929,56,2010,81,501472.3890410962,8,2598.125,518.0993
1929,57,2010,81,498466.3232876717,9,2514,504.34702
1929,58,2010,81,495557.2273972605,10,2763.9165,557.73914
1929,59,2010,81,492551.1616438359,11,2750.125,558.34302
1929,60,2010,81,489642.065753425,12,2968.375,606.23364
1929,61,2011,82,486636,1,3288.5833,675.77887
1929,62,2011,82,483550.0136986298,2,2829.875,585.229
1929,63,2011,82,480762.6712328764,3,3090.75,642.88477
1929,64,2011,82,477676.6849315066,4,2807.2085,587.67963
1929,65,2011,82,474690.2465753423,5,2805,590.91168
1929,66,2011,82,471604.2602739723,6,2602.5,551.83978
1929,67,2011,82,468617.8219178079,7,2732.875,583.1778
1929,68,2011,82,465531.835616438,8,2735.75,587.66119
1929,69,2011,82,462445.8493150682,9,2628.5835,568.40894
1929,70,2011,82,459459.4109589038,10,2815.0417,612.68561
1929,71,2011,82,456373.4246575339,11,2809.5,615.61426
1929,72,2011,82,453386.9863013695,12,3016.0415,665.22455
1929,73,2012,83,450301,1,3154.25,700.47589
1929,74,2012,83,447081.3196721312,2,2861.125,639.9563
1929,75,2012,83,444069.3606557378,3,3032.5,682.88879
1929,76,2012,83,440849.6803278688,4,2793.4167,633.6438
1929,77,2012,83,437733.8606557378,5,2844.375,649.79553
1929,78,2012,83,434514.1803278688,6,2635.4165,606.52026
1929,79,2012,83,431398.3606557378,7,2763.3333,640.55255
1929,80,2012,83,428178.6803278688,8,2715.625,634.22705
1929,81,2012,83,424959,9,2736.8335,644.02295
1929,82,2012,83,421843.1803278688,10,2837.5835,672.66315
1929,83,2012,83,418623.5,11,2900.875,692.95563
1929,84,2012,83,415507.6803278688,12,3213.9167,773.49152
1929,85,2013,84,412288,1,3771.5,914.77319
1929,86,2013,84,408793.2808219176,2,3026.5,740.34973
1929,87,2013,84,405636.7602739725,3,3085.6665,760.69696
1929,88,2013,84,402142.0410958906,4,2916.5417,725.25165
1929,89,2013,84,398760.0547945206,5,2853.75,715.65594
1929,90,2013,84,395265.3356164382,6,2634.5,666.51428
1929,91,2013,84,391883.3493150687,7,2664,679.79413
1929,92,2013,84,388388.6301369863,8,2715.25,699.10645
1929,93,2013,84,384893.9109589043,9,2624.8335,681.96283
1929,94,2013,84,381511.9246575343,10,2853.4167,747.92334
1929,95,2013,84,378017.2054794519,11,2873.125,760.05139
1929,96,2013,84,374635.219178082,12,3185.75,850.36053
1929,97,2014,85,371140.5,1,3222.7083,868.32568
1929,98,2014,85,367630.4506849316,2,2796.5,760.68237
1929,99,2014,85,364460.083561644,3,3095.125,849.23566
1929,100,2014,85,360950.0342465751,4,2815.5835,780.04797
1929,101,2014,85,357553.2123287669,5,2838.25,793.79791
1929,102,2014,85,354043.1630136985,6,2686.6665,758.85278
1929,103,2014,85,350646.3410958904,7,2708.375,772.39508
1929,104,2014,85,347136.291780822,8,2718.125,783.01379
1929,105,2014,85,343626.2424657536,9,2761.375,803.59839
1929,106,2014,85,340229.420547945,10,2991.7917,879.3454
1929,107,2014,85,336719.3712328766,11,3041.625,903.31158
1929,108,2014,85,333322.5493150684,12,3320,996.03223
1929,109,2015,86,329812.5,1,3549.4583,1076.2048
1929,110,2015,86,326790.2123287672,2,3015.125,922.6485
1929,111,2015,86,324060.4041095891,3,3244.7085,1001.2665
1929,112,2015,86,321038.1164383562,4,2821,878.71185
1929,113,2015,86,318113.3219178081,5,2841.625,893.27441
1929,114,2015,86,315091.0342465753,6,2729.1665,866.15173
1929,115,2015,86,312166.2397260275,7,2741.6665,878.2713
1929,116,2015,86,309143.9520547946,8,2723,880.81946
1929,117,2015,86,306121.6643835616,9,2613.9585,853.89532
1929,118,2015,86,303196.8698630137,10,2916.3335,961.86133
1929,119,2015,86,300174.5821917809,11,2884.875,961.06573
1929,120,2015,86,297249.7876712328,12,3201.625,1077.0824
1929,121,2016,87,294227.5,1,3115.3748,1058.8319
1929,122,2016,87,291314.6857923497,2,2963.125,1017.1561
1929,123,2016,87,288589.7950819673,3,3086.375,1069.4678
1929,124,2016,87,285676.980874317,4,2840.375,994.26105
1929,125,2016,87,282858.1284153005,5,2741.125,969.08124
1929,126,2016,87,279945.3142076503,6,2600.6665,928.99091
1929,127,2016,87,277126.4617486338,7,2651.5415,956.7984
1929,128,2016,87,274213.6475409835,8,2731.125,995.98438
1929,129,2016,87,271300.8333333333,9,2704.6667,996.92535
1929,130,2016,87,268481.980874317,10,2924.875,1089.412
1929,131,2016,87,265569.1666666667,11,2987.125,1124.8011
1929,132,2016,87,262750.3142076503,12,3189.25,1213.7949
1929,133,2017,88,259837.5,1,3248.9583,1250.3809
1929,134,2017,88,257027.7958904111,2,2962.25,1152.5018
1929,135,2017,88,254489.9986301372,3,3072.4167,1207.2839
1929,136,2017,88,251680.2945205483,4,2859,1135.965
1929,137,2017,88,248961.2260273974,5,2759.25,1108.3051
1929,138,2017,88,246151.5219178086,6,2615.0833,1062.3876
1929,139,2017,88,243432.4534246577,7,2607.9167,1071.3102
1929,140,2017,88,240622.7493150688,8,2663.5,1106.9194
1929,141,2017,88,237813.0452054797,9,2669.8333,1122.6605
1929,142,2017,88,235093.9767123291,10,2862.7915,1217.7222
1929,143,2017,88,232284.27260274,11,2890.875,1244.5419
1929,144,2017,88,229565.2041095893,12,3265.9583,1422.6713
1929,145,2018,89,226755.5,1,3415.125,1506.0825
1929,146,2018,89,248639.0794520546,2,2782.625,1119.1422
1929,147,2018,89,268404.8931506854,3,2879.6667,1072.8816
1929,148,2018,89,290288.4726027399,4,2720.3335,937.11383
1929,149,2018,89,311466.1301369872,5,2616.375,840.0191
1929,150,2018,89,333349.7095890418,6,2478.125,743.401
1929,151,2018,89,354527.3671232872,7,2523.2917,711.73401
1929,152,2018,89,376410.9465753436,8,2616.375,695.08472
1929,153,2018,89,398294.5260273982,9,2510.6667,630.35431
1929,154,2018,89,419472.1835616436,10,2773.375,661.15826
1929,155,2018,89,441355.7630136982,11,2893.5,655.59357
1929,156,2018,89,462533.4205479454,12,3029.25,654.92566
1929,157,2019,90,484417,1,15061.624,3109.2271
1929,158,2019,90,,2,12490,
1929,159,2019,90,,3,12805.167,
1929,160,2019,90,,4,10579.668,
1929,161,2019,90,,5,9621.625,
1929,162,2019,90,,6,8205.583,
1929,163,2019,90,,7,7388.9165,
1929,164,2019,90,,8,6546.375,
1929,165,2019,90,,9,5497.042,
1929,166,2019,90,,10,5070.6665,
1929,167,2019,90,,11,4169,
1929,168,2019,90,,12,3452.5,
1930,1,2006,76,688002.5,1,2702.9583,392.87042
1930,2,2006,76,685678.3493150685,2,2461.25,358.95111
1930,3,2006,76,683579.116438356,3,2758.1667,403.48904
1930,4,2006,76,681254.9657534247,4,2517.375,369.52023
1930,5,2006,76,679005.7876712328,5,2402.75,353.86298
1930,6,2006,76,676681.6369863013,6,2258.75,333.79803
1930,7,2006,76,674432.4589041094,7,2320.5833,344.07941
1930,8,2006,76,672108.3082191781,8,2226.25,331.23383
1930,9,2006,76,669784.1575342466,9,2181.3335,325.67709
1930,10,2006,76,667534.9794520547,10,2349.2915,351.93533
1930,11,2006,76,665210.8287671232,11,2306.875,346.78854
1930,12,2006,76,662961.6506849315,12,2390.1667,360.52866
1930,13,2007,77,660637.5,1,2797.2498,423.41675
1930,14,2007,77,657926.4438356166,2,2580.5,392.2171
1930,15,2007,77,655477.7479452055,3,2713.9583,414.04279
1930,16,2007,77,652766.6917808219,4,2489.375,381.35754
1930,17,2007,77,650143.0890410959,5,2460.75,378.49359
1930,18,2007,77,647432.0328767125,6,2269.125,350.4808
1930,19,2007,77,644808.4301369863,7,2354.2085,365.10199
1930,20,2007,77,642097.3739726029,8,2267.875,353.198
1930,21,2007,77,639386.3178082192,9,2223.625,347.77487
1930,22,2007,77,636762.7150684933,10,2399.6665,376.85413
1930,23,2007,77,634051.6589041096,11,2323.875,366.51193
1930,24,2007,77,631428.0561643837,12,2487.25,393.90869
1930,25,2008,78,628717,1,2883.9167,458.6987
1930,26,2008,78,626052.5669398906,2,2805.375,448.10535
1930,27,2008,78,623560.0327868853,3,2871,460.42078
1930,28,2008,78,620895.5997267759,4,2597.9167,418.41443
1930,29,2008,78,618317.1161202185,5,2566,414.99741
1930,30,2008,78,615652.6830601091,6,2350.9583,381.86438
1930,31,2008,78,613074.1994535518,7,2398.6667,391.25229
1930,32,2008,78,610409.7663934426,8,2408.625,394.59149
1930,33,2008,78,607745.3333333333,9,2307.875,379.74377
1930,34,2008,78,605166.8497267759,10,2432.2083,401.90704
1930,35,2008,78,602502.4166666665,11,2449.125,406.49216
1930,36,2008,78,599923.9330601091,12,2588.7083,431.50607
1930,37,2009,79,597259.5,1,2840.5,475.58893
1930,38,2009,79,594173.7684931504,2,2617.375,440.50665
1930,39,2009,79,591386.6561643833,3,2805.4585,474.38651
1930,40,2009,79,588300.9246575341,4,2608.4167,443.38138
1930,41,2009,79,585314.732876712,5,2539.625,433.8905
1930,42,2009,79,582229.0013698628,6,2484.875,426.78653
1930,43,2009,79,579242.8095890409,7,2404.5833,415.12527
1930,44,2009,79,576157.0780821915,8,2451.375,425.46991
1930,45,2009,79,573071.3465753421,9,2343.9167,409.00958
1930,46,2009,79,570085.1547945202,10,2592.875,454.82242
1930,47,2009,79,566999.4232876711,11,2472.875,436.13361
1930,48,2009,79,564013.2315068492,12,2647.5833,469.41864
1930,49,2010,80,560927.5,1,2902.125,517.3797
1930,50,2010,80,557957.6150684934,2,2721.25,487.71625
1930,51,2010,80,555275.1383561646,3,2854.375,514.04694
1930,52,2010,80,552305.2534246577,4,2693.3335,487.65308
1930,53,2010,80,549431.1712328768,5,2692.25,490.00677
1930,54,2010,80,546461.28630137,6,2449.9585,448.33157
1930,55,2010,80,543587.2041095893,7,2531,465.61066
1930,56,2010,80,540617.3191780823,8,2532.125,468.37659
1930,57,2010,80,537647.4342465755,9,2435.0833,452.91452
1930,58,2010,80,534773.3520547948,10,2599.7917,486.14835
1930,59,2010,80,531803.467123288,11,2589.125,486.85748
1930,60,2010,80,528929.3849315071,12,2750.4165,519.99695
1930,61,2011,81,525959.5,1,3095.0833,588.46417
1930,62,2011,81,523048.0479452051,2,2774.375,530.4245
1930,63,2011,81,520418.3493150682,3,2992.875,575.09021
1930,64,2011,81,517506.8972602738,4,2803.625,541.75604
1930,65,2011,81,514689.3630136983,5,2733,530.99988
1930,66,2011,81,511777.9109589038,6,2567.7083,501.72314
1930,67,2011,81,508960.3767123285,7,2596.8335,510.22311
1930,68,2011,81,506048.9246575339,8,2674.5,528.50623
1930,69,2011,81,503137.4726027395,9,2502.7085,497.42041
1930,70,2011,81,500319.9383561641,10,2607.625,521.19153
1930,71,2011,81,497408.4863013695,11,2681.375,539.06903
1930,72,2011,81,494590.9520547942,12,2808.0835,567.75879
1930,73,2012,82,491679.5,1,3044.1667,619.13641
1930,74,2012,82,488475.3196721312,2,2804.75,574.18457
1930,75,2012,82,485477.8606557378,3,3012.7917,620.5827
1930,76,2012,82,482273.6803278688,4,2809.75,582.60486
1930,77,2012,82,479172.8606557378,5,2729.25,569.57526
1930,78,2012,82,475968.6803278688,6,2597,545.62415
1930,79,2012,82,472867.8606557378,7,2681.0417,566.97485
1930,80,2012,82,469663.6803278688,8,2602,554.01349
1930,81,2012,82,466459.5,9,2568.25,550.58368
1930,82,2012,82,463358.6803278688,10,2725.3333,588.16925
1930,83,2012,82,460154.5,11,2760.125,599.82568
1930,84,2012,82,457053.6803278688,12,3110.75,680.60931
1930,85,2013,83,453849.5,1,3489.2083,768.80292
1930,86,2013,83,450693.2753424656,2,2918.625,647.58563
1930,87,2013,83,447842.4917808219,3,3145.25,702.31165
1930,88,2013,83,444686.2671232875,4,2883.2917,648.38788
1930,89,2013,83,441631.8561643835,5,2799.25,633.84241
1930,90,2013,83,438475.6315068493,6,2638.4583,601.73431
1930,91,2013,83,435421.220547945,7,2689.6665,617.716
1930,92,2013,83,432264.9958904108,8,2763.375,639.27802
1930,93,2013,83,429108.7712328767,9,2611.75,608.6452
1930,94,2013,83,426054.3602739726,10,2768.0417,649.69214
1930,95,2013,83,422898.1356164382,11,2797.625,661.53638
1930,96,2013,83,419843.7246575342,12,2989.6665,712.09033
1930,97,2014,84,416687.5,1,3307.0833,793.66028
1930,98,2014,84,413173.7561643836,2,2856.75,691.41614
1930,99,2014,84,410000.0520547945,3,3076.9585,750.4776
1930,100,2014,84,406486.3082191781,4,2814.0835,692.2948
1930,101,2014,84,403085.9109589043,5,2835.625,703.47906
1930,102,2014,84,399572.1671232879,6,2733.5415,684.11707
1930,103,2014,84,396171.7698630136,7,2754.2085,695.20563
1930,104,2014,84,392658.0260273973,8,2764.625,704.07959
1930,105,2014,84,389144.2821917809,9,2728.5417,701.16455
1930,106,2014,84,385743.8849315071,10,2864.4583,742.58032
1930,107,2014,84,382230.1410958907,11,2850.125,745.6568
1930,108,2014,84,378829.7438356164,12,3165,835.46765
1930,109,2015,85,375316,1,3522.2915,938.48688
1930,110,2015,85,371809.7726027397,2,2979.5,801.35065
1930,111,2015,85,368642.8575342465,3,3230.5835,876.34509
1930,112,2015,85,365136.6301369863,4,2984,817.22833
1930,113,2015,85,361743.506849315,5,2904.5,802.91699
1930,114,2015,85,358237.2794520548,6,2720.75,759.48267
1930,115,2015,85,354844.1561643835,7,2805.625,790.664
1930,116,2015,85,351337.9287671233,8,2739.875,779.84039
1930,117,2015,85,347831.701369863,9,2657.625,764.05487
1930,118,2015,85,344438.5780821918,10,2869.1667,832.99811
1930,119,2015,85,340932.3506849315,11,2853.25,836.89624
1930,120,2015,85,337539.2273972603,12,3039.3333,900.43854
1930,121,2016,86,334033,1,3179.6665,951.90192
1930,122,2016,86,330918.9398907102,2,3006.25,908.45508
1930,123,2016,86,328005.7868852457,3,3168.75,966.06525
1930,124,2016,86,324891.7267759561,4,2895.7917,891.30981
1930,125,2016,86,321878.120218579,5,2784.25,865.00134
1930,126,2016,86,318764.0601092894,6,2671.5,838.08069
1930,127,2016,86,315750.4535519124,7,2737.4167,866.95575
1930,128,2016,86,312636.3934426226,8,2723.125,871.01984
1930,129,2016,86,309522.333333333,9,2677.1665,864.93481
1930,130,2016,86,306508.7267759561,10,2826.8335,922.26849
1930,131,2016,86,303394.6666666665,11,2829.875,932.73724
1930,132,2016,86,300381.0601092894,12,3183.4585,1059.8066
1930,133,2017,87,297267,1,3434.9167,1155.4989
1930,134,2017,87,294299.5356164381,2,2897.375,984.49866
1930,135,2017,87,291619.2452054792,3,3175.4165,1088.8912
1930,136,2017,87,288651.7808219176,4,3005.2915,1041.1477
1930,137,2017,87,285780.0410958901,5,2827.875,989.5285
1930,138,2017,87,282812.5767123285,6,2736.9583,967.76398
1930,139,2017,87,279940.836986301,7,2750.75,982.61835
1930,140,2017,87,276973.3726027394,8,2704.25,976.35742
1930,141,2017,87,274005.9082191777,9,2709.7085,988.9234
1930,142,2017,87,271134.1684931505,10,2887,1064.7865
1930,143,2017,87,268166.7041095889,11,2900,1081.4169
1930,144,2017,87,265294.9643835614,12,3245.375,1223.3082
1930,145,2018,88,262327.5,1,3562.75,1358.1306
1930,146,2018,88,259556.2698630139,2,2912.375,1122.0592
1930,147,2018,88,257053.2232876713,3,3023.75,1176.3129
1930,148,2018,88,254281.993150685,4,2826.9585,1111.7416
1930,149,2018,88,251600.1575342466,5,2709,1076.7084
1930,150,2018,88,248828.9273972604,6,2658.0415,1068.2205
1930,151,2018,88,246147.091780822,7,2644.9165,1074.5269
1930,152,2018,88,243375.8616438357,8,2699.875,1109.3438
1930,153,2018,88,240604.6315068493,9,2549.25,1059.5183
1930,154,2018,88,237922.7958904111,10,2816.625,1183.8398
1930,155,2018,88,235151.5657534248,11,2857,1214.9611
1930,156,2018,88,232469.7301369864,12,2984.375,1283.7693
1930,157,2019,89,229698.5,1,2920.4583,1271.4312
1930,158,2019,89,250819.1821917817,2,2650.875,1056.8868
1930,159,2019,89,269895.9273972604,3,2947.9585,1092.2574
1930,160,2019,89,291016.6095890421,4,2669.7085,917.37323
1930,161,2019,89,311455.9794520549,5,2677.25,859.5918
1930,162,2019,89,332576.6616438366,6,2568.2083,772.21539
1930,163,2019,89,353016.0315068495,7,2632.7915,745.79944
1930,164,2019,89,374136.7136986312,8,2583.125,690.42273
1930,165,2019,89,395257.395890411,9,2624.25,663.93445
1930,166,2019,89,415696.7657534257,10,2816.4167,677.51709
1930,167,2019,89,436817.4479452055,11,2697.875,617.62073
1930,168,2019,89,457256.8178082202,12,2987.0417,653.25256
1930,169,2020,90,478377.5,1,15242.791,3186.3521
1930,170,2020,90,,2,13247.25,
1930,171,2020,90,,3,13334.126,
1930,172,2020,90,,4,14953.501,
1930,173,2020,90,,5,11066.125,
1930,174,2020,90,,6,8619.208,
1930,175,2020,90,,7,8457.75,
1930,176,2020,90,,8,7373.5,
1930,177,2020,90,,9,6037.792,
1930,178,2020,90,,10,5614.6665,
1930,179,2020,90,,11,5345.375,
1930,180,2020,90,,12,5161.167,
1931,1,2006,75,703775,1,2688.3748,381.9935
1931,2,2006,75,701408.4260273974,2,2300.5,327.98294
1931,3,2006,75,699270.8753424659,3,2594.0833,370.96973
1931,4,2006,75,696904.3013698631,4,2353.2085,337.66595
1931,5,2006,75,694614.0684931506,5,2291.125,329.84143
1931,6,2006,75,692247.494520548,6,2127.625,307.35034
1931,7,2006,75,689957.2616438356,7,2136.25,309.62064
1931,8,2006,75,687590.687671233,8,2091.5,304.17807
1931,9,2006,75,685224.1136986301,9,2067.9167,301.78693
1931,10,2006,75,682933.8808219179,10,2262.6667,331.31564
1931,11,2006,75,680567.3068493151,11,2208.25,324.47195
1931,12,2006,75,678277.0739726028,12,2365.4583,348.74512
1931,13,2007,76,675910.5,1,2767.2083,409.40454
1931,14,2007,76,673704.1917808219,2,2397.25,355.83124
1931,15,2007,76,671711.397260274,3,2605.2917,387.8588
1931,16,2007,76,669505.0890410959,4,2342.875,349.94131
1931,17,2007,76,667369.9520547944,5,2381.5,356.84854
1931,18,2007,76,665163.6438356163,6,2203.375,331.25308
1931,19,2007,76,663028.506849315,7,2243.3335,338.34647
1931,20,2007,76,660822.1986301369,8,2155.375,326.16565
1931,21,2007,76,658615.8904109588,9,2139.3333,324.8226
1931,22,2007,76,656480.7534246575,10,2239.25,341.09912
1931,23,2007,76,654274.4452054794,11,2192.375,335.08493
1931,24,2007,76,652139.3082191781,12,2497.25,382.93198
1931,25,2008,77,649933,1,2759.7915,424.62708
1931,26,2008,77,647313.2459016391,2,2739.875,423.2688
1931,27,2008,77,644862.5081967211,3,2808.9165,435.58377
1931,28,2008,77,642242.7540983604,4,2460.9167,383.17548
1931,29,2008,77,639707.5081967211,5,2407.25,376.30478
1931,30,2008,77,637087.7540983604,6,2251.3333,353.37885
1931,31,2008,77,634552.5081967211,7,2275.875,358.65826
1931,32,2008,77,631932.7540983604,8,2218.25,351.02628
1931,33,2008,77,629312.9999999998,9,2149.7917,341.60931
1931,34,2008,77,626777.7540983604,10,2355.3335,375.78448
1931,35,2008,77,624157.9999999998,11,2273.125,364.19064
1931,36,2008,77,621622.7540983604,12,2526.25,406.396
1931,37,2009,78,619003,1,2867.4165,463.23145
1931,38,2009,78,616360.2712328767,2,2578.125,418.28217
1931,39,2009,78,613973.2904109589,3,2812.0417,458.00717
1931,40,2009,78,611330.5616438356,4,2565.0835,419.59027
1931,41,2009,78,608773.0821917807,5,2508,411.97617
1931,42,2009,78,606130.3534246574,6,2378.375,392.38672
1931,43,2009,78,603572.8739726027,7,2345.7917,388.65097
1931,44,2009,78,600930.1452054793,8,2311.625,384.6745
1931,45,2009,78,598287.416438356,9,2250.2083,376.10825
1931,46,2009,78,595729.9369863013,10,2472.5415,415.04404
1931,47,2009,78,593087.208219178,11,2378.25,400.995
1931,48,2009,78,590529.7287671233,12,2525.9167,427.73743
1931,49,2010,79,587887,1,2854.75,485.59503
1931,50,2010,79,585038.4397260274,2,2630.5,449.62857
1931,51,2010,79,582465.5465753425,3,2712.75,465.73569
1931,52,2010,79,579616.9863013697,4,2574.125,444.10794
1931,53,2010,79,576860.3150684931,5,2545.75,441.31134
1931,54,2010,79,574011.7547945206,6,2387.125,415.86691
1931,55,2010,79,571255.0835616437,7,2466.0415,431.68832
1931,56,2010,79,568406.5232876712,8,2359.25,415.06384
1931,57,2010,79,565557.9630136986,9,2360.3335,417.34598
1931,58,2010,79,562801.291780822,10,2467.375,438.40961
1931,59,2010,79,559952.7315068494,11,2543.25,454.19012
1931,60,2010,79,557196.0602739726,12,2712.25,486.76761
1931,61,2011,80,554347.5,1,3086.7915,556.83331
1931,62,2011,80,551493.3342465751,2,2758.125,500.11938
1931,63,2011,80,548915.3780821916,3,2954.5833,538.25842
1931,64,2011,80,546061.2123287669,4,2724.9585,499.02069
1931,65,2011,80,543299.116438356,5,2669.875,491.41898
1931,66,2011,80,540444.9506849314,6,2478.8333,458.66525
1931,67,2011,80,537682.8547945204,7,2443.1665,454.38803
1931,68,2011,80,534828.6890410958,8,2509.375,469.19229
1931,69,2011,80,531974.5232876712,9,2390.9583,449.44977
1931,70,2011,80,529212.4273972602,10,2481.5415,468.91217
1931,71,2011,80,526358.2616438356,11,2536.75,481.9436
1931,72,2011,80,523596.1657534246,12,2598.7083,496.31918
1931,73,2012,81,520742,1,3018.6665,579.68561
1931,74,2012,81,517846.633879781,2,2771.125,535.12463
1931,75,2012,81,515138.0655737701,3,2941.0835,570.93109
1931,76,2012,81,512242.6994535516,4,2677.9585,522.79095
1931,77,2012,81,509440.7322404368,5,2687,527.44116
1931,78,2012,81,506545.3661202183,6,2526.375,498.74606
1931,79,2012,81,503743.3989071036,7,2527.5,501.74356
1931,80,2012,81,500848.032786885,8,2536,506.34122
1931,81,2012,81,497952.6666666663,9,2524.7085,507.01776
1931,82,2012,81,495150.6994535516,10,2639.2085,533.01117
1931,83,2012,81,492255.333333333,11,2648.875,538.10999
1931,84,2012,81,489453.3661202183,12,2967.0417,606.19501
1931,85,2013,82,486558,1,3595,738.86359
1931,86,2013,82,483455.9191780821,2,2992.25,618.92926
1931,87,2013,82,480654.0397260273,3,3128.7085,650.92731
1931,88,2013,82,477551.9589041097,4,2862.375,599.38501
1931,89,2013,82,474549.9452054794,5,2752.25,579.97058
1931,90,2013,82,471447.8643835615,6,2542.8333,539.36682
1931,91,2013,82,468445.8506849315,7,2695.875,575.49341
1931,92,2013,82,465343.7698630136,8,2657.25,571.02948
1931,93,2013,82,462241.6890410958,9,2559.0835,553.62457
1931,94,2013,82,459239.6753424658,10,2672.5835,581.95831
1931,95,2013,82,456137.5945205479,11,2651.25,581.23907
1931,96,2013,82,453135.5808219179,12,2925.4167,645.59412
1931,97,2014,83,450033.5,1,3283.125,729.52905
1931,98,2014,83,446823.3863013694,2,2882.625,645.13745
1931,99,2014,83,443923.928767123,3,3036.0417,683.91034
1931,100,2014,83,440713.8150684929,4,2802.3335,635.86243
1931,101,2014,83,437607.2534246573,5,2792.75,638.1864
1931,102,2014,83,434397.1397260271,6,2655.6665,611.34528
1931,103,2014,83,431290.5780821915,7,2679.1665,621.19757
1931,104,2014,83,428080.4643835614,8,2701,630.95612
1931,105,2014,83,424870.3506849313,9,2614.3333,615.32495
1931,106,2014,83,421763.7890410956,10,2802.4167,664.45172
1931,107,2014,83,418553.6753424655,11,2835.125,677.36237
1931,108,2014,83,415447.1136986299,12,3106.25,747.68842
1931,109,2015,84,412237,1,3700.7083,897.71375
1931,110,2015,84,408861.7794520548,2,3143.125,768.75
1931,111,2015,84,405813.1931506847,3,3200.8333,788.74548
1931,112,2015,84,402437.9726027395,4,2928.2083,727.61731
1931,113,2015,84,399171.6301369863,5,2932.5,734.64642
1931,114,2015,84,395796.409589041,6,2666.375,673.67334
1931,115,2015,84,392530.0671232874,7,2764.2085,704.203
1931,116,2015,84,389154.8465753421,8,2718.5,698.56512
1931,117,2015,84,385779.6260273969,9,2690.25,697.35406
1931,118,2015,84,382513.2835616437,10,2801.9585,732.51276
1931,119,2015,84,379138.0630136984,11,2822.25,744.3858
1931,120,2015,84,375871.7205479448,12,3009,800.53906
1931,121,2016,85,372496.5,1,3394,911.14948
1931,122,2016,85,369014.9289617487,2,3079.875,834.62073
1931,123,2016,85,365757.975409836,3,3168.25,866.2149
1931,124,2016,85,362276.4043715848,4,2935.7083,810.3504
1931,125,2016,85,358907.1420765026,5,2756.5,768.02594
1931,126,2016,85,355425.5710382513,6,2693.9165,757.9411
1931,127,2016,85,352056.3087431695,7,2697.4583,766.20081
1931,128,2016,85,348574.7377049178,8,2697.5,773.8656
1931,129,2016,85,345093.1666666665,9,2654.2085,769.12811
1931,130,2016,85,341723.9043715848,10,2924.7917,855.89325
1931,131,2016,85,338242.3333333335,11,2902,857.96478
1931,132,2016,85,334873.0710382513,12,3182.0415,950.22314
1931,133,2017,86,331391.5,1,3493.6665,1054.2415
1931,134,2017,86,328280.798630137,2,3153.625,960.64862
1931,135,2017,86,325471.1328767124,3,3270.9585,1004.9919
1931,136,2017,86,322360.4315068494,4,2983.4585,925.50397
1931,137,2017,86,319350.0753424657,5,2843.25,890.32391
1931,138,2017,86,316239.3739726027,6,2744.4583,867.84204
1931,139,2017,86,313229.017808219,7,2717.4583,867.56274
1931,140,2017,86,310118.3164383559,8,2715.75,875.71417
1931,141,2017,86,307007.6150684929,9,2661.75,866.99805
1931,142,2017,86,303997.2589041097,10,2886.4585,949.50146
1931,143,2017,86,300886.5575342467,11,2945.125,978.81573
1931,144,2017,86,297876.201369863,12,3312.0417,1111.8854
1931,145,2018,87,294765.5,1,3714.4583,1260.1401
1931,146,2018,87,291885.0479452056,2,3002.875,1028.7869
1931,147,2018,87,289283.3493150685,3,3133.1665,1083.0787
1931,148,2018,87,286402.897260274,4,2897.375,1011.6431
1931,149,2018,87,283615.3630136987,5,2774.5,978.26154
1931,150,2018,87,280734.9109589041,6,2715.875,967.4162
1931,151,2018,87,277947.3767123288,7,2687.6665,966.96954
1931,152,2018,87,275066.9246575343,8,2686.375,976.62598
1931,153,2018,87,272186.4726027397,9,2599.9583,955.21216
1931,154,2018,87,269398.9383561644,10,2871.4165,1065.8604
1931,155,2018,87,266518.48630137,11,2872.25,1077.6926
1931,156,2018,87,263730.9520547946,12,3107.5415,1178.2999
1931,157,2019,88,260850.5,1,3179.875,1219.0411
1931,158,2019,88,258147.0027397259,2,2877.25,1114.5781
1931,159,2019,88,255705.1342465752,3,3188.9167,1247.1071
1931,160,2019,88,253001.6369863013,4,2819.9167,1114.5844
1931,161,2019,88,250385.3493150685,5,2822,1127.0627
1931,162,2019,88,247681.8520547943,6,2625.5,1060.0292
1931,163,2019,88,245065.5643835615,7,2654.2085,1083.0605
1931,164,2019,88,242362.0671232876,8,2653.75,1094.9528
1931,165,2019,88,239658.5698630135,9,2613.125,1090.3533
1931,166,2019,88,237042.2821917806,10,2868.9585,1210.3151
1931,167,2019,88,234338.7849315067,11,2962.125,1264.0353
1931,168,2019,88,231722.4972602739,12,3169.1667,1367.656
1931,169,2020,89,229019,1,3007.5415,1313.2279
1931,170,2020,89,250239.4740437157,2,2735.875,1093.3027
1931,171,2020,89,270090.8852459006,3,3106,1149.9833
1931,172,2020,89,291311.3592896163,4,3753.375,1288.441
1931,173,2020,89,311847.3019125666,5,2997,961.0473
1931,174,2020,89,333067.7759562843,6,2681.6665,805.14136
1931,175,2020,89,353603.7185792346,7,2909.2085,822.73132
1931,176,2020,89,374824.1926229503,8,2935.75,783.23389
1931,177,2020,89,396044.666666666,9,2819.5,711.91467
1931,178,2020,89,416580.6092896163,10,3054.4167,733.21143
1931,179,2020,89,437801.0833333321,11,3582.5,818.29401
1931,180,2020,89,458337.0259562843,12,4499.75,981.75574
1931,181,2021,90,479557.5,1,21158.832,4412.1572
1931,182,2021,90,,2,14181.875,
1931,183,2021,90,,3,12115.667,
1931,184,2021,90,,4,10337.626,
1931,185,2021,90,,5,9280.5,
1931,186,2021,90,,6,8027.833,
1931,187,2021,90,,7,7529.166,
1931,188,2021,90,,8,7462.375,
1931,189,2021,90,,9,6580.042,
1931,190,2021,90,,10,5521.458,
1931,191,2021,90,,11,4573.125,
1931,192,2021,90,,12,3792.542,
1932,1,2006,74,730636.5,1,2372.0833,324.65982
1932,2,2006,74,727971.0520547947,2,2140.375,294.01926
1932,3,2006,74,725563.5506849317,3,2451.75,337.90976
1932,4,2006,74,722898.1027397262,4,2213.5,306.19806
1932,5,2006,74,720318.6369863015,5,2135.625,296.48337
1932,6,2006,74,717653.189041096,6,2067.4165,288.08017
1932,7,2006,74,715073.7232876716,7,1998.8333,279.52829
1932,8,2006,74,712408.2753424661,8,1962,275.40387
1932,9,2006,74,709742.8273972606,9,1961.0416,276.30313
1932,10,2006,74,707163.3616438359,10,2084.75,294.8046
1932,11,2006,74,704497.9136986304,11,2073,294.25211
1932,12,2006,74,701918.4479452057,12,2089,297.61292
1932,13,2007,75,699253,1,2467.8333,352.92422
1932,14,2007,75,696937.1301369865,2,2307.125,331.03775
1932,15,2007,75,694845.376712329,3,2386.0833,343.39774
1932,16,2007,75,692529.5068493153,4,2190.625,316.32227
1932,17,2007,75,690288.3424657534,5,2239,324.35721
1932,18,2007,75,687972.4726027399,6,2104.125,305.84436
1932,19,2007,75,685731.3082191781,7,2113.5833,308.22324
1932,20,2007,75,683415.4383561646,8,2036.625,298.00687
1932,21,2007,75,681099.5684931509,9,2069.875,303.90198
1932,22,2007,75,678858.4041095891,10,2118.5417,312.07416
1932,23,2007,75,676542.5342465756,11,2032.75,300.46152
1932,24,2007,75,674301.3698630137,12,2268,336.34811
1932,25,2008,76,671985.5,1,2593.0415,385.87759
1932,26,2008,76,669882.793715847,2,2534.125,378.29379
1932,27,2008,76,667915.7459016393,3,2539.6667,380.23758
1932,28,2008,76,665813.0396174863,4,2358,354.15347
1932,29,2008,76,663778.1625683059,5,2320.625,349.60852
1932,30,2008,76,661675.4562841528,6,2107.875,318.56628
1932,31,2008,76,659640.5792349726,7,2149.375,325.84033
1932,32,2008,76,657537.8729508196,8,2109,320.74197
1932,33,2008,76,655435.1666666665,9,2092.5835,319.2663
1932,34,2008,76,653400.2896174863,10,2202.9167,337.14658
1932,35,2008,76,651297.5833333333,11,2159.25,331.53049
1932,36,2008,76,649262.7062841528,12,2388.875,367.93658
1932,37,2009,77,647160,1,2685.1248,414.90894
1932,38,2009,77,644558.7602739728,2,2335,362.26334
1932,39,2009,77,642209.2534246577,3,2423.3335,377.34329
1932,40,2009,77,639608.0136986303,4,2405.0835,376.0246
1932,41,2009,77,637090.6849315071,5,2326.375,365.15604
1932,42,2009,77,634489.4452054796,6,2208.7915,348.12109
1932,43,2009,77,631972.1164383562,7,2235.1665,353.68118
1932,44,2009,77,629370.876712329,8,2126,337.79764
1932,45,2009,77,626769.6369863015,9,2164.2917,345.30896
1932,46,2009,77,624252.3082191783,10,2295.9585,367.79337
1932,47,2009,77,621651.0684931509,11,2194.75,353.05176
1932,48,2009,77,619133.7397260275,12,2334.125,376.9985
1932,49,2010,78,616532.5,1,2751.6667,446.31332
1932,50,2010,78,613874.7808219176,2,2371,386.23511
1932,51,2010,78,611474.2602739725,3,2679.8335,438.25778
1932,52,2010,78,608816.5410958903,4,2394.875,393.36563
1932,53,2010,78,606244.5547945204,5,2432.125,401.17886
1932,54,2010,78,603586.8356164382,6,2319.25,384.24463
1932,55,2010,78,601014.8493150682,7,2356.6667,392.11456
1932,56,2010,78,598357.130136986,8,2236.5,373.77344
1932,57,2010,78,595699.4109589038,9,2211.625,371.26526
1932,58,2010,78,593127.4246575341,10,2298.125,387.45889
1932,59,2010,78,590469.7054794519,11,2330.875,394.7493
1932,60,2010,78,587897.719178082,12,2563.4167,436.03107
1932,61,2011,79,585240,1,2851.7498,487.27869
1932,62,2011,79,582426.3041095892,2,2570.375,441.32193
1932,63,2011,79,579884.9013698632,3,2746.1667,473.57101
1932,64,2011,79,577071.2054794522,4,2547.625,441.47498
1932,65,2011,79,574348.2739726028,5,2505.75,436.2771
1932,66,2011,79,571534.578082192,6,2324.2915,406.67557
1932,67,2011,79,568811.6465753426,7,2405.4585,422.89191
1932,68,2011,79,565997.9506849316,8,2369.75,418.68527
1932,69,2011,79,563184.2547945206,9,2311.875,410.50064
1932,70,2011,79,560461.3232876714,10,2455.875,438.18814
1932,71,2011,79,557647.6273972604,11,2386,427.86877
1932,72,2011,79,554924.695890411,12,2467.3333,444.62488
1932,73,2012,80,552111,1,2864.2915,518.78906
1932,74,2012,80,549232.2349726774,2,2597.375,472.91016
1932,75,2012,80,546539.1967213114,3,2801.8335,512.65009
1932,76,2012,80,543660.4316939889,4,2565.9585,471.97815
1932,77,2012,80,540874.5300546447,5,2562.75,473.81598
1932,78,2012,80,537995.7650273223,6,2397.7915,445.68967
1932,79,2012,80,535209.8633879779,7,2426.375,453.35019
1932,80,2012,80,532331.0983606556,8,2461.75,462.44714
1932,81,2012,80,529452.3333333333,9,2434.9583,459.90131
1932,82,2012,80,526666.4316939889,10,2528.2085,480.03979
1932,83,2012,80,523787.6666666665,11,2527.5,482.54288
1932,84,2012,80,521001.7650273223,12,2779.875,533.56348
1932,85,2013,81,518123,1,3273.2083,631.74347
1932,86,2013,81,515375.8054794522,2,2781,539.60626
1932,87,2013,81,512894.4684931508,3,3084.375,601.36639
1932,88,2013,81,510147.2739726028,4,2666.4585,522.68408
1932,89,2013,81,507488.6986301371,5,2644.125,521.02148
1932,90,2013,81,504741.5041095892,6,2466.125,488.59167
1932,91,2013,81,502082.9287671235,7,2553.7917,508.63943
1932,92,2013,81,499335.7342465755,8,2541.125,508.90109
1932,93,2013,81,496588.5397260275,9,2429.7917,489.29678
1932,94,2013,81,493929.9643835619,10,2544.5415,515.16241
1932,95,2013,81,491182.7698630139,11,2527,514.47247
1932,96,2013,81,488524.194520548,12,2728.4583,558.51038
1932,97,2014,82,485777,1,3211.375,661.08008
1932,98,2014,82,482592.2383561642,2,2685.375,556.44806
1932,99,2014,82,479715.6794520547,3,2993.125,623.93732
1932,100,2014,82,476530.9178082191,4,2778.4585,583.05945
1932,101,2014,82,473448.8904109588,5,2710.5,572.5011
1932,102,2014,82,470264.1287671232,6,2570.7083,546.65198
1932,103,2014,82,467182.1013698629,7,2618.0417,560.39001
1932,104,2014,82,463997.3397260273,8,2517.5,542.56775
1932,105,2014,82,460812.5780821918,9,2506.7917,543.99377
1932,106,2014,82,457730.5506849315,10,2704.375,590.82251
1932,107,2014,82,454545.7890410959,11,2701.375,594.30206
1932,108,2014,82,451463.7616438356,12,3115.5,690.08862
1932,109,2015,83,448279,1,3417.9583,762.46228
1932,110,2015,83,445172.8,2,2988,671.20001
1932,111,2015,83,442367.2,3,3128.5,707.2179
1932,112,2015,83,439261,4,2849.1667,648.62732
1932,113,2015,83,436255,5,2843.75,651.85498
1932,114,2015,83,433148.8,6,2593.7083,598.80304
1932,115,2015,83,430142.8,7,2673.8333,621.61523
1932,116,2015,83,427036.6000000001,8,2703.75,633.14246
1932,117,2015,83,423930.4000000001,9,2637.375,622.12451
1932,118,2015,83,420924.4000000001,10,2719.9167,646.177
1932,119,2015,83,417818.2,11,2707,647.88947
1932,120,2015,83,414812.2,12,2883.4167,695.11377
1932,121,2016,84,411706,1,3210.5,779.80402
1932,122,2016,84,408381.2923497264,2,2919,714.77319
1932,123,2016,84,405271.0819672127,3,3046.875,751.81158
1932,124,2016,84,401946.3743169396,4,2889.6667,718.91846
1932,125,2016,84,398728.9153005462,5,2809.625,704.64539
1932,126,2016,84,395404.2076502731,6,2623.3333,663.45605
1932,127,2016,84,392186.7486338797,7,2669.375,680.63873
1932,128,2016,84,388862.0409836066,8,2710.625,697.06598
1932,129,2016,84,385537.333333333,9,2604.25,675.48584
1932,130,2016,84,382319.8743169396,10,2729.625,713.96368
1932,131,2016,84,378995.1666666665,11,2728.75,719.99597
1932,132,2016,84,375777.7076502731,12,2975.9585,791.94653
1932,133,2017,85,372453,1,3304.0833,887.11414
1932,134,2017,85,368979.0465753423,2,3056,828.23132
1932,135,2017,85,365841.2821917809,3,3263.0415,891.92816
1932,136,2017,85,362367.3287671232,4,2943.1665,812.20526
1932,137,2017,85,359005.4383561644,5,2892.125,805.59363
1932,138,2017,85,355531.4849315067,6,2759.2083,776.07983
1932,139,2017,85,352169.5945205479,7,2691.4167,764.23883
1932,140,2017,85,348695.6410958902,8,2684.375,769.83325
1932,141,2017,85,345221.687671233,9,2690,779.20947
1932,142,2017,85,341859.7972602737,10,2877.875,841.82904
1932,143,2017,85,338385.8438356165,11,2943.25,869.79114
1932,144,2017,85,335023.9534246577,12,3171.25,946.5741
1932,145,2018,86,331550,1,3639.2083,1097.6348
1932,146,2018,86,328532.2136986302,2,2979.75,906.98871
1932,147,2018,86,325806.4712328769,3,3197.6667,981.46204
1932,148,2018,86,322788.6849315071,4,2881.875,892.80548
1932,149,2018,86,319868.2465753427,5,2863.5,895.21234
1932,150,2018,86,316850.4602739727,6,2701.9583,852.755
1932,151,2018,86,313930.0219178083,7,2728.2085,869.04987
1932,152,2018,86,310912.2356164386,8,2689.75,865.11554
1932,153,2018,86,307894.4493150685,9,2640.7085,857.66681
1932,154,2018,86,304974.0109589042,10,2868.5835,940.5993
1932,155,2018,86,301956.2246575344,11,2825.25,935.64886
1932,156,2018,86,299035.78630137,12,3024.8335,1011.5289
1932,157,2019,87,296018,1,3092.7915,1044.7985
1932,158,2019,87,293341.298630137,2,2949.625,1005.5267
1932,159,2019,87,290923.6328767124,3,3163.5,1087.3988
1932,160,2019,87,288246.9315068494,4,2944.4167,1021.4911
1932,161,2019,87,285656.5753424657,5,2903.625,1016.4741
1932,162,2019,87,282979.8739726027,6,2677.25,946.09204
1932,163,2019,87,280389.5178082192,7,2742.5415,978.11841
1932,164,2019,87,277712.8164383562,8,2740.625,986.85577
1932,165,2019,87,275036.1150684932,9,2576.1665,936.66479
1932,166,2019,87,272445.7589041095,10,2824.3333,1036.6589
1932,167,2019,87,269769.0575342465,11,2821.5,1045.8947
1932,168,2019,87,267178.701369863,12,3078.2915,1152.1471
1932,169,2020,88,264502,1,3135.125,1185.2935
1932,170,2020,88,261245.898907104,2,2902.125,1110.8787
1932,171,2020,88,258199.8688524589,3,3187,1234.3151
1932,172,2020,88,254943.7677595629,4,3799.6667,1490.394
1932,173,2020,88,251792.7021857924,5,3117,1237.9231
1932,174,2020,88,248536.6010928964,6,2746.375,1105.0183
1932,175,2020,88,245385.5355191259,7,3043.2085,1240.1743
1932,176,2020,88,242129.4344262294,8,3062.75,1264.9226
1932,177,2020,88,238873.3333333335,9,2894.1667,1211.5906
1932,178,2020,88,235722.2677595629,10,3050.2085,1293.984
1932,179,2020,88,232466.1666666665,11,3648.875,1569.637
1932,180,2020,88,229315.1010928964,12,4541.375,1980.4082
1932,181,2021,89,226059,1,4165.8335,1842.8081
1932,182,2021,89,247900.7506849319,2,2990.75,1206.4304
1932,183,2021,89,267628.7835616451,3,2776.4165,1037.4132
1932,184,2021,89,289470.5342465751,4,2605.0417,899.93329
1932,185,2021,89,310607.7123287674,5,2528.75,814.12982
1932,186,2021,89,332449.4630136993,6,2462.1665,740.61377
1932,187,2021,89,353586.6410958916,7,2604.9165,736.71234
1932,188,2021,89,375428.3917808216,8,3028.5,806.67847
1932,189,2021,89,397270.1424657535,9,2981.0835,750.39203
1932,190,2021,89,418407.3205479458,10,3043.0835,727.3017
1932,191,2021,89,440249.0712328777,11,3021,686.20245
1932,192,2021,89,461386.24931507,12,3277.1667,710.28705
1933,1,2006,73,749232.5,1,2299.7083,306.94186
1933,2,2006,73,747158.3452054795,2,2097.75,280.76376
1933,3,2006,73,745284.9150684932,3,2268.5835,304.39145
1933,4,2006,73,743210.7602739725,4,2040.5835,274.56323
1933,5,2006,73,741203.51369863,5,1996,269.29175
1933,6,2006,73,739129.3589041096,6,1949.4166,263.745
1933,7,2006,73,737122.1123287671,7,1914.7083,259.75455
1933,8,2006,73,735047.9575342466,8,1861.25,253.21477
1933,9,2006,73,732973.8027397259,9,1845.375,251.76547
1933,10,2006,73,730966.5561643837,10,1961.0416,268.28061
1933,11,2006,73,728892.401369863,11,2013,276.17245
1933,12,2006,73,726885.1547945205,12,2075.0833,285.47607
1933,13,2007,74,724811,1,2341.3333,323.02673
1933,14,2007,74,722126.5698630137,2,2223.25,307.8754
1933,15,2007,74,719701.9232876713,3,2213.6667,307.58105
1933,16,2007,74,717017.493150685,4,2111,294.414
1933,17,2007,74,714419.6575342466,5,2058.5,288.13596
1933,18,2007,74,711735.2273972603,6,1981.9583,278.46848
1933,19,2007,74,709137.3917808218,7,1980.2083,279.24182
1933,20,2007,74,706452.9616438355,8,1917.125,271.37335
1933,21,2007,74,703768.5315068492,9,1941.75,275.90747
1933,22,2007,74,701170.695890411,10,2055.4167,293.14072
1933,23,2007,74,698486.2657534247,11,2047,293.06232
1933,24,2007,74,695888.4301369863,12,2290.5835,329.15958
1933,25,2008,75,693204,1,2558.625,369.10132
1933,26,2008,75,690958.024590164,2,2346.5,339.60095
1933,27,2008,75,688856.9508196723,3,2396.5417,347.90121
1933,28,2008,75,686610.9754098363,4,2209.3335,321.77368
1933,29,2008,75,684437.4508196723,5,2181.125,318.6741
1933,30,2008,75,682191.4754098363,6,2030.375,297.6254
1933,31,2008,75,680017.9508196723,7,2054.1667,302.07538
1933,32,2008,75,677771.9754098363,8,2052.625,302.84891
1933,33,2008,75,675526,9,1936.25,286.62848
1933,34,2008,75,673352.4754098363,10,2138.875,317.64566
1933,35,2008,75,671106.5,11,2147.75,320.03116
1933,36,2008,75,668932.9754098363,12,2300.5833,343.91833
1933,37,2009,76,666687,1,2495.9583,374.38232
1933,38,2009,76,664584.4780821919,2,2303,346.53232
1933,39,2009,76,662685.4260273974,3,2288,345.26184
1933,40,2009,76,660582.9041095891,4,2292.5417,347.04831
1933,41,2009,76,658548.2054794522,5,2162,328.29791
1933,42,2009,76,656445.6835616438,6,2074.5833,316.03275
1933,43,2009,76,654410.9849315069,7,2065.875,315.68463
1933,44,2009,76,652308.4630136986,8,2019.625,309.61197
1933,45,2009,76,650205.9410958905,9,2037.5417,313.36868
1933,46,2009,76,648171.2424657533,10,2255.4167,347.96619
1933,47,2009,76,646068.7205479452,11,2202.375,340.88867
1933,48,2009,76,644034.0219178083,12,2367.2083,367.55951
1933,49,2010,77,641931.5,1,2619.3333,408.03937
1933,50,2010,77,639470.9917808219,2,2325,363.58179
1933,51,2010,77,637248.597260274,3,2598.3335,407.74252
1933,52,2010,77,634788.0890410959,4,2262.3335,356.39194
1933,53,2010,77,632406.9520547944,5,2327.625,368.05811
1933,54,2010,77,629946.4438356163,6,2181.5,346.29929
1933,55,2010,77,627565.3068493151,7,2208.4583,351.90891
1933,56,2010,77,625104.798630137,8,2240.125,358.35992
1933,57,2010,77,622644.2904109589,9,2113.9583,339.513
1933,58,2010,77,620263.1534246574,10,2296.4167,370.23267
1933,59,2010,77,617802.6452054793,11,2299.25,372.16577
1933,60,2010,77,615421.5082191781,12,2464.0417,400.38278
1933,61,2011,78,612961,1,2834.4165,462.41385
1933,62,2011,78,610340.8630136987,2,2499,409.44333
1933,63,2011,78,607974.2876712328,3,2589.1665,425.86777
1933,64,2011,78,605354.1506849315,4,2377.1667,392.69025
1933,65,2011,78,602818.5342465753,5,2335.125,387.36783
1933,66,2011,78,600198.397260274,6,2201.5,366.79538
1933,67,2011,78,597662.7808219178,7,2264.75,378.93442
1933,68,2011,78,595042.6438356165,8,2242.375,376.84274
1933,69,2011,78,592422.5068493153,9,2151.1667,363.11362
1933,70,2011,78,589886.890410959,10,2360.5833,400.17557
1933,71,2011,78,587266.7534246575,11,2381.875,405.58655
1933,72,2011,78,584731.1369863015,12,2473.5,423.01492
1933,73,2012,79,582111,1,2659.2083,456.8215
1933,74,2012,79,579209.7896174863,2,2564,442.67209
1933,75,2012,79,576495.7540983607,3,2719.4583,471.72217
1933,76,2012,79,573594.543715847,4,2506.0417,436.90125
1933,77,2012,79,570786.9207650272,5,2439.625,427.41431
1933,78,2012,79,567885.7103825135,6,2222.625,391.38596
1933,79,2012,79,565078.0874316939,7,2339.4583,414.0062
1933,80,2012,79,562176.8770491802,8,2324.25,413.4375
1933,81,2012,79,559275.6666666665,9,2283.0833,408.22147
1933,82,2012,79,556468.043715847,10,2499.0417,449.0899
1933,83,2012,79,553566.8333333333,11,2522.5,455.68121
1933,84,2012,79,550759.2103825135,12,2701.0833,490.42908
1933,85,2013,80,547858,1,3264.6665,595.89648
1933,86,2013,80,545089.6575342466,2,2683.125,492.23553
1933,87,2013,80,542589.2191780822,3,2885.6665,531.83264
1933,88,2013,80,539820.8767123288,4,2576.4167,477.27252
1933,89,2013,80,537141.8356164382,5,2537,472.31473
1933,90,2013,80,534373.4931506847,6,2373.1665,444.1026
1933,91,2013,80,531694.4520547944,7,2336.6665,439.47543
1933,92,2013,80,528926.109589041,8,2431.625,459.72867
1933,93,2013,80,526157.7671232875,9,2323.0835,441.51843
1933,94,2013,80,523478.7260273972,10,2525.5,482.44559
1933,95,2013,80,520710.3835616438,11,2491,478.38492
1933,96,2013,80,518031.3424657532,12,2732.4585,527.46973
1933,97,2014,81,515263,1,3071.8333,596.16803
1933,98,2014,81,512500.0506849312,2,2668.875,520.75604
1933,99,2014,81,510004.4835616436,3,2790.2085,547.09491
1933,100,2014,81,507241.5342465751,4,2687.3335,529.79364
1933,101,2014,81,504567.7123287669,5,2601.125,515.51556
1933,102,2014,81,501804.7630136984,6,2493.4165,496.88977
1933,103,2014,81,499130.9410958902,7,2566.7915,514.25214
1933,104,2014,81,496367.9917808217,8,2442.375,492.04926
1933,105,2014,81,493605.0424657532,9,2399.9167,486.20184
1933,106,2014,81,490931.220547945,10,2725.125,555.09302
1933,107,2014,81,488168.2712328765,11,2680.25,549.04224
1933,108,2014,81,485494.4493150683,12,2915.7085,600.56476
1933,109,2015,82,482731.5,1,3410.9583,706.59534
1933,110,2015,82,479631.9671232875,2,2945.375,614.09064
1933,111,2015,82,476832.3890410957,3,2978.0835,624.5556
1933,112,2015,82,473732.8561643835,4,2846.3335,600.83093
1933,113,2015,82,470733.3082191779,5,2712.5,576.22864
1933,114,2015,82,467633.7753424656,6,2530.4583,541.11963
1933,115,2015,82,464634.22739726,7,2590.0835,557.44568
1933,116,2015,82,461534.6945205478,8,2595.5,562.36292
1933,117,2015,82,458435.1616438355,9,2597.125,566.51959
1933,118,2015,82,455435.6136986299,10,2730.5,599.53589
1933,119,2015,82,452336.0808219176,11,2759.25,610
1933,120,2015,82,449336.5328767123,12,2977.6667,662.68079
1933,121,2016,83,446237,1,3213.375,720.10504
1933,122,2016,83,443122.601092896,2,3045.75,687.33801
1933,123,2016,83,440209.1311475409,3,3029.0417,688.09155
1933,124,2016,83,437094.7322404371,4,2702.5417,618.29657
1933,125,2016,83,434080.7978142074,5,2761.25,636.11432
1933,126,2016,83,430966.3989071036,6,2571.4165,596.6629
1933,127,2016,83,427952.4644808741,7,2626.5,613.73639
1933,128,2016,83,424838.0655737703,8,2631.125,619.32422
1933,129,2016,83,421723.6666666665,9,2524.0835,598.51599
1933,130,2016,83,418709.7322404371,10,2694.3335,643.4848
1933,131,2016,83,415595.3333333333,11,2781.625,669.31091
1933,132,2016,83,412581.3989071036,12,3054.2083,740.26807
1933,133,2017,84,409467,1,3345.9165,817.13947
1933,134,2017,84,406172.1246575341,2,2967.875,730.69391
1933,135,2017,84,403196.1082191779,3,3236.3335,802.6698
1933,136,2017,84,399901.2328767125,4,2854.375,713.77002
1933,137,2017,84,396712.6438356163,5,2846.875,717.61639
1933,138,2017,84,393417.7684931508,6,2698.0833,685.80615
1933,139,2017,84,390229.1794520547,7,2707.5415,693.83368
1933,140,2017,84,386934.3041095892,8,2679.75,692.55945
1933,141,2017,84,383639.4287671233,9,2650.7915,690.95911
1933,142,2017,84,380450.8397260276,10,2832.4585,744.50055
1933,143,2017,84,377155.9643835616,11,2926.25,775.87268
1933,144,2017,84,373967.3753424655,12,3311.625,885.53845
1933,145,2018,85,370672.5,1,3772.6665,1017.7897
1933,146,2018,85,367343.8219178081,2,2967.125,807.72424
1933,147,2018,85,364337.2739726026,3,3155.375,866.05878
1933,148,2018,85,361008.5958904112,4,2873.875,796.0683
1933,149,2018,85,357787.2945205481,5,2804.375,783.81067
1933,150,2018,85,354458.6164383562,6,2690.375,759.00964
1933,151,2018,85,351237.3150684931,7,2758.375,785.33087
1933,152,2018,85,347908.6369863013,8,2666.75,766.50873
1933,153,2018,85,344579.9589041094,9,2626.0415,762.0993
1933,154,2018,85,341358.6575342468,10,2898.0415,848.9726
1933,155,2018,85,338029.9794520549,11,2846,841.93713
1933,156,2018,85,334808.6780821919,12,3107.25,928.06732
1933,157,2019,86,331480,1,3266.1248,985.3158
1933,158,2019,86,328733.6547945207,2,2943,895.25366
1933,159,2019,86,326253.084931507,3,3105.5417,951.88116
1933,160,2019,86,323506.7397260275,4,2832.625,875.59998
1933,161,2019,86,320848.98630137,5,2908.5,906.50122
1933,162,2019,86,318102.6410958904,6,2677.5415,841.72247
1933,163,2019,86,315444.8876712329,7,2741.4585,869.07684
1933,164,2019,86,312698.5424657536,8,2701.125,863.81122
1933,165,2019,86,309952.1972602741,9,2629.5417,848.37012
1933,166,2019,86,307294.4438356166,10,2931.3335,953.91687
1933,167,2019,86,304548.098630137,11,2970.125,975.25647
1933,168,2019,86,301890.3452054795,12,3196.6667,1058.8834
1933,169,2020,87,299144,1,3132.8333,1047.266
1933,170,2020,87,295783.1256830604,2,2972.25,1004.8748
1933,171,2020,87,292639.0819672132,3,3192.4585,1090.92
1933,172,2020,87,289278.2076502736,4,3831.875,1324.6332
1933,173,2020,87,286025.7486338797,5,3189.5,1115.1094
1933,174,2020,87,282664.8743169401,6,2779.2083,983.21667
1933,175,2020,87,279412.4153005467,7,3152.7083,1128.3351
1933,176,2020,87,276051.5409836066,8,3064.625,1110.1641
1933,177,2020,87,272690.666666667,9,2975.25,1091.0714
1933,178,2020,87,269438.2076502736,10,3205.4583,1189.6821
1933,179,2020,87,266077.3333333335,11,3864.25,1452.3033
1933,180,2020,87,262824.8743169401,12,4719.3335,1795.619
1933,181,2021,88,259464,1,4350.958,1676.9023
1933,182,2021,88,256369.6054794518,2,3126.375,1219.4796
1933,183,2021,88,253574.6684931507,3,2931.0417,1155.889
1933,184,2021,88,250480.2739726026,4,2651.1667,1058.4333
1933,185,2021,88,247485.6986301369,5,2696.375,1089.5074
1933,186,2021,88,244391.3041095887,6,2550.4585,1043.5963
1933,187,2021,88,241396.7287671231,7,2660.9585,1102.3175
1933,188,2021,88,238302.3342465754,8,3191.25,1339.1602
1933,189,2021,88,235207.9397260272,9,3058.5415,1300.3564
1933,190,2021,88,232213.3643835615,10,3197.625,1377.0203
1933,191,2021,88,229118.9698630134,11,3300.375,1440.4635
1933,192,2021,88,226124.3945205477,12,3660.4583,1618.7808
1934,1,2006,72,799350.5,1,2175.2917,272.13242
1934,2,2006,72,797249.2520547947,2,1925.375,241.50226
1934,3,2006,72,795351.3506849315,3,2096.4167,263.58374
1934,4,2006,72,793250.1027397262,4,1889.5834,238.20776
1934,5,2006,72,791216.6369863015,5,1901.25,240.29449
1934,6,2006,72,789115.389041096,6,1818.875,230.49544
1934,7,2006,72,787081.9232876713,7,1865.9584,237.07295
1934,8,2006,72,784980.6753424658,8,1835.625,233.84334
1934,9,2006,72,782879.4273972604,9,1800.9583,230.04286
1934,10,2006,72,780845.9616438358,10,1967.7084,251.99699
1934,11,2006,72,778744.7136986302,11,1883.625,241.87965
1934,12,2006,72,776711.2479452055,12,1990.6666,256.29428
1934,13,2007,73,774610,1,2163.4583,279.29645
1934,14,2007,73,772507.8602739726,2,2019.75,261.45364
1934,15,2007,73,770609.1534246576,3,2118.2917,274.88535
1934,16,2007,73,768507.0136986303,4,2016.0834,262.33768
1934,17,2007,73,766472.6849315069,5,1980.25,258.35886
1934,18,2007,73,764370.5452054795,6,1928.125,252.25005
1934,19,2007,73,762336.2164383561,7,1944.7084,255.09851
1934,20,2007,73,760234.0767123287,8,1860.875,244.77658
1934,21,2007,73,758131.9369863013,9,1895.1666,249.97847
1934,22,2007,73,756097.6082191782,10,1957.9166,258.95026
1934,23,2007,73,753995.4684931508,11,1952.25,258.92065
1934,24,2007,73,751961.1397260274,12,2133.875,283.77463
1934,25,2008,74,749859,1,2273.4167,303.17923
1934,26,2008,74,747073.7855191256,2,2165.75,289.89774
1934,27,2008,74,744468.262295082,3,2315.6667,311.04977
1934,28,2008,74,741683.0478142076,4,2117.5835,285.51056
1934,29,2008,74,738987.6789617485,5,2058.125,278.50598
1934,30,2008,74,736202.4644808744,6,1979.875,268.93079
1934,31,2008,74,733507.0956284152,7,2030.9584,276.88327
1934,32,2008,74,730721.8811475409,8,2018.5,276.23367
1934,33,2008,74,727936.6666666665,9,1927.4167,264.77808
1934,34,2008,74,725241.2978142076,10,2074.2085,286.00253
1934,35,2008,74,722456.0833333333,11,2107.75,291.74783
1934,36,2008,74,719760.7144808744,12,2325.75,323.12823
1934,37,2009,75,716975.5,1,2311.1665,322.34943
1934,38,2009,75,714610.1150684932,2,2042,285.75021
1934,39,2009,75,712473.6383561643,3,2216.625,311.11676
1934,40,2009,75,710108.2534246575,4,2131.25,300.13031
1934,41,2009,75,707819.1712328766,5,2114,298.66385
1934,42,2009,75,705453.7863013698,6,2027.0833,287.34457
1934,43,2009,75,703164.7041095891,7,2008.0416,285.57202
1934,44,2009,75,700799.319178082,8,2020.875,288.36716
1934,45,2009,75,698433.9342465752,9,1987.0834,284.50555
1934,46,2009,75,696144.8520547946,10,2196.4165,315.51141
1934,47,2009,75,693779.4671232877,11,2130,307.01398
1934,48,2009,75,691490.3849315068,12,2317.25,335.1095
1934,49,2010,76,689125,1,2400.0417,348.2738
1934,50,2010,76,686740.0383561645,2,2198.75,320.17209
1934,51,2010,76,684585.8794520549,3,2414.5417,352.70108
1934,52,2010,76,682200.9178082193,4,2204.2917,323.11475
1934,53,2010,76,679892.890410959,5,2170,319.16791
1934,54,2010,76,677507.9287671233,6,2074.8333,306.24487
1934,55,2010,76,675199.901369863,7,2119.7917,313.95026
1934,56,2010,76,672814.9397260274,8,2206.75,327.98767
1934,57,2010,76,670429.9780821919,9,2090.0417,311.74646
1934,58,2010,76,668121.9506849316,10,2250.5835,336.8522
1934,59,2010,76,665736.9890410958,11,2260.5,339.54849
1934,60,2010,76,663428.9616438358,12,2465.75,371.66751
1934,61,2011,77,661044,1,2565.375,388.07932
1934,62,2011,77,658589.6917808221,2,2334.875,354.52649
1934,63,2011,77,656372.897260274,3,2516.25,383.35678
1934,64,2011,77,653918.5890410959,4,2272.75,347.55856
1934,65,2011,77,651543.4520547946,5,2341.875,359.43497
1934,66,2011,77,649089.1438356165,6,2152,331.5415
1934,67,2011,77,646714.0068493153,7,2208.6665,341.52136
1934,68,2011,77,644259.6986301371,8,2291.75,355.71835
1934,69,2011,77,641805.390410959,9,2147.8333,334.65491
1934,70,2011,77,639430.2534246577,10,2409.625,376.83939
1934,71,2011,77,636975.9452054796,11,2301.75,361.35587
1934,72,2011,77,634600.8082191781,12,2389.6667,376.56219
1934,73,2012,78,632146.5,1,2549.0833,403.24249
1934,74,2012,78,629350.8674863388,2,2321,368.79269
1934,75,2012,78,626735.5983606556,3,2603.2917,415.3732
1934,76,2012,78,623939.9658469944,4,2300.2085,368.65863
1934,77,2012,78,621234.5150273223,5,2306.25,371.2366
1934,78,2012,78,618438.8825136612,6,2187.9165,353.78055
1934,79,2012,78,615733.4316939891,7,2269.5417,368.59161
1934,80,2012,78,612937.7991803277,8,2339.5,381.68637
1934,81,2012,78,610142.1666666665,9,2322,380.56705
1934,82,2012,78,607436.7158469944,10,2520.9585,415.01584
1934,83,2012,78,604641.0833333333,11,2470.625,408.61017
1934,84,2012,78,601935.6325136612,12,2690.3333,446.94699
1934,85,2013,79,599140,1,2962.4583,494.45175
1934,86,2013,79,596184.4260273976,2,2495.375,418.55756
1934,87,2013,79,593514.8753424659,3,2672.9167,450.35379
1934,88,2013,79,590559.3013698633,4,2495.4585,422.5585
1934,89,2013,79,587699.0684931509,5,2475.875,421.28278
1934,90,2013,79,584743.4945205483,6,2341.4583,400.42484
1934,91,2013,79,581883.2616438358,7,2280.0415,391.83832
1934,92,2013,79,578927.6876712332,8,2387.25,412.35721
1934,93,2013,79,575972.1136986304,9,2336.25,405.61859
1934,94,2013,79,573111.8808219181,10,2492.375,434.88455
1934,95,2013,79,570156.3068493153,11,2487.125,436.21811
1934,96,2013,79,567296.0739726031,12,2710.9583,477.87363
1934,97,2014,80,564340.5,1,2841.2083,503.45639
1934,98,2014,80,561417.8369863015,2,2488.5,443.25275
1934,99,2014,80,558778.0123287672,3,2706.2085,484.30835
1934,100,2014,80,555855.3493150685,4,2523.6667,454.01501
1934,101,2014,80,553026.9657534247,5,2553.125,461.66376
1934,102,2014,80,550104.3027397261,6,2446.0833,444.65808
1934,103,2014,80,547275.9191780821,7,2508.8335,458.42206
1934,104,2014,80,544353.2561643836,8,2420.625,444.67908
1934,105,2014,80,541430.5931506851,9,2439.8335,450.6272
1934,106,2014,80,538602.2095890411,10,2590.5415,480.97491
1934,107,2014,80,535679.5465753425,11,2629.25,490.82516
1934,108,2014,80,532851.1630136988,12,2972.1665,557.78552
1934,109,2015,81,529928.5,1,3271.9165,617.42603
1934,110,2015,81,527228.9520547942,2,2741.875,520.05396
1934,111,2015,81,524790.6506849311,3,2957.1667,563.49457
1934,112,2015,81,522091.1027397257,4,2750.875,526.89557
1934,113,2015,81,519478.636986301,5,2696.125,519.00592
1934,114,2015,81,516779.0890410955,6,2536.1665,490.76416
1934,115,2015,81,514166.623287671,7,2606.75,506.98544
1934,116,2015,81,511467.0753424654,8,2534.125,495.46201
1934,117,2015,81,508767.5273972598,9,2594.5415,509.96603
1934,118,2015,81,506155.0616438354,10,2775.2085,548.29218
1934,119,2015,81,503455.5136986298,11,2720,540.26624
1934,120,2015,81,500843.0479452051,12,2814.2915,561.91089
1934,121,2016,82,498143.5,1,3019.0417,606.05865
1934,122,2016,82,494914.2486338797,2,2844.5,574.74603
1934,123,2016,82,491893.3360655736,3,2907.8333,591.15118
1934,124,2016,82,488664.0846994533,4,2743.7085,561.47125
1934,125,2016,82,485539.0027322401,5,2694.625,554.97601
1934,126,2016,82,482309.7513661203,6,2614.4583,542.07037
1934,127,2016,82,479184.6693989071,7,2659.8335,555.07483
1934,128,2016,82,475955.4180327868,8,2640.375,554.75256
1934,129,2016,82,472726.1666666665,9,2589.6667,547.81543
1934,130,2016,82,469601.0846994533,10,2731.0833,581.57513
1934,131,2016,82,466371.833333333,11,2783.375,596.81458
1934,132,2016,82,463246.7513661203,12,3023.5,652.6759
1934,133,2017,83,460017.5,1,3210.7083,697.95349
1934,134,2017,83,456782.0767123285,2,2905.5,636.08014
1934,135,2017,83,453859.7589041097,3,3191.375,703.16327
1934,136,2017,83,450624.3356164382,4,2821.7917,626.19604
1934,137,2017,83,447493.2808219176,5,2840.5,634.75812
1934,138,2017,83,444257.8575342465,6,2627.5415,591.44513
1934,139,2017,83,441126.8027397259,7,2726.4165,618.05731
1934,140,2017,83,437891.3794520549,8,2733.625,624.27008
1934,141,2017,83,434655.9561643833,9,2696.125,620.28943
1934,142,2017,83,431524.9013698627,10,2865.3333,664.00183
1934,143,2017,83,428289.4780821917,11,2996.625,699.67279
1934,144,2017,83,425158.4232876711,12,3271.0415,769.37006
1934,145,2018,84,421923,1,3565.7083,845.10876
1934,146,2018,84,418659.6767123286,2,2953.125,705.37604
1934,147,2018,84,415712.1589041096,3,3123.75,751.42139
1934,148,2018,84,412448.8356164382,4,2853.7917,691.91412
1934,149,2018,84,409290.7808219176,5,2791.375,682.00293
1934,150,2018,84,406027.4575342466,6,2665.375,656.4519
1934,151,2018,84,402869.402739726,7,2792.9165,693.25604
1934,152,2018,84,399606.0794520546,8,2722,681.17084
1934,153,2018,84,396342.7561643836,9,2660.2085,671.1889
1934,154,2018,84,393184.701369863,10,2860.2917,727.46771
1934,155,2018,84,389921.3780821916,11,2884.125,739.66833
1934,156,2018,84,386763.323287671,12,3160.8333,817.25256
1934,157,2019,85,383500,1,3137.0833,818.01392
1934,158,2019,85,380258.6739726029,2,2886.125,758.98993
1934,159,2019,85,377331.0246575344,3,3156.75,836.59967
1934,160,2019,85,374089.6986301369,4,2880.9585,770.12506
1934,161,2019,85,370952.9315068494,5,2931.625,790.29565
1934,162,2019,85,367711.6054794523,6,2713.7915,738.02173
1934,163,2019,85,364574.8383561643,7,2768.7085,759.43488
1934,164,2019,85,361333.5123287672,8,2766,765.4978
1934,165,2019,85,358092.1863013697,9,2755.4167,769.47131
1934,166,2019,85,354955.4191780821,10,3026.3335,852.5954
1934,167,2019,85,351714.0931506851,11,3027.375,860.74884
1934,168,2019,85,348577.3260273971,12,3204.875,919.41577
1934,169,2020,86,345336,1,3026.6248,876.42896
1934,170,2020,86,341805.8961748634,2,2850.625,833.98944
1934,171,2020,86,338503.5409836066,3,3196,944.15558
1934,172,2020,86,334973.43715847,4,3923.9585,1171.4238
1934,173,2020,86,331557.2076502736,5,3299.375,995.11487
1934,174,2020,86,328027.103825137,6,2864.875,873.36536
1934,175,2020,86,324610.8743169401,7,3280.125,1010.4791
1934,176,2020,86,321080.7704918035,8,3246.875,1011.2331
1934,177,2020,86,317550.666666667,9,3065.8333,965.46271
1934,178,2020,86,314134.43715847,10,3450.0835,1098.2825
1934,179,2020,86,310604.3333333335,11,3930.75,1265.5168
1934,180,2020,86,307188.103825137,12,4936.875,1607.1179
1934,181,2021,87,303658,1,4479.708,1475.2478
1934,182,2021,87,300357.3917808221,2,3268.875,1088.3285
1934,183,2021,87,297376.1972602741,3,2990.8335,1005.7407
1934,184,2021,87,294075.5890410962,4,2706.1667,920.22827
1934,185,2021,87,290881.4520547949,5,2770.5,952.44989
1934,186,2021,87,287580.8438356165,6,2695.625,937.34509
1934,187,2021,87,284386.7068493152,7,2769.125,973.71814
1934,188,2021,87,281086.0986301373,8,3273.75,1164.6787
1934,189,2021,87,277785.4904109593,9,3285.5415,1182.7621
1934,190,2021,87,274591.3534246576,10,3370.2915,1227.3844
1934,191,2021,87,271290.7452054797,11,3350.375,1234.9758
1934,192,2021,87,268096.6082191784,12,3699.0417,1379.7421
1935,1,2006,71,845880,1,2104.1665,248.75473
1935,2,2006,71,844155.2109589041,2,1887.25,223.56671
1935,3,2006,71,842597.3369863015,3,2080.0835,246.86566
1935,4,2006,71,840872.5479452056,4,1883.7084,224.0183
1935,5,2006,71,839203.397260274,5,1933.125,230.35239
1935,6,2006,71,837478.6082191782,6,1775.375,211.99049
1935,7,2006,71,835809.4575342466,7,1840.5,220.20569
1935,8,2006,71,834084.6684931507,8,1766,211.72911
1935,9,2006,71,832359.8794520549,9,1738.625,208.879
1935,10,2006,71,830690.7287671233,10,1837.25,221.17136
1935,11,2006,71,828965.9397260274,11,1814.375,218.87209
1935,12,2006,71,827296.789041096,12,1855.7084,224.30988
1935,13,2007,72,825572,1,2128.0833,257.77075
1935,14,2007,72,823427.4794520549,2,1991.75,241.8853
1935,15,2007,72,821490.493150685,3,2145.2085,261.13614
1935,16,2007,72,819345.9726027397,4,1970.7085,240.52214
1935,17,2007,72,817270.6301369863,5,1959.375,239.74617
1935,18,2007,72,815126.1095890412,6,1863.7916,228.65071
1935,19,2007,72,813050.7671232878,7,1829.8334,225.05771
1935,20,2007,72,810906.2465753425,8,1845.5,227.58488
1935,21,2007,72,808761.7260273972,9,1806.1667,223.32495
1935,22,2007,72,806686.3835616438,10,1879.5834,233.0005
1935,23,2007,72,804541.8630136987,11,1894.25,235.44455
1935,24,2007,72,802466.5205479453,12,1973.6666,245.95003
1935,25,2008,73,800322,1,2261.9165,282.62579
1935,26,2008,73,798177.3674863388,2,2243.75,281.10919
1935,27,2008,73,796171.0983606556,3,2247.25,282.25717
1935,28,2008,73,794026.4658469944,4,2091.25,263.37283
1935,29,2008,73,791951.0150273223,5,2057.25,259.76987
1935,30,2008,73,789806.3825136612,6,1894.9166,239.92166
1935,31,2008,73,787730.9316939891,7,1965.2083,249.4771
1935,32,2008,73,785586.2991803279,8,1953.375,248.65187
1935,33,2008,73,783441.6666666667,9,1906.5,243.34932
1935,34,2008,73,781366.2158469944,10,1904.625,243.75574
1935,35,2008,73,779221.5833333333,11,1941.875,249.20703
1935,36,2008,73,777146.1325136612,12,2152.5835,276.98569
1935,37,2009,74,775001.5,1,2316.1665,298.85962
1935,38,2009,74,772151.1986301369,2,2107.25,272.9064
1935,39,2009,74,769576.7328767122,3,2166.7917,281.5563
1935,40,2009,74,766726.4315068491,4,2109.0835,275.07642
1935,41,2009,74,763968.0753424657,5,2116.25,277.00766
1935,42,2009,74,761117.7739726026,6,2007.2083,263.71848
1935,43,2009,74,758359.4178082191,7,1979.4583,261.01849
1935,44,2009,74,755509.116438356,8,1954,258.63354
1935,45,2009,74,752658.8150684929,9,1933.4167,256.87823
1935,46,2009,74,749900.4589041094,10,2078.0833,277.11453
1935,47,2009,74,747050.1575342463,11,2014.875,269.71082
1935,48,2009,74,744291.8013698629,12,2235.4585,300.34705
1935,49,2010,75,741441.5,1,2469.7915,333.10672
1935,50,2010,75,739043.2890410959,2,2186.25,295.82166
1935,51,2010,75,736877.1630136985,3,2369.5835,321.57104
1935,52,2010,75,734478.9520547944,4,2234.125,304.17822
1935,53,2010,75,732158.102739726,5,2154.75,294.30118
1935,54,2010,75,729759.8917808218,6,2026.4165,277.68265
1935,55,2010,75,727439.0424657534,7,2039.7917,280.40723
1935,56,2010,75,725040.8315068493,8,2111.125,291.17325
1935,57,2010,75,722642.6205479451,9,2026.375,280.41177
1935,58,2010,75,720321.7712328767,10,2156.8333,299.42636
1935,59,2010,75,717923.5602739726,11,2155.25,300.20605
1935,60,2010,75,715602.7109589039,12,2270.5,317.285
1935,61,2011,76,713204.5,1,2501.25,350.70587
1935,62,2011,76,710878.3109589042,2,2388.5,335.9928
1935,63,2011,76,708777.2369863014,3,2509.7917,354.10162
1935,64,2011,76,706451.0479452056,4,2264.6667,320.56952
1935,65,2011,76,704199.897260274,5,2332.875,331.28021
1935,66,2011,76,701873.7082191783,6,2142.7083,305.28403
1935,67,2011,76,699622.5575342467,7,2196.8335,314.00266
1935,68,2011,76,697296.3684931507,8,2227.125,319.39432
1935,69,2011,76,694970.1794520549,9,2068,297.56671
1935,70,2011,76,692719.0287671234,10,2258.7915,326.07614
1935,71,2011,76,690392.8397260276,11,2203.375,319.14801
1935,72,2011,76,688141.689041096,12,2370.6667,344.50272
1935,73,2012,77,685815.5,1,2549.1665,371.69858
1935,74,2012,77,683217.8948087434,2,2377.75,348.02222
1935,75,2012,77,680787.8770491807,3,2544.4167,373.74591
1935,76,2012,77,678190.2718579238,4,2315.0835,341.36194
1935,77,2012,77,675676.4603825139,5,2320.25,343.39661
1935,78,2012,77,673078.8551912571,6,2187.375,324.9805
1935,79,2012,77,670565.0437158474,7,2225.25,331.84702
1935,80,2012,77,667967.4385245906,8,2272.875,340.26733
1935,81,2012,77,665369.8333333337,9,2156.5415,324.11169
1935,82,2012,77,662856.0218579238,10,2421.7083,365.34454
1935,83,2012,77,660258.416666667,11,2344,355.01251
1935,84,2012,77,657744.6051912571,12,2575.9585,391.63507
1935,85,2013,78,655147,1,3059.4998,466.99438
1935,86,2013,78,652276.4424657531,2,2533.125,388.35144
1935,87,2013,78,649683.6808219175,3,2765.4585,425.66229
1935,88,2013,78,646813.123287671,4,2523.75,390.18225
1935,89,2013,78,644035.1643835614,5,2477.5,384.68396
1935,90,2013,78,641164.6068493149,6,2295.125,357.96188
1935,91,2013,78,638386.6479452052,7,2324.9585,364.19284
1935,92,2013,78,635516.0904109587,8,2384.125,375.14786
1935,93,2013,78,632645.532876712,9,2291.0833,362.14328
1935,94,2013,78,629867.5739726024,10,2460.8335,390.69061
1935,95,2013,78,626997.0164383559,11,2390.75,381.30167
1935,96,2013,78,624219.0575342462,12,2676.4583,428.76907
1935,97,2014,79,621348.5,1,2909.9165,468.32278
1935,98,2014,79,618156.1794520547,2,2507.25,405.60138
1935,99,2014,79,615272.7931506848,3,2755.8333,447.9043
1935,100,2014,79,612080.4726027397,4,2492.4585,407.21091
1935,101,2014,79,608991.1301369863,5,2641.625,433.77069
1935,102,2014,79,605798.8095890409,6,2391.0835,394.69928
1935,103,2014,79,602709.4671232875,7,2415.125,400.7113
1935,104,2014,79,599517.1465753424,8,2364.75,394.44244
1935,105,2014,79,596324.8260273971,9,2408.0833,403.82074
1935,106,2014,79,593235.4835616436,10,2505.2915,422.30978
1935,107,2014,79,590043.1630136985,11,2581.75,437.55273
1935,108,2014,79,586953.8205479451,12,2783.3335,474.19974
1935,109,2015,80,583761.5,1,3263.625,559.06824
1935,110,2015,80,580846.395890411,2,2717.125,467.78717
1935,111,2015,80,578213.3986301371,3,2963.25,512.48383
1935,112,2015,80,575298.2945205481,4,2739.2917,476.15155
1935,113,2015,80,572477.2260273974,5,2725.375,476.06699
1935,114,2015,80,569562.1219178082,6,2488.2083,436.86337
1935,115,2015,80,566741.0534246576,7,2599.7915,458.72653
1935,116,2015,80,563825.9493150685,8,2493.5,442.2464
1935,117,2015,80,560910.8452054795,9,2515.25,448.42242
1935,118,2015,80,558089.7767123289,10,2670.2083,478.45496
1935,119,2015,80,555174.6726027399,11,2625.5,472.91422
1935,120,2015,80,552353.604109589,12,2767.7085,501.07547
1935,121,2016,81,549438.5,1,3110.9165,566.19922
1935,122,2016,81,546658.4945355193,2,2766.625,506.0975
1935,123,2016,81,544057.8442622952,3,3054.0835,561.35272
1935,124,2016,81,541277.8387978142,4,2797.5835,516.84796
1935,125,2016,81,538587.5109289619,5,2731.25,507.11349
1935,126,2016,81,535807.505464481,6,2601.5833,485.54437
1935,127,2016,81,533117.1775956284,7,2653.25,497.6861
1935,128,2016,81,530337.1721311477,8,2636.5,497.13657
1935,129,2016,81,527557.1666666667,9,2544.125,482.24631
1935,130,2016,81,524866.8387978142,10,2798.375,533.15906
1935,131,2016,81,522086.8333333335,11,2745.25,525.82251
1935,132,2016,81,519396.505464481,12,2988.4583,575.37128
1935,133,2017,82,516616.5,1,3318.9165,642.43329
1935,134,2017,82,513229.7712328769,2,2999.625,584.46045
1935,135,2017,82,510170.7904109592,3,3136.0833,614.7124
1935,136,2017,82,506784.0616438356,4,2859.25,564.19495
1935,137,2017,82,503506.5821917811,5,2897,575.36487
1935,138,2017,82,500119.8534246576,6,2630.5415,525.98224
1935,139,2017,82,496842.3739726027,7,2710.0417,545.453
1935,140,2017,82,493455.6452054796,8,2779.75,563.32318
1935,141,2017,82,490068.9164383565,9,2717.9167,554.59888
1935,142,2017,82,486791.4369863016,10,2949.0417,605.81219
1935,143,2017,82,483404.708219178,11,2833.75,586.20654
1935,144,2017,82,480127.2287671235,12,3137.7085,653.51605
1935,145,2018,83,476740.5,1,3740.9998,784.70355
1935,146,2018,83,473438.8726027398,2,3037,641.47668
1935,147,2018,83,470456.7575342469,3,3148.6667,669.27869
1935,148,2018,83,467155.1301369867,4,2965.5835,634.81769
1935,149,2018,83,463960.0068493155,5,2806.875,604.98212
1935,150,2018,83,460658.3794520549,6,2682.2915,582.27344
1935,151,2018,83,457463.2561643836,7,2798.8335,611.81604
1935,152,2018,83,454161.6287671234,8,2730.375,601.19012
1935,153,2018,83,450860.0013698633,9,2712,601.51709
1935,154,2018,83,447664.878082192,10,2897.875,647.3313
1935,155,2018,83,444363.2506849319,11,2939.75,661.56464
1935,156,2018,83,441168.1273972606,12,3101.6667,703.05774
1935,157,2019,84,437866.5,1,3277.4583,748.50629
1935,158,2019,84,434449.7904109587,2,3012.125,693.31946
1935,159,2019,84,431363.7301369859,3,3230.5,748.90393
1935,160,2019,84,427947.0205479451,4,3110.375,726.81311
1935,161,2019,84,424640.5273972601,5,3005.125,707.68683
1935,162,2019,84,421223.8178082188,6,2748.5833,652.52325
1935,163,2019,84,417917.3246575342,7,2827.4165,676.54926
1935,164,2019,84,414500.6150684929,8,2825.875,681.75409
1935,165,2019,84,411083.9054794516,9,2758.3335,670.99042
1935,166,2019,84,407777.4123287671,10,2993.125,734.00952
1935,167,2019,84,404360.7027397258,11,3043.375,752.63867
1935,168,2019,84,401054.2095890408,12,3208.8333,800.09961
1935,169,2020,85,397637.5,1,3317.8333,834.38641
1935,170,2020,85,393951.3374316939,2,3065.875,778.237
1935,171,2020,85,390502.9918032787,3,3416.0415,874.77985
1935,172,2020,85,386816.8292349726,4,4229.667,1093.4547
1935,173,2020,85,383249.5751366117,5,3422.25,892.95599
1935,174,2020,85,379563.4125683061,6,2988.9165,787.46173
1935,175,2020,85,375996.1584699452,7,3349.7085,890.88904
1935,176,2020,85,372309.9959016391,8,3371.875,905.66333
1935,177,2020,85,368623.833333333,9,3136.875,850.96912
1935,178,2020,85,365056.5792349726,10,3441.25,942.66211
1935,179,2020,85,361370.4166666665,11,3933.375,1088.4607
1935,180,2020,85,357803.1625683061,12,4826.2085,1348.8446
1935,181,2021,86,354117,1,4818.7085,1360.7673
1935,182,2021,86,350619.4356164387,2,3395.625,968.46454
1935,183,2021,86,347460.3452054798,3,3224.875,928.1275
1935,184,2021,86,343962.780821918,4,3000.9167,872.45392
1935,185,2021,86,340578.0410958906,5,2913.5,855.4574
1935,186,2021,86,337080.4767123288,6,2796.5833,829.64856
1935,187,2021,86,333695.7369863014,7,2930.7915,878.28259
1935,188,2021,86,330198.1726027401,8,3376.125,1022.4542
1935,189,2021,86,326700.6082191784,9,3395.1667,1039.2288
1935,190,2021,86,323315.8684931509,10,3345.4585,1034.7338
1935,191,2021,86,319818.3041095892,11,3429,1072.1713
1935,192,2021,86,316433.5643835617,12,3843.75,1214.71
1936,1,2006,70,866297,1,1899.125,219.22331
1936,2,2006,70,864607.4575342466,2,1750.25,202.43291
1936,3,2006,70,863081.4191780821,3,2000.75,231.81474
1936,4,2006,70,861391.8767123288,4,1818.4585,211.10699
1936,5,2006,70,859756.8356164383,5,1875.25,218.114
1936,6,2006,70,858067.2931506849,6,1677.9166,195.54604
1936,7,2006,70,856432.2520547945,7,1759.5416,205.45018
1936,8,2006,70,854742.7095890411,8,1705.875,199.57761
1936,9,2006,70,853053.1671232877,9,1668.25,195.56226
1936,10,2006,70,851418.1260273972,10,1774.0833,208.36804
1936,11,2006,70,849728.5835616438,11,1746.625,205.55093
1936,12,2006,70,848093.5424657534,12,1843.2916,217.34532
1936,13,2007,71,846404,1,2121.2917,250.62402
1936,14,2007,71,844734.9260273972,2,1896.75,224.53789
1936,15,2007,71,843227.3753424657,3,2044.375,242.44647
1936,16,2007,71,841558.301369863,4,1899.1667,225.67262
1936,17,2007,71,839943.0684931506,5,1835.875,218.57137
1936,18,2007,71,838273.9945205479,6,1745.7916,208.26027
1936,19,2007,71,836658.7616438356,7,1747.5833,208.87646
1936,20,2007,71,834989.6876712329,8,1746.625,209.17923
1936,21,2007,71,833320.6136986301,9,1650.2917,198.03802
1936,22,2007,71,831705.3808219178,10,1784.25,214.5291
1936,23,2007,71,830036.3068493151,11,1806.625,217.65614
1936,24,2007,71,828421.0739726027,12,1970.8334,237.90237
1936,25,2008,72,826752,1,2297.1665,277.85437
1936,26,2008,72,824621.1734972678,2,2184,264.84888
1936,27,2008,72,822627.8196721312,3,2247.4167,273.19971
1936,28,2008,72,820496.993169399,4,1899.125,231.46033
1936,29,2008,72,818434.9030054645,5,1924.5,235.14394
1936,30,2008,72,816304.0765027322,6,1806.25,221.27171
1936,31,2008,72,814241.986338798,7,1840.75,226.06915
1936,32,2008,72,812111.1598360655,8,1842.625,226.8932
1936,33,2008,72,809980.3333333333,9,1742.375,215.11325
1936,34,2008,72,807918.243169399,10,1871.9166,231.69629
1936,35,2008,72,805787.4166666667,11,1862.125,231.09383
1936,36,2008,72,803725.3265027322,12,1996.4583,248.40056
1936,37,2009,73,801594.5,1,2335.875,291.40356
1936,38,2009,73,799482.9753424658,2,1969.125,246.2998
1936,39,2009,73,797575.791780822,3,2167.9167,271.81326
1936,40,2009,73,795464.2671232878,4,1952.9585,245.51178
1936,41,2009,73,793420.8561643837,5,2002.625,252.40387
1936,42,2009,73,791309.3315068495,6,1927.25,243.55203
1936,43,2009,73,789265.9205479452,7,1890.25,239.49469
1936,44,2009,73,787154.395890411,8,1877.875,238.56502
1936,45,2009,73,785042.8712328768,9,1845,235.01901
1936,46,2009,73,782999.4602739727,10,2032.7916,259.61597
1936,47,2009,73,780887.9356164385,11,1905.5,244.01709
1936,48,2009,73,778844.5246575344,12,2072.9167,266.15283
1936,49,2010,74,776733,1,2454.2083,315.96548
1936,50,2010,74,774239.1561643837,2,2098,270.97571
1936,51,2010,74,771986.6520547948,3,2252,291.71487
1936,52,2010,74,769492.8082191783,4,2122.375,275.81479
1936,53,2010,74,767079.4109589043,5,2107.875,274.79227
1936,54,2010,74,764585.5671232878,6,1918.75,250.95294
1936,55,2010,74,762172.169863014,7,1942.5,254.86368
1936,56,2010,74,759678.3260273975,8,2005.875,264.04266
1936,57,2010,74,757184.482191781,9,1939.375,256.12979
1936,58,2010,74,754771.084931507,10,2136,282.99973
1936,59,2010,74,752277.2410958905,11,2117.375,281.46207
1936,60,2010,74,749863.8438356167,12,2237.0833,298.33194
1936,61,2011,75,747370,1,2412.0833,322.74286
1936,62,2011,75,745121.6082191782,2,2222.75,298.30701
1936,63,2011,75,743090.8027397261,3,2350.4167,316.30276
1936,64,2011,75,740842.4109589041,4,2238.375,302.13916
1936,65,2011,75,738666.5479452056,5,2190.25,296.51404
1936,66,2011,75,736418.1561643835,6,2076.25,281.939
1936,67,2011,75,734242.293150685,7,2140.3335,291.50235
1936,68,2011,75,731993.901369863,8,2062.875,281.81589
1936,69,2011,75,729745.5095890411,9,2042.2917,279.86356
1936,70,2011,75,727569.6465753424,10,2115.8333,290.80835
1936,71,2011,75,725321.2547945206,11,2106.125,290.37134
1936,72,2011,75,723145.3917808218,12,2203.25,304.67593
1936,73,2012,76,720897,1,2500.6248,346.87683
1936,74,2012,76,718566.7062841528,2,2307,321.05579
1936,75,2012,76,716386.7540983604,3,2410.75,336.51517
1936,76,2012,76,714056.4603825135,4,2257.4585,316.14566
1936,77,2012,76,711801.3374316939,5,2215,311.18234
1936,78,2012,76,709471.043715847,6,2135,300.92841
1936,79,2012,76,707215.9207650272,7,2151.8333,304.26822
1936,80,2012,76,704885.6270491802,8,2151.875,305.28003
1936,81,2012,76,702555.3333333333,9,2103.0417,299.3418
1936,82,2012,76,700300.2103825135,10,2302.9583,328.853
1936,83,2012,76,697969.9166666665,11,2285.875,327.50336
1936,84,2012,76,695714.793715847,12,2491.4583,358.1149
1936,85,2013,77,693384.5,1,2930.0833,422.57697
1936,86,2013,77,690835.5356164386,2,2411.5,349.07007
1936,87,2013,77,688533.2452054797,3,2668.1667,387.51459
1936,88,2013,77,685984.280821918,4,2419.1667,352.65628
1936,89,2013,77,683517.5410958906,5,2342.625,342.73077
1936,90,2013,77,680968.5767123289,6,2210.375,324.5928
1936,91,2013,77,678501.8369863017,7,2275.8335,335.42038
1936,92,2013,77,675952.8726027401,8,2312.5,342.10965
1936,93,2013,77,673403.9082191784,9,2234.8333,331.87115
1936,94,2013,77,670937.168493151,10,2347.3333,349.85889
1936,95,2013,77,668388.2041095893,11,2311.375,345.81326
1936,96,2013,77,665921.4643835619,12,2480.4585,372.48514
1936,97,2014,78,663372.5,1,2786.7083,420.08197
1936,98,2014,78,660345.4986301367,2,2507.375,379.70654
1936,99,2014,78,657611.4328767122,3,2735.3335,415.9498
1936,100,2014,78,654584.4315068491,4,2495.2085,381.1897
1936,101,2014,78,651655.0753424657,5,2584.625,396.62469
1936,102,2014,78,648628.0739726026,6,2319.3333,357.57523
1936,103,2014,78,645698.7178082189,7,2395,370.91602
1936,104,2014,78,642671.7164383559,8,2311.875,359.72876
1936,105,2014,78,639644.715068493,9,2341.9167,366.12775
1936,106,2014,78,636715.3589041093,10,2534.9583,398.13052
1936,107,2014,78,633688.3575342463,11,2500.75,394.63403
1936,108,2014,78,630759.0013698628,12,2746.25,435.38815
1936,109,2015,79,627732,1,3111.5,495.67331
1936,110,2015,79,624539.5520547943,2,2690.125,430.73734
1936,111,2015,79,621656.0506849312,3,2834,455.87909
1936,112,2015,79,618463.6027397257,4,2694.625,435.69662
1936,113,2015,79,615374.136986301,5,2577.375,418.83057
1936,114,2015,79,612181.6890410956,6,2423.2915,395.84515
1936,115,2015,79,609092.2232876709,7,2521.0835,413.90833
1936,116,2015,79,605899.7753424654,8,2443.625,403.30515
1936,117,2015,79,602707.3273972601,9,2402.6667,398.64569
1936,118,2015,79,599617.8616438354,10,2608.3335,434.9993
1936,119,2015,79,596425.4136986299,11,2513.25,421.38547
1936,120,2015,79,593335.947945205,12,2742.0415,462.1398
1936,121,2016,80,590143.5,1,3079.6248,521.84338
1936,122,2016,80,587188.7172131147,2,2733.375,465.50195
1936,123,2016,80,584424.5655737706,3,2928.625,501.11258
1936,124,2016,80,581469.7827868853,4,2739.625,471.15518
1936,125,2016,80,578610.3155737706,5,2684.875,464.02127
1936,126,2016,80,575655.5327868853,6,2482.125,431.18234
1936,127,2016,80,572796.0655737706,7,2549.1665,445.03912
1936,128,2016,80,569841.2827868853,8,2584.125,453.48154
1936,129,2016,80,566886.5,9,2502.9165,441.51987
1936,130,2016,80,564027.0327868853,10,2789.4585,494.56113
1936,131,2016,80,561072.25,11,2678.75,477.43405
1936,132,2016,80,558212.7827868853,12,2977.4167,533.38385
1936,133,2017,81,555258,1,3312.2083,596.51697
1936,134,2017,81,552480.4849315069,2,2877.125,520.76501
1936,135,2017,81,549971.7616438356,3,2962.7085,538.7019
1936,136,2017,81,547194.2465753425,4,2782.7085,508.54126
1936,137,2017,81,544506.3287671234,5,2788.25,512.06934
1936,138,2017,81,541728.8136986301,6,2609.0415,481.61395
1936,139,2017,81,539040.895890411,7,2666.2083,494.62079
1936,140,2017,81,536263.3808219179,8,2763.5,515.32513
1936,141,2017,81,533485.8657534246,9,2701.5417,506.39426
1936,142,2017,81,530797.9479452055,10,2788.2917,525.30188
1936,143,2017,81,528020.4328767124,11,2799.375,530.16412
1936,144,2017,81,525332.5150684931,12,3132.9583,596.37622
1936,145,2018,82,522555,1,3688.7083,705.89856
1936,146,2018,82,519159.2684931508,2,2963.25,570.77863
1936,147,2018,82,516092.1561643835,3,3104.0833,601.45911
1936,148,2018,82,512696.4246575343,4,2929.9583,571.48016
1936,149,2018,82,509410.2328767125,5,2798.5,549.36078
1936,150,2018,82,506014.5013698628,6,2645.5833,522.82758
1936,151,2018,82,502728.3095890409,7,2758.9165,548.78876
1936,152,2018,82,499332.5780821918,8,2722,545.12769
1936,153,2018,82,495936.8465753426,9,2653.75,535.09839
1936,154,2018,82,492650.6547945207,10,2861.125,580.76141
1936,155,2018,82,489254.9232876711,11,2929.5,598.76758
1936,156,2018,82,485968.7315068492,12,3168.9583,652.091
1936,157,2019,83,482573,1,3289.9583,681.75348
1936,158,2019,83,479171.6205479451,2,2908.25,606.93286
1936,159,2019,83,476099.4068493149,3,3206.6665,673.52875
1936,160,2019,83,472698.0273972601,4,2992.1667,632.9975
1936,161,2019,83,469406.3698630137,5,3037.375,647.06726
1936,162,2019,83,466004.9904109589,6,2734.5415,586.80518
1936,163,2019,83,462713.3328767125,7,2768.8335,598.39069
1936,164,2019,83,459311.9534246577,8,2809.625,611.703
1936,165,2019,83,455910.5739726028,9,2792.2917,612.46478
1936,166,2019,83,452618.916438356,10,2967.3333,655.59198
1936,167,2019,83,449217.5369863012,11,2932.125,652.71826
1936,168,2019,83,445925.8794520549,12,3301.9585,740.47247
1936,169,2020,84,442524.5,1,3335.7083,753.79065
1936,170,2020,84,438810.1748633883,2,3067.5,699.04944
1936,171,2020,84,435335.4836065578,3,3442.1667,790.69287
1936,172,2020,84,431621.1584699457,4,4199.5835,972.97906
1936,173,2020,84,428026.6502732243,5,3384.75,790.78021
1936,174,2020,84,424312.3251366122,6,3031.875,714.53851
1936,175,2020,84,420717.8169398909,7,3374.25,802.02216
1936,176,2020,84,417003.4918032787,8,3492.25,837.46301
1936,177,2020,84,413289.166666667,9,3076.9583,744.50494
1936,178,2020,84,409694.6584699457,10,3423.4165,835.60193
1936,179,2020,84,405980.3333333335,11,3996,984.28412
1936,180,2020,84,402385.8251366122,12,4948.458,1229.7794
1936,181,2021,85,398671.5,1,4835.875,1212.9974
1936,182,2021,85,395096.6479452052,2,3589.5,908.5119
1936,183,2021,85,391867.7493150686,3,3299.875,842.08893
1936,184,2021,85,388292.8972602738,4,3026.375,779.40521
1936,185,2021,85,384833.3630136987,5,2919.875,758.73749
1936,186,2021,85,381258.5109589039,6,2821.2915,739.99438
1936,187,2021,85,377798.9767123288,7,2980.1665,788.82336
1936,188,2021,85,374224.1246575341,8,3415,912.55475
1936,189,2021,85,370649.2726027397,9,3422.875,923.48083
1936,190,2021,85,367189.7383561642,10,3447.75,938.95599
1936,191,2021,85,363614.8863013699,11,3500.375,962.65997
1936,192,2021,85,360155.3520547943,12,3936.25,1092.9312
1937,1,2006,69,918779.5,1,1854.625,201.85747
1937,2,2006,69,916685.9808219178,2,1742.125,190.04599
1937,3,2006,69,914795.0602739726,3,1925.9167,210.52986
1937,4,2006,69,912701.5410958903,4,1702.4167,186.52502
1937,5,2006,69,910675.5547945206,5,1769.75,194.33376
1937,6,2006,69,908582.0356164384,6,1612.6666,177.49268
1937,7,2006,69,906556.0493150684,7,1681.1667,185.44543
1937,8,2006,69,904462.5301369864,8,1683.125,186.09119
1937,9,2006,69,902369.0109589042,9,1672.375,185.3316
1937,10,2006,69,900343.0246575342,10,1675.9584,186.14665
1937,11,2006,69,898249.505479452,11,1640.875,182.67474
1937,12,2006,69,896223.5191780822,12,1828.625,204.03671
1937,13,2007,70,894130,1,1920.6666,214.80843
1937,14,2007,70,892404.6589041095,2,1825.125,204.51764
1937,15,2007,70,890846.2863013698,3,1938.6666,217.62077
1937,16,2007,70,889120.9452054794,4,1819.7917,204.67314
1937,17,2007,70,887451.2602739725,5,1759.625,198.27849
1937,18,2007,70,885725.9191780821,6,1702.0833,192.16817
1937,19,2007,70,884056.2342465753,7,1768.625,200.05797
1937,20,2007,70,882330.8931506849,8,1725,195.50488
1937,21,2007,70,880605.5520547945,9,1650.5834,187.43732
1937,22,2007,70,878935.8671232876,10,1797.8334,204.5466
1937,23,2007,70,877210.5260273973,11,1758.25,200.43649
1937,24,2007,70,875540.8410958904,12,1904.875,217.56552
1937,25,2008,71,873815.5,1,2089.1667,239.08557
1937,26,2008,71,872168.4767759562,2,1972.75,226.1891
1937,27,2008,71,870627.7131147541,3,2183.125,250.75299
1937,28,2008,71,868980.6898907104,4,1885.9167,217.02631
1937,29,2008,71,867386.7964480874,5,1844.5,212.65022
1937,30,2008,71,865739.7732240437,6,1782.5,205.89328
1937,31,2008,71,864145.8797814207,7,1782.0833,206.22482
1937,32,2008,71,862498.856557377,8,1800.5,208.75391
1937,33,2008,71,860851.8333333333,9,1685.5416,195.79927
1937,34,2008,71,859257.9398907104,10,1908.0416,222.05692
1937,35,2008,71,857610.9166666666,11,1798.875,209.75421
1937,36,2008,71,856017.0232240437,12,2041.75,238.51746
1937,37,2009,72,854370,1,2166.5417,253.58354
1937,38,2009,72,852223.2287671233,2,1913.5,224.53038
1937,39,2009,72,850284.2095890411,3,2075.0833,244.04584
1937,40,2009,72,848137.4383561644,4,1874.75,221.04318
1937,41,2009,72,846059.9178082193,5,1936.125,228.84018
1937,42,2009,72,843913.1465753426,6,1815.4583,215.12383
1937,43,2009,72,841835.6260273973,7,1862.875,221.28726
1937,44,2009,72,839688.8547945207,8,1901,226.39339
1937,45,2009,72,837542.083561644,9,1834.7084,219.05865
1937,46,2009,72,835464.5630136987,10,1963.875,235.06383
1937,47,2009,72,833317.791780822,11,1937.5,232.50433
1937,48,2009,72,831240.2712328767,12,2108.1665,253.61699
1937,49,2010,73,829093.5,1,2206.5833,266.14407
1937,50,2010,73,826973.5671232876,2,2003.375,242.25381
1937,51,2010,73,825058.7890410959,3,2112.2917,256.01712
1937,52,2010,73,822938.8561643835,4,1984.9585,241.20364
1937,53,2010,73,820887.3082191781,5,2032,247.53702
1937,54,2010,73,818767.3753424657,6,1883.875,230.08672
1937,55,2010,73,816715.8273972603,7,1943,237.90405
1937,56,2010,73,814595.8945205479,8,1960,240.61011
1937,57,2010,73,812475.9616438355,9,1893.4583,233.04791
1937,58,2010,73,810424.4136986302,10,2068.7083,255.26233
1937,59,2010,73,808304.4808219178,11,1995,246.81293
1937,60,2010,73,806252.9328767124,12,2234.0833,277.09457
1937,61,2011,74,804133,1,2343.2498,291.40076
1937,62,2011,74,801329.1986301369,2,2158.625,269.38055
1937,63,2011,74,798796.7328767122,3,2201,275.53943
1937,64,2011,74,795992.9315068491,4,2137.6667,268.5535
1937,65,2011,74,793279.5753424657,5,2121.75,267.46561
1937,66,2011,74,790475.7739726026,6,2062.125,260.87137
1937,67,2011,74,787762.4178082191,7,2105.75,267.30774
1937,68,2011,74,784958.616438356,8,2022.5,257.65689
1937,69,2011,74,782154.8150684929,9,2027.75,259.25174
1937,70,2011,74,779441.4589041094,10,2157.2915,276.77402
1937,71,2011,74,776637.6575342463,11,2107.125,271.31378
1937,72,2011,74,773924.3013698629,12,2206.5415,285.11078
1937,73,2012,75,771120.5,1,2353.3333,305.18359
1937,74,2012,75,768858.0081967213,2,2123.5,276.18884
1937,75,2012,75,766741.4836065574,3,2320.2085,302.60635
1937,76,2012,75,764478.9918032787,4,2180.0835,285.17245
1937,77,2012,75,762289.4836065574,5,2145.5,281.45474
1937,78,2012,75,760026.9918032787,6,2134.7083,280.87268
1937,79,2012,75,757837.4836065574,7,2085.9583,275.2514
1937,80,2012,75,755574.9918032787,8,2143.125,283.6416
1937,81,2012,75,753312.5,9,2085.25,276.81076
1937,82,2012,75,751122.9918032787,10,2237.8335,297.9317
1937,83,2012,75,748860.5,11,2294.875,306.44894
1937,84,2012,75,746670.9918032787,12,2415.1667,323.45795
1937,85,2013,76,744408.5,1,2858.5833,384.00732
1937,86,2013,76,742151.9547945203,2,2241.75,302.06079
1937,87,2013,76,740113.7849315067,3,2491.0835,336.58115
1937,88,2013,76,737857.2397260272,4,2315.9167,313.87057
1937,89,2013,76,735673.4863013697,5,2253.375,306.30096
1937,90,2013,76,733416.9410958902,6,2228.5,303.85172
1937,91,2013,76,731233.1876712327,7,2203.4583,301.33456
1937,92,2013,76,728976.6424657532,8,2204.5,302.41025
1937,93,2013,76,726720.0972602738,9,2135.5835,293.86603
1937,94,2013,76,724536.3438356163,10,2282.5833,315.04056
1937,95,2013,76,722279.7986301368,11,2355.375,326.10284
1937,96,2013,76,720096.0452054793,12,2599.4583,360.9877
1937,97,2014,77,717839.5,1,2650.4998,369.23291
1937,98,2014,77,715138.9328767122,2,2434.875,340.4758
1937,99,2014,77,712699.7109589039,3,2538.5,356.18088
1937,100,2014,77,709999.1438356163,4,2448.2085,344.81851
1937,101,2014,77,707385.6917808217,5,2453.25,346.80515
1937,102,2014,77,704685.1246575341,6,2306.9165,327.36841
1937,103,2014,77,702071.6726027394,7,2309.375,328.93723
1937,104,2014,77,699371.1054794518,8,2298.125,328.59879
1937,105,2014,77,696670.5383561642,9,2269.75,325.79962
1937,106,2014,77,694057.0863013696,10,2409.0415,347.09558
1937,107,2014,77,691356.519178082,11,2555.625,369.65372
1937,108,2014,77,688743.0671232874,12,2693.25,391.03842
1937,109,2015,78,686042.5,1,2985.0417,435.11032
1937,110,2015,78,682950.5684931506,2,2638.625,386.35666
1937,111,2015,78,680157.8561643835,3,2747.1667,403.90134
1937,112,2015,78,677065.9246575341,4,2643.375,390.4162
1937,113,2015,78,674073.7328767122,5,2470.5,366.50293
1937,114,2015,78,670981.8013698629,6,2440.7083,363.75177
1937,115,2015,78,667989.609589041,7,2466.7915,369.28592
1937,116,2015,78,664897.6780821916,8,2452.75,368.89136
1937,117,2015,78,661805.7465753425,9,2440.8333,368.81415
1937,118,2015,78,658813.5547945206,10,2559.625,388.52039
1937,119,2015,78,655721.6232876712,11,2604.875,397.25317
1937,120,2015,78,652729.4315068494,12,2789.875,427.41675
1937,121,2016,79,649637.5,1,2926.5833,450.49481
1937,122,2016,79,646268.5792349726,2,2711.625,419.58176
1937,123,2016,79,643117.0081967213,3,2813.3335,437.45282
1937,124,2016,79,639748.0874316939,4,2671.875,417.64487
1937,125,2016,79,636487.8415300548,5,2619,411.47684
1937,126,2016,79,633118.9207650274,6,2464.75,389.30286
1937,127,2016,79,629858.6748633878,7,2493.8335,395.93539
1937,128,2016,79,626489.7540983609,8,2602.375,415.38986
1937,129,2016,79,623120.8333333335,9,2509.2083,402.68405
1937,130,2016,79,619860.5874316939,10,2727.5835,440.03177
1937,131,2016,79,616491.666666667,11,2683.125,435.22485
1937,132,2016,79,613231.4207650274,12,2924.2917,476.86594
1937,133,2017,80,609862.5,1,3195.4583,523.96375
1937,134,2017,80,606790.994520548,2,2744,452.21503
1937,135,2017,80,604016.7315068494,3,3072.5835,508.69177
1937,136,2017,80,600945.2260273972,4,2759.2917,459.1586
1937,137,2017,80,597972.8013698631,5,2760.25,461.60126
1937,138,2017,80,594901.2958904109,6,2593.4583,435.94766
1937,139,2017,80,591928.8712328768,7,2676.9167,452.23621
1937,140,2017,80,588857.3657534246,8,2745.75,466.28439
1937,141,2017,80,585785.8602739726,9,2610.2915,445.60507
1937,142,2017,80,582813.4356164383,10,2771.875,475.60245
1937,143,2017,80,579741.9301369863,11,2837.375,489.42035
1937,144,2017,80,576769.5054794522,12,3182.8333,551.83801
1937,145,2018,81,573698,1,3543.125,617.59412
1937,146,2018,81,570931.6534246576,2,2839.5,497.345
1937,147,2018,81,568433.0178082192,3,3064.375,539.09167
1937,148,2018,81,565666.6712328768,4,2851.375,504.07336
1937,149,2018,81,562989.5616438356,5,2793.5,496.19037
1937,150,2018,81,560223.2150684933,6,2673.25,477.17587
1937,151,2018,81,557546.1054794521,7,2759.8335,494.99646
1937,152,2018,81,554779.7589041097,8,2730.5,492.17731
1937,153,2018,81,552013.4123287671,9,2672.875,484.20471
1937,154,2018,81,549336.3027397261,10,2905,528.81995
1937,155,2018,81,546569.9561643836,11,2852.625,521.914
1937,156,2018,81,543892.8465753426,12,3163.375,581.61731
1937,157,2019,82,541126.5,1,3330.0833,615.39832
1937,158,2019,82,537489.2232876713,2,2916.5,542.61554
1937,159,2019,82,534203.9410958905,3,3116.4585,583.38367
1937,160,2019,82,530566.6643835618,4,2923.5,551.01465
1937,161,2019,82,527046.7191780824,5,2924.625,554.90814
1937,162,2019,82,523409.4424657538,6,2804.625,535.83771
1937,163,2019,82,519889.4972602739,7,2799,538.38367
1937,164,2019,82,516252.2205479452,8,2816,545.46979
1937,165,2019,82,512614.9438356166,9,2870.375,559.94757
1937,166,2019,82,509094.9986301372,10,3012.2917,591.69543
1937,167,2019,82,505457.7219178085,11,2972.875,588.15503
1937,168,2019,82,501937.7767123291,12,3304.0833,658.2655
1937,169,2020,83,498300.5,1,3307.0417,663.66412
1937,170,2020,83,494529.7226775959,2,3029.875,612.67804
1937,171,2020,83,491002.2213114756,3,3379.0835,688.20129
1937,172,2020,83,487231.4439890711,4,4135.4585,848.76672
1937,173,2020,83,483582.3046448091,5,3374.125,697.73541
1937,174,2020,83,479811.5273224046,6,3045.375,634.70233
1937,175,2020,83,476162.3879781421,7,3435.0835,721.4101
1937,176,2020,83,472391.610655738,8,3458.875,732.20502
1937,177,2020,83,468620.8333333335,9,3162.2915,674.80811
1937,178,2020,83,464971.6939890711,10,3499,752.51892
1937,179,2020,83,461200.916666667,11,3990.125,865.15979
1937,180,2020,83,457551.7773224046,12,4997.125,1092.1442
1937,181,2021,84,453781,1,4859.625,1070.9186
1937,182,2021,84,450103.3383561643,2,3512.875,780.45966
1937,183,2021,84,446781.5794520546,3,3285.6667,735.40784
1937,184,2021,84,443103.9178082193,4,3090.8335,697.54144
1937,185,2021,84,439544.8904109588,5,2995.125,681.41504
1937,186,2021,84,435867.2287671231,6,2836.0415,650.66638
1937,187,2021,84,432308.201369863,7,3015.5835,697.55408
1937,188,2021,84,428630.5397260273,8,3535.125,824.74872
1937,189,2021,84,424952.8780821916,9,3589.7915,844.75049
1937,190,2021,84,421393.8506849315,10,3652.375,866.73663
1937,191,2021,84,417716.1890410958,11,3578.125,856.59235
1937,192,2021,84,414157.1616438357,12,4008.0417,967.75867
1938,1,2006,68,969982.5,1,1823.625,188.00597
1938,2,2006,68,968273.3808219178,2,1621.25,167.43721
1938,3,2006,68,966729.6602739725,3,1797.5417,185.94048
1938,4,2006,68,965020.5410958903,4,1691.6667,175.29852
1938,5,2006,68,963366.5547945205,5,1713.375,177.85286
1938,6,2006,68,961657.4356164384,6,1579.6666,164.265
1938,7,2006,68,960003.4493150684,7,1616.0417,168.33708
1938,8,2006,68,958294.3301369863,8,1606,167.58943
1938,9,2006,68,956585.2109589041,9,1628.1666,170.20613
1938,10,2006,68,954931.2246575343,10,1644.875,172.25063
1938,11,2006,68,953222.1054794521,11,1585.875,166.36993
1938,12,2006,68,951568.1191780822,12,1764.75,185.45703
1938,13,2007,69,949859,1,1909,200.9772
1938,14,2007,69,947645.9397260272,2,1773.25,187.12157
1938,15,2007,69,945647.0465753423,3,1880.75,198.88498
1938,16,2007,69,943433.9863013697,4,1740.5,184.48561
1938,17,2007,69,941292.3150684931,5,1743.5,185.22408
1938,18,2007,69,939079.2547945203,6,1658.8333,176.64465
1938,19,2007,69,936937.5835616437,7,1710.0417,182.51395
1938,20,2007,69,934724.5232876712,8,1675.375,179.2373
1938,21,2007,69,932511.4630136986,9,1617.1666,173.42056
1938,22,2007,69,930369.7917808217,10,1672.4166,179.75827
1938,23,2007,69,928156.7315068492,11,1718,185.09805
1938,24,2007,69,926015.0602739726,12,1812.875,195.77165
1938,25,2008,70,923802,1,1977.3749,214.04747
1938,26,2008,70,922071.7595628414,2,1958.125,212.36145
1938,27,2008,70,920453.1475409835,3,1999.5834,217.23901
1938,28,2008,70,918722.907103825,4,1843.25,200.63176
1938,29,2008,70,917048.4808743169,5,1872.625,204.20131
1938,30,2008,70,915318.2404371584,6,1746.375,190.7943
1938,31,2008,70,913643.8142076501,7,1781.75,195.01582
1938,32,2008,70,911913.5737704918,8,1722,188.83368
1938,33,2008,70,910183.3333333333,9,1648.0417,181.06702
1938,34,2008,70,908508.907103825,10,1836.25,202.1169
1938,35,2008,70,906778.6666666666,11,1719.25,189.59975
1938,36,2008,70,905104.2404371584,12,2010.4584,222.12451
1938,37,2009,71,903374,1,2037.8333,225.58025
1938,38,2009,71,901628.6150684931,2,1847.125,204.86539
1938,39,2009,71,900052.1383561643,3,1966.9167,218.53365
1938,40,2009,71,898306.7534246575,4,1883,209.61659
1938,41,2009,71,896617.6712328767,5,1916.75,213.77562
1938,42,2009,71,894872.2863013698,6,1801.5833,201.32295
1938,43,2009,71,893183.204109589,7,1846.7917,206.76517
1938,44,2009,71,891437.8191780822,8,1807.5,202.76231
1938,45,2009,71,889692.4342465753,9,1735.75,195.0955
1938,46,2009,71,888003.3520547944,10,1894.75,213.37195
1938,47,2009,71,886257.9671232876,11,1794.375,202.46645
1938,48,2009,71,884568.8849315068,12,1950.9167,220.55
1938,49,2010,72,882823.5,1,2216.375,251.05528
1938,50,2010,72,881031.8698630135,2,1963.25,222.8353
1938,51,2010,72,879413.6232876712,3,2138.375,243.15918
1938,52,2010,72,877621.9931506847,4,1944.5,221.56464
1938,53,2010,72,875888.1575342466,5,1948,222.40282
1938,54,2010,72,874096.5273972603,6,1882.4166,215.3557
1938,55,2010,72,872362.6917808219,7,1916.4167,219.6812
1938,56,2010,72,870571.0616438356,8,1925.125,221.13359
1938,57,2010,72,868779.4315068491,9,1847.4583,212.64986
1938,58,2010,72,867045.5958904109,10,1961.5416,226.23282
1938,59,2010,72,865253.9657534247,11,1940.375,224.25497
1938,60,2010,72,863520.1301369863,12,2082.5835,241.17371
1938,61,2011,73,861728.5,1,2300.7083,266.98761
1938,62,2011,73,859410.8041095892,2,2101,244.46982
1938,63,2011,73,857317.4013698632,3,2252,262.67984
1938,64,2011,73,854999.7054794522,4,2110.625,246.85681
1938,65,2011,73,852756.7739726028,5,2087.75,244.82362
1938,66,2011,73,850439.078082192,6,2017.2083,237.19609
1938,67,2011,73,848196.1465753426,7,2049.2083,241.59604
1938,68,2011,73,845878.4506849316,8,2016.875,238.43556
1938,69,2011,73,843560.7547945206,9,1923.375,228.0067
1938,70,2011,73,841317.8232876714,10,2046.75,243.27905
1938,71,2011,73,839000.1273972604,11,2103.75,250.7449
1938,72,2011,73,836757.195890411,12,2089.125,249.6692
1938,73,2012,74,834439.5,1,2333.9583,279.7037
1938,74,2012,74,831201.1434426226,2,2154.5,259.20322
1938,75,2012,74,828171.7131147538,3,2265.2917,273.52924
1938,76,2012,74,824933.3565573769,4,2144.7917,259.99576
1938,77,2012,74,821799.4631147538,5,2119.625,257.92484
1938,78,2012,74,818561.1065573769,6,2105.25,257.18912
1938,79,2012,74,815427.2131147538,7,2044.625,250.7428
1938,80,2012,74,812188.8565573769,8,2091.375,257.4986
1938,81,2012,74,808950.4999999998,9,2041.125,252.31766
1938,82,2012,74,805816.6065573769,10,2227.7917,276.46387
1938,83,2012,74,802578.2499999998,11,2150,267.88666
1938,84,2012,74,799444.3565573769,12,2366.9583,296.07541
1938,85,2013,75,796206,1,2754.9167,346.00552
1938,86,2013,75,794045.4698630141,2,2253.75,283.83136
1938,87,2013,75,792094.0232876714,3,2463.9585,311.06894
1938,88,2013,75,789933.4931506852,4,2296.6667,290.74179
1938,89,2013,75,787842.6575342468,5,2263.25,287.27182
1938,90,2013,75,785682.1273972606,6,2159.0833,274.80365
1938,91,2013,75,783591.2917808222,7,2186.4167,279.02515
1938,92,2013,75,781430.7616438358,8,2163.375,276.84793
1938,93,2013,75,779270.2315068496,9,2018.5417,259.02975
1938,94,2013,75,777179.3958904112,10,2269.0415,291.95853
1938,95,2013,75,775018.8657534248,11,2255.375,291.00903
1938,96,2013,75,772928.0301369866,12,2398.9583,310.37277
1938,97,2014,76,770767.5,1,2841.6665,368.68011
1938,98,2014,76,768431.6287671232,2,2354.5,306.40332
1938,99,2014,76,766321.8095890409,3,2638.0835,344.25269
1938,100,2014,76,763985.9383561644,4,2417.7085,316.45981
1938,101,2014,76,761725.4178082191,5,2380.375,312.49777
1938,102,2014,76,759389.5465753423,6,2243.0415,295.3743
1938,103,2014,76,757129.0260273973,7,2245.8333,296.62491
1938,104,2014,76,754793.1547945205,8,2236.875,296.35602
1938,105,2014,76,752457.2835616437,9,2264,300.88086
1938,106,2014,76,750196.7630136986,10,2387.25,318.21652
1938,107,2014,76,747860.8917808218,11,2363.75,316.06815
1938,108,2014,76,745600.3712328766,12,2679.5,359.37482
1938,109,2015,77,743264.5,1,2984.5833,401.55063
1938,110,2015,77,740547.7109589044,2,2603.5,351.56412
1938,111,2015,77,738093.8369863017,3,2700.7915,365.91437
1938,112,2015,77,735377.0479452058,4,2566.4585,348.99899
1938,113,2015,77,732747.8972602743,5,2483.75,338.96378
1938,114,2015,77,730031.1082191784,6,2404.2083,329.32956
1938,115,2015,77,727401.9575342468,7,2422.5417,333.04031
1938,116,2015,77,724685.168493151,8,2452.625,338.44006
1938,117,2015,77,721968.3794520551,9,2316.2917,320.83008
1938,118,2015,77,719339.2287671235,10,2466.6665,342.90726
1938,119,2015,77,716622.4397260277,11,2575.375,359.37683
1938,120,2015,77,713993.2890410961,12,2601.2917,364.32999
1938,121,2016,78,711276.5,1,2781.0833,390.9989
1938,122,2016,78,707998.673497268,2,2680,378.53177
1938,123,2016,78,704932.3196721314,3,2667.9165,378.4642
1938,124,2016,78,701654.493169399,4,2638.625,376.05759
1938,125,2016,78,698482.4030054645,5,2593.25,371.2692
1938,126,2016,78,695204.5765027325,6,2497.4165,359.23477
1938,127,2016,78,692032.486338798,7,2462.2085,355.79376
1938,128,2016,78,688754.6598360655,8,2604.875,378.20071
1938,129,2016,78,685476.8333333335,9,2505.9165,365.57275
1938,130,2016,78,682304.743169399,10,2656,389.26889
1938,131,2016,78,679026.916666667,11,2674.5,393.87247
1938,132,2016,78,675854.8265027325,12,2842.4583,420.5723
1938,133,2017,79,672577,1,3045.875,452.86636
1938,134,2017,79,669008.305479452,2,2868.375,428.75027
1938,135,2017,79,665784.9684931505,3,3070.4165,461.17239
1938,136,2017,79,662216.2739726026,4,2838.2085,428.59238
1938,137,2017,79,658762.6986301369,5,2821.625,428.3219
1938,138,2017,79,655194.0041095889,6,2562.9583,391.17548
1938,139,2017,79,651740.4287671233,7,2638.4165,404.82626
1938,140,2017,79,648171.7342465753,8,2585,398.81406
1938,141,2017,79,644603.0397260273,9,2565.0835,397.93228
1938,142,2017,79,641149.4643835616,10,2710.3335,422.73038
1938,143,2017,79,637580.7698630136,11,2665.375,418.04507
1938,144,2017,79,634127.1945205475,12,3040.2917,479.4451
1938,145,2018,80,630558.5,1,3522.0833,558.56567
1938,146,2018,80,627445.1232876712,2,2855.125,455.03979
1938,147,2018,80,624633.0410958901,3,3102.5,496.69162
1938,148,2018,80,621519.6643835614,4,2854.7917,459.32443
1938,149,2018,80,618506.719178082,5,2814.125,454.98697
1938,150,2018,80,615393.3424657532,6,2662.4583,432.64334
1938,151,2018,80,612380.3972602738,7,2796.7915,456.70819
1938,152,2018,80,609267.0205479451,8,2719.5,446.35602
1938,153,2018,80,606153.6438356163,9,2630.6665,433.99335
1938,154,2018,80,603140.6986301369,10,2818.6667,467.33154
1938,155,2018,80,600027.3219178081,11,2808.75,468.1037
1938,156,2018,80,597014.3767123288,12,2997.2083,502.03284
1938,157,2019,81,593901,1,3217.125,541.69385
1938,158,2019,81,590709.1890410963,2,2951.75,499.69595
1938,159,2019,81,587826.2630136986,3,3237.5,550.758
1938,160,2019,81,584634.4520547949,4,2922.875,499.94916
1938,161,2019,81,581545.6027397262,5,2946.25,506.62408
1938,162,2019,81,578353.791780822,6,2788.8333,482.20193
1938,163,2019,81,575264.9424657538,7,2884.3333,501.39215
1938,164,2019,81,572073.1315068495,8,2818.75,492.72546
1938,165,2019,81,568881.3205479453,9,2782.7915,489.16907
1938,166,2019,81,565792.4712328771,10,2944.25,520.37634
1938,167,2019,81,562600.6602739729,11,2912.75,517.72955
1938,168,2019,81,559511.8109589042,12,3161.2083,564.99402
1938,169,2020,82,556320,1,3331.875,598.91339
1938,170,2020,82,552525.2103825137,2,2987.875,540.76715
1938,171,2020,82,548975.2459016396,3,3412.5835,621.62793
1938,172,2020,82,545180.4562841533,4,4202.125,770.77692
1938,173,2020,82,541508.0792349726,5,3448.125,636.76337
1938,174,2020,82,537713.2896174863,6,3019.1665,561.4826
1938,175,2020,82,534040.9125683061,7,3422.625,640.89191
1938,176,2020,82,530246.1229508198,8,3402,641.58887
1938,177,2020,82,526451.3333333335,9,3148.6667,598.09265
1938,178,2020,82,522778.9562841533,10,3412.125,652.68982
1938,179,2020,82,518984.166666667,11,4016.875,773.98798
1938,180,2020,82,515311.7896174863,12,4911.792,953.16895
1938,181,2021,83,511517,1,4946.7915,967.08252
1938,182,2021,83,507774.5780821918,2,3648.75,718.57672
1938,183,2021,83,504394.3260273971,3,3354.625,665.07983
1938,184,2021,83,500651.9041095888,4,3164.0835,631.99268
1938,185,2021,83,497030.2054794519,5,3099.625,623.62909
1938,186,2021,83,493287.7835616437,6,2889.7083,585.80579
1938,187,2021,83,489666.0849315068,7,3022.875,617.33392
1938,188,2021,83,485923.6630136985,8,3492.125,718.6571
1938,189,2021,83,482181.2410958903,9,3665.9165,760.27771
1938,190,2021,83,478559.5424657534,10,3597.4583,751.72638
1938,191,2021,83,474817.1205479451,11,3545.125,746.62958
1938,192,2021,83,471195.4219178082,12,3949.6665,838.2226
1939,1,2006,67,1014314,1,1833.7916,180.79132
1939,2,2006,67,1012962.867123288,2,1601.25,158.07588
1939,3,2006,67,1011742.489041096,3,1749.4583,172.91537
1939,4,2006,67,1010391.356164383,4,1639.25,162.23912
1939,5,2006,67,1009083.808219178,5,1639.125,162.43695
1939,6,2006,67,1007732.675342466,6,1533.2916,152.15262
1939,7,2006,67,1006425.12739726,7,1600.2083,158.99924
1939,8,2006,67,1005073.994520548,8,1554,154.61548
1939,9,2006,67,1003722.861643836,9,1503.2917,149.77159
1939,10,2006,67,1002415.31369863,10,1599.4584,159.56046
1939,11,2006,67,1001064.180821918,11,1544.125,154.24835
1939,12,2006,67,999756.6328767122,12,1665.2084,166.56137
1939,13,2007,68,998405.5,1,1815.25,181.81491
1939,14,2007,68,996649.0739726028,2,1731.25,173.70708
1939,15,2007,68,995062.6246575343,3,1755.7917,176.45038
1939,16,2007,68,993306.198630137,4,1711.875,172.34111
1939,17,2007,68,991606.4315068494,5,1672.875,168.70352
1939,18,2007,68,989850.0054794521,6,1581.0416,159.72537
1939,19,2007,68,988150.2383561644,7,1633.75,165.33417
1939,20,2007,68,986393.8123287671,8,1633,165.55254
1939,21,2007,68,984637.3863013699,9,1580.125,160.47786
1939,22,2007,68,982937.6191780822,10,1612.4584,164.04483
1939,23,2007,68,981181.1931506849,11,1638.625,167.00534
1939,24,2007,68,979481.4260273973,12,1746.7083,178.3299
1939,25,2008,69,977725,1,1957.8333,200.24376
1939,26,2008,69,975411.1379781421,2,1903.375,195.13567
1939,27,2008,69,973246.5573770492,3,1955.25,200.89977
1939,28,2008,69,970932.6953551914,4,1770.2917,182.32898
1939,29,2008,69,968693.474043716,5,1795.5,185.35275
1939,30,2008,69,966379.6120218581,6,1678.5833,173.69812
1939,31,2008,69,964140.3907103825,7,1744.5,180.93839
1939,32,2008,69,961826.5286885246,8,1676.5,174.30379
1939,33,2008,69,959512.6666666667,9,1626.3333,169.49576
1939,34,2008,69,957273.4453551914,10,1693.875,176.94788
1939,35,2008,69,954959.5833333335,11,1757.125,183.99994
1939,36,2008,69,952720.3620218581,12,1909.3334,200.40858
1939,37,2009,70,950406.5,1,1962.2916,206.46867
1939,38,2009,70,948543.3575342465,2,1744.625,183.92676
1939,39,2009,70,946860.5191780822,3,1946.7083,205.5961
1939,40,2009,70,944997.3767123288,4,1897.25,200.76775
1939,41,2009,70,943194.3356164384,5,1828.75,193.88899
1939,42,2009,70,941331.1931506849,6,1741.9583,185.05264
1939,43,2009,70,939528.1520547944,7,1810.8333,192.73859
1939,44,2009,70,937665.0095890411,8,1738.25,185.38071
1939,45,2009,70,935801.8671232876,9,1677.125,179.21796
1939,46,2009,70,933998.8260273973,10,1869.9167,200.20547
1939,47,2009,70,932135.6835616438,11,1787.875,191.80415
1939,48,2009,70,930332.6424657535,12,1878.8333,201.95285
1939,49,2010,71,928469.5,1,2127.375,229.12708
1939,50,2010,71,926515.098630137,2,1843.625,198.98488
1939,51,2010,71,924749.8328767123,3,2049.375,221.61398
1939,52,2010,71,922795.4315068494,4,1826.3334,197.91313
1939,53,2010,71,920904.0753424657,5,1955.375,212.33211
1939,54,2010,71,918949.6739726027,6,1849.2915,201.2397
1939,55,2010,71,917058.3178082192,7,1851.375,201.88193
1939,56,2010,71,915103.916438356,8,1863.5,203.63808
1939,57,2010,71,913149.5150684931,9,1767.5416,193.56541
1939,58,2010,71,911258.1589041096,10,1868.3334,205.02789
1939,59,2010,71,909303.7575342467,11,1900,208.95108
1939,60,2010,71,907412.401369863,12,2088.4583,230.15535
1939,61,2011,72,905458,1,2244.5,247.8856
1939,62,2011,72,903893.9438356166,2,1994.875,220.69791
1939,63,2011,72,902481.2479452055,3,2135.125,236.58386
1939,64,2011,72,900917.191780822,4,2071.4167,229.9231
1939,65,2011,72,899403.589041096,5,2017.875,224.35701
1939,66,2011,72,897839.5328767124,6,1904.9583,212.17136
1939,67,2011,72,896325.9301369864,7,1942.0416,216.6669
1939,68,2011,72,894761.8739726029,8,1967.125,219.849
1939,69,2011,72,893197.8178082192,9,1857.7917,207.99332
1939,70,2011,72,891684.2150684933,10,2058.9167,230.90201
1939,71,2011,72,890120.1589041097,11,1983.125,222.79295
1939,72,2011,72,888606.5561643837,12,2125.2085,239.16193
1939,73,2012,73,887042.5,1,2235.9167,252.06422
1939,74,2012,73,884448.6639344264,2,2093.5,236.70113
1939,75,2012,73,882022.1721311477,3,2198,249.20009
1939,76,2012,73,879428.3360655741,4,2048.7085,232.95912
1939,77,2012,73,876918.1721311477,5,2089.375,238.2634
1939,78,2012,73,874324.3360655741,6,2024.375,231.53593
1939,79,2012,73,871814.1721311477,7,2013.1666,230.91695
1939,80,2012,73,869220.3360655741,8,2025.75,233.05368
1939,81,2012,73,866626.5000000002,9,2019.5,233.03003
1939,82,2012,73,864116.3360655741,10,2098.9585,242.9023
1939,83,2012,73,861522.5000000002,11,2031.875,235.847
1939,84,2012,73,859012.3360655741,12,2342,272.6387
1939,85,2013,74,856418.5,1,2700.7915,315.35886
1939,86,2013,74,852853.5849315068,2,2236,262.17865
1939,87,2013,74,849633.6616438357,3,2392.1667,281.55273
1939,88,2013,74,846068.7465753425,4,2271.6667,268.4967
1939,89,2013,74,842618.8287671232,5,2217.375,263.1528
1939,90,2013,74,839053.9136986299,6,2047.5833,244.03476
1939,91,2013,74,835603.9958904106,7,2141.7083,256.30661
1939,92,2013,74,832039.0808219179,8,2125.5,255.45676
1939,93,2013,74,828474.1657534246,9,1977.9166,238.7421
1939,94,2013,74,825024.2479452053,10,2227.625,270.0072
1939,95,2013,74,821459.3328767121,11,2185.75,266.08133
1939,96,2013,74,818009.4150684932,12,2301.8335,281.3945
1939,97,2014,75,814444.5,1,2734.875,335.79636
1939,98,2014,75,812273.7780821917,2,2357.125,290.18848
1939,99,2014,75,810313.1260273973,3,2481.4583,306.2345
1939,100,2014,75,808142.4041095891,4,2352,291.03781
1939,101,2014,75,806041.7054794522,5,2341.375,290.47815
1939,102,2014,75,803870.9835616439,6,2166.75,269.53952
1939,103,2014,75,801770.284931507,7,2243.9585,279.87549
1939,104,2014,75,799599.5630136987,8,2237.125,279.78067
1939,105,2014,75,797428.8410958904,9,2203,276.26291
1939,106,2014,75,795328.1424657535,10,2292.0417,288.18817
1939,107,2014,75,793157.4205479452,11,2373.5,299.24704
1939,108,2014,75,791056.7219178083,12,2472,312.49341
1939,109,2015,76,788886,1,2947.7917,373.6651
1939,110,2015,76,786653.1931506847,2,2507.25,318.72369
1939,111,2015,76,784636.4643835614,3,2667.4585,339.96106
1939,112,2015,76,782403.6575342463,4,2490.7085,318.34061
1939,113,2015,76,780242.8767123285,5,2494,319.64407
1939,114,2015,76,778010.0698630135,6,2356.5,302.88812
1939,115,2015,76,775849.2890410956,7,2387.4583,307.72192
1939,116,2015,76,773616.4821917806,8,2449,316.56512
1939,117,2015,76,771383.6753424655,9,2240.9583,290.51151
1939,118,2015,76,769222.8945205477,10,2482.2083,322.69037
1939,119,2015,76,766990.0876712326,11,2435.125,317.49106
1939,120,2015,76,764829.3068493148,12,2508.6667,328.00348
1939,121,2016,77,762596.5,1,2824.7917,370.4176
1939,122,2016,77,759793.3292349728,2,2622.875,345.20901
1939,123,2016,77,757171.0081967213,3,2726.375,360.07388
1939,124,2016,77,754367.8374316941,4,2596.625,344.21204
1939,125,2016,77,751655.0915300548,5,2599.375,345.82019
1939,126,2016,77,748851.9207650274,6,2393.7085,319.65045
1939,127,2016,77,746139.1748633881,7,2421.8333,324.58197
1939,128,2016,77,743336.0040983607,8,2484.625,334.2533
1939,129,2016,77,740532.8333333335,9,2442.0833,329.7738
1939,130,2016,77,737820.0874316941,10,2582.4165,350.00626
1939,131,2016,77,735016.9166666667,11,2517.25,342.4751
1939,132,2016,77,732304.1707650274,12,2818.875,384.93225
1939,133,2017,78,729501,1,3061.0833,419.61331
1939,134,2017,78,726066.7095890413,2,2742.375,377.70291
1939,135,2017,78,722964.7698630141,3,2970.5835,410.8891
1939,136,2017,78,719530.4794520549,4,2789.2085,387.64285
1939,137,2017,78,716206.9726027399,5,2722.375,380.11011
1939,138,2017,78,712772.6821917812,6,2527.6665,354.62448
1939,139,2017,78,709449.1753424658,7,2554.4165,360.0563
1939,140,2017,78,706014.8849315071,8,2507.125,355.10938
1939,141,2017,78,702580.5945205484,9,2578,366.93298
1939,142,2017,78,699257.0876712329,10,2766.4167,395.62225
1939,143,2017,78,695822.7972602742,11,2666.25,383.17944
1939,144,2017,78,692499.2904109592,12,3088.625,446.01129
1939,145,2018,79,689065,1,3490.4583,506.54993
1939,146,2018,79,685395.7465753425,2,2922.875,426.45071
1939,147,2018,79,682081.5821917811,3,3063.875,449.19479
1939,148,2018,79,678412.3287671236,4,2765.375,407.62451
1939,149,2018,79,674861.4383561644,5,2741.375,406.21301
1939,150,2018,79,671192.1849315069,6,2582.6665,384.78793
1939,151,2018,79,667641.2945205481,7,2737.3335,410.00064
1939,152,2018,79,663972.0410958906,8,2650.125,399.13202
1939,153,2018,79,660302.7876712331,9,2624.125,397.41238
1939,154,2018,79,656751.8972602743,10,2762.7085,420.66245
1939,155,2018,79,653082.6438356168,11,2763.75,423.18533
1939,156,2018,79,649531.7534246575,12,2985.2085,459.59393
1939,157,2019,80,645862.5,1,3213.375,497.53238
1939,158,2019,80,642549.9589041094,2,2875,447.43604
1939,159,2019,80,639557.9863013695,3,3164.125,494.73621
1939,160,2019,80,636245.4452054794,4,2909.9167,457.35757
1939,161,2019,80,633039.7602739725,5,2953,466.4794
1939,162,2019,80,629727.219178082,6,2760.8333,438.41733
1939,163,2019,80,626521.5342465751,7,2791.9167,445.62183
1939,164,2019,80,623208.9931506845,8,2731.875,438.35617
1939,165,2019,80,619896.4520547944,9,2705.125,436.38336
1939,166,2019,80,616690.7671232875,10,2920.625,473.59634
1939,167,2019,80,613378.226027397,11,2962.5,482.98096
1939,168,2019,80,610172.5410958901,12,3066.8335,502.61743
1939,169,2020,81,606860,1,3345.0833,551.21167
1939,170,2020,81,603134.3674863386,2,2994.25,496.44824
1939,171,2020,81,599649.0983606554,3,3559.0833,593.52765
1939,172,2020,81,595923.4658469944,4,4139.0835,694.56628
1939,173,2020,81,592318.0150273223,5,3393.875,572.98187
1939,174,2020,81,588592.3825136609,6,2992.25,508.3739
1939,175,2020,81,584986.9316939889,7,3402.5415,581.64404
1939,176,2020,81,581261.2991803279,8,3427.5,589.66595
1939,177,2020,81,577535.6666666665,9,3153.4583,546.01965
1939,178,2020,81,573930.2158469944,10,3361.0417,585.61853
1939,179,2020,81,570204.583333333,11,3979.875,697.97314
1939,180,2020,81,566599.1325136609,12,5019.1665,885.84082
1939,181,2021,82,562873.5,1,5030.6665,893.74725
1939,182,2021,82,559167.0465753428,2,3713.875,664.17987
1939,183,2021,82,555819.2821917809,3,3374.75,607.16675
1939,184,2021,82,552112.8287671236,4,3168.7085,573.92407
1939,185,2021,82,548525.9383561644,5,3133.875,571.32666
1939,186,2021,82,544819.4849315071,6,2919.7083,535.90381
1939,187,2021,82,541232.5945205484,7,3047.25,563.02039
1939,188,2021,82,537526.1410958907,8,3584.5,666.85132
1939,189,2021,82,533819.687671233,9,3641.6667,682.19043
1939,190,2021,82,530232.7972602742,10,3609.7917,680.79376
1939,191,2021,82,526526.3438356165,11,3660.625,695.2406
1939,192,2021,82,522939.4534246577,12,3955.625,756.4212
1940,1,2006,66,1059928,1,1732.125,163.41911
1940,2,2006,66,1058685.324657534,2,1592.375,150.4106
1940,3,2006,66,1057562.908219178,3,1652.0834,156.21608
1940,4,2006,66,1056320.232876712,4,1548.3334,146.57803
1940,5,2006,66,1055117.643835616,5,1575.625,149.3317
1940,6,2006,66,1053874.968493151,6,1458.4583,138.39006
1940,7,2006,66,1052672.379452055,7,1544.25,146.69806
1940,8,2006,66,1051429.704109589,8,1514.25,144.01819
1940,9,2006,66,1050187.028767123,9,1482.9583,141.20897
1940,10,2006,66,1048984.439726027,10,1615.7083,154.02596
1940,11,2006,66,1047741.764383562,11,1529.375,145.9687
1940,12,2006,66,1046539.175342466,12,1646.625,157.34003
1940,13,2007,67,1045296.5,1,1776.875,169.98766
1940,14,2007,67,1043930.206849315,2,1609.5,154.17697
1940,15,2007,67,1042696.135616438,3,1673.9584,160.54134
1940,16,2007,67,1041329.842465753,4,1641.4167,157.62698
1940,17,2007,67,1040007.623287671,5,1616.625,155.44357
1940,18,2007,67,1038641.330136986,6,1519.5833,146.30492
1940,19,2007,67,1037319.110958904,7,1605.9166,154.81413
1940,20,2007,67,1035952.817808219,8,1598.625,154.31445
1940,21,2007,67,1034586.524657534,9,1510.9584,146.04466
1940,22,2007,67,1033264.305479452,10,1637.6667,158.49446
1940,23,2007,67,1031898.012328767,11,1644.625,159.37863
1940,24,2007,67,1030575.793150685,12,1791.9167,173.87531
1940,25,2008,68,1029209.5,1,1838.9584,178.67677
1940,26,2008,68,1027398.117486339,2,1807.5,175.92986
1940,27,2008,68,1025703.598360656,3,1851.6667,180.52649
1940,28,2008,68,1023892.215846995,4,1670.5417,163.15602
1940,29,2008,68,1022139.265027322,5,1696,165.92651
1940,30,2008,68,1020327.882513661,6,1624.5416,159.21761
1940,31,2008,68,1018574.931693989,7,1649.125,161.90512
1940,32,2008,68,1016763.549180328,8,1661.75,163.43524
1940,33,2008,68,1014952.166666667,9,1621.1667,159.72839
1940,34,2008,68,1013199.215846995,10,1678.625,165.6757
1940,35,2008,68,1011387.833333333,11,1743,172.33745
1940,36,2008,68,1009634.882513661,12,1888.7083,187.06844
1940,37,2009,69,1007823.5,1,1900.8333,188.60776
1940,38,2009,69,1005477.394520548,2,1703,169.37228
1940,39,2009,69,1003358.331506849,3,1895,188.86572
1940,40,2009,69,1001012.226027397,4,1791.9584,179.01463
1940,41,2009,69,998741.8013698631,5,1743,174.51958
1940,42,2009,69,996395.695890411,6,1655.6666,166.16557
1940,43,2009,69,994125.2712328769,7,1785.9167,179.64705
1940,44,2009,69,991779.1657534249,8,1712.125,172.63168
1940,45,2009,69,989433.0602739728,9,1685.875,170.38799
1940,46,2009,69,987162.6356164385,10,1839.2916,186.32103
1940,47,2009,69,984816.5301369864,11,1756.75,178.38348
1940,48,2009,69,982546.1054794523,12,1922,195.61423
1940,49,2010,70,980200,1,1998.5,203.88696
1940,50,2010,70,978254.9835616436,2,1736.625,177.52274
1940,51,2010,70,976498.1945205478,3,1995.6667,204.36974
1940,52,2010,70,974553.1780821916,4,1826.5417,187.42351
1940,53,2010,70,972670.9041095888,5,1905.25,195.87817
1940,54,2010,70,970725.8876712327,6,1859.6666,191.57484
1940,55,2010,70,968843.6136986299,7,1838.4583,189.758
1940,56,2010,70,966898.5972602738,8,1846.75,190.99728
1940,57,2010,70,964953.5808219176,9,1711.25,177.34013
1940,58,2010,70,963071.3068493148,10,1834.9584,190.53194
1940,59,2010,70,961126.2904109587,11,1859.125,193.43192
1940,60,2010,70,959244.0164383559,12,2116.7917,220.67291
1940,61,2011,71,957299,1,2165.4583,226.205
1940,62,2011,71,955390.376712329,2,1890.125,197.83798
1940,63,2011,71,953666.4589041099,3,2053.875,215.36618
1940,64,2011,71,951757.8356164386,4,1975.1667,207.52829
1940,65,2011,71,949910.780821918,5,1913.375,201.42682
1940,66,2011,71,948002.1575342468,6,1849.4583,195.09009
1940,67,2011,71,946155.1027397262,7,1920.4583,202.97499
1940,68,2011,71,944246.4794520549,8,1930.75,204.47522
1940,69,2011,71,942337.8561643837,9,1905.0834,202.16563
1940,70,2011,71,940490.8013698633,10,1998.9583,212.54416
1940,71,2011,71,938582.1780821921,11,1938.875,206.57487
1940,72,2011,71,936735.1232876715,12,2095.375,223.68916
1940,73,2012,72,934826.5,1,2116.375,226.39227
1940,74,2012,72,933380.4262295082,2,2024.75,216.92656
1940,75,2012,72,932027.6475409836,3,2172.5835,233.10291
1940,76,2012,72,930581.5737704918,4,2044.3751,219.6879
1940,77,2012,72,929182.1475409836,5,2055.875,221.25641
1940,78,2012,72,927736.0737704918,6,1931.0416,208.14558
1940,79,2012,72,926336.6475409836,7,1998.5833,215.75128
1940,80,2012,72,924890.5737704918,8,2046.875,221.30997
1940,81,2012,72,923444.5,9,1960.0417,212.25334
1940,82,2012,72,922045.0737704918,10,2126.75,230.65575
1940,83,2012,72,920599,11,2102.875,228.42465
1940,84,2012,72,919199.5737704918,12,2321.8333,252.59294
1940,85,2013,73,917753.5,1,2554.0415,278.29276
1940,86,2013,73,914964.519178082,2,2131.5,232.95985
1940,87,2013,73,912445.4397260272,3,2316.2085,253.84625
1940,88,2013,73,909656.4589041094,4,2234.5,245.64218
1940,89,2013,73,906957.4452054794,5,2135.5,235.45758
1940,90,2013,73,904168.4643835616,6,1992.7915,220.40047
1940,91,2013,73,901469.4506849314,7,2097.2917,232.65256
1940,92,2013,73,898680.4698630136,8,2130.5,237.06979
1940,93,2013,73,895891.4890410958,9,2003.3333,223.61339
1940,94,2013,73,893192.4753424656,10,2152.0833,240.94283
1940,95,2013,73,890403.4945205478,11,2185.875,245.49263
1940,96,2013,73,887704.4808219178,12,2393.8333,269.66556
1940,97,2014,74,884915.5,1,2564.7917,289.83466
1940,98,2014,74,880845.7945205481,2,2160.5,245.27562
1940,99,2014,74,877169.9315068494,3,2472.25,281.8439
1940,100,2014,74,873100.2260273974,4,2298.1667,263.21912
1940,101,2014,74,869161.8013698631,5,2281.625,262.50867
1940,102,2014,74,865092.0958904107,6,2130.5415,246.27916
1940,103,2014,74,861153.6712328768,7,2203,255.81961
1940,104,2014,74,857083.9657534244,8,2240,261.35129
1940,105,2014,74,853014.2602739725,9,2154.4583,252.57002
1940,106,2014,74,849075.8356164382,10,2262.8333,266.50543
1940,107,2014,74,845006.1301369863,11,2421,286.50681
1940,108,2014,74,841067.7054794519,12,2629.75,312.66806
1940,109,2015,75,836998,1,2846.875,340.12924
1940,110,2015,75,834961.7671232873,2,2391.625,286.43527
1940,111,2015,75,833122.5890410957,3,2596.625,311.67383
1940,112,2015,75,831086.3561643832,4,2431.0417,292.51373
1940,113,2015,75,829115.8082191779,5,2492.125,300.57623
1940,114,2015,75,827079.5753424654,6,2268.8333,274.3186
1940,115,2015,75,825109.0273972601,7,2339.7085,283.56357
1940,116,2015,75,823072.7945205476,8,2354.5,286.06219
1940,117,2015,75,821036.5616438354,9,2250.1667,274.06415
1940,118,2015,75,819066.0136986298,10,2489.625,303.95901
1940,119,2015,75,817029.7808219176,11,2430,297.41879
1940,120,2015,75,815059.232876712,12,2492.5415,305.8111
1940,121,2016,76,813023,1,2729.7083,335.74799
1940,122,2016,76,810777.2363387982,2,2622.5,323.45505
1940,123,2016,76,808676.360655738,3,2754.5,340.61835
1940,124,2016,76,806430.5969945358,4,2572.375,318.98282
1940,125,2016,76,804257.2773224048,5,2529.5,314.51379
1940,126,2016,76,802011.5136612025,6,2287.2083,285.18396
1940,127,2016,76,799838.1939890713,7,2450.1667,306.33279
1940,128,2016,76,797592.4303278693,8,2487.75,311.90741
1940,129,2016,76,795346.666666667,9,2400,301.75522
1940,130,2016,76,793173.3469945358,10,2676.25,337.41049
1940,131,2016,76,790927.5833333337,11,2549.25,322.31143
1940,132,2016,76,788754.2636612025,12,2804.5833,355.57123
1940,133,2017,77,786508.5,1,2947.5415,374.76282
1940,134,2017,77,783596.7082191783,2,2619,334.22806
1940,135,2017,77,780966.7027397261,3,2876.2915,368.29886
1940,136,2017,77,778054.9109589043,4,2626.0417,337.51367
1940,137,2017,77,775237.0479452056,5,2576.75,332.3822
1940,138,2017,77,772325.2561643836,6,2531.5,327.7764
1940,139,2017,77,769507.3931506851,7,2489.1667,323.47534
1940,140,2017,77,766595.6013698631,8,2507.375,327.07922
1940,141,2017,77,763683.8095890412,9,2514.875,329.30841
1940,142,2017,77,760865.9465753427,10,2763.8335,363.24841
1940,143,2017,77,757954.1547945207,11,2642,348.56989
1940,144,2017,77,755136.291780822,12,2990.375,396.00467
1940,145,2018,78,752224.5,1,3256.2083,432.8772
1940,146,2018,78,748668.1630136985,2,2802.5,374.33139
1940,147,2018,78,745455.9876712328,3,2897.25,388.65472
1940,148,2018,78,741899.6506849313,4,2693.0417,362.99274
1940,149,2018,78,738458.0342465756,5,2705.625,366.38846
1940,150,2018,78,734901.6972602741,6,2584.2915,351.65131
1940,151,2018,78,731460.0808219179,7,2662.5415,364.00366
1940,152,2018,78,727903.7438356164,8,2615.5,359.31949
1940,153,2018,78,724347.4068493149,9,2673.0835,369.03336
1940,154,2018,78,720905.7904109587,10,2862.6667,397.09305
1940,155,2018,78,717349.4534246577,11,2805.25,391.05765
1940,156,2018,78,713907.8369863015,12,3047.2915,426.84662
1940,157,2019,79,710351.5,1,3062.2915,431.09525
1940,158,2019,79,706736.0082191778,2,2828.25,400.18478
1940,159,2019,79,703470.402739726,3,3111.3333,442.28345
1940,160,2019,79,699854.9109589038,4,2837.5417,405.44714
1940,161,2019,79,696356.0479452056,5,2939.625,422.14395
1940,162,2019,79,692740.5561643834,6,2738.2915,395.28384
1940,163,2019,79,689241.6931506847,7,2765.6665,401.26221
1940,164,2019,79,685626.201369863,8,2750.75,401.20258
1940,165,2019,79,682010.7095890408,9,2655.1667,389.31451
1940,166,2019,79,678511.8465753426,10,2999.9583,442.13794
1940,167,2019,79,674896.3547945204,11,2854.625,422.97235
1940,168,2019,79,671397.4917808217,12,3199.0833,476.48126
1940,169,2020,80,667782,1,3186.7083,477.20786
1940,170,2020,80,664087.6215846995,2,3006.875,452.78287
1940,171,2020,80,660631.5901639345,3,3461.1667,523.91785
1940,172,2020,80,656937.211748634,4,4130.75,628.78918
1940,173,2020,80,653362.006830601,5,3351.625,512.98132
1940,174,2020,80,649667.6284153005,6,2980.4165,458.76019
1940,175,2020,80,646092.423497268,7,3424.6665,530.05829
1940,176,2020,80,642398.0450819675,8,3429.75,533.89795
1940,177,2020,80,638703.666666667,9,3173.0833,496.80054
1940,178,2020,80,635128.461748634,10,3397.75,534.97052
1940,179,2020,80,631434.0833333335,11,3946,624.9267
1940,180,2020,80,627858.8784153005,12,4962.6665,790.41113
1940,181,2021,81,624164.5,1,4957.4165,794.24841
1940,182,2021,81,620466.9643835616,2,3634.75,585.80878
1940,183,2021,81,617127.2547945203,3,3381.0417,547.86786
1940,184,2021,81,613429.719178082,4,3064.0835,499.50034
1940,185,2021,81,609851.4589041094,5,3109.75,509.91925
1940,186,2021,81,606153.9232876711,6,2967.75,489.60336
1940,187,2021,81,602575.6630136985,7,3127.9585,519.09802
1940,188,2021,81,598878.1273972602,8,3702,618.15582
1940,189,2021,81,595180.5917808218,9,3741.9165,628.7027
1940,190,2021,81,591602.3315068493,10,3679.375,621.93384
1940,191,2021,81,587904.7958904109,11,3691.125,627.84399
1940,192,2021,81,584326.5356164384,12,4027.875,689.31921
1941,1,2006,65,1123291.5,1,1621.75,144.37482
1941,2,2006,65,1122038.972602739,2,1554.875,138.57585
1941,3,2006,65,1120907.657534246,3,1632,145.5963
1941,4,2006,65,1119655.130136986,4,1489.875,133.06552
1941,5,2006,65,1118443.006849315,5,1550.125,138.59669
1941,6,2006,65,1117190.479452055,6,1457.625,130.47238
1941,7,2006,65,1115978.356164383,7,1490.2083,133.5338
1941,8,2006,65,1114725.828767123,8,1522.75,136.6031
1941,9,2006,65,1113473.301369863,9,1465.0833,131.57776
1941,10,2006,65,1112261.178082192,10,1607.1667,144.49545
1941,11,2006,65,1111008.650684931,11,1611.125,145.01462
1941,12,2006,65,1109796.52739726,12,1657.5,149.3517
1941,13,2007,66,1108544,1,1814.375,163.67189
1941,14,2007,66,1107284.635616438,2,1540.25,139.10155
1941,15,2007,66,1106147.145205479,3,1735.5417,156.89972
1941,16,2007,66,1104887.780821918,4,1601.5417,144.95062
1941,17,2007,66,1103669.04109589,5,1612.625,146.11491
1941,18,2007,66,1102409.676712329,6,1487.375,134.92035
1941,19,2007,66,1101190.936986301,7,1549.5833,140.71886
1941,20,2007,66,1099931.57260274,8,1584.875,144.08852
1941,21,2007,66,1098672.208219178,9,1542.375,140.38536
1941,22,2007,66,1097453.468493151,10,1647.5834,150.12785
1941,23,2007,66,1096194.104109589,11,1706.5,155.67499
1941,24,2007,66,1094975.364383562,12,1845.75,168.56543
1941,25,2008,67,1093716,1,1833.4583,167.63568
1941,26,2008,67,1092351.491803279,2,1802,164.96521
1941,27,2008,67,1091075.016393443,3,1803.9167,165.33389
1941,28,2008,67,1089710.508196721,4,1643.2084,150.79311
1941,29,2008,67,1088390.016393443,5,1703.625,156.52707
1941,30,2008,67,1087025.508196721,6,1620.75,149.09953
1941,31,2008,67,1085705.016393443,7,1619.4167,149.15808
1941,32,2008,67,1084340.508196721,8,1630.75,150.39095
1941,33,2008,67,1082976,9,1610.7916,148.73752
1941,34,2008,67,1081655.508196721,10,1725.75,159.5471
1941,35,2008,67,1080291,11,1738.25,160.90572
1941,36,2008,67,1078970.508196721,12,1996.2917,185.01819
1941,37,2009,68,1077606,1,1915.8334,177.78607
1941,38,2009,68,1075820.697260274,2,1672.875,155.49756
1941,39,2009,68,1074208.165753425,3,1874.125,174.46571
1941,40,2009,68,1072422.863013699,4,1752.7084,163.43445
1941,41,2009,68,1070695.150684932,5,1739.125,162.42952
1941,42,2009,68,1068909.847945205,6,1682.5,157.40337
1941,43,2009,68,1067182.135616438,7,1742.75,163.30389
1941,44,2009,68,1065396.832876713,8,1677.25,157.4296
1941,45,2009,68,1063611.530136986,9,1718.9166,161.61131
1941,46,2009,68,1061883.817808219,10,1866.8334,175.80392
1941,47,2009,68,1060098.515068493,11,1846.5,174.18193
1941,48,2009,68,1058370.802739726,12,1929.75,182.33212
1941,49,2010,69,1056585.5,1,2009.125,190.15262
1941,50,2010,69,1054578.908219178,2,1782.375,169.01295
1941,51,2010,69,1052766.502739726,3,1947.2917,184.96901
1941,52,2010,69,1050759.910958904,4,1782.5,169.63913
1941,53,2010,69,1048818.047945205,5,1827.125,174.20801
1941,54,2010,69,1046811.456164383,6,1810.0416,172.90999
1941,55,2010,69,1044869.593150685,7,1840.1667,176.11449
1941,56,2010,69,1042863.001369863,8,1821.375,174.65141
1941,57,2010,69,1040856.409589041,9,1765.5833,169.62793
1941,58,2010,69,1038914.546575342,10,1869.7916,179.97549
1941,59,2010,69,1036907.954794521,11,1937.125,186.81744
1941,60,2010,69,1034966.091780822,12,2133.3333,206.1259
1941,61,2011,70,1032959.5,1,2193.2917,212.33086
1941,62,2011,70,1030988.324657534,2,1898.5,184.14369
1941,63,2011,70,1029207.908219178,3,2048.2917,199.01633
1941,64,2011,70,1027236.732876712,4,1912.3334,186.16287
1941,65,2011,70,1025329.143835617,5,1921,187.35448
1941,66,2011,70,1023357.968493151,6,1856.25,181.38814
1941,67,2011,70,1021450.379452055,7,1918.3333,187.80484
1941,68,2011,70,1019479.204109589,8,1904.625,186.82333
1941,69,2011,70,1017508.028767123,9,1806.4583,177.53749
1941,70,2011,70,1015600.439726027,10,2013.25,198.23248
1941,71,2011,70,1013629.264383562,11,1980.5,195.38702
1941,72,2011,70,1011721.675342466,12,2176.4165,215.12009
1941,73,2012,71,1009750.5,1,2062.5833,204.26662
1941,74,2012,71,1007734.822404372,2,1959.875,194.4832
1941,75,2012,71,1005849.18852459,3,2082.875,207.07628
1941,76,2012,71,1003833.510928962,4,1945.7085,193.8278
1941,77,2012,71,1001882.855191257,5,2039.5,203.56671
1941,78,2012,71,999867.1775956287,6,1898.6249,189.88771
1941,79,2012,71,997916.5218579236,7,1956.0834,196.01674
1941,80,2012,71,995900.8442622952,8,2022.75,203.10757
1941,81,2012,71,993885.1666666667,9,1971,198.31265
1941,82,2012,71,991934.5109289619,10,2143.7917,216.12231
1941,83,2012,71,989918.8333333335,11,2122.875,214.4494
1941,84,2012,71,987968.1775956287,12,2414.9167,244.43265
1941,85,2013,72,985952.5,1,2463.875,249.89793
1941,86,2013,72,984708.3808219179,2,2185.25,221.91849
1941,87,2013,72,983584.6602739727,3,2226.0833,226.3235
1941,88,2013,72,982340.5410958905,4,2170.5417,220.95615
1941,89,2013,72,981136.5547945206,5,2117.375,215.8084
1941,90,2013,72,979892.4356164384,6,2003.4583,204.45695
1941,91,2013,72,978688.4493150685,7,2079.2917,212.45695
1941,92,2013,72,977444.3301369863,8,2110.75,215.9458
1941,93,2013,72,976200.2109589041,9,2014.2916,206.34001
1941,94,2013,72,974996.2246575343,10,2192.7915,224.90256
1941,95,2013,72,973752.1054794521,11,2279.75,234.12016
1941,96,2013,72,972548.1191780822,12,2497.6667,256.81677
1941,97,2014,73,971304,1,2424.875,249.6515
1941,98,2014,73,968157.3726027401,2,2195.625,226.78389
1941,99,2014,73,965315.2575342469,3,2356.7085,244.13873
1941,100,2014,73,962168.6301369867,4,2263.125,235.21085
1941,101,2014,73,959123.5068493155,5,2295.5,239.3331
1941,102,2014,73,955976.8794520551,6,2131.8333,223.0005
1941,103,2014,73,952931.7561643838,7,2259.7085,237.13225
1941,104,2014,73,949785.1287671237,8,2256.75,237.60637
1941,105,2014,73,946638.5013698633,9,2173.625,229.61511
1941,106,2014,73,943593.378082192,10,2360.9583,250.20929
1941,107,2014,73,940446.7506849319,11,2436.625,259.09229
1941,108,2014,73,937401.6273972606,12,2634.125,281.00281
1941,109,2015,74,934255,1,2752.0833,294.57516
1941,110,2015,74,929658.4219178082,2,2363.125,254.19283
1941,111,2015,74,925506.6739726029,3,2525.5,272.87756
1941,112,2015,74,920910.0958904112,4,2460.875,267.22208
1941,113,2015,74,916461.7945205481,5,2467,269.18744
1941,114,2015,74,911865.2164383563,6,2218.5415,243.29709
1941,115,2015,74,907416.9150684932,7,2318.2085,255.47336
1941,116,2015,74,902820.3369863015,8,2299.75,254.72952
1941,117,2015,74,898223.7589041097,9,2298.5,255.89392
1941,118,2015,74,893775.4575342466,10,2519.875,281.93604
1941,119,2015,74,889178.8794520549,11,2571.125,289.15723
1941,120,2015,74,884730.5780821918,12,2690.375,304.08975
1941,121,2016,75,880134,1,2767.5833,314.45023
1941,122,2016,75,878095.75,2,2656,302.47272
1941,123,2016,75,876189,3,2724.5417,310.95364
1941,124,2016,75,874150.75,4,2502.6667,286.29694
1941,125,2016,75,872178.25,5,2469.125,283.09866
1941,126,2016,75,870140,6,2304.375,264.82806
1941,127,2016,75,868167.5,7,2483.375,286.04791
1941,128,2016,75,866129.25,8,2537.75,292.99899
1941,129,2016,75,864091,9,2434.0835,281.69296
1941,130,2016,75,862118.5,10,2670.9585,309.81339
1941,131,2016,75,860080.25,11,2634,306.25049
1941,132,2016,75,858107.75,12,2894.0835,337.26343
1941,133,2017,76,856069.5,1,2939.0417,343.31812
1941,134,2017,76,853765.7328767122,2,2574.125,301.5025
1941,135,2017,76,851684.9109589038,3,2869.1667,336.88126
1941,136,2017,76,849381.1438356163,4,2649.8335,311.97226
1941,137,2017,76,847151.6917808217,5,2552.75,301.33328
1941,138,2017,76,844847.9246575341,6,2534.375,299.98001
1941,139,2017,76,842618.4726027395,7,2541.9583,301.67371
1941,140,2017,76,840314.7054794519,8,2531.625,301.27106
1941,141,2017,76,838010.9383561641,9,2508.6665,299.35965
1941,142,2017,76,835781.4863013697,10,2722.375,325.72809
1941,143,2017,76,833477.719178082,11,2747.375,329.6279
1941,144,2017,76,831248.2671232875,12,3098.125,372.70755
1941,145,2018,77,828944.5,1,3439.5415,414.93027
1941,146,2018,77,825930.0684931506,2,2798.375,338.815
1941,147,2018,77,823207.3561643837,3,2943.1667,357.52435
1941,148,2018,77,820192.9246575343,4,2747.5835,334.99234
1941,149,2018,77,817275.7328767125,5,2765.5,338.38028
1941,150,2018,77,814261.3013698631,6,2565.7083,315.09644
1941,151,2018,77,811344.1095890412,7,2671.5,329.26843
1941,152,2018,77,808329.6780821919,8,2717,336.12524
1941,153,2018,77,805315.2465753425,9,2701.3335,335.43802
1941,154,2018,77,802398.0547945206,10,2884.6665,359.50568
1941,155,2018,77,799383.6232876712,11,2929.25,366.43857
1941,156,2018,77,796466.4315068494,12,3112.2917,390.76245
1941,157,2019,78,793452,1,3092.0833,389.7001
1941,158,2019,78,789709.110958904,2,2773.625,351.2211
1941,159,2019,78,786328.4369863016,3,3032.7085,385.67963
1941,160,2019,78,782585.5479452056,4,2865,366.09415
1941,161,2019,78,778963.3972602738,5,2935.25,376.81488
1941,162,2019,78,775220.5082191783,6,2725.7915,351.61499
1941,163,2019,78,771598.3575342465,7,2789.5415,361.52765
1941,164,2019,78,767855.4684931505,8,2744.5,357.42404
1941,165,2019,78,764112.579452055,9,2737.0417,358.19876
1941,166,2019,78,760490.4287671233,10,2976.6667,391.41409
1941,167,2019,78,756747.5397260273,11,3033.125,400.8107
1941,168,2019,78,753125.389041096,12,3337.25,443.12012
1941,169,2020,79,749382.5,1,3207.4583,428.01349
1941,170,2020,79,745634.3374316939,2,3083.25,413.50699
1941,171,2020,79,742127.9918032787,3,3421.6665,461.06149
1941,172,2020,79,738379.8292349726,4,4159.375,563.31104
1941,173,2020,79,734752.5751366117,5,3410.75,464.20389
1941,174,2020,79,731004.4125683061,6,3068.375,419.7478
1941,175,2020,79,727377.1584699452,7,3506.9167,482.13184
1941,176,2020,79,723628.9959016391,8,3502.375,484.00146
1941,177,2020,79,719880.833333333,9,3275.1665,454.95953
1941,178,2020,79,716253.5792349726,10,3553.0833,496.065
1941,179,2020,79,712505.4166666665,11,4152,582.73242
1941,180,2020,79,708878.1625683061,12,5364.417,756.74738
1941,181,2021,80,705130,1,5041.125,714.92139
1941,182,2021,80,701362.0986301373,2,3600.75,513.39386
1941,183,2021,80,697958.8328767125,3,3433.625,491.95236
1941,184,2021,80,694190.9315068494,4,3231.25,465.46991
1941,185,2021,80,690544.5753424661,5,3134,453.8447
1941,186,2021,80,686776.6739726029,6,3022.2083,440.05692
1941,187,2021,80,683130.3178082192,7,3196.3335,467.89514
1941,188,2021,80,679362.4164383565,8,3785.875,557.26886
1941,189,2021,80,675594.5150684933,9,3935.3335,582.49933
1941,190,2021,80,671948.1589041096,10,3824.8333,569.21552
1941,191,2021,80,668180.2575342469,11,3925.75,587.52856
1941,192,2021,80,664533.9013698632,12,4252.375,639.90338
1942,1,2006,64,1254541.5,1,1662.625,132.5285
1942,2,2006,64,1253004.919178082,2,1482,118.27567
1942,3,2006,64,1251617.039726027,3,1689.1667,134.95876
1942,4,2006,64,1250080.45890411,4,1482.7916,118.61569
1942,5,2006,64,1248593.445205479,5,1604.375,128.49458
1942,6,2006,64,1247056.864383562,6,1512.8333,121.31229
1942,7,2006,64,1245569.850684932,7,1564.625,125.6152
1942,8,2006,64,1244033.269863014,8,1601.25,128.7144
1942,9,2006,64,1242496.689041096,9,1561.6666,125.68779
1942,10,2006,64,1241009.675342466,10,1614.875,130.1259
1942,11,2006,64,1239473.094520548,11,1576.625,127.20123
1942,12,2006,64,1237986.080821918,12,1714.5416,138.49442
1942,13,2007,65,1236449.5,1,1690.125,136.69179
1942,14,2007,65,1235145.419178082,2,1629.375,131.91766
1942,15,2007,65,1233967.539726027,3,1768.4167,143.31145
1942,16,2007,65,1232663.45890411,4,1668.1667,135.33026
1942,17,2007,65,1231401.445205479,5,1621.875,131.70969
1942,18,2007,65,1230097.364383562,6,1586.1666,128.94643
1942,19,2007,65,1228835.350684932,7,1595.9584,129.87569
1942,20,2007,65,1227531.269863014,8,1650.25,134.43649
1942,21,2007,65,1226227.189041096,9,1597.875,130.30823
1942,22,2007,65,1224965.175342466,10,1717.6667,140.22168
1942,23,2007,65,1223661.094520548,11,1659,135.57675
1942,24,2007,65,1222399.080821918,12,1864.2916,152.51088
1942,25,2008,66,1221095,1,1736.2916,142.19136
1942,26,2008,66,1219795.795081967,2,1798.5,147.44272
1942,27,2008,66,1218580.409836065,3,1825,149.76443
1942,28,2008,66,1217281.204918033,4,1714.6667,140.86037
1942,29,2008,66,1216023.909836065,5,1720,141.44458
1942,30,2008,66,1214724.704918033,6,1691.4166,139.2428
1942,31,2008,66,1213467.409836065,7,1674,137.95178
1942,32,2008,66,1212168.204918033,8,1739.875,143.53412
1942,33,2008,66,1210869,9,1705.4584,140.84583
1942,34,2008,66,1209611.704918033,10,1824.875,150.86453
1942,35,2008,66,1208312.5,11,1750.25,144.85077
1942,36,2008,66,1207055.204918033,12,1937.75,160.53532
1942,37,2009,67,1205756,1,1826.5833,151.48863
1942,38,2009,67,1204312.631506849,2,1676.625,139.21841
1942,39,2009,67,1203008.943835616,3,1898.0417,157.77454
1942,40,2009,67,1201565.575342466,4,1790.5001,149.01393
1942,41,2009,67,1200168.767123288,5,1796,149.64561
1942,42,2009,67,1198725.398630137,6,1701.0416,141.90419
1942,43,2009,67,1197328.590410959,7,1801.25,150.43907
1942,44,2009,67,1195885.221917808,8,1771,148.09114
1942,45,2009,67,1194441.853424658,9,1793.75,150.17474
1942,46,2009,67,1193045.045205479,10,1891.0416,158.50546
1942,47,2009,67,1191601.676712329,11,1867.875,156.75331
1942,48,2009,67,1190204.868493151,12,2014.3334,169.24257
1942,49,2010,68,1188761.5,1,1989.875,167.39059
1942,50,2010,68,1186906.595890411,2,1742.25,146.78914
1942,51,2010,68,1185231.198630137,3,1959.75,165.34749
1942,52,2010,68,1183376.294520548,4,1821.125,153.8923
1942,53,2010,68,1181581.226027397,5,1869.375,158.20961
1942,54,2010,68,1179726.321917808,6,1820.5416,154.31898
1942,55,2010,68,1177931.253424658,7,1946,165.20488
1942,56,2010,68,1176076.349315068,8,1845.5,156.92009
1942,57,2010,68,1174221.445205479,9,1828.4166,155.7131
1942,58,2010,68,1172426.376712329,10,1963.9166,167.50874
1942,59,2010,68,1170571.47260274,11,1885.125,161.04314
1942,60,2010,68,1168776.404109589,12,2069.7917,177.09048
1942,61,2011,69,1166921.5,1,2065.875,177.03633
1942,62,2011,69,1164536.283561644,2,1922.5,165.08717
1942,63,2011,69,1162381.894520548,3,2046.25,176.03938
1942,64,2011,69,1159996.678082192,4,1970.5,169.87117
1942,65,2011,69,1157688.404109589,5,1979.625,170.99808
1942,66,2011,69,1155303.187671233,6,1893.6665,163.91078
1942,67,2011,69,1152994.91369863,7,1964.8334,170.41129
1942,68,2011,69,1150609.697260274,8,1973,171.4743
1942,69,2011,69,1148224.480821918,9,1960,170.69833
1942,70,2011,69,1145916.206849315,10,2038.625,177.9035
1942,71,2011,69,1143530.990410959,11,2014.125,176.13208
1942,72,2011,69,1141222.716438356,12,2173.2915,190.43535
1942,73,2012,70,1138837.5,1,2213.375,194.3539
1942,74,2012,70,1136635.780054645,2,1974.875,173.74739
1942,75,2012,70,1134576.106557377,3,2132.75,187.97769
1942,76,2012,70,1132374.386612022,4,2010.5417,177.55098
1942,77,2012,70,1130243.68989071,5,2095.75,185.42462
1942,78,2012,70,1128041.969945355,6,1978.4166,175.38503
1942,79,2012,70,1125911.273224044,7,2038.8333,181.08295
1942,80,2012,70,1123709.553278689,8,2118.125,188.49399
1942,81,2012,70,1121507.833333333,9,2067.875,184.38347
1942,82,2012,70,1119377.136612022,10,2139.25,191.11075
1942,83,2012,70,1117175.416666667,11,2134.5,191.06221
1942,84,2012,70,1115044.719945355,12,2364.375,212.04306
1942,85,2013,71,1112843,1,2488.2917,223.59773
1942,86,2013,71,1110736.316438356,2,2197.625,197.85298
1942,87,2013,71,1108833.505479452,3,2390.5835,215.59445
1942,88,2013,71,1106726.821917808,4,2232.5,201.72096
1942,89,2013,71,1104688.095890411,5,2177.75,197.1371
1942,90,2013,71,1102581.412328767,6,2102.1665,190.65862
1942,91,2013,71,1100542.68630137,7,2118.5415,192.49971
1942,92,2013,71,1098436.002739726,8,2142.125,195.01591
1942,93,2013,71,1096329.319178082,9,2152.125,196.30278
1942,94,2013,71,1094290.593150685,10,2305.375,210.67302
1942,95,2013,71,1092183.909589041,11,2335.875,213.87195
1942,96,2013,71,1090145.183561644,12,2487.625,228.19208
1942,97,2014,72,1088038.5,1,2495.6665,229.373
1942,98,2014,72,1086821.516438356,2,2194.125,201.88458
1942,99,2014,72,1085722.305479452,3,2418.5417,222.75877
1942,100,2014,72,1084505.321917808,4,2321.25,214.03767
1942,101,2014,72,1083327.595890411,5,2341.75,216.16269
1942,102,2014,72,1082110.612328767,6,2204.5835,203.72997
1942,103,2014,72,1080932.88630137,7,2362.5,218.5612
1942,104,2014,72,1079715.902739726,8,2333.375,216.11009
1942,105,2014,72,1078498.919178082,9,2286.2917,211.98833
1942,106,2014,72,1077321.193150685,10,2472.5,229.50444
1942,107,2014,72,1076104.209589041,11,2397.75,222.81764
1942,108,2014,72,1074926.483561644,12,2638.7915,245.48576
1942,109,2015,73,1073709.5,1,2757.3333,256.80441
1942,110,2015,73,1070234.697260274,2,2445,228.45456
1942,111,2015,73,1067096.165753425,3,2551.0415,239.06387
1942,112,2015,73,1063621.363013699,4,2509.4585,235.93532
1942,113,2015,73,1060258.650684931,5,2491.875,235.02519
1942,114,2015,73,1056783.847945205,6,2334.875,220.94159
1942,115,2015,73,1053421.135616438,7,2433.7915,231.0369
1942,116,2015,73,1049946.332876713,8,2416.375,230.14272
1942,117,2015,73,1046471.530136986,9,2397.4583,229.09923
1942,118,2015,73,1043108.817808219,10,2630.9165,252.2188
1942,119,2015,73,1039634.015068493,11,2550.75,245.35077
1942,120,2015,73,1036271.302739726,12,2732.5417,263.68979
1942,121,2016,74,1032796.5,1,2740.3333,265.33139
1942,122,2016,74,1027251.480874318,2,2546.25,247.87018
1942,123,2016,74,1022064.204918033,3,2732.9585,267.39597
1942,124,2016,74,1016519.18579235,4,2583.125,254.11473
1942,125,2016,74,1011153.038251367,5,2556,252.78073
1942,126,2016,74,1005608.019125684,6,2511.125,249.71211
1942,127,2016,74,1000241.8715847,7,2520.4583,251.98488
1942,128,2016,74,994696.8524590172,8,2648,266.21176
1942,129,2016,74,989151.833333334,9,2453.125,248.00288
1942,130,2016,74,983785.6857923502,10,2730.0833,277.50793
1942,131,2016,74,978240.6666666674,11,2715.875,277.62851
1942,132,2016,74,972874.5191256837,12,2888.4165,296.89508
1942,133,2017,75,967329.5,1,2994.1665,309.52911
1942,134,2017,75,965213.9410958902,2,2622.5,271.70142
1942,135,2017,75,963303.1136986301,3,2867.3335,297.6564
1942,136,2017,75,961187.5547945204,4,2684.75,279.31595
1942,137,2017,75,959140.2397260272,5,2733.5,284.99481
1942,138,2017,75,957024.6808219177,6,2580.25,269.61163
1942,139,2017,75,954977.3657534246,7,2687.2085,281.38977
1942,140,2017,75,952861.8068493151,8,2661.25,279.29022
1942,141,2017,75,950746.2479452053,9,2700.75,284.06635
1942,142,2017,75,948698.9328767122,10,2942.5833,310.17041
1942,143,2017,75,946583.3739726027,11,2787.5,294.48013
1942,144,2017,75,944536.0589041095,12,3189.25,337.65253
1942,145,2018,76,942420.5,1,3322.4583,352.5452
1942,146,2018,76,940026.7479452058,2,2820.875,300.08453
1942,147,2018,76,937864.6493150687,3,2933.8333,312.82053
1942,148,2018,76,935470.8972602743,4,2898.9167,309.88849
1942,149,2018,76,933154.363013699,5,2849.5,305.36212
1942,150,2018,76,930760.6109589043,6,2681.2915,288.07532
1942,151,2018,76,928444.0767123289,7,2825.0417,304.27701
1942,152,2018,76,926050.3246575345,8,2920.75,315.39862
1942,153,2018,76,923656.57260274,9,2825,305.84961
1942,154,2018,76,921340.0383561647,10,2985.9167,324.08411
1942,155,2018,76,918946.28630137,11,2933.75,319.25153
1942,156,2018,76,916629.7520547947,12,3211.7917,350.39139
1942,157,2019,77,914236,1,3102.8333,339.39084
1942,158,2019,77,910424.48630137,2,2980.375,327.36102
1942,159,2019,77,906981.8287671232,3,3167.9585,349.28577
1942,160,2019,77,903170.3150684931,4,2971.625,329.02155
1942,161,2019,77,899481.7534246575,5,3060.75,340.27927
1942,162,2019,77,895670.2397260275,6,2879.75,321.51901
1942,163,2019,77,891981.6780821919,7,2908.125,326.02969
1942,164,2019,77,888170.1643835618,8,2876.625,323.8822
1942,165,2019,77,884358.6506849318,9,2947.7085,333.31595
1942,166,2019,77,880670.0890410962,10,3003.7917,341.08026
1942,167,2019,77,876858.5753424657,11,3177.375,362.35889
1942,168,2019,77,873170.01369863,12,3215.5417,368.26068
1942,169,2020,78,869358.5,1,3321,382.0058
1942,170,2020,78,865429.8428961746,2,3116.5,360.11008
1942,171,2020,78,861754.6475409833,3,3479.25,403.7402
1942,172,2020,78,857825.9904371584,4,4252.9585,495.78336
1942,173,2020,78,854024.0642076503,5,3648.75,427.24207
1942,174,2020,78,850095.4071038249,6,3196.5833,376.0264
1942,175,2020,78,846293.4808743168,7,3708.875,438.24927
1942,176,2020,78,842364.8237704914,8,3670.625,435.75241
1942,177,2020,78,838436.1666666665,9,3462.625,412.98611
1942,178,2020,78,834634.2404371584,10,3743,448.4599
1942,179,2020,78,830705.583333333,11,4196.875,505.21811
1942,180,2020,78,826903.6571038249,12,5244,634.17303
1942,181,2021,79,822975,1,5170.2915,628.24408
1942,182,2021,79,819012.5630136989,2,3792.25,463.0271
1942,183,2021,79,815433.5876712329,3,3516.9165,431.29404
1942,184,2021,79,811471.1506849318,4,3483.5835,429.29233
1942,185,2021,79,807636.5342465756,5,3370.5,417.32883
1942,186,2021,79,803674.097260274,6,3177.5833,395.38208
1942,187,2021,79,799839.4808219178,7,3379.625,422.5379
1942,188,2021,79,795877.0438356167,8,4009,503.72104
1942,189,2021,79,791914.6068493151,9,4096.5835,517.30115
1942,190,2021,79,788079.9904109589,10,4002.2917,507.85349
1942,191,2021,79,784117.5534246578,11,3962.5,505.34515
1942,192,2021,79,780282.9369863016,12,4430.6665,567.82819
1943,1,2006,63,1321939,1,1674.4584,126.66684
1943,2,2006,63,1320576.61369863,2,1548.625,117.26885
1943,3,2006,63,1319346.071232877,3,1739.0834,131.81404
1943,4,2006,63,1317983.684931507,4,1532.7917,116.29823
1943,5,2006,63,1316665.246575342,5,1599.125,121.45266
1943,6,2006,63,1315302.860273973,6,1494.75,113.64303
1943,7,2006,63,1313984.421917808,7,1517,115.45038
1943,8,2006,63,1312622.035616438,8,1494.875,113.88465
1943,9,2006,63,1311259.649315068,9,1435.2917,109.45901
1943,10,2006,63,1309941.210958904,10,1532.5,116.98998
1943,11,2006,63,1308578.824657534,11,1427.375,109.07826
1943,12,2006,63,1307260.38630137,12,1509.0417,115.43544
1943,13,2007,64,1305898,1,1806.5,138.33392
1943,14,2007,64,1304309.271232876,2,1682.125,128.96674
1943,15,2007,64,1302874.290410959,3,1762.0833,135.24583
1943,16,2007,64,1301285.561643835,4,1678.7084,129.00385
1943,17,2007,64,1299748.082191781,5,1580.625,121.61011
1943,18,2007,64,1298159.353424657,6,1612.5416,124.21754
1943,19,2007,64,1296621.873972602,7,1605.7917,123.84426
1943,20,2007,64,1295033.145205479,8,1582.625,122.2073
1943,21,2007,64,1293444.416438356,9,1538.0416,118.91053
1943,22,2007,64,1291906.936986301,10,1576.875,122.05794
1943,23,2007,64,1290318.208219178,11,1551.25,120.22228
1943,24,2007,64,1288780.728767123,12,1642.6666,127.45897
1943,25,2008,65,1287192,1,1903.2916,147.86385
1943,26,2008,65,1285870.265027322,2,1865.75,145.09628
1943,27,2008,65,1284633.803278688,3,1866.75,145.31378
1943,28,2008,65,1283312.068306011,4,1797.0834,140.03479
1943,29,2008,65,1282032.969945355,5,1711.125,133.46965
1943,30,2008,65,1280711.234972678,6,1665.875,130.0742
1943,31,2008,65,1279432.136612022,7,1630.625,127.44912
1943,32,2008,65,1278110.401639344,8,1675.5,131.09196
1943,33,2008,65,1276788.666666667,9,1588.0416,124.3778
1943,34,2008,65,1275509.568306011,10,1620.7917,127.07014
1943,35,2008,65,1274187.833333333,11,1625.125,127.54203
1943,36,2008,65,1272908.734972678,12,1778.7916,139.74228
1943,37,2009,66,1271587,1,1977.3749,155.50449
1943,38,2009,66,1270232.809589041,2,1785.25,140.5451
1943,39,2009,66,1269009.669863014,3,1971.2083,155.33438
1943,40,2009,66,1267655.479452055,4,1842.5835,145.35365
1943,41,2009,66,1266344.97260274,5,1793.125,141.59846
1943,42,2009,66,1264990.782191781,6,1706.125,134.87253
1943,43,2009,66,1263680.275342466,7,1801.375,142.5499
1943,44,2009,66,1262326.084931507,8,1694,134.1967
1943,45,2009,66,1260971.894520548,9,1688.9584,133.94099
1943,46,2009,66,1259661.387671233,10,1780.2084,141.32436
1943,47,2009,66,1258307.197260274,11,1723.75,136.98959
1943,48,2009,66,1256996.690410959,12,1876.1666,149.25787
1943,49,2010,67,1255642.5,1,2010.0834,160.08405
1943,50,2010,67,1254062.306849315,2,1839.875,146.71321
1943,51,2010,67,1252635.035616438,3,1957.75,156.29054
1943,52,2010,67,1251054.842465754,4,1814.2084,145.0143
1943,53,2010,67,1249525.623287671,5,1880.5,150.49712
1943,54,2010,67,1247945.430136987,6,1835.3333,147.06839
1943,55,2010,67,1246416.210958904,7,1905.0833,152.84486
1943,56,2010,67,1244836.017808219,8,1721.625,138.30135
1943,57,2010,67,1243255.824657534,9,1754.4583,141.11804
1943,58,2010,67,1241726.605479452,10,1811.0417,145.84866
1943,59,2010,67,1240146.412328767,11,1734.25,139.84236
1943,60,2010,67,1238617.193150685,12,1883.9583,152.10173
1943,61,2011,68,1237037,1,2152.4583,174.00111
1943,62,2011,68,1234930.146575342,2,2054.25,166.34544
1943,63,2011,68,1233027.182191781,3,2167.4167,175.78012
1943,64,2011,68,1230920.328767123,4,2025.9584,164.58891
1943,65,2011,68,1228881.438356164,5,1959.625,159.46413
1943,66,2011,68,1226774.584931507,6,1862.8749,151.85144
1943,67,2011,68,1224735.694520548,7,1940.1667,158.41515
1943,68,2011,68,1222628.84109589,8,1901.625,155.53575
1943,69,2011,68,1220521.987671233,9,1905.1667,156.09442
1943,70,2011,68,1218483.097260274,10,1818.1667,149.21559
1943,71,2011,68,1216376.243835616,11,1818.5,149.50143
1943,72,2011,68,1214337.353424657,12,1894.125,155.98013
1943,73,2012,69,1212230.5,1,2194.7083,181.0471
1943,74,2012,69,1209536.040983607,2,2068.5,171.01599
1943,75,2012,69,1207015.418032787,3,2196.3333,181.96397
1943,76,2012,69,1204320.959016393,4,2145.9585,178.18825
1943,77,2012,69,1201713.418032787,5,2056.375,171.12025
1943,78,2012,69,1199018.959016393,6,2013.9166,167.9637
1943,79,2012,69,1196411.418032787,7,1999.5,167.12479
1943,80,2012,69,1193716.959016393,8,2061.375,172.68541
1943,81,2012,69,1191022.5,9,1929.875,162.03514
1943,82,2012,69,1188414.959016393,10,1954.3334,164.44873
1943,83,2012,69,1185720.5,11,2036.25,171.73103
1943,84,2012,69,1183112.959016393,12,2162.6667,182.79462
1943,85,2013,70,1180418.5,1,2583.6665,218.87717
1943,86,2013,70,1178198.77260274,2,2204.875,187.13948
1943,87,2013,70,1176193.857534247,3,2376.5417,202.05357
1943,88,2013,70,1173974.130136986,4,2242.5,191.01784
1943,89,2013,70,1171826.006849315,5,2207.75,188.40254
1943,90,2013,70,1169606.279452055,6,2070.0833,176.98975
1943,91,2013,70,1167458.156164384,7,2080.125,178.17555
1943,92,2013,70,1165238.428767123,8,2085.875,179.00842
1943,93,2013,70,1163018.701369863,9,2021.2917,173.79701
1943,94,2013,70,1160870.578082192,10,2139.4167,184.29416
1943,95,2013,70,1158650.850684932,11,2078.625,179.40047
1943,96,2013,70,1156502.72739726,12,2337.5,202.11798
1943,97,2014,71,1154283,1,2603.2498,225.52959
1943,98,2014,71,1152071.723287671,2,2334.75,202.65665
1943,99,2014,71,1150074.44109589,3,2455.625,213.51878
1943,100,2014,71,1147863.164383561,4,2331.625,203.12744
1943,101,2014,71,1145723.219178082,5,2357.625,205.77614
1943,102,2014,71,1143511.942465753,6,2195.875,192.02904
1943,103,2014,71,1141371.997260274,7,2267.75,198.68633
1943,104,2014,71,1139160.720547945,8,2208.375,193.85983
1943,105,2014,71,1136949.443835616,9,2127.5417,187.12721
1943,106,2014,71,1134809.498630137,10,2212.375,194.95563
1943,107,2014,71,1132598.221917808,11,2159.25,190.64572
1943,108,2014,71,1130458.276712328,12,2432.9585,215.21878
1943,109,2015,72,1128247,1,2829.5415,250.79095
1943,110,2015,72,1127428.430136986,2,2555.375,226.65518
1943,111,2015,72,1126689.076712329,3,2613.4585,231.95915
1943,112,2015,72,1125870.506849315,4,2538.7085,225.48849
1943,113,2015,72,1125078.342465753,5,2479.625,220.39577
1943,114,2015,72,1124259.77260274,6,2363.4583,210.2235
1943,115,2015,72,1123467.608219178,7,2426.4165,215.97565
1943,116,2015,72,1122649.038356164,8,2362.5,210.43976
1943,117,2015,72,1121830.468493151,9,2324.0417,207.16515
1943,118,2015,72,1121038.304109589,10,2437.125,217.39891
1943,119,2015,72,1120219.734246575,11,2268.5,202.50491
1943,120,2015,72,1119427.569863014,12,2457.0417,219.49091
1943,121,2016,73,1118609,1,2857.2915,255.43256
1943,122,2016,73,1114388.341530054,2,2683.125,240.77109
1943,123,2016,73,1110439.983606557,3,2772.875,249.70958
1943,124,2016,73,1106219.325136612,4,2688.5835,243.04254
1943,125,2016,73,1102134.81693989,5,2609.75,236.79045
1943,126,2016,73,1097914.158469945,6,2496.5833,227.3933
1943,127,2016,73,1093829.650273224,7,2480.9585,226.81398
1943,128,2016,73,1089608.991803279,8,2549.75,234.00597
1943,129,2016,73,1085388.333333333,9,2309.5,212.78099
1943,130,2016,73,1081303.825136612,10,2544.5417,235.32162
1943,131,2016,73,1077083.166666667,11,2402.25,223.03291
1943,132,2016,73,1072998.658469945,12,2707.8335,252.36131
1943,133,2017,74,1068778,1,3177.7915,297.32944
1943,134,2017,74,1062930.465753424,2,2754.625,259.15384
1943,135,2017,74,1057648.821917808,3,3035.875,287.03998
1943,136,2017,74,1051801.287671233,4,2791.9167,265.44147
1943,137,2017,74,1046142.383561643,5,2743.5,262.24921
1943,138,2017,74,1040294.849315068,6,2609.6665,250.85835
1943,139,2017,74,1034635.945205479,7,2571.7915,248.5697
1943,140,2017,74,1028788.410958904,8,2576.125,250.40378
1943,141,2017,74,1022940.876712328,9,2545.7917,248.86989
1943,142,2017,74,1017281.972602739,10,2672.0833,262.66888
1943,143,2017,74,1011434.438356164,11,2609.875,258.03699
1943,144,2017,74,1005775.534246575,12,2887.2917,287.0712
1943,145,2018,75,999928,1,3509.75,351.00027
1943,146,2018,75,997894.1876712327,2,2976.875,298.3157
1943,147,2018,75,996057.1958904108,3,3079.0835,309.12717
1943,148,2018,75,994023.3835616438,4,2939.875,295.75513
1943,149,2018,75,992055.1780821916,5,2900.375,292.36026
1943,150,2018,75,990021.3657534246,6,2716.7915,274.41745
1943,151,2018,75,988053.1602739727,7,2782.2915,281.59329
1943,152,2018,75,986019.3479452054,8,2818.875,285.88434
1943,153,2018,75,983985.5356164384,9,2628.9167,267.17026
1943,154,2018,75,982017.3301369862,10,2820.625,287.22763
1943,155,2018,75,979983.5178082192,11,2687,274.18829
1943,156,2018,75,978015.312328767,12,2900.7083,296.59128
1943,157,2019,76,975981.5,1,3303.4583,338.47549
1943,158,2019,76,973117.0150684931,2,3050.875,313.51575
1943,159,2019,76,970529.7383561644,3,3288.5833,338.84415
1943,160,2019,76,967665.2534246575,4,3078.2917,318.11536
1943,161,2019,76,964893.1712328766,5,3077.375,318.93427
1943,162,2019,76,962028.6863013699,6,2877.75,299.13348
1943,163,2019,76,959256.604109589,7,2882.1667,300.45837
1943,164,2019,76,956392.1191780821,8,2883.625,301.51074
1943,165,2019,76,953527.6342465754,9,2797,293.33182
1943,166,2019,76,950755.5520547945,10,2890.5,304.02136
1943,167,2019,76,947891.0671232876,11,2894.75,305.38846
1943,168,2019,76,945118.9849315069,12,2943.5833,311.45108
1943,169,2020,77,942254.5,1,3566.1665,378.47168
1943,170,2020,77,938373.274590164,2,3307.375,352.45834
1943,171,2020,77,934742.4508196721,3,3639,389.30508
1943,172,2020,77,930861.225409836,4,4392.625,471.88828
1943,173,2020,77,927105.2008196721,5,3691.875,398.21533
1943,174,2020,77,923223.975409836,6,3172.875,343.67337
1943,175,2020,77,919467.9508196721,7,3649.8333,396.95056
1943,176,2020,77,915586.725409836,8,3548,387.51108
1943,177,2020,77,911705.5,9,3306.9583,362.7222
1943,178,2020,77,907949.475409836,10,3536,389.44897
1943,179,2020,77,904068.25,11,3954,437.35635
1943,180,2020,77,900312.225409836,12,4824,535.81409
1943,181,2021,78,896431,1,5423,604.95453
1943,182,2021,78,892511.0712328767,2,3951.75,442.76761
1943,183,2021,78,888970.4904109589,3,3651.4585,410.75137
1943,184,2021,78,885050.5616438356,4,3454.5002,390.31671
1943,185,2021,78,881257.0821917811,5,3419.75,388.05362
1943,186,2021,78,877337.1534246579,6,3215.5415,366.51151
1943,187,2021,78,873543.6739726029,7,3326.125,380.7623
1943,188,2021,78,869623.7452054797,8,3918.25,450.56842
1943,189,2021,78,865703.8164383564,9,3848.2917,444.52753
1943,190,2021,78,861910.3369863015,10,3775.5833,438.04825
1943,191,2021,78,857990.4082191782,11,3673.375,428.13708
1943,192,2021,78,854196.9287671233,12,4013.4583,469.85162
1944,1,2006,62,1319422.5,1,1610.3333,122.04834
1944,2,2006,62,1318457.678082192,2,1412,107.09483
1944,3,2006,62,1317586.226027397,3,1609.9167,122.18682
1944,4,2006,62,1316621.404109589,4,1450.5417,110.17152
1944,5,2006,62,1315687.705479452,5,1493.375,113.50528
1944,6,2006,62,1314722.883561644,6,1340.8333,101.986
1944,7,2006,62,1313789.184931507,7,1372.125,104.44027
1944,8,2006,62,1312824.363013698,8,1317.75,100.37519
1944,9,2006,62,1311859.54109589,9,1288.5,98.21936
1944,10,2006,62,1310925.842465753,10,1321.5833,100.81297
1944,11,2006,62,1309961.020547945,11,1337,102.0641
1944,12,2006,62,1309027.321917808,12,1459.75,111.5141
1944,13,2007,63,1308062.5,1,1764.875,134.92284
1944,14,2007,63,1306701.260273973,2,1538.625,117.74879
1944,15,2007,63,1305471.753424658,3,1683.0417,128.9221
1944,16,2007,63,1304110.51369863,4,1484,113.79404
1944,17,2007,63,1302793.184931507,5,1498.375,115.0125
1944,18,2007,63,1301431.945205479,6,1413.5833,108.61753
1944,19,2007,63,1300114.616438356,7,1468.4166,112.94517
1944,20,2007,63,1298753.376712329,8,1423.75,109.62435
1944,21,2007,63,1297392.136986301,9,1378.375,106.24197
1944,22,2007,63,1296074.808219178,10,1421,109.63873
1944,23,2007,63,1294713.568493151,11,1397,107.90031
1944,24,2007,63,1293396.239726027,12,1459.5417,112.84568
1944,25,2008,64,1292035,1,1876.7916,145.25858
1944,26,2008,64,1290421.433060109,2,1797,139.25684
1944,27,2008,64,1288911.967213115,3,1826,141.66988
1944,28,2008,64,1287298.400273224,4,1661.3335,129.05582
1944,29,2008,64,1285736.883879781,5,1627.375,126.57139
1944,30,2008,64,1284123.316939891,6,1524.0416,118.68343
1944,31,2008,64,1282561.800546448,7,1571.9583,122.56394
1944,32,2008,64,1280948.233606557,8,1518.625,118.55475
1944,33,2008,64,1279334.666666667,9,1438.7084,112.45754
1944,34,2008,64,1277773.150273224,10,1480.25,115.84607
1944,35,2008,64,1276159.583333333,11,1513.375,118.58823
1944,36,2008,64,1274598.066939891,12,1580.3334,123.9868
1944,37,2009,65,1272984.5,1,1953.7916,153.48119
1944,38,2009,65,1271604.532876712,2,1636.875,128.72516
1944,39,2009,65,1270358.110958904,3,1774.3334,139.67191
1944,40,2009,65,1268978.143835616,4,1682.7917,132.60999
1944,41,2009,65,1267642.691780822,5,1671.625,131.86879
1944,42,2009,65,1266262.724657534,6,1548.0833,122.25609
1944,43,2009,65,1264927.27260274,7,1641.9166,129.80324
1944,44,2009,65,1263547.305479452,8,1564.375,123.80819
1944,45,2009,65,1262167.338356164,9,1537.9583,121.85059
1944,46,2009,65,1260831.88630137,10,1609.0833,127.62076
1944,47,2009,65,1259451.919178082,11,1623.375,128.89536
1944,48,2009,65,1258116.467123287,12,1774.1667,141.01768
1944,49,2010,66,1256736.5,1,2005.9166,159.61314
1944,50,2010,66,1255243.91369863,2,1853,147.62071
1944,51,2010,66,1253895.771232876,3,1886.8333,150.47768
1944,52,2010,66,1252403.184931507,4,1683.8334,134.44818
1944,53,2010,66,1250958.746575342,5,1746,139.57295
1944,54,2010,66,1249466.160273972,6,1708.125,136.70839
1944,55,2010,66,1248021.721917808,7,1706.625,136.74641
1944,56,2010,66,1246529.135616438,8,1655.125,132.77869
1944,57,2010,66,1245036.549315068,9,1609.625,129.28336
1944,58,2010,66,1243592.110958904,10,1700.0833,136.70746
1944,59,2010,66,1242099.524657534,11,1624.75,130.80675
1944,60,2010,66,1240655.08630137,12,1733.2084,139.70107
1944,61,2011,67,1239162.5,1,2085.7917,168.32269
1944,62,2011,67,1237704.778082192,2,1948,157.38809
1944,63,2011,67,1236388.126027397,3,1925.4167,155.72916
1944,64,2011,67,1234930.404109589,4,1813.0835,146.81665
1944,65,2011,67,1233519.705479452,5,1762.75,142.90408
1944,66,2011,67,1232061.983561644,6,1741.8333,141.37546
1944,67,2011,67,1230651.284931507,7,1810.8333,147.1443
1944,68,2011,67,1229193.563013699,8,1700.625,138.35291
1944,69,2011,67,1227735.84109589,9,1724.0417,140.42448
1944,70,2011,67,1226325.142465753,10,1679.8333,136.98106
1944,71,2011,67,1224867.420547945,11,1729.625,141.20917
1944,72,2011,67,1223456.721917808,12,1836,150.0666
1944,73,2012,68,1221999,1,2093.5833,171.32446
1944,74,2012,68,1219776.105191257,2,1933.5,158.5127
1944,75,2012,68,1217696.622950819,3,2067.5,169.78778
1944,76,2012,68,1215473.728142076,4,1941.625,159.74225
1944,77,2012,68,1213322.539617486,5,1981.875,163.3428
1944,78,2012,68,1211099.644808743,6,1826.8333,150.84087
1944,79,2012,68,1208948.456284153,7,1838.5,152.07431
1944,80,2012,68,1206725.561475409,8,1839.875,152.46838
1944,81,2012,68,1204502.666666666,9,1853.3334,153.86711
1944,82,2012,68,1202351.478142076,10,1829.2083,152.13589
1944,83,2012,68,1200128.583333333,11,1858.375,154.84799
1944,84,2012,68,1197977.394808743,12,1944.125,162.28395
1944,85,2013,69,1195754.5,1,2496.4583,208.77682
1944,86,2013,69,1192916.173972603,2,2060.375,172.7175
1944,87,2013,69,1190352.524657534,3,2222.4167,186.70241
1944,88,2013,69,1187514.198630137,4,2060.2917,173.49619
1944,89,2013,69,1184767.431506849,5,2035.5,171.80588
1944,90,2013,69,1181929.105479452,6,1940.2915,164.1631
1944,91,2013,69,1179182.338356165,7,1992.125,168.94122
1944,92,2013,69,1176344.012328767,8,1902.375,161.71927
1944,93,2013,69,1173505.68630137,9,1862.5417,158.71603
1944,94,2013,69,1170758.919178082,10,1994.7916,170.38449
1944,95,2013,69,1167920.593150685,11,1874.75,160.52032
1944,96,2013,69,1165173.826027397,12,2088.5417,179.24722
1944,97,2014,70,1162335.5,1,2599.8333,223.67322
1944,98,2014,70,1160118.915068493,2,2208.25,190.34686
1944,99,2014,70,1158116.838356165,3,2342.25,202.24643
1944,100,2014,70,1155900.253424658,4,2171.6667,187.87666
1944,101,2014,70,1153755.171232877,5,2163.5,187.51811
1944,102,2014,70,1151538.58630137,6,2026.5,175.98195
1944,103,2014,70,1149393.504109589,7,2030.4167,176.65114
1944,104,2014,70,1147176.919178082,8,2062,179.74559
1944,105,2014,70,1144960.334246575,9,1969.9166,172.05109
1944,106,2014,70,1142815.252054795,10,2058.8335,180.15454
1944,107,2014,70,1140598.667123288,11,2114.625,185.39606
1944,108,2014,70,1138453.584931507,12,2134.5833,187.49849
1944,109,2015,71,1136237,1,2719.2917,239.32434
1944,110,2015,71,1134189.980821918,2,2415.625,212.98239
1944,111,2015,71,1132341.060273973,3,2572.3333,227.16948
1944,112,2015,71,1130294.041095891,4,2373,209.94537
1944,113,2015,71,1128313.054794521,5,2345.875,207.90994
1944,114,2015,71,1126266.035616438,6,2158.375,191.63989
1944,115,2015,71,1124285.049315069,7,2240.0835,199.24516
1944,116,2015,71,1122238.030136986,8,2173.375,193.66435
1944,117,2015,71,1120191.010958904,9,2149.6667,191.90181
1944,118,2015,71,1118210.024657534,10,2160.5,193.21057
1944,119,2015,71,1116163.005479452,11,2190.5,196.2527
1944,120,2015,71,1114182.019178082,12,2280.1665,204.64937
1944,121,2016,72,1112135,1,2717.5415,244.35356
1944,122,2016,72,1111538.927595628,2,2491.375,224.13745
1944,123,2016,72,1110981.31147541,3,2670.9167,240.4106
1944,124,2016,72,1110385.239071038,4,2490.0417,224.25026
1944,125,2016,72,1109808.394808743,5,2413,217.42491
1944,126,2016,72,1109212.322404372,6,2297.0835,207.09142
1944,127,2016,72,1108635.478142076,7,2388.5835,215.45256
1944,128,2016,72,1108039.405737705,8,2341.125,211.28535
1944,129,2016,72,1107443.333333333,9,2242.9167,202.53107
1944,130,2016,72,1106866.489071038,10,2326.3333,210.17288
1944,131,2016,72,1106270.416666667,11,2303.5,208.22215
1944,132,2016,72,1105693.572404372,12,2461.375,222.60915
1944,133,2017,73,1105097.5,1,3065.3333,277.38126
1944,134,2017,73,1100839.628767123,2,2688,244.17726
1944,135,2017,73,1096993.809589041,3,2799.4167,255.18983
1944,136,2017,73,1092735.938356164,4,2575.3335,235.67757
1944,137,2017,73,1088615.417808219,5,2544.25,233.71431
1944,138,2017,73,1084357.546575342,6,2422.4583,223.40033
1944,139,2017,73,1080237.026027397,7,2364.6667,218.90259
1944,140,2017,73,1075979.154794521,8,2392.5,222.35561
1944,141,2017,73,1071721.283561644,9,2402.125,224.1371
1944,142,2017,73,1067600.763013699,10,2469.4165,231.30524
1944,143,2017,73,1063342.891780822,11,2423,227.86629
1944,144,2017,73,1059222.371232877,12,2636.3333,248.89328
1944,145,2018,74,1054964.5,1,3335.7083,316.19153
1944,146,2018,74,1048781.104109589,2,2730,260.30219
1944,147,2018,74,1043196.101369863,3,2875.75,275.66724
1944,148,2018,74,1037012.705479452,4,2786.125,268.66837
1944,149,2018,74,1031028.773972603,5,2654.875,257.49765
1944,150,2018,74,1024845.378082192,6,2561.375,249.92795
1944,151,2018,74,1018861.446575343,7,2507.1665,246.07532
1944,152,2018,74,1012678.050684932,8,2562.25,253.01723
1944,153,2018,74,1006494.654794521,9,2455.75,243.99037
1944,154,2018,74,1000510.723287671,10,2637,263.5654
1944,155,2018,74,994327.3273972599,11,2568,258.26505
1944,156,2018,74,988343.395890411,12,2693.4167,272.51831
1944,157,2019,75,982160,1,3233.2915,329.20212
1944,158,2019,75,980174.6835616438,2,2866.375,292.43512
1944,159,2019,75,978381.494520548,3,3030.4167,309.73773
1944,160,2019,75,976396.1780821919,4,2858.5417,292.76453
1944,161,2019,75,974474.9041095891,5,2824,289.79709
1944,162,2019,75,972489.5876712329,6,2667.2915,274.27457
1944,163,2019,75,970568.3136986301,7,2644.75,272.495
1944,164,2019,75,968582.9972602739,8,2647.5,273.33743
1944,165,2019,75,966597.6808219177,9,2582.75,267.2001
1944,166,2019,75,964676.4068493152,10,2647.4165,274.4357
1944,167,2019,75,962691.090410959,11,2746.125,285.25507
1944,168,2019,75,960769.8164383562,12,2775.7917,288.9133
1944,169,2020,76,958784.5,1,3373.9998,351.90387
1944,170,2020,76,955193.9631147538,2,3075.625,321.98956
1944,171,2020,76,951835.0737704919,3,3436.2085,361.00882
1944,172,2020,76,948244.5368852457,4,3980.4585,419.7713
1944,173,2020,76,944769.8237704919,5,3390.75,358.89694
1944,174,2020,76,941179.2868852457,6,3015.125,320.35608
1944,175,2020,76,937704.5737704919,7,3350.4585,357.30426
1944,176,2020,76,934114.0368852457,8,3336.625,357.19675
1944,177,2020,76,930523.5,9,3017.5415,324.2843
1944,178,2020,76,927048.7868852457,10,3266.75,352.38168
1944,179,2020,76,923458.25,11,3597,389.5141
1944,180,2020,76,919983.5368852457,12,4488.7915,487.92084
1944,181,2021,77,916393,1,5251.25,573.03473
1944,182,2021,77,912766.0849315072,2,3809.25,417.33035
1944,183,2021,77,909490.1616438357,3,3476.75,382.27463
1944,184,2021,77,905863.2465753425,4,3129.3752,345.45779
1944,185,2021,77,902353.3287671236,5,3152,349.30884
1944,186,2021,77,898726.4136986304,6,2980.0415,331.58496
1944,187,2021,77,895216.4958904111,7,3157.1665,352.67072
1944,188,2021,77,891589.5808219179,8,3628.375,406.95575
1944,189,2021,77,887962.6657534251,9,3687.9165,415.32336
1944,190,2021,77,884452.7479452058,10,3446.3333,389.65714
1944,191,2021,77,880825.8328767125,11,3491.125,396.3468
1944,192,2021,77,877315.9150684932,12,3746.7917,427.0744
1945,1,2006,61,1330807.5,1,1472.4166,110.64084
1945,2,2006,61,1330595.595890411,2,1298.375,97.578484
1945,3,2006,61,1330404.198630137,3,1428.125,107.3452
1945,4,2006,61,1330192.294520548,4,1300.5,97.767822
1945,5,2006,61,1329987.226027397,5,1356.75,102.01226
1945,6,2006,61,1329775.321917808,6,1258.2916,94.624374
1945,7,2006,61,1329570.253424658,7,1306.125,98.236626
1945,8,2006,61,1329358.349315068,8,1257.375,94.585106
1945,9,2006,61,1329146.445205479,9,1275.4166,95.957573
1945,10,2006,61,1328941.376712329,10,1373.3334,103.3404
1945,11,2006,61,1328729.47260274,11,1343.625,101.12103
1945,12,2006,61,1328524.404109589,12,1524.125,114.72314
1945,13,2007,62,1328312.5,1,1593.9166,119.99561
1945,14,2007,62,1327379.739726027,2,1481.625,111.62029
1945,15,2007,62,1326537.246575342,3,1480.5416,111.6095
1945,16,2007,62,1325604.48630137,4,1422.9583,107.3441
1945,17,2007,62,1324701.815068493,5,1381,104.24988
1945,18,2007,62,1323769.054794521,6,1261.6666,95.308662
1945,19,2007,62,1322866.383561644,7,1303.375,98.526581
1945,20,2007,62,1321933.623287671,8,1355.375,102.52973
1945,21,2007,62,1321000.863013699,9,1328.5417,100.57085
1945,22,2007,62,1320098.191780822,10,1436.125,108.78925
1945,23,2007,62,1319165.431506849,11,1503,113.93567
1945,24,2007,62,1318262.760273973,12,1596.7083,121.12215
1945,25,2008,63,1317330,1,1636.9166,124.26018
1945,26,2008,63,1315948.086065574,2,1602.125,121.74683
1945,27,2008,63,1314655.327868852,3,1595.125,121.33408
1945,28,2008,63,1313273.413934426,4,1479.875,112.68598
1945,29,2008,63,1311936.077868852,5,1485.875,113.25819
1945,30,2008,63,1310554.163934426,6,1422.0416,108.5069
1945,31,2008,63,1309216.827868852,7,1464.3333,111.84803
1945,32,2008,63,1307834.913934426,8,1424.625,108.93003
1945,33,2008,63,1306453,9,1411.7916,108.06295
1945,34,2008,63,1305115.663934426,10,1504.125,115.24841
1945,35,2008,63,1303733.75,11,1559.5,119.61798
1945,36,2008,63,1302396.413934426,12,1692.75,129.97195
1945,37,2009,64,1301014.5,1,1737.5416,133.55283
1945,38,2009,64,1299466.071232877,2,1639.375,126.15759
1945,39,2009,64,1298067.490410959,3,1653.8334,127.40735
1945,40,2009,64,1296519.061643835,4,1517.4167,117.03775
1945,41,2009,64,1295020.582191781,5,1577,121.77412
1945,42,2009,64,1293472.153424657,6,1427.0833,110.32964
1945,43,2009,64,1291973.673972602,7,1502.7917,116.31752
1945,44,2009,64,1290425.245205479,8,1501.375,116.34731
1945,45,2009,64,1288876.816438356,9,1476.0417,114.52155
1945,46,2009,64,1287378.336986301,10,1638.5,127.27416
1945,47,2009,64,1285829.908219178,11,1748.5,135.98221
1945,48,2009,64,1284331.428767123,12,1850.5,144.08275
1945,49,2010,65,1282783,1,1858.2916,144.86407
1945,50,2010,65,1281320.224657535,2,1689.75,131.8757
1945,51,2010,65,1279999.008219178,3,1824.0834,142.50662
1945,52,2010,65,1278536.232876712,4,1580.8335,123.64401
1945,53,2010,65,1277120.643835617,5,1660.125,129.98967
1945,54,2010,65,1275657.868493151,6,1573.25,123.32852
1945,55,2010,65,1274242.279452055,7,1592,124.937
1945,56,2010,65,1272779.504109589,8,1624,127.59476
1945,57,2010,65,1271316.728767124,9,1532.4166,120.53775
1945,58,2010,65,1269901.139726028,10,1648.1667,129.78702
1945,59,2010,65,1268438.364383562,11,1785.25,140.74393
1945,60,2010,65,1267022.775342466,12,1940.7084,153.17076
1945,61,2011,66,1265560,1,1891.3749,149.44965
1945,62,2011,66,1264138.246575342,2,1753.125,138.68143
1945,63,2011,66,1262854.082191781,3,1773.1666,140.40947
1945,64,2011,66,1261432.328767123,4,1691.8334,134.12003
1945,65,2011,66,1260056.438356164,5,1655.875,131.41277
1945,66,2011,66,1258634.684931507,6,1614.2083,128.25073
1945,67,2011,66,1257258.794520548,7,1658.2917,131.8974
1945,68,2011,66,1255837.041095891,8,1616.75,128.73883
1945,69,2011,66,1254415.287671233,9,1620.5834,129.19034
1945,70,2011,66,1253039.397260274,10,1771.4167,141.3696
1945,71,2011,66,1251617.643835617,11,1777.875,142.04617
1945,72,2011,66,1250241.753424658,12,1934.625,154.74007
1945,73,2012,67,1248820,1,2029.1249,162.48337
1945,74,2012,67,1247422.882513661,2,1829.375,146.65236
1945,75,2012,67,1246115.901639344,3,1942.1667,155.85764
1945,76,2012,67,1244718.784153006,4,1803.625,144.90221
1945,77,2012,67,1243366.734972678,5,1828.375,147.05034
1945,78,2012,67,1241969.617486339,6,1678.5416,135.15158
1945,79,2012,67,1240617.568306011,7,1724.7083,139.02014
1945,80,2012,67,1239220.450819672,8,1766.5,142.5493
1945,81,2012,67,1237823.333333333,9,1747.5833,141.18196
1945,82,2012,67,1236471.284153006,10,1866.7917,150.97737
1945,83,2012,67,1235074.166666667,11,1943.5,157.35898
1945,84,2012,67,1233722.117486339,12,2161.1665,175.1745
1945,85,2013,68,1232325,1,2246.1665,182.27063
1945,86,2013,68,1229944.921917808,2,1918.25,155.96227
1945,87,2013,68,1227795.173972603,3,2053.2917,167.23407
1945,88,2013,68,1225415.095890411,4,1951.0835,159.21817
1945,89,2013,68,1223111.794520548,5,1905.125,155.7605
1945,90,2013,68,1220731.716438356,6,1828.7916,149.8111
1945,91,2013,68,1218428.415068493,7,1882.2083,154.47836
1945,92,2013,68,1216048.336986301,8,1791.5,147.32144
1945,93,2013,68,1213668.258904109,9,1807.75,148.94926
1945,94,2013,68,1211364.957534247,10,1949.4166,160.92728
1945,95,2013,68,1208984.879452055,11,2107.375,174.30946
1945,96,2013,68,1206681.578082192,12,2305.125,191.03009
1945,97,2014,69,1204301.5,1,2380.2083,197.64223
1945,98,2014,69,1201224.516438356,2,2004.5,166.87138
1945,99,2014,69,1198445.305479452,3,2104,175.56079
1945,100,2014,69,1195368.321917808,4,2062.7085,172.55841
1945,101,2014,69,1192390.595890411,5,2057.25,172.53156
1945,102,2014,69,1189313.612328767,6,1897.7083,159.56332
1945,103,2014,69,1186335.88630137,7,1900.625,160.20969
1945,104,2014,69,1183258.902739726,8,1943.25,164.22864
1945,105,2014,69,1180181.919178082,9,1944.6667,164.77687
1945,106,2014,69,1177204.193150685,10,2092.625,177.76228
1945,107,2014,69,1174127.209589041,11,2166.375,184.5094
1945,108,2014,69,1171149.483561644,12,2434.4167,207.86559
1945,109,2015,70,1168072.5,1,2534.0415,216.94214
1945,110,2015,70,1165914.560273973,2,2182.75,187.21355
1945,111,2015,70,1163965.453424657,3,2363.125,203.02364
1945,112,2015,70,1161807.51369863,4,2184.4167,188.01881
1945,113,2015,70,1159719.184931507,5,2187.125,188.59091
1945,114,2015,70,1157561.245205479,6,2008.0416,173.47174
1945,115,2015,70,1155472.916438356,7,2085.2915,180.47083
1945,116,2015,70,1153314.976712329,8,2099.625,182.05132
1945,117,2015,70,1151157.036986301,9,2115.125,183.73904
1945,118,2015,70,1149068.708219178,10,2190.0833,190.59637
1945,119,2015,70,1146910.768493151,11,2268.125,197.75951
1945,120,2015,70,1144822.439726027,12,2438.7917,213.02795
1945,121,2016,71,1142664.5,1,2513.625,219.97926
1945,122,2016,71,1140637.387978142,2,2385,209.09361
1945,123,2016,71,1138741.057377049,3,2444.6667,214.68153
1945,124,2016,71,1136713.945355191,4,2324.6667,204.50763
1945,125,2016,71,1134752.224043716,5,2210.25,194.7782
1945,126,2016,71,1132725.112021858,6,2149,189.71947
1945,127,2016,71,1130763.390710382,7,2208.1665,195.28104
1945,128,2016,71,1128736.278688524,8,2178.375,192.99239
1945,129,2016,71,1126709.166666667,9,2194.6665,194.78554
1945,130,2016,71,1124747.445355191,10,2316.25,205.93512
1945,131,2016,71,1122720.333333333,11,2460.5,219.1552
1945,132,2016,71,1120758.612021858,12,2643.625,235.87817
1945,133,2017,72,1118731.5,1,2700.1665,241.35965
1945,134,2017,72,1118381.836986301,2,2418.375,216.23875
1945,135,2017,72,1118066.012328767,3,2612.5835,233.66988
1945,136,2017,72,1117716.349315068,4,2385.2085,213.40016
1945,137,2017,72,1117377.965753425,5,2442.5,218.5921
1945,138,2017,72,1117028.302739726,6,2224.5833,199.15192
1945,139,2017,72,1116689.919178082,7,2261.75,202.54056
1945,140,2017,72,1116340.256164384,8,2303.875,206.37749
1945,141,2017,72,1115990.593150685,9,2377.0417,212.99837
1945,142,2017,72,1115652.209589041,10,2394.6667,214.64276
1945,143,2017,72,1115302.546575343,11,2652,237.78302
1945,144,2017,72,1114964.163013699,12,2914.4583,261.39481
1945,145,2018,73,1114614.5,1,3158.5,283.37152
1945,146,2018,73,1110113.045205479,2,2565,231.05756
1945,147,2018,73,1106047.215068493,3,2730.8335,246.90027
1945,148,2018,73,1101545.760273973,4,2551.5835,231.63663
1945,149,2018,73,1097189.51369863,5,2485.625,226.54472
1945,150,2018,73,1092688.05890411,6,2395.2915,219.21092
1945,151,2018,73,1088331.812328767,7,2382.5835,218.92068
1945,152,2018,73,1083830.357534247,8,2396,221.06781
1945,153,2018,73,1079328.902739726,9,2329.6665,215.84398
1945,154,2018,73,1074972.656164384,10,2607.5417,242.56819
1945,155,2018,73,1070471.201369863,11,2740.625,256.02045
1945,156,2018,73,1066114.954794521,12,2953.3333,277.01828
1945,157,2019,74,1061613.5,1,2957.7917,278.61285
1945,158,2019,74,1056509.753424658,2,2683.375,253.98488
1945,159,2019,74,1051899.917808219,3,2934.625,278.98328
1945,160,2019,74,1046796.171232877,4,2665.7085,254.65402
1945,161,2019,74,1041857.061643836,5,2658.25,255.14537
1945,162,2019,74,1036753.315068494,6,2496.1665,240.76764
1945,163,2019,74,1031814.205479452,7,2500.9165,242.38051
1945,164,2019,74,1026710.45890411,8,2525.5,245.97977
1945,165,2019,74,1021606.712328767,9,2529.1667,247.56755
1945,166,2019,74,1016667.602739726,10,2755.875,271.06943
1945,167,2019,74,1011563.856164384,11,2810.625,277.84949
1945,168,2019,74,1006624.746575343,12,3028.7083,300.87759
1945,169,2020,75,1001521,1,3094.7083,309.00082
1945,170,2020,75,998088.173497268,2,2881.75,288.72699
1945,171,2020,75,994876.8196721314,3,3145.1665,316.13626
1945,172,2020,75,991443.993169399,4,3805.042,383.7879
1945,173,2020,75,988121.9030054645,5,3155.875,319.38113
1945,174,2020,75,984689.0765027325,6,2871.4165,291.60641
1945,175,2020,75,981366.986338798,7,3186.75,324.72562
1945,176,2020,75,977934.1598360655,8,3221.25,329.39334
1945,177,2020,75,974501.3333333335,9,3068.1667,314.84479
1945,178,2020,75,971179.243169399,10,3228.0417,332.38373
1945,179,2020,75,967746.416666667,11,3822.25,394.96399
1945,180,2020,75,964424.3265027325,12,4858.3335,503.75476
1945,181,2021,76,960991.5,1,4987.9585,519.04291
1945,182,2021,76,957521.5383561645,2,3632.625,379.3779
1945,183,2021,76,954387.3794520549,3,3220.4165,337.43286
1945,184,2021,76,950917.4178082193,4,2990.6665,314.5033
1945,185,2021,76,947559.3904109593,5,3038.375,320.65271
1945,186,2021,76,944089.4287671233,6,2811.5415,297.80457
1945,187,2021,76,940731.4013698632,7,2983.875,317.18671
1945,188,2021,76,937261.4397260277,8,3559.75,379.80331
1945,189,2021,76,933791.4780821921,9,3723.4165,398.74176
1945,190,2021,76,930433.4506849316,10,3647.9585,392.07086
1945,191,2021,76,926963.4890410961,11,3607.5,389.17389
1945,192,2021,76,923605.461643836,12,4229.542,457.93817
1946,1,2006,60,1563781.5,1,1306.3333,83.536812
1946,2,2006,60,1562634.75479452,2,1258.25,80.521057
1946,3,2006,60,1561598.984931507,3,1392.5,89.171417
1946,4,2006,60,1560452.239726027,4,1339.4584,85.83783
1946,5,2006,60,1559342.48630137,5,1400.125,89.789444
1946,6,2006,60,1558195.74109589,6,1357.375,87.111969
1946,7,2006,60,1557085.987671233,7,1421.5417,91.295006
1946,8,2006,60,1555939.242465753,8,1422.75,91.439949
1946,9,2006,60,1554792.497260274,9,1411.9166,90.810616
1946,10,2006,60,1553682.743835616,10,1537.75,98.974518
1946,11,2006,60,1552535.998630137,11,1515.75,97.630585
1946,12,2006,60,1551426.245205479,12,1711.9583,110.34738
1946,13,2007,61,1550279.5,1,1437.875,92.749405
1946,14,2007,61,1550451.953424658,2,1318.375,85.031654
1946,15,2007,61,1550607.717808219,3,1456.3334,93.920166
1946,16,2007,61,1550780.171232877,4,1396.2084,90.032646
1946,17,2007,61,1550947.061643836,5,1405.25,90.605927
1946,18,2007,61,1551119.515068493,6,1416.125,91.296959
1946,19,2007,61,1551286.405479452,7,1449.7917,93.45739
1946,20,2007,61,1551458.85890411,8,1504,96.941017
1946,21,2007,61,1551631.312328767,9,1555.9583,100.27886
1946,22,2007,61,1551798.202739726,10,1643.5416,105.91207
1946,23,2007,61,1551970.656164384,11,1526.25,98.342712
1946,24,2007,61,1552137.546575343,12,1717.0417,110.62433
1946,25,2008,62,1552310,1,1525.125,98.248741
1946,26,2008,62,1551302.161202186,2,1496.125,96.443169
1946,27,2008,62,1550359.344262295,3,1567.625,101.11366
1946,28,2008,62,1549351.505464481,4,1483.9167,95.776634
1946,29,2008,62,1548376.177595628,5,1489.625,96.205627
1946,30,2008,62,1547368.338797814,6,1558.2916,100.70592
1946,31,2008,62,1546393.010928962,7,1533.6667,99.177032
1946,32,2008,62,1545385.172131148,8,1626.25,105.23267
1946,33,2008,62,1544377.333333333,9,1619.7084,104.87776
1946,34,2008,62,1543402.005464481,10,1683.8333,109.09881
1946,35,2008,62,1542394.166666667,11,1714.125,111.13404
1946,36,2008,62,1541418.838797814,12,1858.0416,120.54099
1946,37,2009,63,1540411,1,1642.5,106.62739
1946,38,2009,63,1538983.301369863,2,1497.625,97.312622
1946,39,2009,63,1537693.767123288,3,1637.6666,106.50148
1946,40,2009,63,1536266.068493151,4,1570.875,102.25279
1946,41,2009,63,1534884.424657534,5,1630.875,106.25393
1946,42,2009,63,1533456.726027397,6,1615.9166,105.37739
1946,43,2009,63,1532075.082191781,7,1670.9167,109.06232
1946,44,2009,63,1530647.383561644,8,1683.125,109.96164
1946,45,2009,63,1529219.684931507,9,1740.4166,113.81077
1946,46,2009,63,1527838.041095891,10,1859.4584,121.7052
1946,47,2009,63,1526410.342465754,11,1799.5,117.89098
1946,48,2009,63,1525028.698630137,12,1923,126.09599
1946,49,2010,64,1523601,1,1687.3749,110.74913
1946,50,2010,64,1522023.015068493,2,1592.25,104.61405
1946,51,2010,64,1520597.738356164,3,1764.0417,116.00976
1946,52,2010,64,1519019.753424658,4,1627.125,107.11678
1946,53,2010,64,1517492.671232877,5,1709.75,112.66941
1946,54,2010,64,1515914.68630137,6,1669.4166,110.12603
1946,55,2010,64,1514387.604109589,7,1743.1666,115.10703
1946,56,2010,64,1512809.619178082,8,1837,121.42969
1946,57,2010,64,1511231.634246575,9,1760.5417,116.49715
1946,58,2010,64,1509704.552054795,10,1879.6667,124.5056
1946,59,2010,64,1508126.567123288,11,1874.75,124.30986
1946,60,2010,64,1506599.484931507,12,2145.5,142.4068
1946,61,2011,65,1505021.5,1,1772.7916,117.79178
1946,62,2011,65,1503338.030136986,2,1611.5,107.19479
1946,63,2011,65,1501817.476712328,3,1779.625,118.49809
1946,64,2011,65,1500134.006849315,4,1696.8334,113.11212
1946,65,2011,65,1498504.842465753,5,1771.625,118.22618
1946,66,2011,65,1496821.372602739,6,1751.9166,117.04247
1946,67,2011,65,1495192.208219178,7,1830.7084,122.43967
1946,68,2011,65,1493508.738356164,8,1908,127.75285
1946,69,2011,65,1491825.26849315,9,1937.5833,129.88004
1946,70,2011,65,1490196.104109589,10,1988.625,133.4472
1946,71,2011,65,1488512.634246575,11,2002.125,134.50507
1946,72,2011,65,1486883.469863013,12,2163.25,145.48888
1946,73,2012,66,1485200,1,1830.1249,123.22414
1946,74,2012,66,1483582.155737705,2,1742.625,117.46063
1946,75,2012,66,1482068.68852459,3,1923.4166,129.77917
1946,76,2012,66,1480450.844262295,4,1832.125,123.75453
1946,77,2012,66,1478885.18852459,5,1852,125.22946
1946,78,2012,66,1477267.344262295,6,1815.4583,122.89301
1946,79,2012,66,1475701.68852459,7,1961.625,132.92828
1946,80,2012,66,1474083.844262295,8,2019,136.96643
1946,81,2012,66,1472466,9,2028,137.72813
1946,82,2012,66,1470900.344262295,10,2135.3333,145.17184
1946,83,2012,66,1469282.5,11,2116.5,144.0499
1946,84,2012,66,1467716.844262295,12,2352.125,160.25742
1946,85,2013,67,1466099,1,2080.0833,141.87877
1946,86,2013,67,1464576.220547945,2,1828,124.81426
1946,87,2013,67,1463200.806849315,3,2000.8334,136.74359
1946,88,2013,67,1461678.027397261,4,1935.1667,132.39351
1946,89,2013,67,1460204.369863014,5,1975.5,135.28928
1946,90,2013,67,1458681.590410959,6,1984,136.01323
1946,91,2013,67,1457207.932876713,7,2105.3335,144.47722
1946,92,2013,67,1455685.153424658,8,2092.625,143.75533
1946,93,2013,67,1454162.373972603,9,2073.8335,142.61362
1946,94,2013,67,1452688.716438356,10,2221.0833,152.89464
1946,95,2013,67,1451165.936986302,11,2277.875,156.96861
1946,96,2013,67,1449692.279452055,12,2448.2085,168.87781
1946,97,2014,68,1448169.5,1,2191.5417,151.33185
1946,98,2014,68,1445432.752054795,2,1935.375,133.89589
1946,99,2014,68,1442960.850684932,3,2116.1667,146.65448
1946,100,2014,68,1440224.102739726,4,2085.7917,144.82411
1946,101,2014,68,1437575.636986302,5,2144.25,149.15736
1946,102,2014,68,1434838.889041096,6,2027.0833,141.27602
1946,103,2014,68,1432190.423287671,7,2181.7085,152.33369
1946,104,2014,68,1429453.675342466,8,2183.125,152.72443
1946,105,2014,68,1426716.92739726,9,2226.7917,156.07803
1946,106,2014,68,1424068.461643836,10,2373,166.63525
1946,107,2014,68,1421331.71369863,11,2442.625,171.85468
1946,108,2014,68,1418683.247945206,12,2624.3333,184.98373
1946,109,2015,69,1415946.5,1,2362.1665,166.82597
1946,110,2015,69,1411927.116438356,2,2087.625,147.85643
1946,111,2015,69,1408296.705479452,3,2317.4167,164.55458
1946,112,2015,69,1404277.321917808,4,2217.2917,157.89557
1946,113,2015,69,1400387.595890411,5,2257.25,161.18752
1946,114,2015,69,1396368.212328767,6,2208.25,158.14238
1946,115,2015,69,1392478.48630137,7,2277.7083,163.57224
1946,116,2015,69,1388459.102739726,8,2343.25,168.76622
1946,117,2015,69,1384439.719178082,9,2409.1665,174.01744
1946,118,2015,69,1380549.993150685,10,2584.2915,187.1929
1946,119,2015,69,1376530.609589041,11,2459.375,178.66475
1946,120,2015,69,1372640.883561644,12,2702.8333,196.90753
1946,121,2016,70,1368621.5,1,2315.7917,169.20615
1946,122,2016,70,1366114.56557377,2,2210,161.77267
1946,123,2016,70,1363769.368852459,3,2440.9583,178.98615
1946,124,2016,70,1361262.434426229,4,2343.5,172.15637
1946,125,2016,70,1358836.368852459,5,2346.625,172.69371
1946,126,2016,70,1356329.434426229,6,2338.2915,172.3985
1946,127,2016,70,1353903.368852459,7,2442.5415,180.40738
1946,128,2016,70,1351396.434426229,8,2469.125,182.70915
1946,129,2016,70,1348889.5,9,2462.1667,182.53287
1946,130,2016,70,1346463.434426229,10,2629,195.25224
1946,131,2016,70,1343956.5,11,2640.625,196.48143
1946,132,2016,70,1341530.434426229,12,2953.875,220.18695
1946,133,2017,71,1339023.5,1,2603.7083,194.44829
1946,134,2017,71,1336698.457534247,2,2343.375,175.31067
1946,135,2017,71,1334598.419178082,3,2511.1667,188.15898
1946,136,2017,71,1332273.376712329,4,2387.5835,179.21123
1946,137,2017,71,1330023.335616438,5,2566.625,192.97594
1946,138,2017,71,1327698.293150685,6,2409.0835,181.44812
1946,139,2017,71,1325448.252054794,7,2558.9583,193.06361
1946,140,2017,71,1323123.209589041,8,2653.375,200.53877
1946,141,2017,71,1320798.167123288,9,2655.5,201.05267
1946,142,2017,71,1318548.126027397,10,2758.25,209.18842
1946,143,2017,71,1316223.083561644,11,2885.75,219.24475
1946,144,2017,71,1313973.042465753,12,3108.125,236.54405
1946,145,2018,72,1311648,1,2957.2083,225.45746
1946,146,2018,72,1311290.183561644,2,2534.125,193.25432
1946,147,2018,72,1310966.994520548,3,2611.1665,199.17867
1946,148,2018,72,1310609.178082192,4,2565.9585,195.78365
1946,149,2018,72,1310262.904109589,5,2623.875,200.25562
1946,150,2018,72,1309905.087671233,6,2570.25,196.21651
1946,151,2018,72,1309558.81369863,7,2755.5417,210.41756
1946,152,2018,72,1309200.997260274,8,2798,213.71814
1946,153,2018,72,1308843.180821918,9,2702.9583,206.51506
1946,154,2018,72,1308496.906849315,10,2949.4165,225.40492
1946,155,2018,72,1308139.090410959,11,2975.25,227.44141
1946,156,2018,72,1307792.816438356,12,3177.75,242.98573
1946,157,2019,73,1307435,1,2826.125,216.15797
1946,158,2019,73,1302881.949315068,2,2575.25,197.65797
1946,159,2019,73,1298769.516438356,3,2823.5833,217.4045
1946,160,2019,73,1294216.465753424,4,2654.5417,205.10802
1946,161,2019,73,1289810.287671233,5,2768.25,214.62459
1946,162,2019,73,1285257.236986301,6,2731.0415,212.48987
1946,163,2019,73,1280851.05890411,7,2861.1667,223.38013
1946,164,2019,73,1276298.008219178,8,2939.25,230.29497
1946,165,2019,73,1271744.957534247,9,2841.7915,223.45609
1946,166,2019,73,1267338.779452055,10,3194.0417,252.02747
1946,167,2019,73,1262785.728767123,11,3108.125,246.13242
1946,168,2019,73,1258379.550684931,12,3315.0417,263.43735
1946,169,2020,74,1253826.5,1,3034.3333,242.00583
1946,170,2020,74,1249950.356557377,2,2773.875,221.91881
1946,171,2020,74,1246324.286885246,3,3165.9585,254.02365
1946,172,2020,74,1242448.143442623,4,3969.2085,319.46674
1946,173,2020,74,1238697.036885246,5,3305.25,266.83279
1946,174,2020,74,1234820.893442623,6,3077.6665,249.23991
1946,175,2020,74,1231069.786885246,7,3577.8333,290.62799
1946,176,2020,74,1227193.643442623,8,3653.5,297.71179
1946,177,2020,74,1223317.5,9,3497,285.862
1946,178,2020,74,1219566.393442623,10,3741.0417,306.7518
1946,179,2020,74,1215690.25,11,4235.5,348.40289
1946,180,2020,74,1211939.143442623,12,5098.2915,420.67224
1946,181,2021,75,1208063,1,4646.9165,384.65845
1946,182,2021,75,1204133.643835616,2,3532.375,293.35406
1946,183,2021,75,1200584.547945206,3,3322.7917,276.7645
1946,184,2021,75,1196655.191780822,4,3120,260.72675
1946,185,2021,75,1192852.589041096,5,3250.625,272.50851
1946,186,2021,75,1188923.232876712,6,3087.1665,259.66071
1946,187,2021,75,1185120.630136986,7,3281.5835,276.89868
1946,188,2021,75,1181191.273972603,8,4130,349.647
1946,189,2021,75,1177261.917808219,9,4383.917,372.38248
1946,190,2021,75,1173459.315068493,10,4203.5,358.21439
1946,191,2021,75,1169529.958904109,11,4110.875,351.49805
1946,192,2021,75,1165727.356164384,12,4709.083,403.96094
1947,1,2006,59,1765109.5,1,1499.9583,84.978195
1947,2,2006,59,1762838.601369863,2,1397.375,79.268463
1947,3,2006,59,1760787.467123287,3,1566.5417,88.968246
1947,4,2006,59,1758516.56849315,4,1462.75,83.180908
1947,5,2006,59,1756318.924657534,5,1548.5,88.167358
1947,6,2006,59,1754048.026027397,6,1465.7916,83.566223
1947,7,2006,59,1751850.382191781,7,1480,84.482101
1947,8,2006,59,1749579.483561644,8,1440.875,82.355507
1947,9,2006,59,1747308.584931507,9,1350.25,77.275993
1947,10,2006,59,1745110.94109589,10,1520.9584,87.155396
1947,11,2006,59,1742840.042465753,11,1467.375,84.194473
1947,12,2006,59,1740642.398630137,12,1475.625,84.774734
1947,13,2007,60,1738371.5,1,1598.6666,91.963463
1947,14,2007,60,1737553.609589041,2,1476.375,84.968605
1947,15,2007,60,1736814.869863014,3,1595.3333,91.853958
1947,16,2007,60,1735996.979452055,4,1539.375,88.673828
1947,17,2007,60,1735205.47260274,5,1540,88.750298
1947,18,2007,60,1734387.582191781,6,1554.625,89.635384
1947,19,2007,60,1733596.075342466,7,1526.7916,88.070786
1947,20,2007,60,1732778.184931507,8,1518.25,87.619408
1947,21,2007,60,1731960.294520548,9,1459.1667,84.249435
1947,22,2007,60,1731168.787671233,10,1494.7084,86.340996
1947,23,2007,60,1730350.897260274,11,1470.125,84.96109
1947,24,2007,60,1729559.390410959,12,1539.9166,89.035194
1947,25,2008,61,1728741.5,1,1648.75,95.372849
1947,26,2008,61,1728928.81284153,2,1737.375,100.48852
1947,27,2008,61,1729104.040983607,3,1780.25,102.95795
1947,28,2008,61,1729291.353825137,4,1662.0417,96.111145
1947,29,2008,61,1729472.62431694,5,1659.5,95.954109
1947,30,2008,61,1729659.93715847,6,1622.9166,93.828651
1947,31,2008,61,1729841.207650273,7,1630.2083,94.240341
1947,32,2008,61,1730028.520491803,8,1588.75,91.833748
1947,33,2008,61,1730215.833333333,9,1574.375,90.992981
1947,34,2008,61,1730397.103825137,10,1579.9584,91.306114
1947,35,2008,61,1730584.416666667,11,1664.125,96.159714
1947,36,2008,61,1730765.68715847,12,1714.5416,99.062607
1947,37,2009,62,1730953,1,1815.0834,104.86035
1947,38,2009,62,1729816.743835616,2,1702.75,98.43528
1947,39,2009,62,1728790.447945205,3,1835.9167,106.1966
1947,40,2009,62,1727654.191780822,4,1780.75,103.07329
1947,41,2009,62,1726554.589041096,5,1762.625,102.08916
1947,42,2009,62,1725418.332876713,6,1710.4165,99.130539
1947,43,2009,62,1724318.730136986,7,1748.125,101.38062
1947,44,2009,62,1723182.473972603,8,1690,98.074348
1947,45,2009,62,1722046.217808219,9,1650.4166,95.840439
1947,46,2009,62,1720946.615068493,10,1781.5834,103.52345
1947,47,2009,62,1719810.35890411,11,1628.125,94.668869
1947,48,2009,62,1718710.756164384,12,1776.5,103.36236
1947,49,2010,63,1717574.5,1,1839.8333,107.1181
1947,50,2010,63,1715940.417808219,2,1709.75,99.639244
1947,51,2010,63,1714464.47260274,3,1924.625,112.25809
1947,52,2010,63,1712830.390410959,4,1816.1667,106.03307
1947,53,2010,63,1711249.020547945,5,1846.375,107.89634
1947,54,2010,63,1709614.938356164,6,1783.0416,104.29492
1947,55,2010,63,1708033.568493151,7,1837.25,107.56522
1947,56,2010,63,1706399.48630137,8,1811.625,106.16652
1947,57,2010,63,1704765.404109589,9,1754.4583,102.91494
1947,58,2010,63,1703184.034246576,10,1821.875,106.96877
1947,59,2010,63,1701549.952054795,11,1777.25,104.44889
1947,60,2010,63,1699968.582191781,12,1887.5833,111.03636
1947,61,2011,64,1698334.5,1,2023.75,119.16086
1947,62,2011,64,1696551.575342466,2,1937.25,114.18751
1947,63,2011,64,1694941.191780822,3,2090.8335,123.35729
1947,64,2011,64,1693158.267123288,4,1897.6251,112.07607
1947,65,2011,64,1691432.856164384,5,1936.125,114.46656
1947,66,2011,64,1689649.931506849,6,1917.7916,113.5023
1947,67,2011,64,1687924.520547945,7,1910.5417,113.18881
1947,68,2011,64,1686141.595890411,8,1864.375,110.57049
1947,69,2011,64,1684358.671232877,9,1850.3333,109.85387
1947,70,2011,64,1682633.260273973,10,1853.5416,110.1572
1947,71,2011,64,1680850.335616438,11,1840.5,109.49815
1947,72,2011,64,1679124.924657534,12,1985.1667,118.22627
1947,73,2012,65,1677342,1,1953.7083,116.47644
1947,74,2012,65,1675415.637978142,2,1949,116.32935
1947,75,2012,65,1673613.557377049,3,2121.125,126.73923
1947,76,2012,65,1671687.195355191,4,2062.9585,123.40577
1947,77,2012,65,1669822.974043716,5,2066.375,123.74815
1947,78,2012,65,1667896.612021858,6,1945.1666,116.62393
1947,79,2012,65,1666032.390710382,7,2094.6665,125.72784
1947,80,2012,65,1664106.028688525,8,2056,123.54982
1947,81,2012,65,1662179.666666667,9,1969.0417,118.46143
1947,82,2012,65,1660315.445355191,10,2038.9167,122.80297
1947,83,2012,65,1658389.083333333,11,1996.375,120.38038
1947,84,2012,65,1656524.862021858,12,2154.9167,130.08659
1947,85,2013,66,1654598.5,1,2405.625,145.39026
1947,86,2013,66,1652902.035616439,2,2103.25,127.2459
1947,87,2013,66,1651369.74520548,3,2321.8333,140.60045
1947,88,2013,66,1649673.280821918,4,2203.75,133.58705
1947,89,2013,66,1648031.541095891,5,2252.5,136.67821
1947,90,2013,66,1646335.076712329,6,2114.4165,128.43172
1947,91,2013,66,1644693.336986302,7,2139.9165,130.11037
1947,92,2013,66,1642996.87260274,8,2095,127.51089
1947,93,2013,66,1641300.408219178,9,2050.2917,124.91874
1947,94,2013,66,1639658.668493151,10,2097.6665,127.93312
1947,95,2013,66,1637962.204109589,11,2056.375,125.54472
1947,96,2013,66,1636320.464383562,12,2199.0833,134.39197
1947,97,2014,67,1634624,1,2504.625,153.22331
1947,98,2014,67,1633027.457534247,2,2264.75,138.68413
1947,99,2014,67,1631585.419178082,3,2379.625,145.84741
1947,100,2014,67,1629988.876712329,4,2303.3335,141.30977
1947,101,2014,67,1628443.835616438,5,2294.125,140.87836
1947,102,2014,67,1626847.293150685,6,2172,133.50977
1947,103,2014,67,1625302.252054795,7,2325.4165,143.07594
1947,104,2014,67,1623705.709589041,8,2247.125,138.39485
1947,105,2014,67,1622109.167123288,9,2106.8335,129.88235
1947,106,2014,67,1620564.126027397,10,2273.5833,140.29579
1947,107,2014,67,1618967.583561644,11,2232.5,137.89653
1947,108,2014,67,1617422.542465753,12,2348.3333,145.18985
1947,109,2015,68,1615826,1,2624.5833,162.42982
1947,110,2015,68,1612223.247945205,2,2400.625,148.90152
1947,111,2015,68,1608969.149315068,3,2609.8333,162.20531
1947,112,2015,68,1605366.397260274,4,2472,153.98354
1947,113,2015,68,1601879.863013698,5,2475.125,154.51378
1947,114,2015,68,1598277.110958904,6,2370.9583,148.34464
1947,115,2015,68,1594790.576712328,7,2375.7915,148.972
1947,116,2015,68,1591187.824657534,8,2351.625,147.79054
1947,117,2015,68,1587585.07260274,9,2322.2917,146.27826
1947,118,2015,68,1584098.538356164,10,2377.2083,150.06694
1947,119,2015,68,1580495.78630137,11,2269.75,143.61
1947,120,2015,68,1577009.252054794,12,2433.2085,154.29259
1947,121,2016,69,1573406.5,1,2725.75,173.23877
1947,122,2016,69,1568938.730874318,2,2552.375,162.68163
1947,123,2016,69,1564759.204918033,3,2825.7917,180.58955
1947,124,2016,69,1560291.43579235,4,2635.4167,168.90541
1947,125,2016,69,1555967.788251367,5,2660.125,170.96272
1947,126,2016,69,1551500.019125684,6,2540.3333,163.73401
1947,127,2016,69,1547176.3715847,7,2508.875,162.15831
1947,128,2016,69,1542708.602459017,8,2514.25,162.97633
1947,129,2016,69,1538240.833333334,9,2382.375,154.87659
1947,130,2016,69,1533917.18579235,10,2549.0833,166.18129
1947,131,2016,69,1529449.416666667,11,2433.75,159.12589
1947,132,2016,69,1525125.769125684,12,2680.4583,175.75327
1947,133,2017,70,1520658,1,2939.6248,193.31268
1947,134,2017,70,1517882.310958904,2,2682,176.69354
1947,135,2017,70,1515375.236986301,3,2906.625,191.80893
1947,136,2017,70,1512599.547945205,4,2715.6667,179.53639
1947,137,2017,70,1509913.397260274,5,2776.5,183.88472
1947,138,2017,70,1507137.708219178,6,2661.375,176.58473
1947,139,2017,70,1504451.557534246,7,2679.9167,178.13248
1947,140,2017,70,1501675.86849315,8,2650,176.46951
1947,141,2017,70,1498900.179452055,9,2519.5415,168.09268
1947,142,2017,70,1496214.028767123,10,2623.4583,175.33977
1947,143,2017,70,1493438.339726027,11,2612.125,174.90678
1947,144,2017,70,1490752.189041096,12,2843.8335,190.765
1947,145,2018,71,1487976.5,1,3356.5833,225.5804
1947,146,2018,71,1485521.767123288,2,2851.625,191.96117
1947,147,2018,71,1483304.589041096,3,3060.2917,206.3158
1947,148,2018,71,1480849.856164384,4,2911.5417,196.6129
1947,149,2018,71,1478474.308219178,5,2865.5,193.81467
1947,150,2018,71,1476019.575342466,6,2744.5415,185.94208
1947,151,2018,71,1473644.027397261,7,2829.625,192.0155
1947,152,2018,71,1471189.294520548,8,2778,188.82683
1947,153,2018,71,1468734.561643836,9,2652,180.5636
1947,154,2018,71,1466359.01369863,10,2815.75,192.02324
1947,155,2018,71,1463904.280821918,11,2720.625,185.8472
1947,156,2018,71,1461528.732876712,12,2890.875,197.79803
1947,157,2019,72,1459074,1,3091.2083,211.86096
1947,158,2019,72,1457409.469863014,2,3018.25,207.09691
1947,159,2019,72,1455906.023287672,3,3264,224.19029
1947,160,2019,72,1454241.493150685,4,2992.4165,205.77164
1947,161,2019,72,1452630.657534247,5,3027,208.38057
1947,162,2019,72,1450966.127397261,6,2930.3333,201.95738
1947,163,2019,72,1449355.291780822,7,2996.5415,206.74995
1947,164,2019,72,1447690.761643836,8,2930.125,202.39992
1947,165,2019,72,1446026.23150685,9,2762.75,191.05809
1947,166,2019,72,1444415.395890411,10,2950.4583,204.2666
1947,167,2019,72,1442750.865753425,11,2859.375,198.1891
1947,168,2019,72,1441140.030136987,12,2984.875,207.11902
1947,169,2020,73,1439475.5,1,3391.8333,235.62981
1947,170,2020,73,1435373.251366119,2,3154.625,219.77733
1947,171,2020,73,1431535.663934425,3,3588.2083,250.65448
1947,172,2020,73,1427433.415300546,4,4449.542,311.71625
1947,173,2020,73,1423463.497267759,5,3661.75,257.24228
1947,174,2020,73,1419361.248633879,6,3262.7915,229.87746
1947,175,2020,73,1415391.330601092,7,3686.5833,260.4639
1947,176,2020,73,1411289.081967212,8,3659,259.26651
1947,177,2020,73,1407186.833333333,9,3356.3335,238.5137
1947,178,2020,73,1403216.915300546,10,3519.5415,250.81949
1947,179,2020,73,1399114.666666666,11,3992.375,285.3501
1947,180,2020,73,1395144.748633879,12,4724.6665,338.65063
1947,181,2021,74,1391042.5,1,5291.5835,380.40414
1947,182,2021,74,1386880.304109589,2,4031,290.65234
1947,183,2021,74,1383120.901369863,3,3761.9585,271.99057
1947,184,2021,74,1378958.705479452,4,3591.7085,260.46527
1947,185,2021,74,1374930.773972603,5,3601.375,261.93137
1947,186,2021,74,1370768.578082192,6,3341.1665,243.74402
1947,187,2021,74,1366740.646575342,7,3498.25,255.95566
1947,188,2021,74,1362578.450684931,8,4091.25,300.25793
1947,189,2021,74,1358416.25479452,9,4203.5835,309.44739
1947,190,2021,74,1354388.323287671,10,4001.6665,295.45932
1947,191,2021,74,1350226.12739726,11,3778.375,279.83276
1947,192,2021,74,1346198.195890411,12,4190.417,311.27786
1948,1,2006,58,1737797.5,1,1540.4584,88.644295
1948,2,2006,58,1736589.264383562,2,1373.25,79.077423
1948,3,2006,58,1735497.954794521,3,1498.0416,86.31768
1948,4,2006,58,1734289.719178082,4,1361.5834,78.509567
1948,5,2006,58,1733120.45890411,5,1441.25,83.159248
1948,6,2006,58,1731912.223287671,6,1327.2083,76.632538
1948,7,2006,58,1730742.963013699,7,1373.7083,79.371017
1948,8,2006,58,1729534.72739726,8,1344.75,77.752129
1948,9,2006,58,1728326.491780822,9,1311.5,75.882652
1948,10,2006,58,1727157.23150685,10,1396.1667,80.836113
1948,11,2006,58,1725948.995890411,11,1325.75,76.812813
1948,12,2006,58,1724779.735616439,12,1437.2084,83.327065
1948,13,2007,59,1723571.5,1,1652.1666,95.857155
1948,14,2007,59,1721212.017808219,2,1526.125,88.665718
1948,15,2007,59,1719080.87260274,3,1556.25,90.52803
1948,16,2007,59,1716721.390410959,4,1396.5,81.346924
1948,17,2007,59,1714438.020547946,5,1463.375,85.355957
1948,18,2007,59,1712078.538356165,6,1384.2083,80.849579
1948,19,2007,59,1709795.168493151,7,1373.0417,80.304459
1948,20,2007,59,1707435.68630137,8,1454.125,85.164261
1948,21,2007,59,1705076.204109589,9,1368.9583,80.287216
1948,22,2007,59,1702792.834246576,10,1376.2916,80.825546
1948,23,2007,59,1700433.352054795,11,1386.75,81.552742
1948,24,2007,59,1698149.982191781,12,1448.625,85.306068
1948,25,2008,60,1695790.5,1,1771.8333,104.48421
1948,26,2008,60,1694970.651639344,2,1772.25,104.55933
1948,27,2008,60,1694203.696721312,3,1739.5833,102.67852
1948,28,2008,60,1693383.848360656,4,1556.625,91.923927
1948,29,2008,60,1692590.446721312,5,1528,90.275826
1948,30,2008,60,1691770.598360656,6,1439.75,85.103149
1948,31,2008,60,1690977.196721312,7,1535.5,90.805481
1948,32,2008,60,1690157.348360656,8,1488,88.039139
1948,33,2008,60,1689337.5,9,1455.8334,86.177773
1948,34,2008,60,1688544.098360656,10,1490.3334,88.261444
1948,35,2008,60,1687724.25,11,1458,86.388519
1948,36,2008,60,1686930.848360656,12,1583.4167,93.863762
1948,37,2009,61,1686111,1,1814.5416,107.61697
1948,38,2009,61,1686140.980821918,2,1628.875,96.603722
1948,39,2009,61,1686168.060273973,3,1752.4584,103.93142
1948,40,2009,61,1686198.041095891,4,1628.0834,96.553513
1948,41,2009,61,1686227.054794521,5,1610,95.479431
1948,42,2009,61,1686257.035616438,6,1542,91.445137
1948,43,2009,61,1686286.049315069,7,1620.25,96.083939
1948,44,2009,61,1686316.030136986,8,1597.875,94.755371
1948,45,2009,61,1686346.010958904,9,1525.9167,90.486572
1948,46,2009,61,1686375.024657534,10,1591.8333,94.393784
1948,47,2009,61,1686405.005479452,11,1634.5,96.92215
1948,48,2009,61,1686434.019178082,12,1689.5,100.1818
1948,49,2010,62,1686464,1,1964.4584,116.48386
1948,50,2010,62,1685087.34520548,2,1713.5,101.68613
1948,51,2010,62,1683843.915068493,3,1828.3334,108.58093
1948,52,2010,62,1682467.260273973,4,1724.9167,102.52305
1948,53,2010,62,1681135.01369863,5,1722.25,102.44567
1948,54,2010,62,1679758.35890411,6,1646.5416,98.02253
1948,55,2010,62,1678426.112328767,7,1692.375,100.83107
1948,56,2010,62,1677049.457534247,8,1683.125,100.36227
1948,57,2010,62,1675672.802739726,9,1600.5,95.51387
1948,58,2010,62,1674340.556164384,10,1695,101.23389
1948,59,2010,62,1672963.901369863,11,1613.25,96.430649
1948,60,2010,62,1671631.654794521,12,1789.75,107.06605
1948,61,2011,63,1670255,1,2080.5,124.56182
1948,62,2011,63,1668600.449315068,2,1913.625,114.68443
1948,63,2011,63,1667106.016438356,3,1994.5,119.63847
1948,64,2011,63,1665451.465753424,4,1875.5835,112.61712
1948,65,2011,63,1663850.287671233,5,1775.5,106.71032
1948,66,2011,63,1662195.736986301,6,1769.5416,106.45808
1948,67,2011,63,1660594.558904109,7,1752.0833,105.50939
1948,68,2011,63,1658940.008219178,8,1750.125,105.49658
1948,69,2011,63,1657285.457534246,9,1708.125,103.06764
1948,70,2011,63,1655684.279452055,10,1702.0834,102.80241
1948,71,2011,63,1654029.728767123,11,1759.625,106.38412
1948,72,2011,63,1652428.550684931,12,1776.7083,107.52103
1948,73,2012,64,1650774,1,2079.0833,125.94597
1948,74,2012,64,1648924.799180328,2,1924.375,116.70483
1948,75,2012,64,1647194.901639344,3,1982.5,120.35612
1948,76,2012,64,1645345.700819672,4,2012.9584,122.34258
1948,77,2012,64,1643556.151639344,5,1897.375,115.44328
1948,78,2012,64,1641706.950819672,6,1817.1665,110.68763
1948,79,2012,64,1639917.401639344,7,1944.875,118.59591
1948,80,2012,64,1638068.200819672,8,1941.875,118.54665
1948,81,2012,64,1636219,9,1817.75,111.09454
1948,82,2012,64,1634429.450819672,10,1883.5833,115.24409
1948,83,2012,64,1632580.25,11,1923.5,117.81963
1948,84,2012,64,1630790.700819672,12,2078.9167,127.47906
1948,85,2013,65,1628941.5,1,2435.875,149.53729
1948,86,2013,65,1627090.332876712,2,2015.875,123.89447
1948,87,2013,65,1625418.310958904,3,2190,134.73454
1948,88,2013,65,1623567.143835616,4,2072.75,127.66642
1948,89,2013,65,1621775.691780822,5,2060.75,127.06751
1948,90,2013,65,1619924.524657534,6,1977.7915,122.09158
1948,91,2013,65,1618133.072602739,7,1928.7084,119.19344
1948,92,2013,65,1616281.905479452,8,1957.875,121.1345
1948,93,2013,65,1614430.738356164,9,1913.9584,118.55314
1948,94,2013,65,1612639.28630137,10,2000.0834,124.02547
1948,95,2013,65,1610788.119178082,11,1909.125,118.52117
1948,96,2013,65,1608996.667123287,12,2173.625,135.09195
1948,97,2014,66,1607145.5,1,2533.9165,157.66565
1948,98,2014,66,1605526.493150685,2,2272.125,141.519
1948,99,2014,66,1604064.164383561,3,2330.75,145.3028
1948,100,2014,66,1602445.157534246,4,2172.5,135.57407
1948,101,2014,66,1600878.376712329,5,2086.375,130.32689
1948,102,2014,66,1599259.369863014,6,2085.875,130.42757
1948,103,2014,66,1597692.589041096,7,2169.25,135.77393
1948,104,2014,66,1596073.582191781,8,2071.25,129.77159
1948,105,2014,66,1594454.575342466,9,1988.75,124.72917
1948,106,2014,66,1592887.794520548,10,2141.125,134.41782
1948,107,2014,66,1591268.787671233,11,2085,131.02751
1948,108,2014,66,1589702.006849315,12,2224.8335,139.95287
1948,109,2015,67,1588083,1,2740.8748,172.59015
1948,110,2015,67,1586625.405479452,2,2303.875,145.20598
1948,111,2015,67,1585308.86849315,3,2576.1667,162.50252
1948,112,2015,67,1583851.273972603,4,2342.375,147.8911
1948,113,2015,67,1582440.698630137,5,2313.875,146.22191
1948,114,2015,67,1580983.104109589,6,2183.4583,138.10762
1948,115,2015,67,1579572.528767123,7,2224.75,140.84506
1948,116,2015,67,1578114.934246575,8,2256.75,143.0029
1948,117,2015,67,1576657.339726027,9,2201.1667,139.60971
1948,118,2015,67,1575246.764383561,10,2247.9165,142.7025
1948,119,2015,67,1573789.169863014,11,2167.25,137.70905
1948,120,2015,67,1572378.594520548,12,2317.5,147.38817
1948,121,2016,68,1570921,1,2733.6665,174.0168
1948,122,2016,68,1567255.673497268,2,2526.625,161.21333
1948,123,2016,68,1563826.819672131,3,2743.4583,175.43236
1948,124,2016,68,1560161.493169399,4,2452.5,157.19527
1948,125,2016,68,1556614.403005464,5,2421.625,155.56999
1948,126,2016,68,1552949.076502732,6,2244.4165,144.52609
1948,127,2016,68,1549401.986338798,7,2274.2085,146.77975
1948,128,2016,68,1545736.659836065,8,2381,154.03659
1948,129,2016,68,1542071.333333333,9,2185.5417,141.72766
1948,130,2016,68,1538524.243169399,10,2373.2085,154.25226
1948,131,2016,68,1534858.916666667,11,2246.125,146.34081
1948,132,2016,68,1531311.826502732,12,2593.25,169.34827
1948,133,2017,69,1527646.5,1,2878.1248,188.40254
1948,134,2017,69,1522950.12739726,2,2651.5,174.10287
1948,135,2017,69,1518708.242465753,3,2786.75,183.49475
1948,136,2017,69,1514011.869863013,4,2593,171.26682
1948,137,2017,69,1509466.993150684,5,2540.75,168.321
1948,138,2017,69,1504770.620547945,6,2477.25,164.62642
1948,139,2017,69,1500225.743835616,7,2506.2083,167.0554
1948,140,2017,69,1495529.371232876,8,2385,159.4753
1948,141,2017,69,1490832.998630136,9,2372.0833,159.11127
1948,142,2017,69,1486288.121917807,10,2467,165.98396
1948,143,2017,69,1481591.749315068,11,2513.875,169.67393
1948,144,2017,69,1477046.872602739,12,2614.4583,177.00577
1948,145,2018,70,1472350.5,1,3422.125,232.42598
1948,146,2018,70,1469683.693150685,2,2790.125,189.84528
1948,147,2018,70,1467274.964383561,3,2929.4167,199.65016
1948,148,2018,70,1464608.157534246,4,2711.9167,185.1633
1948,149,2018,70,1462027.376712329,5,2656.125,181.67409
1948,150,2018,70,1459360.569863013,6,2519.4165,172.63838
1948,151,2018,70,1456779.789041096,7,2605.75,178.87054
1948,152,2018,70,1454112.982191781,8,2567.75,176.58531
1948,153,2018,70,1451446.175342466,9,2525.5835,174.00462
1948,154,2018,70,1448865.394520548,10,2688.125,185.53311
1948,155,2018,70,1446198.587671233,11,2645.875,182.95378
1948,156,2018,70,1443617.806849315,12,2832,196.17381
1948,157,2019,71,1440951,1,3287.875,228.17397
1948,158,2019,71,1438654.749315068,2,2940.25,204.37495
1948,159,2019,71,1436580.716438356,3,3230.7085,224.88875
1948,160,2019,71,1434284.465753424,4,2822.7085,196.80255
1948,161,2019,71,1432062.287671233,5,2760.75,192.78142
1948,162,2019,71,1429766.036986301,6,2686.7083,187.91245
1948,163,2019,71,1427543.85890411,7,2728.9165,191.16165
1948,164,2019,71,1425247.608219178,8,2703.625,189.69511
1948,165,2019,71,1422951.357534247,9,2611.8335,183.55045
1948,166,2019,71,1420729.179452055,10,2789.3335,196.33112
1948,167,2019,71,1418432.928767123,11,2731.375,192.56287
1948,168,2019,71,1416210.750684931,12,2924.9583,206.5341
1948,169,2020,72,1413914.5,1,3485.6248,246.52303
1948,170,2020,72,1410205.468579235,2,3103.875,220.10091
1948,171,2020,72,1406735.729508196,3,3430.8335,243.88614
1948,172,2020,72,1403026.698087431,4,4157,296.28802
1948,173,2020,72,1399437.31284153,5,3438,245.67017
1948,174,2020,72,1395728.281420765,6,3029.3333,217.0432
1948,175,2020,72,1392138.896174863,7,3454.0417,248.11043
1948,176,2020,72,1388429.864754098,8,3427.125,246.83458
1948,177,2020,72,1384720.833333333,9,3112.4583,224.77153
1948,178,2020,72,1381131.448087431,10,3326.25,240.83514
1948,179,2020,72,1377422.416666667,11,3712.875,269.5524
1948,180,2020,72,1373833.031420765,12,4552.75,331.39035
1948,181,2021,73,1370124,1,5338.583,389.64233
1948,182,2021,73,1366363.020547946,2,4032.5,295.12656
1948,183,2021,73,1362966.006849315,3,3629.5417,266.2973
1948,184,2021,73,1359205.027397261,4,3439.9585,253.08606
1948,185,2021,73,1355565.369863014,5,3371.5,248.71541
1948,186,2021,73,1351804.390410959,6,3105.5415,229.73305
1948,187,2021,73,1348164.732876712,7,3252,241.21681
1948,188,2021,73,1344403.753424658,8,3780.625,281.21204
1948,189,2021,73,1340642.773972603,9,3950.1667,294.64722
1948,190,2021,73,1337003.116438356,10,3715.5,277.89764
1948,191,2021,73,1333242.136986301,11,3687.75,276.60016
1948,192,2021,73,1329602.479452055,12,3954.25,297.40091
1949,1,2006,57,1788583.5,1,1431,80.007446
1949,2,2006,57,1787463.253424658,2,1323.75,74.057465
1949,3,2006,57,1786451.417808219,3,1319.9584,73.887169
1949,4,2006,57,1785331.171232877,4,1322.2084,74.059555
1949,5,2006,57,1784247.061643836,5,1301.125,72.92292
1949,6,2006,57,1783126.815068493,6,1186.0417,66.514717
1949,7,2006,57,1782042.705479452,7,1304.75,73.216537
1949,8,2006,57,1780922.458904109,8,1280.125,71.879883
1949,9,2006,57,1779802.212328767,9,1232.8333,69.26799
1949,10,2006,57,1778718.102739726,10,1301.2916,73.158958
1949,11,2006,57,1777597.856164383,11,1249.25,70.277428
1949,12,2006,57,1776513.746575342,12,1296.0834,72.956566
1949,13,2007,58,1775393.5,1,1471.0833,82.859558
1949,14,2007,58,1774149.932876713,2,1450.875,81.778603
1949,15,2007,58,1773026.710958904,3,1479,83.416679
1949,16,2007,58,1771783.143835617,4,1345.25,75.926338
1949,17,2007,58,1770579.691780822,5,1396,78.844231
1949,18,2007,58,1769336.124657535,6,1293.2083,73.090027
1949,19,2007,58,1768132.67260274,7,1326.1667,75.003799
1949,20,2007,58,1766889.105479452,8,1366.5,77.339317
1949,21,2007,58,1765645.538356164,9,1322.9167,74.925385
1949,22,2007,58,1764442.08630137,10,1361.375,77.15612
1949,23,2007,58,1763198.519178082,11,1385.625,78.585876
1949,24,2007,58,1761995.067123288,12,1514.9584,85.979713
1949,25,2008,59,1760751.5,1,1559.8749,88.591431
1949,26,2008,59,1758199.547814208,2,1555.125,88.44986
1949,27,2008,59,1755812.237704918,3,1551.5834,88.368408
1949,28,2008,59,1753260.285519126,4,1471.0834,83.905586
1949,29,2008,59,1750790.654371585,5,1470.375,83.983482
1949,30,2008,59,1748238.702185792,6,1391.4583,79.592003
1949,31,2008,59,1745769.071038252,7,1424.25,81.582954
1949,32,2008,59,1743217.118852459,8,1424.125,81.695213
1949,33,2008,59,1740665.166666667,9,1392.875,80.019699
1949,34,2008,59,1738195.535519126,10,1428.7083,82.194908
1949,35,2008,59,1735643.583333333,11,1435.25,82.692665
1949,36,2008,59,1733173.952185792,12,1455.3333,83.969254
1949,37,2009,60,1730622,1,1754.4584,101.37733
1949,38,2009,60,1729515.894520548,2,1554,89.85173
1949,39,2009,60,1728516.831506849,3,1660.5417,96.067436
1949,40,2009,60,1727410.726027397,4,1525.2083,88.294479
1949,41,2009,60,1726340.301369863,5,1516.75,87.859268
1949,42,2009,60,1725234.195890411,6,1482.375,85.923119
1949,43,2009,60,1724163.771232877,7,1516.3333,87.946007
1949,44,2009,60,1723057.665753425,8,1525.875,88.556236
1949,45,2009,60,1721951.560273973,9,1462.9584,84.95932
1949,46,2009,60,1720881.135616438,10,1571.5834,91.324341
1949,47,2009,60,1719775.030136987,11,1485,86.348503
1949,48,2009,60,1718704.605479452,12,1653.4166,96.201324
1949,49,2010,61,1717598.5,1,1746.625,101.68995
1949,50,2010,61,1716438.84520548,2,1562.875,91.053345
1949,51,2010,61,1715391.415068493,3,1666.875,97.1717
1949,52,2010,61,1714231.760273973,4,1588.625,92.672707
1949,53,2010,61,1713109.51369863,5,1630.375,95.170509
1949,54,2010,61,1711949.85890411,6,1547.6666,90.403732
1949,55,2010,61,1710827.612328767,7,1591.25,93.010536
1949,56,2010,61,1709667.957534247,8,1575.75,92.167023
1949,57,2010,61,1708508.302739726,9,1484.1667,86.869156
1949,58,2010,61,1707386.056164384,10,1605.875,94.054596
1949,59,2010,61,1706226.401369863,11,1553.5,91.048882
1949,60,2010,61,1705104.154794521,12,1743.8334,102.27137
1949,61,2011,62,1703944.5,1,1932.0833,113.38886
1949,62,2011,62,1702529.923287672,2,1720,101.02612
1949,63,2011,62,1701252.241095891,3,1800.5,105.83381
1949,64,2011,62,1699837.664383562,4,1693.375,99.619804
1949,65,2011,62,1698468.719178082,5,1677.125,98.743355
1949,66,2011,62,1697054.142465753,6,1638.2916,96.537384
1949,67,2011,62,1695685.197260274,7,1702.6667,100.41173
1949,68,2011,62,1694270.620547945,8,1715.375,101.24563
1949,69,2011,62,1692856.043835617,9,1591.6666,94.02256
1949,70,2011,62,1691487.098630137,10,1660.75,98.182838
1949,71,2011,62,1690072.521917808,11,1659.25,98.176262
1949,72,2011,62,1688703.576712329,12,1778.5417,105.31995
1949,73,2012,63,1687289,1,1938.9583,114.9156
1949,74,2012,63,1685446.236338798,2,1794.875,106.49257
1949,75,2012,63,1683722.360655738,3,1901.2084,112.91698
1949,76,2012,63,1681879.596994536,4,1795.3335,106.74566
1949,77,2012,63,1680096.277322405,5,1821.25,108.40153
1949,78,2012,63,1678253.513661203,6,1788.375,106.56167
1949,79,2012,63,1676470.193989071,7,1814.5416,108.23584
1949,80,2012,63,1674627.430327869,8,1848,110.35291
1949,81,2012,63,1672784.666666667,9,1761.7917,105.32089
1949,82,2012,63,1671001.346994536,10,1846.0834,110.47767
1949,83,2012,63,1669158.583333333,11,1789.125,107.18724
1949,84,2012,63,1667375.263661203,12,2012.75,120.71368
1949,85,2013,64,1665532.5,1,2266.8333,136.10262
1949,86,2013,64,1663671.735616438,2,1971.5,118.50294
1949,87,2013,64,1661991.045205479,3,2040.7084,122.78696
1949,88,2013,64,1660130.280821918,4,1973.6251,118.88375
1949,89,2013,64,1658329.54109589,5,1917.125,115.60579
1949,90,2013,64,1656468.776712328,6,1895,114.39999
1949,91,2013,64,1654668.036986301,7,1876.5,113.40643
1949,92,2013,64,1652807.27260274,8,1895.875,114.70636
1949,93,2013,64,1650946.508219178,9,1821.5,110.33065
1949,94,2013,64,1649145.76849315,10,1932.5834,117.18694
1949,95,2013,64,1647285.004109589,11,1869.375,113.48219
1949,96,2013,64,1645484.264383561,12,2096.3333,127.39917
1949,97,2014,65,1643623.5,1,2345.4583,142.70045
1949,98,2014,65,1641715.173972603,2,2077.125,126.52164
1949,99,2014,65,1639991.524657534,3,2116.2083,129.03775
1949,100,2014,65,1638083.198630137,4,2099.6667,128.17827
1949,101,2014,65,1636236.431506849,5,1982.125,121.13927
1949,102,2014,65,1634328.105479452,6,2004.7916,122.66763
1949,103,2014,65,1632481.338356164,7,1991.3333,121.98199
1949,104,2014,65,1630573.012328767,8,1964.125,120.45612
1949,105,2014,65,1628664.68630137,9,1885.0833,115.74409
1949,106,2014,65,1626817.919178082,10,2058.625,126.54305
1949,107,2014,65,1624909.593150685,11,2064.625,127.06091
1949,108,2014,65,1623062.826027397,12,2222.875,136.95557
1949,109,2015,66,1621154.5,1,2460.4583,151.77197
1949,110,2015,66,1619608.576712329,2,2264.5,139.81773
1949,111,2015,66,1618212.25890411,3,2347.75,145.08295
1949,112,2015,66,1616666.335616438,4,2191.125,135.53354
1949,113,2015,66,1615170.280821918,5,2221.375,137.53194
1949,114,2015,66,1613624.357534247,6,2123.9583,131.62656
1949,115,2015,66,1612128.302739726,7,2176.375,135.00011
1949,116,2015,66,1610582.379452055,8,2161.875,134.2294
1949,117,2015,66,1609036.456164384,9,2084.7085,129.56255
1949,118,2015,66,1607540.401369863,10,2159.7917,134.35381
1949,119,2015,66,1605994.478082192,11,2117.625,131.85756
1949,120,2015,66,1604498.423287671,12,2294.7915,143.02235
1949,121,2016,67,1602952.5,1,2514.2498,156.85117
1949,122,2016,67,1601542.846994536,2,2368.625,147.89645
1949,123,2016,67,1600224.139344262,3,2554.6667,159.6443
1949,124,2016,67,1598814.486338798,4,2308.4585,144.38564
1949,125,2016,67,1597450.306010929,5,2304.375,144.25331
1949,126,2016,67,1596040.653005464,6,2126.625,133.24379
1949,127,2016,67,1594676.472677595,7,2230.5835,139.87686
1949,128,2016,67,1593266.819672131,8,2273.75,142.70993
1949,129,2016,67,1591857.166666667,9,2124.5415,133.46307
1949,130,2016,67,1590492.986338798,10,2243.7917,141.07524
1949,131,2016,67,1589083.333333333,11,2182.875,137.36693
1949,132,2016,67,1587719.153005464,12,2471.1667,155.64256
1949,133,2017,68,1586309.5,1,2717.7083,171.32269
1949,134,2017,68,1582382.097260274,2,2426.25,153.32896
1949,135,2017,68,1578834.765753425,3,2611,165.37512
1949,136,2017,68,1574907.363013699,4,2413.9167,153.27357
1949,137,2017,68,1571106.650684932,5,2407,153.20412
1949,138,2017,68,1567179.247945206,6,2313.9583,147.65115
1949,139,2017,68,1563378.535616439,7,2347.2085,150.13693
1949,140,2017,68,1559451.132876713,8,2340.125,150.06081
1949,141,2017,68,1555523.730136987,9,2335.5835,150.14772
1949,142,2017,68,1551723.01780822,10,2409.5417,155.28169
1949,143,2017,68,1547795.615068494,11,2420.25,156.36754
1949,144,2017,68,1543994.902739726,12,2633.75,170.58023
1949,145,2018,69,1540067.5,1,3028.875,196.67157
1949,146,2018,69,1535042.867123288,2,2606.125,169.77539
1949,147,2018,69,1530504.489041096,3,2744.1665,179.29817
1949,148,2018,69,1525479.856164384,4,2538.2917,166.39301
1949,149,2018,69,1520617.308219178,5,2549,167.62929
1949,150,2018,69,1515592.675342466,6,2399.1665,158.2989
1949,151,2018,69,1510730.12739726,7,2451.1667,162.25047
1949,152,2018,69,1505705.494520548,8,2484.75,165.02231
1949,153,2018,69,1500680.861643835,9,2362.9583,157.45908
1949,154,2018,69,1495818.31369863,10,2474.4583,165.42505
1949,155,2018,69,1490793.680821918,11,2489.625,166.99997
1949,156,2018,69,1485931.132876712,12,2628.75,176.90927
1949,157,2019,70,1480906.5,1,2934,198.12189
1949,158,2019,70,1478374.309589041,2,2703,182.83597
1949,159,2019,70,1476087.169863014,3,2980.5417,201.9218
1949,160,2019,70,1473554.979452055,4,2677.625,181.71191
1949,161,2019,70,1471104.47260274,5,2664.25,181.10542
1949,162,2019,70,1468572.282191781,6,2585.5415,176.05817
1949,163,2019,70,1466121.775342466,7,2607.6665,177.86153
1949,164,2019,70,1463589.584931507,8,2613.25,178.55074
1949,165,2019,70,1461057.394520548,9,2476.625,169.50908
1949,166,2019,70,1458606.887671233,10,2525.5835,173.15039
1949,167,2019,70,1456074.697260274,11,2619.25,179.88431
1949,168,2019,70,1453624.190410959,12,2670,183.67883
1949,169,2020,71,1451092,1,3087.6248,212.77939
1949,170,2020,71,1447604.457650273,2,2901.25,200.41731
1949,171,2020,71,1444341.918032787,3,3229.4585,223.59377
1949,172,2020,71,1440854.37568306,4,3867.4167,268.41135
1949,173,2020,71,1437479.334699453,5,3224.5,224.31627
1949,174,2020,71,1433991.792349727,6,2907.9165,202.78474
1949,175,2020,71,1430616.75136612,7,3383.2915,236.49182
1949,176,2020,71,1427129.209016393,8,3253.25,227.95764
1949,177,2020,71,1423641.666666667,9,3001.0835,210.8033
1949,178,2020,71,1420266.62568306,10,3168.5835,223.09779
1949,179,2020,71,1416779.083333333,11,3521.5,248.55675
1949,180,2020,71,1413404.042349727,12,4242.2085,300.14124
1949,181,2021,72,1409916.5,1,5037.9165,357.32019
1949,182,2021,72,1406382.24520548,2,3726.375,264.96176
1949,183,2021,72,1403190.015068493,3,3361.9585,239.59396
1949,184,2021,72,1399655.760273973,4,3153.25,225.28754
1949,185,2021,72,1396235.513698631,5,3149.75,225.58873
1949,186,2021,72,1392701.25890411,6,2968.625,213.15591
1949,187,2021,72,1389281.012328767,7,3082.5833,221.88335
1949,188,2021,72,1385746.757534247,8,3632,262.09695
1949,189,2021,72,1382212.502739726,9,3826.0835,276.80862
1949,190,2021,72,1378792.256164384,10,3583.0417,259.86813
1949,191,2021,72,1375258.001369863,11,3405.625,247.63535
1949,192,2021,72,1371837.754794521,12,3876,282.54071
1950,1,2006,56,1823486.5,1,1313.4583,72.030052
1950,2,2006,56,1823142.612328767,2,1245.875,68.33667
1950,3,2006,56,1822832.004109589,3,1270.2916,69.687805
1950,4,2006,56,1822488.116438356,4,1296.25,71.12529
1950,5,2006,56,1822155.321917808,5,1286.125,70.582619
1950,6,2006,56,1821811.434246575,6,1156.6666,63.489922
1950,7,2006,56,1821478.639726027,7,1292.0833,70.935951
1950,8,2006,56,1821134.752054794,8,1243,68.25415
1950,9,2006,56,1820790.864383562,9,1179.875,64.80014
1950,10,2006,56,1820458.069863014,10,1218.2916,66.922256
1950,11,2006,56,1820114.182191781,11,1213,66.644173
1950,12,2006,56,1819781.387671233,12,1362.8333,74.889946
1950,13,2007,57,1819437.5,1,1447.8749,79.578163
1950,14,2007,57,1818265.7,2,1354.125,74.473442
1950,15,2007,57,1817207.3,3,1364.2084,75.071701
1950,16,2007,57,1816035.5,4,1308.25,72.038788
1950,17,2007,57,1814901.5,5,1308.5,72.09758
1950,18,2007,57,1813729.7,6,1234.625,68.07106
1950,19,2007,57,1812595.7,7,1287.375,71.023834
1950,20,2007,57,1811423.9,8,1288.125,71.111183
1950,21,2007,57,1810252.1,9,1242.25,68.623039
1950,22,2007,57,1809118.1,10,1297.875,71.740753
1950,23,2007,57,1807946.3,11,1334.5,73.813034
1950,24,2007,57,1806812.3,12,1443.25,79.87825
1950,25,2008,58,1805640.5,1,1531.4999,84.817543
1950,26,2008,58,1804342.18442623,2,1524.5,84.490623
1950,27,2008,58,1803127.631147541,3,1480.0834,82.084229
1950,28,2008,58,1801829.315573771,4,1399.2917,77.659508
1950,29,2008,58,1800572.881147541,5,1441.75,80.071739
1950,30,2008,58,1799274.565573771,6,1370.9166,76.192741
1950,31,2008,58,1798018.131147541,7,1325.9583,73.745544
1950,32,2008,58,1796719.815573771,8,1330.875,74.072487
1950,33,2008,58,1795421.5,9,1316.375,73.318436
1950,34,2008,58,1794165.065573771,10,1398.5834,77.951767
1950,35,2008,58,1792866.75,11,1359,75.800392
1950,36,2008,58,1791610.315573771,12,1461.5,81.574661
1950,37,2009,59,1790312,1,1667.2083,93.123894
1950,38,2009,59,1787875.145205479,2,1465.75,81.982796
1950,39,2009,59,1785674.115068493,3,1549,86.745949
1950,40,2009,59,1783237.260273973,4,1479.1667,82.948395
1950,41,2009,59,1780879.01369863,5,1487.75,83.540207
1950,42,2009,59,1778442.15890411,6,1448.375,81.440659
1950,43,2009,59,1776083.912328767,7,1449.125,81.591019
1950,44,2009,59,1773647.057534246,8,1479.75,83.429787
1950,45,2009,59,1771210.202739726,9,1412.8333,79.766548
1950,46,2009,59,1768851.956164384,10,1480.4166,83.693642
1950,47,2009,59,1766415.101369863,11,1454.25,82.327759
1950,48,2009,59,1764056.85479452,12,1542.75,87.454666
1950,49,2010,60,1761620,1,1777.2916,100.88962
1950,50,2010,60,1760329.126027397,2,1594.375,90.572548
1950,51,2010,60,1759163.175342466,3,1647.7084,93.66433
1950,52,2010,60,1757872.301369863,4,1613.4584,91.784729
1950,53,2010,60,1756623.068493151,5,1547.5,88.095169
1950,54,2010,60,1755332.194520548,6,1514.25,86.265724
1950,55,2010,60,1754082.961643836,7,1549.7916,88.353386
1950,56,2010,60,1752792.087671233,8,1509.75,86.134003
1950,57,2010,60,1751501.21369863,9,1472,84.042191
1950,58,2010,60,1750251.980821918,10,1576.3334,90.063225
1950,59,2010,60,1748961.106849315,11,1558.5,89.110046
1950,60,2010,60,1747711.873972603,12,1674.9166,95.834824
1950,61,2011,61,1746421,1,1946.4166,111.45174
1950,62,2011,61,1745384.071232877,2,1606.375,92.035614
1950,63,2011,61,1744447.490410959,3,1688.0416,96.766548
1950,64,2011,61,1743410.561643835,4,1632.4167,93.633522
1950,65,2011,61,1742407.082191781,5,1645.125,94.416801
1950,66,2011,61,1741370.153424657,6,1558.125,89.476959
1950,67,2011,61,1740366.673972602,7,1679.3333,96.493073
1950,68,2011,61,1739329.745205479,8,1673,96.186478
1950,69,2011,61,1738292.816438356,9,1587.4167,91.320442
1950,70,2011,61,1737289.336986301,10,1676.7917,96.5177
1950,71,2011,61,1736252.408219178,11,1595.25,91.878922
1950,72,2011,61,1735248.928767123,12,1769.4166,101.96904
1950,73,2012,62,1734212,1,1843.4999,106.30187
1950,74,2012,62,1732647.516393443,2,1733,100.02034
1950,75,2012,62,1731183.967213115,3,1827.7083,105.57562
1950,76,2012,62,1729619.483606557,4,1736.2084,100.38094
1950,77,2012,62,1728105.467213115,5,1804.5,104.42071
1950,78,2012,62,1726540.983606557,6,1736.0833,100.55268
1950,79,2012,62,1725026.967213115,7,1751.5417,101.53706
1950,80,2012,62,1723462.483606557,8,1759,102.06198
1950,81,2012,62,1721898,9,1707.7916,99.180763
1950,82,2012,62,1720383.983606557,10,1764.8334,102.58369
1950,83,2012,62,1718819.5,11,1823.5,106.09026
1950,84,2012,62,1717305.483606557,12,1905.5416,110.96114
1950,85,2013,63,1715741,1,2142.2917,124.86102
1950,86,2013,63,1713779.209589041,2,1895.25,110.58893
1950,87,2013,63,1712007.269863014,3,2010.7917,117.45229
1950,88,2013,63,1710045.479452055,4,1895.7501,110.85963
1950,89,2013,63,1708146.97260274,5,1902.375,111.37069
1950,90,2013,63,1706185.182191781,6,1811.0416,106.14567
1950,91,2013,63,1704286.675342466,7,1873.9167,109.95314
1950,92,2013,63,1702324.884931507,8,1820.75,106.95667
1950,93,2013,63,1700363.094520548,9,1809.75,106.43315
1950,94,2013,63,1698464.587671233,10,1865.75,109.84921
1950,95,2013,63,1696502.797260274,11,1852,109.16575
1950,96,2013,63,1694604.290410959,12,2098.75,123.84898
1950,97,2014,64,1692642.5,1,2283.7915,134.92462
1950,98,2014,64,1690673.150684931,2,1975.375,116.83955
1950,99,2014,64,1688894.383561644,3,2058.7085,121.89682
1950,100,2014,64,1686925.034246575,4,1995.9584,118.31933
1950,101,2014,64,1685019.212328767,5,1984.125,117.75089
1950,102,2014,64,1683049.863013698,6,1878.5,111.61285
1950,103,2014,64,1681144.04109589,7,1926.7083,114.60697
1950,104,2014,64,1679174.691780822,8,1880.25,111.97465
1950,105,2014,64,1677205.342465753,9,1858.0417,110.78201
1950,106,2014,64,1675299.520547945,10,2031.9167,121.28677
1950,107,2014,64,1673330.171232877,11,2019.375,120.68001
1950,108,2014,64,1671424.349315068,12,2235.4583,133.7457
1950,109,2015,65,1669455,1,2420.5,144.98744
1950,110,2015,65,1667485.735616438,2,2132.25,127.87216
1950,111,2015,65,1665707.045205479,3,2269.3333,136.23843
1950,112,2015,65,1663737.780821918,4,2075.3335,124.73922
1950,113,2015,65,1661832.04109589,5,2151.75,129.48059
1950,114,2015,65,1659862.776712328,6,2058.0415,123.98866
1950,115,2015,65,1657957.036986301,7,2147.375,129.51933
1950,116,2015,65,1655987.77260274,8,2104.625,127.09182
1950,117,2015,65,1654018.508219178,9,1966.5,118.89226
1950,118,2015,65,1652112.76849315,10,2141.5833,129.62694
1950,119,2015,65,1650143.504109589,11,2045.5,123.95892
1950,120,2015,65,1648237.764383561,12,2203.9167,133.71352
1950,121,2016,66,1646268.5,1,2401.3333,145.86522
1950,122,2016,66,1644728.918032787,2,2302.375,139.98508
1950,123,2016,66,1643288.663934426,3,2452.6667,149.25356
1950,124,2016,66,1641749.081967213,4,2214.1667,134.86633
1950,125,2016,66,1640259.163934426,5,2212.875,134.91008
1950,126,2016,66,1638719.581967213,6,2112.5833,128.9167
1950,127,2016,66,1637229.663934426,7,2163.5417,132.1465
1950,128,2016,66,1635690.081967213,8,2244.5,137.22037
1950,129,2016,66,1634150.5,9,2126.0833,130.10327
1950,130,2016,66,1632660.581967213,10,2226.9165,136.39801
1950,131,2016,66,1631121,11,2263.625,138.77725
1950,132,2016,66,1629631.081967213,12,2361.5415,144.91264
1950,133,2017,67,1628091.5,1,2657.9583,163.25607
1950,134,2017,67,1626658.153424658,2,2327.125,143.06171
1950,135,2017,67,1625363.517808219,3,2557.4585,157.34686
1950,136,2017,67,1623930.171232877,4,2265.375,139.49953
1950,137,2017,67,1622543.061643836,5,2297.875,141.62183
1950,138,2017,67,1621109.715068493,6,2261.4583,139.50063
1950,139,2017,67,1619722.605479452,7,2282.2085,140.9012
1950,140,2017,67,1618289.25890411,8,2290.625,141.54608
1950,141,2017,67,1616855.912328767,9,2250.0833,139.16412
1950,142,2017,67,1615468.802739726,10,2305.2083,142.69594
1950,143,2017,67,1614035.456164384,11,2356.375,145.99277
1950,144,2017,67,1612648.346575343,12,2614.875,162.14787
1950,145,2018,68,1611215,1,2908.125,180.49268
1950,146,2018,68,1607012.75890411,2,2476.375,154.09802
1950,147,2018,68,1603217.18630137,3,2652.125,165.42519
1950,148,2018,68,1599014.945205479,4,2467.7917,154.332
1950,149,2018,68,1594948.260273973,5,2438,152.85762
1950,150,2018,68,1590746.019178082,6,2352.2085,147.86826
1950,151,2018,68,1586679.334246575,7,2380.75,150.04607
1950,152,2018,68,1582477.093150685,8,2433.625,153.7858
1950,153,2018,68,1578274.852054794,9,2355.125,149.22148
1950,154,2018,68,1574208.167123287,10,2420.625,153.76778
1950,155,2018,68,1570005.926027397,11,2446.125,155.80356
1950,156,2018,68,1565939.24109589,12,2534.7083,161.86505
1950,157,2019,69,1561737,1,2792.75,178.82332
1950,158,2019,69,1557393.347945205,2,2534.875,162.76396
1950,159,2019,69,1553470.049315068,3,2777.5,178.79327
1950,160,2019,69,1549126.397260274,4,2577.7917,166.40294
1950,161,2019,69,1544922.863013699,5,2585,167.32227
1950,162,2019,69,1540579.210958904,6,2524,163.83449
1950,163,2019,69,1536375.676712329,7,2536.875,165.12074
1950,164,2019,69,1532032.024657534,8,2532.75,165.31966
1950,165,2019,69,1527688.37260274,9,2445.4585,160.07574
1950,166,2019,69,1523484.838356164,10,2517.2083,165.22699
1950,167,2019,69,1519141.18630137,11,2647,174.24318
1950,168,2019,69,1514937.652054795,12,2734.7083,180.51622
1950,169,2020,70,1510594,1,3114.8748,206.20198
1950,170,2020,70,1507242.823770492,2,2784.625,184.74959
1950,171,2020,70,1504107.852459017,3,3085.3333,205.12714
1950,172,2020,70,1500756.676229508,4,3790.1667,252.55038
1950,173,2020,70,1497513.602459017,5,3151.375,210.44049
1950,174,2020,70,1494162.426229508,6,2822.75,188.91855
1950,175,2020,70,1490919.352459017,7,3266.5835,219.0986
1950,176,2020,70,1487568.176229508,8,3164.25,212.71294
1950,177,2020,70,1484217,9,2877.5417,193.87608
1950,178,2020,70,1480973.926229508,10,3074.625,207.60831
1950,179,2020,70,1477622.75,11,3450,233.48314
1950,180,2020,70,1474379.676229508,12,4254.875,288.58746
1950,181,2021,71,1471028.5,1,4683.583,318.38834
1950,182,2021,71,1467655.82739726,2,3560.375,242.58923
1950,183,2021,71,1464609.542465753,3,3346.5835,228.49663
1950,184,2021,71,1461236.869863014,4,3040.875,208.10281
1950,185,2021,71,1457972.993150685,5,3084.5,211.56085
1950,186,2021,71,1454600.320547945,6,2914.5415,200.36717
1950,187,2021,71,1451336.443835617,7,2973.7085,204.8945
1950,188,2021,71,1447963.771232877,8,3646.875,251.8623
1950,189,2021,71,1444591.098630137,9,3735.2917,258.57086
1950,190,2021,71,1441327.221917808,10,3601.5833,249.87964
1950,191,2021,71,1437954.549315068,11,3408.875,237.06416
1950,192,2021,71,1434690.67260274,12,3890.25,271.15601
1951,1,2006,55,1852873,1,1252.0833,67.575233
1951,2,2006,55,1851941.556164383,2,1158.75,62.569469
1951,3,2006,55,1851100.252054794,3,1243.7084,67.187523
1951,4,2006,55,1850168.808219178,4,1171.8334,63.336567
1951,5,2006,55,1849267.410958904,5,1243.375,67.236084
1951,6,2006,55,1848335.967123288,6,1155.5,62.51569
1951,7,2006,55,1847434.569863014,7,1227.4584,66.441238
1951,8,2006,55,1846503.126027397,8,1185.25,64.188896
1951,9,2006,55,1845571.682191781,9,1133.0416,61.392448
1951,10,2006,55,1844670.284931507,10,1174.0833,63.647324
1951,11,2006,55,1843738.84109589,11,1225.625,66.474976
1951,12,2006,55,1842837.443835617,12,1333.4167,72.35672
1951,13,2007,56,1841906,1,1395.7916,75.779739
1951,14,2007,56,1841626.702739726,2,1307.625,71.003799
1951,15,2007,56,1841374.434246575,3,1292.5417,70.194397
1951,16,2007,56,1841095.136986302,4,1273.5,69.170784
1951,17,2007,56,1840824.849315069,5,1304.625,70.871765
1951,18,2007,56,1840545.552054795,6,1201.5,65.279556
1951,19,2007,56,1840275.264383562,7,1256.7916,68.293678
1951,20,2007,56,1839995.967123288,8,1267.125,68.865639
1951,21,2007,56,1839716.669863014,9,1239.375,67.367714
1951,22,2007,56,1839446.382191781,10,1288.9166,70.0709
1951,23,2007,56,1839167.084931507,11,1225.5,66.633423
1951,24,2007,56,1838896.797260274,12,1360.4583,73.982307
1951,25,2008,57,1838617.5,1,1470.7499,79.992165
1951,26,2008,57,1837395.413934426,2,1399.5,76.167603
1951,27,2008,57,1836252.172131148,3,1425.375,77.624146
1951,28,2008,57,1835030.086065574,4,1346.4584,73.375275
1951,29,2008,57,1833847.422131148,5,1408.125,76.785286
1951,30,2008,57,1832625.336065574,6,1320.7916,72.071014
1951,31,2008,57,1831442.672131148,7,1321.125,72.135757
1951,32,2008,57,1830220.586065574,8,1332.75,72.819092
1951,33,2008,57,1828998.5,9,1271.1667,69.500702
1951,34,2008,57,1827815.836065574,10,1378.9584,75.442963
1951,35,2008,57,1826593.75,11,1331.375,72.888405
1951,36,2008,57,1825411.086065574,12,1419.8334,77.78157
1951,37,2009,58,1824189,1,1533.3749,84.057892
1951,38,2009,58,1823031.850684932,2,1388.25,76.15062
1951,39,2009,58,1821986.683561644,3,1441.6667,79.126083
1951,40,2009,58,1820829.534246576,4,1414.9584,77.709549
1951,41,2009,58,1819709.712328767,5,1466.125,80.569168
1951,42,2009,58,1818552.563013699,6,1427.8333,78.514816
1951,43,2009,58,1817432.741095891,7,1428.2083,78.583832
1951,44,2009,58,1816275.591780822,8,1472.375,81.065613
1951,45,2009,58,1815118.442465754,9,1320.6667,72.759262
1951,46,2009,58,1813998.620547945,10,1467.6667,80.907822
1951,47,2009,58,1812841.471232877,11,1471.375,81.164017
1951,48,2009,58,1811721.649315068,12,1610.8334,88.911751
1951,49,2010,59,1810564.5,1,1621.2084,89.541595
1951,50,2010,59,1809242.710958904,2,1470.625,81.284012
1951,51,2010,59,1808048.836986301,3,1616.0416,89.380417
1951,52,2010,59,1806727.047945205,4,1590.1667,88.013672
1951,53,2010,59,1805447.897260274,5,1535.375,85.041222
1951,54,2010,59,1804126.108219178,6,1465.75,81.244324
1951,55,2010,59,1802846.957534246,7,1534.25,85.101509
1951,56,2010,59,1801525.168493151,8,1477.375,82.006905
1951,57,2010,59,1800203.379452055,9,1392.5834,77.357002
1951,58,2010,59,1798924.228767123,10,1517.5833,84.360596
1951,59,2010,59,1797602.439726027,11,1498.75,83.374939
1951,60,2010,59,1796323.289041096,12,1649.9584,91.851974
1951,61,2011,60,1795001.5,1,1702.7916,94.862961
1951,62,2011,60,1793690.030136986,2,1596.75,89.020401
1951,63,2011,60,1792505.476712328,3,1722.0834,96.071304
1951,64,2011,60,1791194.006849315,4,1647.7917,91.994041
1951,65,2011,60,1789924.842465753,5,1633.25,91.246849
1951,66,2011,60,1788613.372602739,6,1551.2083,86.72686
1951,67,2011,60,1787344.208219178,7,1634.625,91.455521
1951,68,2011,60,1786032.738356164,8,1557.75,87.218445
1951,69,2011,60,1784721.26849315,9,1526.9166,85.554909
1951,70,2011,60,1783452.104109589,10,1606.7916,90.094467
1951,71,2011,60,1782140.634246575,11,1496.125,83.951004
1951,72,2011,60,1780871.469863013,12,1661.6666,93.306374
1951,73,2012,61,1779560,1,1784.9166,100.30101
1951,74,2012,61,1778609.841530055,2,1605.625,90.274155
1951,75,2012,61,1777720.983606557,3,1767.625,99.432083
1951,76,2012,61,1776770.825136612,4,1720.375,96.825935
1951,77,2012,61,1775851.316939891,5,1720.25,96.869034
1951,78,2012,61,1774901.158469945,6,1637.75,92.272743
1951,79,2012,61,1773981.650273224,7,1708.8333,96.32756
1951,80,2012,61,1773031.491803279,8,1702.125,96.000832
1951,81,2012,61,1772081.333333333,9,1653.875,93.329521
1951,82,2012,61,1771161.825136612,10,1705.2083,96.276253
1951,83,2012,61,1770211.666666667,11,1691,95.525299
1951,84,2012,61,1769292.158469945,12,1883.75,106.46913
1951,85,2013,62,1768342,1,2010.9166,113.71763
1951,86,2013,62,1766667.490410959,2,1757.875,99.502312
1951,87,2013,62,1765155.030136986,3,1872.375,106.07425
1951,88,2013,62,1763480.520547945,4,1798.9585,102.01182
1951,89,2013,62,1761860.02739726,5,1870,106.13783
1951,90,2013,62,1760185.517808219,6,1793,101.86427
1951,91,2013,62,1758565.024657534,7,1812.6667,103.07647
1951,92,2013,62,1756890.515068493,8,1794.25,102.12646
1951,93,2013,62,1755216.005479452,9,1730,98.56337
1951,94,2013,62,1753595.512328767,10,1848.0416,105.38586
1951,95,2013,62,1751921.002739726,11,1829,104.39968
1951,96,2013,62,1750300.509589041,12,2092.2915,119.53899
1951,97,2014,63,1748626,1,2210.9583,126.43974
1951,98,2014,63,1746492.180821918,2,1943.75,111.29452
1951,99,2014,63,1744564.860273973,3,2107.6667,120.81332
1951,100,2014,63,1742431.041095891,4,1916.5835,109.9948
1951,101,2014,63,1740366.054794521,5,1956.375,112.4117
1951,102,2014,63,1738232.235616439,6,1844.9583,106.13992
1951,103,2014,63,1736167.249315069,7,1952.25,112.44596
1951,104,2014,63,1734033.430136986,8,1881.25,108.48984
1951,105,2014,63,1731899.610958904,9,1843.875,106.46547
1951,106,2014,63,1729834.624657534,10,1935.5833,111.89412
1951,107,2014,63,1727700.805479452,11,1880.875,108.86578
1951,108,2014,63,1725635.819178082,12,2120.0417,122.85569
1951,109,2015,64,1723502,1,2315.5,134.34856
1951,110,2015,64,1721412.642465753,2,2066.375,120.03949
1951,111,2015,64,1719525.480821918,3,2204.5417,128.20641
1951,112,2015,64,1717436.123287671,4,2027.75,118.06844
1951,113,2015,64,1715414.164383562,5,2091.5,121.92391
1951,114,2015,64,1713324.806849315,6,2039.2499,119.02296
1951,115,2015,64,1711302.847945206,7,2103.9583,122.94482
1951,116,2015,64,1709213.490410959,8,2079.5,121.66415
1951,117,2015,64,1707124.132876713,9,1983.1667,116.17004
1951,118,2015,64,1705102.173972603,10,2171.2917,127.34086
1951,119,2015,64,1703012.816438356,11,2144.5,125.92389
1951,120,2015,64,1700990.857534247,12,2246.9583,132.09702
1951,121,2016,65,1698901.5,1,2316.9583,136.37979
1951,122,2016,65,1696833.605191257,2,2247,132.42313
1951,123,2016,65,1694899.12295082,3,2383.6667,140.63768
1951,124,2016,65,1692831.228142076,4,2182.4167,128.92111
1951,125,2016,65,1690830.039617486,5,2157.625,127.60744
1951,126,2016,65,1688762.144808743,6,2117.4165,125.38275
1951,127,2016,65,1686760.956284153,7,2173.0835,128.83174
1951,128,2016,65,1684693.06147541,8,2146.125,127.38967
1951,129,2016,65,1682625.166666667,9,2070.9165,123.07652
1951,130,2016,65,1680623.978142076,10,2212.375,131.64009
1951,131,2016,65,1678556.083333333,11,2234.875,133.1427
1951,132,2016,65,1676554.894808743,12,2350.2917,140.18579
1951,133,2017,66,1674487,1,2496.2917,149.078
1951,134,2017,66,1672879.798630137,2,2211.75,132.21213
1951,135,2017,66,1671428.132876713,3,2360.6667,141.23651
1951,136,2017,66,1669820.93150685,4,2251.7085,134.84731
1951,137,2017,66,1668265.575342466,5,2260.875,135.52249
1951,138,2017,66,1666658.373972603,6,2225.0833,133.50566
1951,139,2017,66,1665103.017808219,7,2265.5833,136.06265
1951,140,2017,66,1663495.816438356,8,2283.375,137.26364
1951,141,2017,66,1661888.615068493,9,2179.75,131.16101
1951,142,2017,66,1660333.25890411,10,2282.375,137.46487
1951,143,2017,66,1658726.057534247,11,2323.625,140.08492
1951,144,2017,66,1657170.701369863,12,2573.75,155.30989
1951,145,2018,67,1655563.5,1,2842.6665,171.70386
1951,146,2018,67,1654186.930136987,2,2390.25,144.49696
1951,147,2018,67,1652943.576712329,3,2523.7085,152.67966
1951,148,2018,67,1651567.006849315,4,2453.2917,148.54327
1951,149,2018,67,1650234.842465754,5,2390.25,144.84302
1951,150,2018,67,1648858.27260274,6,2323.125,140.89294
1951,151,2018,67,1647526.108219178,7,2392.2083,145.20003
1951,152,2018,67,1646149.538356164,8,2348.125,142.64348
1951,153,2018,67,1644772.968493151,9,2338.0417,142.14981
1951,154,2018,67,1643440.804109589,10,2409.7085,146.62582
1951,155,2018,67,1642064.234246576,11,2421.125,147.44398
1951,156,2018,67,1640732.069863014,12,2621.0835,159.75085
1951,157,2019,68,1639355.5,1,2718.2917,165.81467
1951,158,2019,68,1635467.293150685,2,2432.25,148.71896
1951,159,2019,68,1631955.364383562,3,2722.75,166.83974
1951,160,2019,68,1628067.157534247,4,2499.2917,153.51282
1951,161,2019,68,1624304.376712329,5,2525.875,155.50504
1951,162,2019,68,1620416.169863014,6,2464.0833,152.06483
1951,163,2019,68,1616653.389041096,7,2498.25,154.5322
1951,164,2019,68,1612765.182191781,8,2475.75,153.50964
1951,165,2019,68,1608876.975342466,9,2378.75,147.85158
1951,166,2019,68,1605114.194520548,10,2583.4585,160.95169
1951,167,2019,68,1601225.987671233,11,2598.75,162.29752
1951,168,2019,68,1597463.206849316,12,2632.5835,164.79776
1951,169,2020,69,1593575,1,2880.2915,180.74402
1951,170,2020,69,1590254.950819672,2,2593.25,163.07133
1951,171,2020,69,1587149.098360656,3,3001.5835,189.11794
1951,172,2020,69,1583829.049180328,4,3588.2085,226.55276
1951,173,2020,69,1580616.098360656,5,3023.125,191.26245
1951,174,2020,69,1577296.049180328,6,2810.25,178.16884
1951,175,2020,69,1574083.098360656,7,3190.2083,202.6709
1951,176,2020,69,1570763.049180328,8,3214.625,204.65372
1951,177,2020,69,1567443,9,2794.5,178.284
1951,178,2020,69,1564230.049180328,10,3021.7915,193.18076
1951,179,2020,69,1560910,11,3373.875,216.14795
1951,180,2020,69,1557697.049180328,12,4133.3335,265.349
1951,181,2021,70,1554377,1,4508.958,290.08136
1951,182,2021,70,1551042.928767123,2,3493.625,225.24361
1951,183,2021,70,1548031.509589041,3,3211.4165,207.45163
1951,184,2021,70,1544697.438356164,4,3018.7085,195.42393
1951,185,2021,70,1541470.917808219,5,3020.25,195.93298
1951,186,2021,70,1538136.846575342,6,2885.5833,187.60251
1951,187,2021,70,1534910.326027397,7,2927.6665,190.7386
1951,188,2021,70,1531576.25479452,8,3625,236.68427
1951,189,2021,70,1528242.183561644,9,3617.6665,236.72076
1951,190,2021,70,1525015.663013699,10,3559.75,233.42383
1951,191,2021,70,1521681.591780822,11,3394,223.04272
1951,192,2021,70,1518455.071232877,12,3745.3333,246.65421
1952,1,2006,54,1919438,1,1185.25,61.749847
1952,2,2006,54,1918087.673972603,2,1182.5,61.649944
1952,3,2006,54,1916868.024657534,3,1255.6666,65.506157
1952,4,2006,54,1915517.698630137,4,1163.1667,60.723362
1952,5,2006,54,1914210.931506849,5,1200.625,62.721668
1952,6,2006,54,1912860.605479452,6,1113.7083,58.222134
1952,7,2006,54,1911553.838356165,7,1186.0833,62.048122
1952,8,2006,54,1910203.512328767,8,1149.125,60.157204
1952,9,2006,54,1908853.18630137,9,1131.875,59.296074
1952,10,2006,54,1907546.419178082,10,1149.5834,60.265026
1952,11,2006,54,1906196.093150685,11,1169.375,61.345997
1952,12,2006,54,1904889.326027397,12,1200.7083,63.032967
1952,13,2007,55,1903539,1,1318.8333,69.283226
1952,14,2007,55,1902548.273972603,2,1220.25,64.137665
1952,15,2007,55,1901653.424657534,3,1296.8334,68.195045
1952,16,2007,55,1900662.698630137,4,1249.3334,65.731461
1952,17,2007,55,1899703.931506849,5,1271,66.905159
1952,18,2007,55,1898713.205479452,6,1151,60.620003
1952,19,2007,55,1897754.438356164,7,1224.7917,64.539001
1952,20,2007,55,1896763.712328767,8,1203.5,63.45018
1952,21,2007,55,1895772.98630137,9,1184.5417,62.483311
1952,22,2007,55,1894814.219178082,10,1229.25,64.874435
1952,23,2007,55,1893823.493150685,11,1175.125,62.050396
1952,24,2007,55,1892864.726027397,12,1338.7917,70.72834
1952,25,2008,56,1891874,1,1393.2499,73.643906
1952,26,2008,56,1891672.034153006,2,1377.5,72.819176
1952,27,2008,56,1891483.098360656,3,1396.0833,73.808922
1952,28,2008,56,1891281.132513661,4,1299,68.683601
1952,29,2008,56,1891085.681693989,5,1340.25,70.871986
1952,30,2008,56,1890883.715846994,6,1276.3333,67.499298
1952,31,2008,56,1890688.265027322,7,1311.5417,69.368484
1952,32,2008,56,1890486.299180328,8,1339.875,70.874619
1952,33,2008,56,1890284.333333333,9,1215.5416,64.304695
1952,34,2008,56,1890088.882513661,10,1340.9583,70.946838
1952,35,2008,56,1889886.916666667,11,1323.75,70.043877
1952,36,2008,56,1889691.465846994,12,1416.0834,74.937279
1952,37,2009,57,1889489.5,1,1516.4999,80.259766
1952,38,2009,57,1888342.797260274,2,1389.625,73.589661
1952,39,2009,57,1887307.065753425,3,1451.1666,76.890862
1952,40,2009,57,1886160.363013699,4,1358.7917,72.0401
1952,41,2009,57,1885050.650684931,5,1382.75,73.35347
1952,42,2009,57,1883903.947945205,6,1382.625,73.391479
1952,43,2009,57,1882794.235616438,7,1361.4583,72.310516
1952,44,2009,57,1881647.532876712,8,1365.75,72.582672
1952,45,2009,57,1880500.830136986,9,1357.4167,72.183792
1952,46,2009,57,1879391.117808219,10,1435.375,76.374466
1952,47,2009,57,1878244.415068493,11,1401.375,74.610893
1952,48,2009,57,1877134.702739726,12,1509.5416,80.417328
1952,49,2010,58,1875988,1,1579.0416,84.171204
1952,50,2010,58,1875012.561643836,2,1413.75,75.399498
1952,51,2010,58,1874131.520547945,3,1574.9584,84.036705
1952,52,2010,58,1873156.082191781,4,1502.25,80.198868
1952,53,2010,58,1872212.109589041,5,1494.5,79.825356
1952,54,2010,58,1871236.671232877,6,1402.2083,74.934845
1952,55,2010,58,1870292.698630137,7,1525.625,81.571457
1952,56,2010,58,1869317.260273973,8,1412,75.535599
1952,57,2010,58,1868341.821917808,9,1395.25,74.67852
1952,58,2010,58,1867397.849315068,10,1457.875,78.069862
1952,59,2010,58,1866422.410958904,11,1446.25,77.487816
1952,60,2010,58,1865478.438356164,12,1608.75,86.23793
1952,61,2011,59,1864503,1,1697.3334,91.034088
1952,62,2011,59,1862926.161643836,2,1594.25,85.577736
1952,63,2011,59,1861501.920547945,3,1675.9583,90.032585
1952,64,2011,59,1859925.082191781,4,1587.3334,85.343941
1952,65,2011,59,1858399.109589041,5,1614.875,86.896027
1952,66,2011,59,1856822.271232877,6,1517.5833,81.730133
1952,67,2011,59,1855296.298630137,7,1538.5417,82.92701
1952,68,2011,59,1853719.460273973,8,1472.125,79.414658
1952,69,2011,59,1852142.621917808,9,1491.0416,80.503609
1952,70,2011,59,1850616.649315069,10,1555.3334,84.04406
1952,71,2011,59,1849039.810958904,11,1472.5,79.635925
1952,72,2011,59,1847513.838356165,12,1613.875,87.353882
1952,73,2012,60,1845937,1,1756.2916,95.143639
1952,74,2012,60,1844565.37704918,2,1640.625,88.943718
1952,75,2012,60,1843282.245901639,3,1765.6667,95.789276
1952,76,2012,60,1841910.62295082,4,1648.4167,89.494934
1952,77,2012,60,1840583.245901639,5,1699.125,92.314491
1952,78,2012,60,1839211.62295082,6,1603.0833,87.161438
1952,79,2012,60,1837884.245901639,7,1605.5834,87.36042
1952,80,2012,60,1836512.62295082,8,1670.375,90.953636
1952,81,2012,60,1835141,9,1625.5417,88.578575
1952,82,2012,60,1833813.62295082,10,1668.0834,90.962532
1952,83,2012,60,1832442,11,1699,92.717804
1952,84,2012,60,1831114.62295082,12,1827.4166,99.79805
1952,85,2013,61,1829743,1,2007.6666,109.72397
1952,86,2013,61,1828896.063013698,2,1628,89.01545
1952,87,2013,61,1828131.087671233,3,1908.875,104.41675
1952,88,2013,61,1827284.150684931,4,1741.0417,95.280296
1952,89,2013,61,1826464.534246575,5,1741,95.32077
1952,90,2013,61,1825617.597260274,6,1721.7916,94.312828
1952,91,2013,61,1824797.980821918,7,1765.2083,96.734451
1952,92,2013,61,1823951.043835616,8,1746.25,95.73996
1952,93,2013,61,1823104.106849315,9,1681.5416,92.235085
1952,94,2013,61,1822284.490410959,10,1779.7084,97.663582
1952,95,2013,61,1821437.553424657,11,1826,100.25049
1952,96,2013,61,1820617.936986301,12,1893.625,104.01002
1952,97,2014,62,1819771,1,2233.0833,122.71232
1952,98,2014,62,1817991.260273973,2,1934.125,106.38802
1952,99,2014,62,1816383.753424658,3,2021.5417,111.29486
1952,100,2014,62,1814604.01369863,4,1884.6667,103.86105
1952,101,2014,62,1812881.684931507,5,1891.75,104.35044
1952,102,2014,62,1811101.945205479,6,1815.2915,100.23132
1952,103,2014,62,1809379.616438356,7,1896.875,104.83566
1952,104,2014,62,1807599.876712329,8,1851.75,102.44247
1952,105,2014,62,1805820.136986301,9,1817.5833,100.6514
1952,106,2014,62,1804097.808219178,10,1935.5417,107.28586
1952,107,2014,62,1802318.068493151,11,1950.375,108.21481
1952,108,2014,62,1800595.739726027,12,2006.7083,111.44691
1952,109,2015,63,1798816,1,2278.125,126.64581
1952,110,2015,63,1796502.508219178,2,2057.125,114.50722
1952,111,2015,63,1794412.902739726,3,2183.5833,121.6879
1952,112,2015,63,1792099.410958904,4,1995.2917,111.33823
1952,113,2015,63,1789860.547945205,5,2070.25,115.66544
1952,114,2015,63,1787547.056164383,6,1949.4999,109.06006
1952,115,2015,63,1785308.193150685,7,1998.7084,111.95313
1952,116,2015,63,1782994.701369863,8,2048.5,114.89098
1952,117,2015,63,1780681.209589041,9,1941.375,109.02428
1952,118,2015,63,1778442.346575342,10,2033.3333,114.33225
1952,119,2015,63,1776128.85479452,11,2010.375,113.18858
1952,120,2015,63,1773889.991780822,12,2143.5835,120.84084
1952,121,2016,64,1771576.5,1,2314.8333,130.66516
1952,122,2016,64,1769359.534153005,2,2213.875,125.12296
1952,123,2016,64,1767285.598360656,3,2302.3335,130.27512
1952,124,2016,64,1765068.632513661,4,2149.5,121.77997
1952,125,2016,64,1762923.181693989,5,2109.375,119.65212
1952,126,2016,64,1760706.215846994,6,2040.625,115.89809
1952,127,2016,64,1758560.765027322,7,2143.25,121.87523
1952,128,2016,64,1756343.799180328,8,2095.25,119.29612
1952,129,2016,64,1754126.833333333,9,2017.25,115.00024
1952,130,2016,64,1751981.382513661,10,2163.6667,123.49828
1952,131,2016,64,1749764.416666667,11,2078.5,118.78742
1952,132,2016,64,1747618.965846994,12,2270.4583,129.91724
1952,133,2017,65,1745402,1,2499.75,143.21916
1952,134,2017,65,1743179.809589041,2,2220.875,127.40366
1952,135,2017,65,1741172.669863014,3,2361.8335,135.64613
1952,136,2017,65,1738950.479452055,4,2242.1667,128.93793
1952,137,2017,65,1736799.97260274,5,2294.75,132.12517
1952,138,2017,65,1734577.782191781,6,2146.125,123.72607
1952,139,2017,65,1732427.275342466,7,2187.75,126.28236
1952,140,2017,65,1730205.084931507,8,2252.75,130.20132
1952,141,2017,65,1727982.894520548,9,2167.5417,125.43768
1952,142,2017,65,1725832.387671233,10,2300.4167,133.29317
1952,143,2017,65,1723610.197260274,11,2271.875,131.8091
1952,144,2017,65,1721459.690410959,12,2469.4583,143.45142
1952,145,2018,66,1719237.5,1,2854.7498,166.04744
1952,146,2018,66,1717643.038356164,2,2355.375,137.12831
1952,147,2018,66,1716202.879452055,3,2498.2915,145.57088
1952,148,2018,66,1714608.417808219,4,2409.2917,140.51556
1952,149,2018,66,1713065.390410959,5,2348,137.06424
1952,150,2018,66,1711470.928767123,6,2256.7915,131.86269
1952,151,2018,66,1709927.901369863,7,2302,134.62556
1952,152,2018,66,1708333.439726027,8,2317.625,135.66585
1952,153,2018,66,1706738.978082191,9,2293.6667,134.38884
1952,154,2018,66,1705195.950684931,10,2344.4583,137.48907
1952,155,2018,66,1703601.489041096,11,2376,139.46924
1952,156,2018,66,1702058.461643835,12,2470.7083,145.16
1952,157,2019,67,1700464,1,2724.6665,160.23077
1952,158,2019,67,1698197.857534247,2,2417,142.32735
1952,159,2019,67,1696151.019178082,3,2635.2917,155.36893
1952,160,2019,67,1693884.876712329,4,2506.2917,147.96117
1952,161,2019,67,1691691.835616439,5,2540.375,150.16771
1952,162,2019,67,1689425.693150685,6,2386.4165,141.25607
1952,163,2019,67,1687232.652054795,7,2425,143.72647
1952,164,2019,67,1684966.509589041,8,2419.375,143.58594
1952,165,2019,67,1682700.367123288,9,2317.8333,137.74486
1952,166,2019,67,1680507.326027398,10,2458.4585,146.29263
1952,167,2019,67,1678241.183561644,11,2484.25,148.02699
1952,168,2019,67,1676048.142465754,12,2667.2915,159.14169
1952,169,2020,68,1673782,1,2838.375,169.57854
1952,170,2020,68,1670490.198087432,2,2598.625,155.56062
1952,171,2020,68,1667410.770491804,3,2918.1667,175.01187
1952,172,2020,68,1664118.968579235,4,3519.3335,211.48329
1952,173,2020,68,1660933.353825137,5,2983,179.59781
1952,174,2020,68,1657641.551912569,6,2749.25,165.8531
1952,175,2020,68,1654455.93715847,7,3103.4165,187.57928
1952,176,2020,68,1651164.135245902,8,3148,190.65337
1952,177,2020,68,1647872.333333333,9,2809.5835,170.49765
1952,178,2020,68,1644686.718579235,10,2969.25,180.5359
1952,179,2020,68,1641394.916666667,11,3197.75,194.81905
1952,180,2020,68,1638209.301912569,12,4025.4583,245.72307
1952,181,2021,69,1634917.5,1,4413.1665,269.93207
1952,182,2021,69,1631564.106849315,2,3399.625,208.36601
1952,183,2021,69,1628535.235616438,3,3122.8335,191.7572
1952,184,2021,69,1625181.842465753,4,3002.4585,184.746
1952,185,2021,69,1621936.623287671,5,2950.75,181.92758
1952,186,2021,69,1618583.230136986,6,2858.4165,176.59991
1952,187,2021,69,1615338.010958904,7,2906.6665,179.9417
1952,188,2021,69,1611984.617808219,8,3501.625,217.22447
1952,189,2021,69,1608631.224657534,9,3646.7085,226.69637
1952,190,2021,69,1605386.005479452,10,3484.25,217.03503
1952,191,2021,69,1602032.612328767,11,3308.75,206.5345
1952,192,2021,69,1598787.393150685,12,3780.2083,236.44221
1953,1,2006,53,1979816.5,1,1190.75,60.144463
1953,2,2006,53,1979921.135616438,2,1114,56.264866
1953,3,2006,53,1980015.64520548,3,1238.875,62.568951
1953,4,2006,53,1980120.280821918,4,1140.5417,57.599621
1953,5,2006,53,1980221.541095891,5,1130.25,57.076946
1953,6,2006,53,1980326.176712329,6,1072.4583,54.155636
1953,7,2006,53,1980427.436986302,7,1161.7083,58.65947
1953,8,2006,53,1980532.07260274,8,1110,56.045544
1953,9,2006,53,1980636.708219178,9,1092.6667,55.16745
1953,10,2006,53,1980737.968493151,10,1125.2084,56.807533
1953,11,2006,53,1980842.604109589,11,1123.375,56.711975
1953,12,2006,53,1980943.864383562,12,1178.7084,59.502361
1953,13,2007,54,1981048.5,1,1245.9999,62.895981
1953,14,2007,54,1979563.642465753,2,1208,61.023548
1953,15,2007,54,1978222.480821918,3,1262.625,63.826237
1953,16,2007,54,1976737.623287671,4,1167.0834,59.040886
1953,17,2007,54,1975300.664383562,5,1193.625,60.427509
1953,18,2007,54,1973815.806849315,6,1123.2916,56.909649
1953,19,2007,54,1972378.847945205,7,1156,58.609428
1953,20,2007,54,1970893.990410959,8,1169.75,59.351238
1953,21,2007,54,1969409.132876712,9,1126.8334,57.216824
1953,22,2007,54,1967972.173972603,10,1213,61.637051
1953,23,2007,54,1966487.316438356,11,1180.5,60.030899
1953,24,2007,54,1965050.357534247,12,1242.1666,63.212967
1953,25,2008,55,1963565.5,1,1328.4583,67.655411
1953,26,2008,55,1962522.468579235,2,1337.625,68.158455
1953,27,2008,55,1961546.729508197,3,1357.875,69.224709
1953,28,2008,55,1960503.698087432,4,1287.3334,65.663399
1953,29,2008,55,1959494.31284153,5,1312,66.956047
1953,30,2008,55,1958451.281420765,6,1248.9167,63.77063
1953,31,2008,55,1957441.896174863,7,1237.8333,63.237293
1953,32,2008,55,1956398.864754098,8,1292,66.039703
1953,33,2008,55,1955355.833333333,9,1236.375,63.230179
1953,34,2008,55,1954346.448087432,10,1281.3334,65.563263
1953,35,2008,55,1953303.416666667,11,1241.625,63.565392
1953,36,2008,55,1952294.031420765,12,1335.5,68.406708
1953,37,2009,56,1951251,1,1455.9166,74.614525
1953,38,2009,56,1951027.460273973,2,1327,68.015442
1953,39,2009,56,1950825.553424658,3,1396.4167,71.580811
1953,40,2009,56,1950602.01369863,4,1312.3334,67.278374
1953,41,2009,56,1950385.684931507,5,1337.375,68.569771
1953,42,2009,56,1950162.14520548,6,1316.3333,67.498657
1953,43,2009,56,1949945.816438356,7,1308.875,67.123657
1953,44,2009,56,1949722.276712329,8,1268.875,65.079781
1953,45,2009,56,1949498.736986301,9,1282.5834,65.790421
1953,46,2009,56,1949282.408219178,10,1342.0833,68.850121
1953,47,2009,56,1949058.868493151,11,1372.625,70.425018
1953,48,2009,56,1948842.539726028,12,1448.4584,74.324036
1953,49,2010,57,1948619,1,1553.625,79.729546
1953,50,2010,57,1947799.920547945,2,1368.125,70.239502
1953,51,2010,57,1947060.106849315,3,1463.2916,75.1539
1953,52,2010,57,1946241.027397261,4,1448.4584,74.423378
1953,53,2010,57,1945448.369863014,5,1437,73.864723
1953,54,2010,57,1944629.290410959,6,1369.125,70.405449
1953,55,2010,57,1943836.632876712,7,1461.2917,75.175644
1953,56,2010,57,1943017.553424658,8,1392,71.641144
1953,57,2010,57,1942198.473972603,9,1318.9167,67.90844
1953,58,2010,57,1941405.816438356,10,1415.125,72.891769
1953,59,2010,57,1940586.736986302,11,1322.75,68.162376
1953,60,2010,57,1939794.079452055,12,1521.7084,78.446899
1953,61,2011,58,1938975,1,1678.375,86.559906
1953,62,2011,58,1937962.191780822,2,1486.375,76.69783
1953,63,2011,58,1937047.397260274,3,1609.375,83.083923
1953,64,2011,58,1936034.589041096,4,1518.9585,78.457199
1953,65,2011,58,1935054.452054794,5,1539.5,79.558487
1953,66,2011,58,1934041.643835616,6,1458.4583,75.409866
1953,67,2011,58,1933061.506849315,7,1471,76.096909
1953,68,2011,58,1932048.698630137,8,1445.25,74.804016
1953,69,2011,58,1931035.890410959,9,1411.7917,73.110588
1953,70,2011,58,1930055.753424658,10,1497.9166,77.610016
1953,71,2011,58,1929042.945205479,11,1476.25,76.527588
1953,72,2011,58,1928062.808219178,12,1540.125,79.879402
1953,73,2012,59,1927050,1,1670.0834,86.665283
1953,74,2012,59,1925131.472677596,2,1596.125,82.90992
1953,75,2012,59,1923336.721311475,3,1665.9583,86.618126
1953,76,2012,59,1921418.193989071,4,1597.25,83.1287
1953,77,2012,59,1919561.554644809,5,1622.25,84.51149
1953,78,2012,59,1917643.027322405,6,1561.5,81.428085
1953,79,2012,59,1915786.387978142,7,1596,83.307823
1953,80,2012,59,1913867.860655738,8,1609.75,84.109779
1953,81,2012,59,1911949.333333333,9,1563.3333,81.766457
1953,82,2012,59,1910092.693989071,10,1660.2084,86.917686
1953,83,2012,59,1908174.166666667,11,1658.375,86.908997
1953,84,2012,59,1906317.527322405,12,1766.5417,92.667763
1953,85,2013,60,1904399,1,1974.4584,103.67882
1953,86,2013,60,1902966.715068493,2,1694.25,89.032036
1953,87,2013,60,1901673.038356164,3,1814.7917,95.43132
1953,88,2013,60,1900240.753424658,4,1694.7085,89.183884
1953,89,2013,60,1898854.671232877,5,1675.5,88.237404
1953,90,2013,60,1897422.38630137,6,1679.125,88.495056
1953,91,2013,60,1896036.304109589,7,1761.25,92.891151
1953,92,2013,60,1894604.019178082,8,1719.5,90.757751
1953,93,2013,60,1893171.734246575,9,1593.125,84.151108
1953,94,2013,60,1891785.652054794,10,1712.9167,90.544968
1953,95,2013,60,1890353.367123288,11,1672,88.449074
1953,96,2013,60,1888967.284931507,12,1871.5834,99.079712
1953,97,2014,61,1887535,1,2227.7917,118.02651
1953,98,2014,61,1886824.250684931,2,1820.25,96.471626
1953,99,2014,61,1886182.283561644,3,1935.25,102.60143
1953,100,2014,61,1885471.534246575,4,1821.3751,96.60051
1953,101,2014,61,1884783.712328767,5,1874.625,99.461014
1953,102,2014,61,1884072.963013699,6,1789.5833,94.984818
1953,103,2014,61,1883385.14109589,7,1803.375,95.751793
1953,104,2014,61,1882674.391780822,8,1806.625,95.960564
1953,105,2014,61,1881963.642465753,9,1773.875,94.256599
1953,106,2014,61,1881275.820547945,10,1919.8333,102.04954
1953,107,2014,61,1880565.071232877,11,1860.625,98.939674
1953,108,2014,61,1879877.249315069,12,1923.4167,102.31609
1953,109,2015,62,1879166.5,1,2208.875,117.54546
1953,110,2015,62,1877284.375342466,2,1884.625,100.39102
1953,111,2015,62,1875584.391780822,3,2105.4167,112.25391
1953,112,2015,62,1873702.267123288,4,2005.5,107.03408
1953,113,2015,62,1871880.856164383,5,2005.25,107.12487
1953,114,2015,62,1869998.731506849,6,1903.2083,101.77591
1953,115,2015,62,1868177.320547945,7,1905.0417,101.97328
1953,116,2015,62,1866295.195890411,8,1933.625,103.60767
1953,117,2015,62,1864413.071232877,9,1845.875,99.005692
1953,118,2015,62,1862591.660273973,10,1968.875,105.70621
1953,119,2015,62,1860709.535616438,11,1902.375,102.23923
1953,120,2015,62,1858888.124657534,12,2045.0833,110.01648
1953,121,2016,63,1857006,1,2280.5415,122.80744
1953,122,2016,63,1854489.325136612,2,2076.25,111.95805
1953,123,2016,63,1852135.016393443,3,2255.0835,121.75589
1953,124,2016,63,1849618.341530055,4,2072.7085,112.06142
1953,125,2016,63,1847182.849726776,5,2079.25,112.5633
1953,126,2016,63,1844666.174863388,6,1984.7083,107.59173
1953,127,2016,63,1842230.68306011,7,2062.6667,111.96571
1953,128,2016,63,1839714.008196722,8,2078.125,112.95914
1953,129,2016,63,1837197.333333334,9,1978.0833,107.66853
1953,130,2016,63,1834761.841530055,10,2073.625,113.01875
1953,131,2016,63,1832245.166666667,11,2094.625,114.32013
1953,132,2016,63,1829809.674863388,12,2224.8335,121.58825
1953,133,2017,64,1827293,1,2423.25,132.6142
1953,134,2017,64,1824900.097260274,2,2144.5,117.51328
1953,135,2017,64,1822738.765753425,3,2280,125.08649
1953,136,2017,64,1820345.863013699,4,2250.3335,123.62121
1953,137,2017,64,1818030.150684932,5,2266.75,124.68165
1953,138,2017,64,1815637.247945206,6,2136.2083,117.65611
1953,139,2017,64,1813321.535616438,7,2179.7917,120.20988
1953,140,2017,64,1810928.632876712,8,2168.25,119.73139
1953,141,2017,64,1808535.730136986,9,2143.5,118.52129
1953,142,2017,64,1806220.017808219,10,2225.8333,123.23157
1953,143,2017,64,1803827.115068493,11,2227.375,123.48051
1953,144,2017,64,1801511.402739726,12,2416.125,134.11655
1953,145,2018,65,1799118.5,1,2776.2915,154.314
1953,146,2018,65,1796807.301369863,2,2328.125,129.5701
1953,147,2018,65,1794719.767123288,3,2486.7917,138.56157
1953,148,2018,65,1792408.568493151,4,2325.9585,129.76721
1953,149,2018,65,1790171.924657535,5,2293.875,128.13713
1953,150,2018,65,1787860.726027398,6,2188.4583,122.40653
1953,151,2018,65,1785624.082191781,7,2252.9585,126.17205
1953,152,2018,65,1783312.883561644,8,2328.875,130.59262
1953,153,2018,65,1781001.684931507,9,2178.5835,122.32349
1953,154,2018,65,1778765.041095891,10,2373.9167,133.45871
1953,155,2018,65,1776453.842465754,11,2286.875,128.73259
1953,156,2018,65,1774217.198630137,12,2549.2917,143.68544
1953,157,2019,66,1771906,1,2711.2915,153.01553
1953,158,2019,66,1770024.469863014,2,2476.875,139.93451
1953,159,2019,66,1768325.023287672,3,2654.5,150.1138
1953,160,2019,66,1766443.493150685,4,2402.25,135.99359
1953,161,2019,66,1764622.657534247,5,2521.25,142.87758
1953,162,2019,66,1762741.127397261,6,2331.9165,132.28922
1953,163,2019,66,1760920.291780822,7,2404.125,136.52663
1953,164,2019,66,1759038.761643836,8,2363.75,134.37737
1953,165,2019,66,1757157.23150685,9,2280.9167,129.80721
1953,166,2019,66,1755336.395890411,10,2439.4167,138.97147
1953,167,2019,66,1753454.865753425,11,2588,147.59433
1953,168,2019,66,1751634.030136987,12,2588.5,147.77631
1953,169,2020,67,1749752.5,1,2776.4167,158.67482
1953,170,2020,67,1746532.43852459,2,2614.75,149.71094
1953,171,2020,67,1743520.122950819,3,2873.5,164.81026
1953,172,2020,67,1740300.06147541,4,3434.5417,197.35342
1953,173,2020,67,1737183.872950819,5,3049.625,175.54993
1953,174,2020,67,1733963.81147541,6,2713.0833,156.46712
1953,175,2020,67,1730847.622950819,7,3084.25,178.19304
1953,176,2020,67,1727627.56147541,8,3031.125,175.45013
1953,177,2020,67,1724407.5,9,2778.375,161.12056
1953,178,2020,67,1721291.31147541,10,2943.75,171.01987
1953,179,2020,67,1718071.25,11,3220.375,187.4413
1953,180,2020,67,1714955.06147541,12,3951.0417,230.38748
1953,181,2021,68,1711735,1,4341.5415,253.63397
1953,182,2021,68,1708409.549315068,2,3385.25,198.15213
1953,183,2021,68,1705405.916438357,3,3053.5833,179.05316
1953,184,2021,68,1702080.465753425,4,2972.75,174.6539
1953,185,2021,68,1698862.287671233,5,2887.5,169.96669
1953,186,2021,68,1695536.836986301,6,2807.3333,165.57195
1953,187,2021,68,1692318.65890411,7,2919.625,172.52217
1953,188,2021,68,1688993.208219178,8,3501.625,207.32025
1953,189,2021,68,1685667.757534247,9,3636.0415,215.70334
1953,190,2021,68,1682449.579452055,10,3419.7085,203.25771
1953,191,2021,68,1679124.128767123,11,3290,195.93549
1953,192,2021,68,1675905.950684932,12,3757.0835,224.18224
1954,1,2006,52,2067992,1,1181.3334,57.12466
1954,2,2006,52,2067377.987671233,2,1080.5,52.264271
1954,3,2006,52,2066823.395890411,3,1132.4584,54.792217
1954,4,2006,52,2066209.383561644,4,1105.4167,53.499744
1954,5,2006,52,2065615.178082192,5,1087.25,52.635651
1954,6,2006,52,2065001.165753425,6,1052.8333,50.984631
1954,7,2006,52,2064406.960273972,7,1089.8334,52.791595
1954,8,2006,52,2063792.947945205,8,1073.375,52.009819
1954,9,2006,52,2063178.935616438,9,1007.4166,48.828369
1954,10,2006,52,2062584.730136986,10,1081.2083,52.420063
1954,11,2006,52,2061970.717808219,11,1054.125,51.122211
1954,12,2006,52,2061376.512328767,12,1112.8334,53.984962
1954,13,2007,53,2060762.5,1,1239.7083,60.157745
1954,14,2007,53,2061010.202739726,2,1152,55.89492
1954,15,2007,53,2061233.934246575,3,1246.6667,60.481575
1954,16,2007,53,2061481.636986302,4,1151.8334,55.874054
1954,17,2007,53,2061721.349315069,5,1158.625,56.196972
1954,18,2007,53,2061969.052054795,6,1117.625,54.201832
1954,19,2007,53,2062208.764383562,7,1157.125,56.110954
1954,20,2007,53,2062456.467123288,8,1135.125,55.037525
1954,21,2007,53,2062704.169863014,9,1065.8333,51.67165
1954,22,2007,53,2062943.882191781,10,1123.5417,54.463032
1954,23,2007,53,2063191.584931507,11,1079.625,52.327908
1954,24,2007,53,2063431.297260274,12,1184.3334,57.396309
1954,25,2008,54,2063679,1,1292.8334,62.647018
1954,26,2008,54,2062036.423497268,2,1268.75,61.52898
1954,27,2008,54,2060499.819672131,3,1304.2917,63.299774
1954,28,2008,54,2058857.243169399,4,1233.0417,59.889618
1954,29,2008,54,2057267.653005464,5,1257.5,61.124763
1954,30,2008,54,2055625.076502732,6,1211.3333,58.927734
1954,31,2008,54,2054035.486338798,7,1196.5,58.251183
1954,32,2008,54,2052392.909836066,8,1206.125,58.766769
1954,33,2008,54,2050750.333333333,9,1169.4166,57.023842
1954,34,2008,54,2049160.743169399,10,1211.7916,59.135998
1954,35,2008,54,2047518.166666667,11,1139,55.628323
1954,36,2008,54,2045928.576502732,12,1261.0833,61.638676
1954,37,2009,55,2044286,1,1384.7916,67.739624
1954,38,2009,55,2043155.901369863,2,1241,60.739368
1954,39,2009,55,2042135.167123288,3,1383.4584,67.745682
1954,40,2009,55,2041005.068493151,4,1285.25,62.971428
1954,41,2009,55,2039911.424657534,5,1316.5,64.537117
1954,42,2009,55,2038781.326027397,6,1267.2083,62.155182
1954,43,2009,55,2037687.682191781,7,1261.9167,61.92886
1954,44,2009,55,2036557.583561644,8,1277.75,62.740677
1954,45,2009,55,2035427.484931507,9,1203.1667,59.111256
1954,46,2009,55,2034333.84109589,10,1335.0417,65.625496
1954,47,2009,55,2033203.742465754,11,1269.375,62.432259
1954,48,2009,55,2032110.098630137,12,1334.8333,65.687057
1954,49,2010,56,2030980,1,1470.7916,72.417831
1954,50,2010,56,2030128.264383562,2,1301.875,64.127724
1954,51,2010,56,2029358.954794521,3,1402.2917,69.100235
1954,52,2010,56,2028507.219178082,4,1396.5833,68.847832
1954,53,2010,56,2027682.95890411,5,1372.75,67.700424
1954,54,2010,56,2026831.223287671,6,1367.2916,67.459572
1954,55,2010,56,2026006.963013699,7,1417.7083,69.975487
1954,56,2010,56,2025155.22739726,8,1362.375,67.272621
1954,57,2010,56,2024303.491780822,9,1256.9166,62.091312
1954,58,2010,56,2023479.231506849,10,1372.1667,67.812248
1954,59,2010,56,2022627.495890411,11,1317.375,65.131866
1954,60,2010,56,2021803.235616438,12,1430.7916,70.768097
1954,61,2011,57,2020951.5,1,1594.9583,78.921158
1954,62,2011,57,2020242.067123288,2,1452.375,71.891136
1954,63,2011,57,2019601.289041096,3,1579.0417,78.185814
1954,64,2011,57,2018891.856164383,4,1444.0417,71.526451
1954,65,2011,57,2018205.308219178,5,1497.5,74.199585
1954,66,2011,57,2017495.875342466,6,1418.6666,70.318192
1954,67,2011,57,2016809.32739726,7,1491.4166,73.94931
1954,68,2011,57,2016099.894520548,8,1422,70.532219
1954,69,2011,57,2015390.461643836,9,1404.7916,69.703201
1954,70,2011,57,2014703.91369863,10,1468.375,72.882919
1954,71,2011,57,2013994.480821918,11,1494.5,74.205765
1954,72,2011,57,2013307.932876712,12,1498.6667,74.438026
1954,73,2012,58,2012598.5,1,1648.8333,81.925591
1954,74,2012,58,2011456.539617486,2,1499.5,74.547966
1954,75,2012,58,2010388.254098361,3,1624.8334,80.821869
1954,76,2012,58,2009246.293715847,4,1537.4167,76.51709
1954,77,2012,58,2008141.170765027,5,1550.5,77.210709
1954,78,2012,58,2006999.210382514,6,1487.2916,74.10524
1954,79,2012,58,2005894.087431694,7,1543.9583,76.971077
1954,80,2012,58,2004752.12704918,8,1583.375,78.981087
1954,81,2012,58,2003610.166666667,9,1475.5417,73.64415
1954,82,2012,58,2002505.043715847,10,1599.8333,79.891594
1954,83,2012,58,2001363.083333333,11,1498,74.848984
1954,84,2012,58,2000257.960382514,12,1616.4166,80.81041
1954,85,2013,59,1999116,1,1911.4166,95.613091
1954,86,2013,59,1996868.882191781,2,1612,80.726379
1954,87,2013,59,1994839.22739726,3,1711.0833,85.775497
1954,88,2013,59,1992592.109589041,4,1690.2084,84.824608
1954,89,2013,59,1990417.479452055,5,1645.375,82.664818
1954,90,2013,59,1988170.361643836,6,1675.1666,84.256691
1954,91,2013,59,1985995.73150685,7,1697.0417,85.450424
1954,92,2013,59,1983748.61369863,8,1634.125,82.37561
1954,93,2013,59,1981501.495890411,9,1620.625,81.787727
1954,94,2013,59,1979326.865753425,10,1696.0416,85.687798
1954,95,2013,59,1977079.747945206,11,1577.375,79.783073
1954,96,2013,59,1974905.11780822,12,1798.1666,91.050789
1954,97,2014,60,1972658,1,2059.7915,104.41706
1954,98,2014,60,1971175.138356165,2,1747.625,88.659042
1954,99,2014,60,1969835.779452055,3,1841.0416,93.461678
1954,100,2014,60,1968352.917808219,4,1761.0835,89.469902
1954,101,2014,60,1966917.890410959,5,1769.5,89.963081
1954,102,2014,60,1965435.028767123,6,1690.4583,86.009369
1954,103,2014,60,1964000.001369863,7,1757.4583,89.48362
1954,104,2014,60,1962517.139726027,8,1756.75,89.515144
1954,105,2014,60,1961034.278082192,9,1688.875,86.121643
1954,106,2014,60,1959599.250684932,10,1799.2084,91.815117
1954,107,2014,60,1958116.389041096,11,1769,90.341927
1954,108,2014,60,1956681.361643836,12,1845.25,94.305084
1954,109,2015,61,1955198.5,1,2133.1665,109.10229
1954,110,2015,61,1954645.426027397,2,1934.375,98.962959
1954,111,2015,61,1954145.875342466,3,2009.5416,102.83478
1954,112,2015,61,1953592.801369863,4,1918.5834,98.207947
1954,113,2015,61,1953057.568493151,5,1899.5,97.257759
1954,114,2015,61,1952504.494520548,6,1896.7916,97.146591
1954,115,2015,61,1951969.261643836,7,1879.25,96.274567
1954,116,2015,61,1951416.187671233,8,1856.625,95.142441
1954,117,2015,61,1950863.11369863,9,1839.6666,94.30014
1954,118,2015,61,1950327.880821918,10,1901.0417,97.472931
1954,119,2015,61,1949774.806849315,11,1857.625,95.273827
1954,120,2015,61,1949239.573972603,12,1945.1667,99.791054
1954,121,2016,62,1948686.5,1,2110,108.27806
1954,122,2016,62,1946662.648907104,2,2040.375,104.814
1954,123,2016,62,1944769.368852459,3,2246.2917,115.50427
1954,124,2016,62,1942745.517759563,4,2062.9585,106.18779
1954,125,2016,62,1940786.952185793,5,2051,105.67878
1954,126,2016,62,1938763.101092896,6,1964.5833,101.33179
1954,127,2016,62,1936804.535519126,7,2051.25,105.90898
1954,128,2016,62,1934780.68442623,8,2026.375,104.73409
1954,129,2016,62,1932756.833333333,9,1909.625,98.803169
1954,130,2016,62,1930798.267759563,10,2030.0416,105.14001
1954,131,2016,62,1928774.416666667,11,1984.5,102.88917
1954,132,2016,62,1926815.851092896,12,2148.25,111.49223
1954,133,2017,63,1924792,1,2377.6665,123.52849
1954,134,2017,63,1922013.126027397,2,2103.375,109.43604
1954,135,2017,63,1919503.175342466,3,2295.7085,119.5991
1954,136,2017,63,1916724.301369863,4,2174.1667,113.43137
1954,137,2017,63,1914035.068493151,5,2146.75,112.15834
1954,138,2017,63,1911256.194520548,6,2093.9583,109.55927
1954,139,2017,63,1908566.961643836,7,2144.1667,112.34433
1954,140,2017,63,1905788.087671233,8,2067.875,108.50498
1954,141,2017,63,1903009.21369863,9,2056.5,108.06569
1954,142,2017,63,1900319.980821918,10,2091,110.0341
1954,143,2017,63,1897541.106849315,11,2210.625,116.49945
1954,144,2017,63,1894851.873972603,12,2329.6667,122.94717
1954,145,2018,64,1892073,1,2690.375,142.19193
1954,146,2018,64,1889542.338356165,2,2215.875,117.27046
1954,147,2018,64,1887256.579452055,3,2407.7085,127.57717
1954,148,2018,64,1884725.917808219,4,2262.5,120.04398
1954,149,2018,64,1882276.890410959,5,2274,120.81113
1954,150,2018,64,1879746.228767123,6,2206.4165,117.37843
1954,151,2018,64,1877297.201369863,7,2227.6665,118.6635
1954,152,2018,64,1874766.539726028,8,2267.5,120.94839
1954,153,2018,64,1872235.878082192,9,2126.0833,113.55852
1954,154,2018,64,1869786.850684932,10,2284.6667,122.18862
1954,155,2018,64,1867256.189041096,11,2333.625,124.97616
1954,156,2018,64,1864807.161643836,12,2413.0833,129.40121
1954,157,2019,65,1862276.5,1,2576.8333,138.37007
1954,158,2019,65,1859404.456164384,2,2356.5,126.73412
1954,159,2019,65,1856810.352054795,3,2541.0415,136.84981
1954,160,2019,65,1853938.308219178,4,2286.75,123.34553
1954,161,2019,65,1851158.910958904,5,2408.625,130.11444
1954,162,2019,65,1848286.867123288,6,2332.8335,126.21599
1954,163,2019,65,1845507.469863014,7,2384.25,129.19211
1954,164,2019,65,1842635.426027397,8,2270.625,123.22704
1954,165,2019,65,1839763.382191781,9,2220,120.66769
1954,166,2019,65,1836983.984931507,10,2397.2915,130.5015
1954,167,2019,65,1834111.94109589,11,2382.75,129.91301
1954,168,2019,65,1831332.543835616,12,2510.25,137.07233
1954,169,2020,66,1828460.5,1,2738.5,149.7708
1954,170,2020,66,1825307.478142077,2,2547.125,139.54498
1954,171,2020,66,1822357.877049181,3,2795.5,153.40016
1954,172,2020,66,1819204.855191257,4,3374.4585,185.49084
1954,173,2020,66,1816153.543715847,5,2997,165.01909
1954,174,2020,66,1813000.521857924,6,2701.9583,149.03241
1954,175,2020,66,1809949.210382514,7,3024.125,167.08342
1954,176,2020,66,1806796.18852459,8,2963.25,164.00577
1954,177,2020,66,1803643.166666667,9,2660.125,147.48621
1954,178,2020,66,1800591.855191257,10,2803.8335,155.71733
1954,179,2020,66,1797438.833333333,11,3094.875,172.1825
1954,180,2020,66,1794387.521857924,12,3825.3333,213.18323
1954,181,2021,67,1791234.5,1,4190.333,233.93549
1954,182,2021,67,1787970.412328767,2,3289.25,183.96558
1954,183,2021,67,1785022.204109589,3,3000,168.06514
1954,184,2021,67,1781758.116438356,4,2881.2083,161.70592
1954,185,2021,67,1778599.321917809,5,2823,158.7204
1954,186,2021,67,1775335.234246576,6,2749,154.84399
1954,187,2021,67,1772176.439726028,7,2880.1667,162.52144
1954,188,2021,67,1768912.352054795,8,3391.375,191.72092
1954,189,2021,67,1765648.264383562,9,3592.375,203.45926
1954,190,2021,67,1762489.469863014,10,3335.75,189.26353
1954,191,2021,67,1759225.382191781,11,3235.625,183.92328
1954,192,2021,67,1756066.587671233,12,3597.875,204.88261
1955,1,2006,51,2107891.5,1,1095.8333,51.987175
1955,2,2006,51,2107741.298630137,2,951.625,45.14904
1955,3,2006,51,2107605.632876712,3,1050.125,49.825497
1955,4,2006,51,2107455.431506849,4,1041.4167,49.415836
1955,5,2006,51,2107310.075342466,5,1073.125,50.923923
1955,6,2006,51,2107159.873972603,6,1019.8333,48.398476
1955,7,2006,51,2107014.517808219,7,1038.2084,49.273907
1955,8,2006,51,2106864.316438356,8,1017.125,48.276722
1955,9,2006,51,2106714.115068493,9,970.08337,46.047226
1955,10,2006,51,2106568.758904109,10,1011.625,48.022408
1955,11,2006,51,2106418.557534246,11,962.75,45.70554
1955,12,2006,51,2106273.201369863,12,1086.0416,51.562241
1955,13,2007,52,2106123,1,1095.8334,52.030834
1955,14,2007,52,2105540.07260274,2,1090.125,51.774128
1955,15,2007,52,2105013.557534246,3,1159.5,55.082779
1955,16,2007,52,2104430.630136986,4,1116.25,53.04285
1955,17,2007,52,2103866.506849315,5,1087,51.666775
1955,18,2007,52,2103283.579452055,6,1060.5,50.421162
1955,19,2007,52,2102719.456164383,7,1131.2917,53.801365
1955,20,2007,52,2102136.528767123,8,1098,52.232574
1955,21,2007,52,2101553.601369863,9,1041.0416,49.536762
1955,22,2007,52,2100989.478082192,10,1080.2084,51.414268
1955,23,2007,52,2100406.550684931,11,1000.25,47.621735
1955,24,2007,52,2099842.42739726,12,1133.125,53.962383
1955,25,2008,53,2099259.5,1,1283.5833,61.144573
1955,26,2008,53,2099601.219945355,2,1196.625,56.992966
1955,27,2008,53,2099920.893442623,3,1216.125,57.912895
1955,28,2008,53,2100262.613387978,4,1149.875,54.749107
1955,29,2008,53,2100593.310109289,5,1168.5,55.62714
1955,30,2008,53,2100935.030054645,6,1136.5416,54.096943
1955,31,2008,53,2101265.726775956,7,1135.2084,54.024979
1955,32,2008,53,2101607.446721312,8,1126.5,53.601826
1955,33,2008,53,2101949.166666667,9,1088.25,51.773373
1955,34,2008,53,2102279.863387978,10,1114.6666,53.021801
1955,35,2008,53,2102621.583333333,11,1101.5,52.386982
1955,36,2008,53,2102952.280054645,12,1156.4167,54.990158
1955,37,2009,54,2103294,1,1378.5416,65.54203
1955,38,2009,54,2101699.453424658,2,1170,55.669235
1955,39,2009,54,2100259.217808219,3,1246.8334,59.365688
1955,40,2009,54,2098664.671232877,4,1209.6667,57.639832
1955,41,2009,54,2097121.561643836,5,1273.125,60.70821
1955,42,2009,54,2095527.015068493,6,1232.625,58.82172
1955,43,2009,54,2093983.905479452,7,1209.5833,57.764687
1955,44,2009,54,2092389.35890411,8,1261.875,60.30785
1955,45,2009,54,2090794.812328767,9,1190.8334,56.956013
1955,46,2009,54,2089251.702739726,10,1311.2917,62.763702
1955,47,2009,54,2087657.156164384,11,1200.75,57.516628
1955,48,2009,54,2086114.046575342,12,1238.9584,59.390732
1955,49,2010,55,2084519.5,1,1350.2916,64.777115
1955,50,2010,55,2083621.689041096,2,1253.375,60.153675
1955,51,2010,55,2082810.763013699,3,1334.4167,64.068077
1955,52,2010,55,2081912.952054794,4,1253.25,60.197041
1955,53,2010,55,2081044.102739726,5,1311.125,63.003231
1955,54,2010,55,2080146.291780822,6,1290.8333,62.054928
1955,55,2010,55,2079277.442465753,7,1334.9583,64.202988
1955,56,2010,55,2078379.631506849,8,1285.375,61.845055
1955,57,2010,55,2077481.820547945,9,1237.7916,59.581345
1955,58,2010,55,2076612.971232877,10,1312.3333,63.19585
1955,59,2010,55,2075715.160273972,11,1236.75,59.581875
1955,60,2010,55,2074846.310958904,12,1342.6666,64.711617
1955,61,2011,56,2073948.5,1,1588.4166,76.589012
1955,62,2011,56,2073187.343835616,2,1433.5,69.144737
1955,63,2011,56,2072499.847945205,3,1533.3333,73.984718
1955,64,2011,56,2071738.691780822,4,1380.2084,66.620773
1955,65,2011,56,2071002.089041096,5,1430.125,69.054733
1955,66,2011,56,2070240.932876712,6,1348.5416,65.139359
1955,67,2011,56,2069504.330136986,7,1428.625,69.032234
1955,68,2011,56,2068743.173972602,8,1368,66.127106
1955,69,2011,56,2067982.017808219,9,1298.8334,62.806801
1955,70,2011,56,2067245.415068493,10,1386.4167,67.065903
1955,71,2011,56,2066484.258904109,11,1357.875,65.709427
1955,72,2011,56,2065747.656164384,12,1412.6666,68.385246
1955,73,2012,57,2064986.5,1,1642.2499,79.528358
1955,74,2012,57,2064345.155737705,2,1490.25,72.189964
1955,75,2012,57,2063745.18852459,3,1595.2917,77.300812
1955,76,2012,57,2063103.844262295,4,1468.0833,71.158958
1955,77,2012,57,2062483.18852459,5,1484.125,71.95816
1955,78,2012,57,2061841.844262295,6,1445.7916,70.121361
1955,79,2012,57,2061221.18852459,7,1436.7916,69.705841
1955,80,2012,57,2060579.844262295,8,1512.25,73.389534
1955,81,2012,57,2059938.5,9,1392.3334,67.591019
1955,82,2012,57,2059317.844262295,10,1458.125,70.806213
1955,83,2012,57,2058676.5,11,1483,72.036575
1955,84,2012,57,2058055.844262295,12,1593.7084,77.437569
1955,85,2013,58,2057414.5,1,1800.9166,87.532997
1955,86,2013,58,2056179.128767123,2,1557.5,75.747292
1955,87,2013,58,2055063.309589041,3,1661,80.82476
1955,88,2013,58,2053827.938356164,4,1634.9167,79.603394
1955,89,2013,58,2052632.417808219,5,1597.75,77.839073
1955,90,2013,58,2051397.046575342,6,1575.3333,76.79319
1955,91,2013,58,2050201.526027397,7,1588.0416,77.457832
1955,92,2013,58,2048966.15479452,8,1550.75,75.684509
1955,93,2013,58,2047730.783561644,9,1539.75,75.192993
1955,94,2013,58,2046535.263013699,10,1566.75,76.556221
1955,95,2013,58,2045299.891780822,11,1602.875,78.368706
1955,96,2013,58,2044104.371232877,12,1717.375,84.016014
1955,97,2014,59,2042869,1,2006.0416,98.197273
1955,98,2014,59,2040303.006849315,2,1712,83.909103
1955,99,2014,59,2037985.335616438,3,1816.4167,89.128059
1955,100,2014,59,2035419.342465753,4,1711.7084,84.096107
1955,101,2014,59,2032936.123287671,5,1708,84.016411
1955,102,2014,59,2030370.130136986,6,1596.9583,78.653557
1955,103,2014,59,2027886.910958904,7,1660.0417,81.860664
1955,104,2014,59,2025320.917808219,8,1643.25,81.135292
1955,105,2014,59,2022754.924657534,9,1549.5,76.603447
1955,106,2014,59,2020271.705479452,10,1750,86.622009
1955,107,2014,59,2017705.712328767,11,1682.75,83.399178
1955,108,2014,59,2015222.493150685,12,1842,91.404297
1955,109,2015,60,2012656.5,1,2042.5833,101.48693
1955,110,2015,60,2011162.087671233,2,1838.75,91.427238
1955,111,2015,60,2009812.295890411,3,1914.25,95.245216
1955,112,2015,60,2008317.883561644,4,1827.7917,91.011078
1955,113,2015,60,2006871.678082192,5,1848.875,92.127213
1955,114,2015,60,2005377.265753425,6,1793.5,89.43454
1955,115,2015,60,2003931.060273973,7,1780,88.825409
1955,116,2015,60,2002436.647945205,8,1799.25,89.853027
1955,117,2015,60,2000942.235616438,9,1812.1667,90.565674
1955,118,2015,60,1999496.030136986,10,1832.75,91.660599
1955,119,2015,60,1998001.617808219,11,1755,87.837769
1955,120,2015,60,1996555.412328767,12,1857.625,93.041496
1955,121,2016,61,1995061,1,2127.75,106.65087
1955,122,2016,61,1994639.450819672,2,1963.125,98.420044
1955,123,2016,61,1994245.098360656,3,2200,110.31744
1955,124,2016,61,1993823.549180328,4,2017.0834,101.1666
1955,125,2016,61,1993415.598360656,5,1925.75,96.605545
1955,126,2016,61,1992994.049180328,6,1895.4165,95.103973
1955,127,2016,61,1992586.098360656,7,1984.6666,99.602554
1955,128,2016,61,1992164.549180328,8,1928.125,96.785431
1955,129,2016,61,1991743,9,1826.5,91.703598
1955,130,2016,61,1991335.049180328,10,1927.4166,96.790169
1955,131,2016,61,1990913.5,11,1924.25,96.651611
1955,132,2016,61,1990505.549180328,12,2073.125,104.15068
1955,133,2017,62,1990084,1,2253.6665,113.24479
1955,134,2017,62,1987875.228767124,2,2067.875,104.02438
1955,135,2017,62,1985880.209589041,3,2198.7083,110.71706
1955,136,2017,62,1983671.438356165,4,2051.875,103.43825
1955,137,2017,62,1981533.91780822,5,2007,101.28517
1955,138,2017,62,1979325.146575343,6,2033.1666,102.72019
1955,139,2017,62,1977187.626027398,7,2023.4584,102.34023
1955,140,2017,62,1974978.854794521,8,2016.375,102.09603
1955,141,2017,62,1972770.083561644,9,1997.375,101.24723
1955,142,2017,62,1970632.563013699,10,1958.0834,99.36319
1955,143,2017,62,1968423.791780822,11,2048.875,104.08709
1955,144,2017,62,1966286.271232877,12,2226.3333,113.22529
1955,145,2018,63,1964077.5,1,2668.25,135.85258
1955,146,2018,63,1961110.587671233,2,2196.5,112.00286
1955,147,2018,63,1958430.795890411,3,2366.2917,120.8259
1955,148,2018,63,1955463.883561644,4,2178.2085,111.39088
1955,149,2018,63,1952592.678082192,5,2202.875,112.81795
1955,150,2018,63,1949625.765753425,6,2175.2083,111.57056
1955,151,2018,63,1946754.560273973,7,2166.7917,111.30277
1955,152,2018,63,1943787.647945206,8,2201.875,113.27755
1955,153,2018,63,1940820.735616439,9,2104.2917,108.42278
1955,154,2018,63,1937949.530136986,10,2235.0415,115.33022
1955,155,2018,63,1934982.617808219,11,2197.625,113.57337
1955,156,2018,63,1932111.412328767,12,2285.2917,118.2795
1955,157,2019,64,1929144.5,1,2500.7915,129.63216
1955,158,2019,64,1926014.604109589,2,2337.25,121.35162
1955,159,2019,64,1923187.601369863,3,2480.9585,129.00241
1955,160,2019,64,1920057.705479452,4,2235.25,116.41577
1955,161,2019,64,1917028.773972603,5,2374.125,123.84399
1955,162,2019,64,1913898.878082192,6,2267.3333,118.46672
1955,163,2019,64,1910869.946575342,7,2279.0835,119.26942
1955,164,2019,64,1907740.050684931,8,2267.875,118.87757
1955,165,2019,64,1904610.15479452,9,2144.4583,112.59303
1955,166,2019,64,1901581.223287671,10,2396.0833,126.00478
1955,167,2019,64,1898451.32739726,11,2372,124.94395
1955,168,2019,64,1895422.395890411,12,2378.5835,125.49094
1955,169,2020,65,1892292.5,1,2699.0833,142.63562
1955,170,2020,65,1889220.959016393,2,2522.625,133.52727
1955,171,2020,65,1886347.581967213,3,2808.7917,148.90108
1955,172,2020,65,1883276.040983607,4,3320.1667,176.29741
1955,173,2020,65,1880303.581967213,5,2841.375,151.11256
1955,174,2020,65,1877232.040983607,6,2615.5833,139.33191
1955,175,2020,65,1874259.581967213,7,2944.0835,157.07982
1955,176,2020,65,1871188.040983607,8,2874.875,153.63902
1955,177,2020,65,1868116.5,9,2626.0833,140.57385
1955,178,2020,65,1865144.040983607,10,2718.125,145.73271
1955,179,2020,65,1862072.5,11,3018.25,162.0909
1955,180,2020,65,1859100.040983607,12,3705,199.28998
1955,181,2021,66,1856028.5,1,4121.75,222.07364
1955,182,2021,66,1852833.206849315,2,3183.125,171.79771
1955,183,2021,66,1849947.135616438,3,2999.4167,162.13527
1955,184,2021,66,1846751.842465754,4,2828.1667,153.14276
1955,185,2021,66,1843659.623287671,5,2841.375,154.11603
1955,186,2021,66,1840464.330136986,6,2704.7083,146.95793
1955,187,2021,66,1837372.110958904,7,2810.2083,152.94714
1955,188,2021,66,1834176.817808219,8,3387.625,184.69456
1955,189,2021,66,1830981.524657534,9,3588.7915,196.00369
1955,190,2021,66,1827889.305479452,10,3289.2915,179.95026
1955,191,2021,66,1824694.012328767,11,3174.625,173.98123
1955,192,2021,66,1821601.793150685,12,3481.75,191.13672
1956,1,2006,50,2140669.5,1,1065.5833,49.778038
1956,2,2006,50,2140404.853424658,2,986.25,46.077732
1956,3,2006,50,2140165.817808219,3,996.25,46.550133
1956,4,2006,50,2139901.171232877,4,955.95837,44.673016
1956,5,2006,50,2139645.061643836,5,962.5,44.984097
1956,6,2006,50,2139380.415068493,6,971.41663,45.406448
1956,7,2006,50,2139124.305479452,7,1013.7083,47.388939
1956,8,2006,50,2138859.65890411,8,989.625,46.268814
1956,9,2006,50,2138595.012328767,9,917.83337,42.917587
1956,10,2006,50,2138338.902739726,10,988.875,46.245007
1956,11,2006,50,2138074.256164384,11,899.375,42.064724
1956,12,2006,50,2137818.146575342,12,999.70837,46.763023
1956,13,2007,51,2137553.5,1,1110.5833,51.955811
1956,14,2007,51,2137520.88630137,2,995.375,46.566795
1956,15,2007,51,2137491.428767123,3,1078.4167,50.452446
1956,16,2007,51,2137458.815068493,4,1047.0834,48.987301
1956,17,2007,51,2137427.253424658,5,1066.5,49.896435
1956,18,2007,51,2137394.639726027,6,1013.9583,47.43898
1956,19,2007,51,2137363.078082192,7,1046,48.938808
1956,20,2007,51,2137330.464383562,8,1065.25,49.84021
1956,21,2007,51,2137297.850684932,9,956.83331,44.768364
1956,22,2007,51,2137266.289041096,10,1029.875,48.186554
1956,23,2007,51,2137233.675342466,11,987.5,46.204586
1956,24,2007,51,2137202.11369863,12,1011.2083,47.314587
1956,25,2008,52,2137169.5,1,1156.7499,54.12532
1956,26,2008,52,2136524.68306011,2,1184.75,55.452202
1956,27,2008,52,2135921.467213115,3,1189,55.66684
1956,28,2008,52,2135276.650273224,4,1088.4584,50.975052
1956,29,2008,52,2134652.633879782,5,1098,51.436939
1956,30,2008,52,2134007.816939891,6,1070.25,50.152111
1956,31,2008,52,2133383.800546448,7,1080.9584,50.668724
1956,32,2008,52,2132738.983606557,8,1076.625,50.480862
1956,33,2008,52,2132094.166666667,9,1016.5833,47.680038
1956,34,2008,52,2131470.150273224,10,1049.4583,49.236359
1956,35,2008,52,2130825.333333333,11,1082.25,50.79018
1956,36,2008,52,2130201.316939891,12,1109.8333,52.099922
1956,37,2009,53,2129556.5,1,1336.7916,62.773239
1956,38,2009,53,2129838.684931507,2,1111.75,52.198788
1956,39,2009,53,2130093.561643836,3,1206.375,56.634838
1956,40,2009,53,2130375.746575342,4,1124.8334,52.799763
1956,41,2009,53,2130648.828767123,5,1178.75,55.323524
1956,42,2009,53,2130931.01369863,6,1176.75,55.22234
1956,43,2009,53,2131204.095890411,7,1204.8334,56.53299
1956,44,2009,53,2131486.280821918,8,1194.5,56.040707
1956,45,2009,53,2131768.465753424,9,1146.6667,53.789459
1956,46,2009,53,2132041.547945206,10,1224.8333,57.448845
1956,47,2009,53,2132323.732876712,11,1220.125,57.22044
1956,48,2009,53,2132596.815068493,12,1207.2084,56.607437
1956,49,2010,54,2132879,1,1331.5416,62.42931
1956,50,2010,54,2131982.378082192,2,1121.625,52.609486
1956,51,2010,54,2131172.526027397,3,1259.1666,59.083279
1956,52,2010,54,2130275.904109589,4,1213.3334,56.956631
1956,53,2010,54,2129408.205479452,5,1227,57.621643
1956,54,2010,54,2128511.583561644,6,1210.125,56.853107
1956,55,2010,54,2127643.884931507,7,1233.75,57.986679
1956,56,2010,54,2126747.263013699,8,1240.75,58.340267
1956,57,2010,54,2125850.64109589,9,1182.2917,55.614994
1956,58,2010,54,2124982.942465753,10,1254.6666,59.04361
1956,59,2010,54,2124086.320547945,11,1155.875,54.417515
1956,60,2010,54,2123218.621917808,12,1277.6667,60.175938
1956,61,2011,55,2122322,1,1458.5833,68.725822
1956,62,2011,55,2121459.647945206,2,1360.375,64.124481
1956,63,2011,55,2120680.749315069,3,1465.875,69.122849
1956,64,2011,55,2119818.397260274,4,1308.7084,61.736816
1956,65,2011,55,2118983.863013699,5,1354.75,63.933945
1956,66,2011,55,2118121.510958904,6,1304.5833,61.591522
1956,67,2011,55,2117286.976712329,7,1345.9584,63.569954
1956,68,2011,55,2116424.624657534,8,1351,63.834072
1956,69,2011,55,2115562.27260274,9,1212.0416,57.291702
1956,70,2011,55,2114727.738356165,10,1309,61.89922
1956,71,2011,55,2113865.38630137,11,1262.75,59.736538
1956,72,2011,55,2113030.852054794,12,1311.25,62.055412
1956,73,2012,56,2112168.5,1,1576.2499,74.62709
1956,74,2012,56,2111469.94125683,2,1395.625,66.097321
1956,75,2012,56,2110816.450819672,3,1468.2917,69.560371
1956,76,2012,56,2110117.892076503,4,1398.4167,66.271973
1956,77,2012,56,2109441.867486339,5,1472.5,69.805191
1956,78,2012,56,2108743.30874317,6,1420.1666,67.346588
1956,79,2012,56,2108067.284153006,7,1392.375,66.049835
1956,80,2012,56,2107368.725409836,8,1414.25,67.109756
1956,81,2012,56,2106670.166666667,9,1332.875,63.269279
1956,82,2012,56,2105994.142076503,10,1467.75,69.693924
1956,83,2012,56,2105295.583333333,11,1421,67.49646
1956,84,2012,56,2104619.55874317,12,1572.875,74.734413
1956,85,2013,57,2103921,1,1684.3333,80.05687
1956,86,2013,57,2103359.050684932,2,1508.25,71.706734
1956,87,2013,57,2102851.483561644,3,1567.5,74.541641
1956,88,2013,57,2102289.534246576,4,1503.75,71.52916
1956,89,2013,57,2101745.712328767,5,1490,70.893448
1956,90,2013,57,2101183.763013699,6,1486.75,70.757736
1956,91,2013,57,2100639.94109589,7,1522.0417,72.4561
1956,92,2013,57,2100077.991780822,8,1511.375,71.967567
1956,93,2013,57,2099516.042465753,9,1453.5,69.23024
1956,94,2013,57,2098972.220547945,10,1469.6667,70.018402
1956,95,2013,57,2098410.271232877,11,1551.125,73.919052
1956,96,2013,57,2097866.449315069,12,1649.7917,78.641411
1956,97,2014,58,2097304.5,1,1935.5416,92.287109
1956,98,2014,58,2096019.019178082,2,1662,79.293175
1956,99,2014,58,2094857.939726027,3,1761.25,84.074913
1956,100,2014,58,2093572.458904109,4,1600.8334,76.464195
1956,101,2014,58,2092328.445205479,5,1687.125,80.63385
1956,102,2014,58,2091042.964383561,6,1602.75,76.648354
1956,103,2014,58,2089798.950684931,7,1605.0833,76.805634
1956,104,2014,58,2088513.469863013,8,1583.75,75.831451
1956,105,2014,58,2087227.989041096,9,1550.75,74.297104
1956,106,2014,58,2085983.975342466,10,1607.25,77.049965
1956,107,2014,58,2084698.494520548,11,1616.875,77.559174
1956,108,2014,58,2083454.480821918,12,1672.375,80.269333
1956,109,2015,59,2082169,1,1985.4166,95.353287
1956,110,2015,59,2079270.075342466,2,1682.875,80.935852
1956,111,2015,59,2076651.691780822,3,1865.75,89.844147
1956,112,2015,59,2073752.767123288,4,1740.4167,83.925949
1956,113,2015,59,2070947.356164383,5,1813.5,87.568619
1956,114,2015,59,2068048.431506849,6,1685.7916,81.51606
1956,115,2015,59,2065243.020547945,7,1707.3333,82.669846
1956,116,2015,59,2062344.095890411,8,1735,84.127571
1956,117,2015,59,2059445.171232877,9,1638.3333,79.55217
1956,118,2015,59,2056639.760273973,10,1764.375,85.789207
1956,119,2015,59,2053740.835616438,11,1679.75,81.789772
1956,120,2015,59,2050935.424657534,12,1839.625,89.696877
1956,121,2016,60,2048036.5,1,2003.8334,97.841682
1956,122,2016,60,2046464.859289618,2,1891.75,92.439896
1956,123,2016,60,2044994.614754098,3,1989.9584,97.308731
1956,124,2016,60,2043422.974043716,4,1898.6251,92.913956
1956,125,2016,60,2041902.031420765,5,1831,89.671295
1956,126,2016,60,2040330.390710383,6,1807.2916,88.578384
1956,127,2016,60,2038809.448087432,7,1887.5416,92.580582
1956,128,2016,60,2037237.807377049,8,1860.125,91.306229
1956,129,2016,60,2035666.166666667,9,1792.0834,88.034248
1956,130,2016,60,2034145.224043716,10,1879.8334,92.413925
1956,131,2016,60,2032573.583333333,11,1834.875,90.273483
1956,132,2016,60,2031052.640710382,12,2026.875,99.794312
1956,133,2017,61,2029481,1,2217.5,109.26439
1956,134,2017,61,2029186.330136986,2,1933.25,95.272179
1956,135,2017,61,2028920.176712329,3,2149.9167,105.96359
1956,136,2017,61,2028625.506849315,4,2001.7085,98.673141
1956,137,2017,61,2028340.342465753,5,1972,97.222343
1956,138,2017,61,2028045.67260274,6,1943.3749,95.825005
1956,139,2017,61,2027760.508219178,7,1979.75,97.632339
1956,140,2017,61,2027465.838356164,8,1960,96.672409
1956,141,2017,61,2027171.168493151,9,1918,94.614609
1956,142,2017,61,2026886.004109589,10,1980.0834,97.69091
1956,143,2017,61,2026591.334246575,11,1951.625,96.300865
1956,144,2017,61,2026306.169863014,12,2143.4165,105.7795
1956,145,2018,62,2026011.5,1,2484.75,122.64244
1956,146,2018,62,2023682.168493151,2,2100.375,103.78976
1956,147,2018,62,2021578.256164384,3,2219.2917,109.78016
1956,148,2018,62,2019248.924657534,4,2099.625,103.98049
1956,149,2018,62,2016994.732876712,5,2077.625,103.00597
1956,150,2018,62,2014665.401369863,6,2065.4165,102.51908
1956,151,2018,62,2012411.209589041,7,2131.0417,105.89494
1956,152,2018,62,2010081.878082192,8,2082.5,103.60275
1956,153,2018,62,2007752.546575343,9,2041.75,101.69331
1956,154,2018,62,2005498.354794521,10,2137.9583,106.60484
1956,155,2018,62,2003169.023287671,11,2098.25,104.74653
1956,156,2018,62,2000914.831506849,12,2171.7083,108.53577
1956,157,2019,63,1998585.5,1,2426.0833,121.39001
1956,158,2019,63,1996047.916438357,2,2224.5,111.44522
1956,159,2019,63,1993755.905479452,3,2365.9583,118.6684
1956,160,2019,63,1991218.321917808,4,2245.1667,112.75342
1956,161,2019,63,1988762.595890411,5,2326.125,116.96343
1956,162,2019,63,1986225.012328767,6,2128.4583,107.16098
1956,163,2019,63,1983769.28630137,7,2190.3335,110.41271
1956,164,2019,63,1981231.702739726,8,2251.75,113.65405
1956,165,2019,63,1978694.119178083,9,2091.5417,105.70314
1956,166,2019,63,1976238.393150685,10,2279.4585,115.34329
1956,167,2019,63,1973700.809589041,11,2218.375,112.39672
1956,168,2019,63,1971245.083561644,12,2430.5,123.29771
1956,169,2020,64,1968707.5,1,2586.375,131.37427
1956,170,2020,64,1965698.551912568,2,2484.375,126.38637
1956,171,2020,64,1962883.729508196,3,2713.0833,138.21925
1956,172,2020,64,1959874.781420765,4,3197.375,163.1418
1956,173,2020,64,1956962.896174863,5,2778.625,141.9866
1956,174,2020,64,1953953.948087431,6,2576.9583,131.88429
1956,175,2020,64,1951042.06284153,7,2903.8335,148.83501
1956,176,2020,64,1948033.114754098,8,2824.625,144.99883
1956,177,2020,64,1945024.166666667,9,2582.25,132.76184
1956,178,2020,64,1942112.281420765,10,2743,141.23798
1956,179,2020,64,1939103.333333333,11,2936.5,151.43597
1956,180,2020,64,1936191.448087431,12,3624.2917,187.18665
1956,181,2021,65,1933182.5,1,3950.0415,204.32843
1956,182,2021,65,1930027.80410959,2,3100.5,160.64536
1956,183,2021,65,1927178.401369864,3,2922.7083,151.65738
1956,184,2021,65,1924023.705479452,4,2747.8335,142.81703
1956,185,2021,65,1920970.773972603,5,2842.25,147.95905
1956,186,2021,65,1917816.078082192,6,2631.0415,137.18945
1956,187,2021,65,1914763.146575343,7,2812.25,146.87195
1956,188,2021,65,1911608.450684932,8,3339.125,174.67619
1956,189,2021,65,1908453.754794521,9,3549.5,185.98827
1956,190,2021,65,1905400.823287671,10,3302.5835,173.3275
1956,191,2021,65,1902246.127397261,11,3105.75,163.26752
1956,192,2021,65,1899193.195890411,12,3536.4165,186.20625
1957,1,2006,49,2203990,1,986.83331,44.774853
1957,2,2006,49,2203265.321917809,2,852.5,38.69257
1957,3,2006,49,2202610.773972603,3,946.75,42.983082
1957,4,2006,49,2201886.095890411,4,904.75,41.089771
1957,5,2006,49,2201184.794520548,5,933.625,42.414658
1957,6,2006,49,2200460.116438356,6,913.70831,41.52351
1957,7,2006,49,2199758.815068493,7,962.20831,43.741535
1957,8,2006,49,2199034.136986301,8,923.125,41.978657
1957,9,2006,49,2198309.45890411,9,873.20831,39.721809
1957,10,2006,49,2197608.157534247,10,922.08337,41.958496
1957,11,2006,49,2196883.479452055,11,824.625,37.536129
1957,12,2006,49,2196182.178082192,12,902.08331,41.075069
1957,13,2007,50,2195457.5,1,1008.9583,45.956631
1957,14,2007,50,2195285.428767123,2,956,43.547867
1957,15,2007,50,2195130.009589041,3,1013.2083,46.157097
1957,16,2007,50,2194957.938356164,4,965.58337,43.990974
1957,17,2007,50,2194791.417808219,5,1005.875,45.830097
1957,18,2007,50,2194619.346575343,6,944.41663,43.033276
1957,19,2007,50,2194452.826027398,7,981.04163,44.705524
1957,20,2007,50,2194280.754794521,8,958.5,43.68174
1957,21,2007,50,2194108.683561644,9,898.20837,40.937279
1957,22,2007,50,2193942.163013699,10,959.41669,43.730263
1957,23,2007,50,2193770.091780822,11,894.25,40.763161
1957,24,2007,50,2193603.571232877,12,906.33331,41.317097
1957,25,2008,51,2193431.5,1,1104.5833,50.358685
1957,26,2008,51,2193422.140710383,2,1113.25,50.754025
1957,27,2008,51,2193413.385245902,3,1112.1666,50.704834
1957,28,2008,51,2193404.025956284,4,1038.1667,47.331306
1957,29,2008,51,2193394.968579235,5,1011.375,46.110027
1957,30,2008,51,2193385.609289618,6,1033.375,47.113239
1957,31,2008,51,2193376.551912569,7,1051.7083,47.94928
1957,32,2008,51,2193367.192622951,8,1000.125,45.597702
1957,33,2008,51,2193357.833333333,9,978.70837,44.621464
1957,34,2008,51,2193348.775956284,10,1010.2917,46.061607
1957,35,2008,51,2193339.416666667,11,958.375,43.694786
1957,36,2008,51,2193330.359289618,12,973.83331,44.399754
1957,37,2009,52,2193321,1,1147.0833,52.298923
1957,38,2009,52,2192676.497260274,2,1092,49.802147
1957,39,2009,52,2192094.365753424,3,1169.5834,53.35461
1957,40,2009,52,2191449.863013699,4,1126.1667,51.389118
1957,41,2009,52,2190826.150684931,5,1102,50.300659
1957,42,2009,52,2190181.647945206,6,1077.5833,49.200634
1957,43,2009,52,2189557.935616438,7,1169.5833,53.416409
1957,44,2009,52,2188913.432876712,8,1094.125,49.984844
1957,45,2009,52,2188268.930136986,9,1080.5416,49.37883
1957,46,2009,52,2187645.217808219,10,1151.75,52.647934
1957,47,2009,52,2187000.715068493,11,1085.75,49.645618
1957,48,2009,52,2186377.002739726,12,1110.1666,50.776543
1957,49,2010,53,2185732.5,1,1272.4584,58.216564
1957,50,2010,53,2185117.383561644,2,1147.75,52.525784
1957,51,2010,53,2184561.794520548,3,1242.6667,56.884029
1957,52,2010,53,2183946.678082192,4,1164.7917,53.334259
1957,53,2010,53,2183351.404109589,5,1176.625,53.890774
1957,54,2010,53,2182736.287671233,6,1135.8333,52.037128
1957,55,2010,53,2182141.01369863,7,1160.7917,53.195084
1957,56,2010,53,2181525.897260274,8,1139,52.211163
1957,57,2010,53,2180910.780821918,9,1151.0834,52.779938
1957,58,2010,53,2180315.506849315,10,1159.0833,53.161263
1957,59,2010,53,2179700.390410959,11,1077.75,49.44487
1957,60,2010,53,2179105.116438356,12,1183.9583,54.332314
1957,61,2011,54,2178490,1,1420.5416,65.207626
1957,62,2011,54,2177465.895890411,2,1219.25,55.993988
1957,63,2011,54,2176540.898630137,3,1379.6667,63.388046
1957,64,2011,54,2175516.794520548,4,1229.2084,56.501904
1957,65,2011,54,2174525.726027397,5,1299.75,59.771656
1957,66,2011,54,2173501.621917808,6,1219.8333,56.122952
1957,67,2011,54,2172510.553424657,7,1267.9583,58.363731
1957,68,2011,54,2171486.449315068,8,1226.375,56.476292
1957,69,2011,54,2170462.345205479,9,1164.125,53.634888
1957,70,2011,54,2169471.276712329,10,1213.25,55.923763
1957,71,2011,54,2168447.17260274,11,1219.625,56.244164
1957,72,2011,54,2167456.104109589,12,1219.7916,56.277569
1957,73,2012,55,2166432,1,1507.5833,69.588303
1957,74,2012,55,2165558.579234973,2,1347.5,62.224133
1957,75,2012,55,2164741.508196721,3,1439.4583,66.495621
1957,76,2012,55,2163868.087431694,4,1294.5834,59.827278
1957,77,2012,55,2163022.841530055,5,1396.75,64.573982
1957,78,2012,55,2162149.420765027,6,1322.625,61.171768
1957,79,2012,55,2161304.174863388,7,1343.7084,62.171185
1957,80,2012,55,2160430.75409836,8,1340.125,62.030453
1957,81,2012,55,2159557.333333333,9,1259.9167,58.341434
1957,82,2012,55,2158712.087431694,10,1287.4166,59.63818
1957,83,2012,55,2157838.666666667,11,1288.625,59.718319
1957,84,2012,55,2156993.420765027,12,1386.0833,64.259964
1957,85,2013,56,2156120,1,1687.4584,78.263657
1957,86,2013,56,2155500.25479452,2,1421.75,65.959167
1957,87,2013,56,2154940.484931507,3,1517.6667,70.427315
1957,88,2013,56,2154320.739726027,4,1439.2084,66.805672
1957,89,2013,56,2153720.98630137,5,1440,66.861031
1957,90,2013,56,2153101.24109589,6,1404.875,65.248909
1957,91,2013,56,2152501.487671233,7,1469.875,68.286827
1957,92,2013,56,2151881.742465754,8,1422.75,66.116554
1957,93,2013,56,2151261.997260274,9,1344.625,62.504009
1957,94,2013,56,2150662.243835616,10,1384.9167,64.394897
1957,95,2013,56,2150042.498630137,11,1397.75,65.010345
1957,96,2013,56,2149442.74520548,12,1498.4583,69.713799
1957,97,2014,57,2148823,1,1876.2499,87.315239
1957,98,2014,57,2148398.215068493,2,1549.25,72.111862
1957,99,2014,57,2148014.538356164,3,1648.3334,76.737534
1957,100,2014,57,2147589.753424658,4,1571.9585,73.196404
1957,101,2014,57,2147178.671232876,5,1557.25,72.525406
1957,102,2014,57,2146753.886301369,6,1574.7083,73.352997
1957,103,2014,57,2146342.804109589,7,1580.3333,73.62912
1957,104,2014,57,2145918.019178082,8,1478.125,68.880775
1957,105,2014,57,2145493.234246575,9,1470.8333,68.55455
1957,106,2014,57,2145082.152054794,10,1515.5834,70.653862
1957,107,2014,57,2144657.367123288,11,1500.5,69.964554
1957,108,2014,57,2144246.284931506,12,1570.125,73.225029
1957,109,2015,58,2143821.5,1,1945.5,90.749161
1957,110,2015,58,2142435.205479452,2,1624,75.80159
1957,111,2015,58,2141183.068493151,3,1865.4167,87.120842
1957,112,2015,58,2139796.773972603,4,1641.2501,76.701218
1957,113,2015,58,2138455.198630137,5,1698.25,79.414803
1957,114,2015,58,2137068.904109589,6,1623.75,75.98024
1957,115,2015,58,2135727.328767123,7,1653.0417,77.399475
1957,116,2015,58,2134341.034246575,8,1615.875,75.708382
1957,117,2015,58,2132954.739726027,9,1561.6667,73.216125
1957,118,2015,58,2131613.164383561,10,1637.5833,76.823662
1957,119,2015,58,2130226.869863014,11,1609.75,75.56707
1957,120,2015,58,2128885.294520548,12,1706.75,80.171066
1957,121,2016,59,2127499,1,1927.3333,90.591499
1957,122,2016,59,2124232.989071039,2,1860.625,87.590439
1957,123,2016,59,2121177.68852459,3,1953.5,92.09507
1957,124,2016,59,2117911.677595628,4,1762.5001,83.218773
1957,125,2016,59,2114751.021857924,5,1838.625,86.942856
1957,126,2016,59,2111485.010928962,6,1703.1666,80.662025
1957,127,2016,59,2108324.355191257,7,1819.7917,86.314598
1957,128,2016,59,2105058.344262295,8,1793.875,85.217354
1957,129,2016,59,2101792.333333333,9,1678.9167,79.880241
1957,130,2016,59,2098631.677595628,10,1712.5,81.600792
1957,131,2016,59,2095365.666666667,11,1722.375,82.199257
1957,132,2016,59,2092205.010928962,12,1821.8333,87.077187
1957,133,2017,60,2088939,1,2089.2083,100.01289
1957,134,2017,60,2087319.738356164,2,1836,87.959694
1957,135,2017,60,2085857.179452055,3,2104.2917,100.88379
1957,136,2017,60,2084237.917808219,4,1883.625,90.374756
1957,137,2017,60,2082670.890410959,5,1931.5,92.741486
1957,138,2017,60,2081051.628767123,6,1910.4583,91.802544
1957,139,2017,60,2079484.601369863,7,1925.3334,92.587044
1957,140,2017,60,2077865.339726027,8,1866.875,89.84581
1957,141,2017,60,2076246.078082192,9,1779.5,85.707565
1957,142,2017,60,2074679.050684931,10,1837.0416,88.545822
1957,143,2017,60,2073059.789041096,11,1830.75,88.311493
1957,144,2017,60,2071492.761643835,12,2000.0834,96.552757
1957,145,2018,61,2069873.5,1,2360.625,114.04682
1957,146,2018,61,2069726.31369863,2,1980.375,95.682938
1957,147,2018,61,2069593.371232877,3,2129.25,102.88253
1957,148,2018,61,2069446.184931507,4,2023.7917,97.793884
1957,149,2018,61,2069303.746575343,5,2079.25,100.48066
1957,150,2018,61,2069156.560273973,6,1931.4583,93.3452
1957,151,2018,61,2069014.121917808,7,2031.2084,98.172768
1957,152,2018,61,2068866.935616439,8,1957.875,94.635132
1957,153,2018,61,2068719.749315069,9,1857.5,89.789833
1957,154,2018,61,2068577.310958904,10,1983.375,95.881119
1957,155,2018,61,2068430.124657535,11,1947,94.129356
1957,156,2018,61,2068287.68630137,12,2032.8334,98.285812
1957,157,2019,62,2068140.5,1,2403.0415,116.19334
1957,158,2019,62,2065876.778082192,2,2192.375,106.12322
1957,159,2019,62,2063832.126027397,3,2288.125,110.86779
1957,160,2019,62,2061568.404109589,4,2160.8335,104.81503
1957,161,2019,62,2059377.705479452,5,2196.875,106.67664
1957,162,2019,62,2057113.983561644,6,2047.2083,99.518463
1957,163,2019,62,2054923.284931507,7,2115.5,102.94788
1957,164,2019,62,2052659.563013699,8,2102.625,102.43418
1957,165,2019,62,2050395.84109589,9,1988.3333,96.973145
1957,166,2019,62,2048205.142465753,10,2135.5833,104.26608
1957,167,2019,62,2045941.420547945,11,2124.25,103.82751
1957,168,2019,62,2043750.721917808,12,2159.875,105.68192
1957,169,2020,63,2041487,1,2589.9167,126.86423
1957,170,2020,63,2038563.217213114,2,2400.875,117.7729
1957,171,2020,63,2035828.06557377,3,2557.3335,125.61638
1957,172,2020,63,2032904.282786885,4,3094.5,152.22064
1957,173,2020,63,2030074.81557377,5,2762.125,136.06026
1957,174,2020,63,2027151.032786885,6,2482.0833,122.44195
1957,175,2020,63,2024321.56557377,7,2779.0833,137.28467
1957,176,2020,63,2021397.782786885,8,2684,132.7794
1957,177,2020,63,2018474,9,2446.8335,121.22195
1957,178,2020,63,2015644.532786885,10,2587.5415,128.37291
1957,179,2020,63,2012720.75,11,2751,136.68066
1957,180,2020,63,2009891.282786885,12,3292.2915,163.80446
1957,181,2021,64,2006967.5,1,3838.3748,191.25246
1957,182,2021,64,2003892.384931508,2,2998.25,149.62131
1957,183,2021,64,2001114.861643836,3,2907.5417,145.2961
1957,184,2021,64,1998039.746575343,4,2720.9167,136.17931
1957,185,2021,64,1995063.828767124,5,2803.25,140.50929
1957,186,2021,64,1991988.713698631,6,2594.2083,130.23207
1957,187,2021,64,1989012.795890411,7,2684.0835,134.94551
1957,188,2021,64,1985937.680821918,8,3219.75,162.12744
1957,189,2021,64,1982862.565753425,9,3366.25,169.76718
1957,190,2021,64,1979886.647945206,10,3091.875,156.16425
1957,191,2021,64,1976811.532876713,11,3004.25,151.97453
1957,192,2021,64,1973835.615068494,12,3263,165.31265
1958,1,2006,48,2220098.5,1,977.24994,44.018314
1958,2,2006,48,2219724.419178083,2,823.375,37.093567
1958,3,2006,48,2219386.539726028,3,883.54163,39.810173
1958,4,2006,48,2219012.45890411,4,852.54169,38.419868
1958,5,2006,48,2218650.44520548,5,885.75,39.922916
1958,6,2006,48,2218276.364383562,6,854,38.49836
1958,7,2006,48,2217914.350684932,7,889.70837,40.114639
1958,8,2006,48,2217540.269863014,8,823,37.113194
1958,9,2006,48,2217166.189041096,9,788.625,35.569054
1958,10,2006,48,2216804.175342466,10,823.45831,37.146191
1958,11,2006,48,2216430.094520548,11,850,38.349957
1958,12,2006,48,2216068.080821918,12,879.79169,39.700573
1958,13,2007,49,2215694,1,1002.4583,45.243538
1958,14,2007,49,2214937.769863014,2,891.875,40.266369
1958,15,2007,49,2214254.723287671,3,966.83337,43.664055
1958,16,2007,49,2213498.493150685,4,932.20837,42.114704
1958,17,2007,49,2212766.657534246,5,908.875,41.074146
1958,18,2007,49,2212010.42739726,6,867,39.195114
1958,19,2007,49,2211278.591780822,7,889,40.202984
1958,20,2007,49,2210522.361643835,8,844.875,38.220604
1958,21,2007,49,2209766.131506849,9,843.375,38.165802
1958,22,2007,49,2209034.295890411,10,879.875,39.830753
1958,23,2007,49,2208278.065753425,11,883.625,40.01421
1958,24,2007,49,2207546.230136986,12,851.20837,38.559029
1958,25,2008,50,2206790,1,1090.5416,49.417553
1958,26,2008,50,2206666.381147541,2,1056.875,47.894642
1958,27,2008,50,2206550.737704918,3,1081.7084,49.022591
1958,28,2008,50,2206427.118852459,4,968.12506,43.877499
1958,29,2008,50,2206307.487704918,5,917.375,41.579655
1958,30,2008,50,2206183.868852459,6,927.41663,42.03714
1958,31,2008,50,2206064.237704918,7,988.125,44.791306
1958,32,2008,50,2205940.618852459,8,926.125,41.983223
1958,33,2008,50,2205817,9,925.95837,41.978024
1958,34,2008,50,2205697.368852459,10,925.41669,41.955742
1958,35,2008,50,2205573.75,11,916.5,41.553814
1958,36,2008,50,2205454.118852459,12,968.95837,43.934643
1958,37,2009,51,2205330.5,1,1122.4583,50.897507
1958,38,2009,51,2205308.035616438,2,1050.375,47.629402
1958,39,2009,51,2205287.745205479,3,1094.5417,49.632607
1958,40,2009,51,2205265.280821918,4,1062.9167,48.199043
1958,41,2009,51,2205243.54109589,5,1013.25,45.947308
1958,42,2009,51,2205221.076712328,6,985.45831,44.687508
1958,43,2009,51,2205199.336986301,7,1047.5,47.501373
1958,44,2009,51,2205176.87260274,8,1003.5,45.506554
1958,45,2009,51,2205154.408219178,9,978.83337,44.388428
1958,46,2009,51,2205132.668493151,10,1047.75,47.514149
1958,47,2009,51,2205110.204109589,11,1002.125,45.445576
1958,48,2009,51,2205088.464383562,12,1057.125,47.940254
1958,49,2010,52,2205066,1,1209.5,54.850967
1958,50,2010,52,2204591.147945206,2,1048.625,47.56551
1958,51,2010,52,2204162.249315069,3,1168.4584,53.011452
1958,52,2010,52,2203687.397260274,4,1119.9584,50.822018
1958,53,2010,52,2203227.863013699,5,1091,49.518257
1958,54,2010,52,2202753.010958904,6,1045.9583,47.484138
1958,55,2010,52,2202293.476712329,7,1072.875,48.716259
1958,56,2010,52,2201818.624657534,8,1052.625,47.807072
1958,57,2010,52,2201343.77260274,9,1034.375,46.988346
1958,58,2010,52,2200884.238356165,10,1079.2084,49.035217
1958,59,2010,52,2200409.38630137,11,1034.75,47.025341
1958,60,2010,52,2199949.852054795,12,1050.625,47.756771
1958,61,2011,53,2199475,1,1293.5416,58.811382
1958,62,2011,53,2198877.889041096,2,1221.875,55.568115
1958,63,2011,53,2198338.563013699,3,1347.4584,61.294399
1958,64,2011,53,2197741.452054794,4,1193.375,54.300064
1958,65,2011,53,2197163.602739726,5,1199.75,54.604492
1958,66,2011,53,2196566.491780822,6,1112.8333,50.662399
1958,67,2011,53,2195988.642465753,7,1181.5417,53.804546
1958,68,2011,53,2195391.531506849,8,1145.5,52.177483
1958,69,2011,53,2194794.420547945,9,1124.0834,51.215885
1958,70,2011,53,2194216.571232877,10,1138.1667,51.871212
1958,71,2011,53,2193619.460273973,11,1116.125,50.88052
1958,72,2011,53,2193041.610958904,12,1202.5834,54.836323
1958,73,2012,54,2192444.5,1,1377.25,62.818008
1958,74,2012,54,2191240.709016393,2,1262.125,57.598648
1958,75,2012,54,2190114.581967213,3,1337.1251,61.052746
1958,76,2012,54,2188910.790983607,4,1201.9584,54.911255
1958,77,2012,54,2187745.831967213,5,1276.875,58.364868
1958,78,2012,54,2186542.040983607,6,1206.9583,55.199406
1958,79,2012,54,2185377.081967213,7,1256.6666,57.503422
1958,80,2012,54,2184173.290983607,8,1231.875,56.400059
1958,81,2012,54,2182969.5,9,1163.0416,53.277962
1958,82,2012,54,2181804.540983607,10,1205.3333,55.244785
1958,83,2012,54,2180600.75,11,1231.625,56.480995
1958,84,2012,54,2179435.790983607,12,1332,61.116734
1958,85,2013,55,2178232,1,1575.7916,72.34269
1958,86,2013,55,2177381.623287671,2,1328.375,61.007908
1958,87,2013,55,2176613.54109589,3,1531.2083,70.34819
1958,88,2013,55,2175763.164383561,4,1355.1667,62.284664
1958,89,2013,55,2174940.219178082,5,1310.75,60.266026
1958,90,2013,55,2174089.842465753,6,1309.3333,60.22443
1958,91,2013,55,2173266.897260274,7,1369.3333,63.008057
1958,92,2013,55,2172416.520547945,8,1330.125,61.227898
1958,93,2013,55,2171566.143835616,9,1236.875,56.957741
1958,94,2013,55,2170743.198630137,10,1297.3333,59.764473
1958,95,2013,55,2169892.821917808,11,1342.875,61.886696
1958,96,2013,55,2169069.876712329,12,1461.3334,67.371429
1958,97,2014,56,2168219.5,1,1806.1249,83.299911
1958,98,2014,56,2167727.534246576,2,1483,68.412659
1958,99,2014,56,2167283.178082192,3,1482.0834,68.384392
1958,100,2014,56,2166791.212328767,4,1492.8334,68.896042
1958,101,2014,56,2166315.116438356,5,1470.875,67.897552
1958,102,2014,56,2165823.150684932,6,1405.25,64.88295
1958,103,2014,56,2165347.054794521,7,1477.7083,68.243484
1958,104,2014,56,2164855.089041096,8,1428.25,65.974396
1958,105,2014,56,2164363.123287671,9,1390.3334,64.237526
1958,106,2014,56,2163887.027397261,10,1416.2917,65.451279
1958,107,2014,56,2163395.061643836,11,1408,65.082886
1958,108,2014,56,2162918.965753425,12,1498.9166,69.300636
1958,109,2015,57,2162427,1,1858.4583,85.943169
1958,110,2015,57,2162124.728767123,2,1555.25,71.931557
1958,111,2015,57,2161851.709589041,3,1759.375,81.382782
1958,112,2015,57,2161549.438356164,4,1544.5001,71.453377
1958,113,2015,57,2161256.917808219,5,1671.375,77.333473
1958,114,2015,57,2160954.646575342,6,1536.8333,71.118256
1958,115,2015,57,2160662.126027397,7,1562.8333,72.331223
1958,116,2015,57,2160359.85479452,8,1532.625,70.943039
1958,117,2015,57,2160057.583561644,9,1478.375,68.44146
1958,118,2015,57,2159765.063013699,10,1524.0834,70.567093
1958,119,2015,57,2159462.791780822,11,1477.625,68.425583
1958,120,2015,57,2159170.271232877,12,1583.125,73.320992
1958,121,2016,58,2158868,1,1837.8333,85.129486
1958,122,2016,58,2157390.587431694,2,1740.875,80.69355
1958,123,2016,58,2156008.491803279,3,1807.9166,83.854797
1958,124,2016,58,2154531.079234973,4,1753.2917,81.376953
1958,125,2016,58,2153101.325136612,5,1728.75,80.291161
1958,126,2016,58,2151623.912568306,6,1595.9583,74.174591
1958,127,2016,58,2150194.158469945,7,1698.4583,78.990929
1958,128,2016,58,2148716.745901639,8,1699.5,79.093719
1958,129,2016,58,2147239.333333333,9,1597.1666,74.382332
1958,130,2016,58,2145809.579234973,10,1653.375,77.051338
1958,131,2016,58,2144332.166666667,11,1593.375,74.306351
1958,132,2016,58,2142902.412568306,12,1767.9584,82.502983
1958,133,2017,59,2141425,1,2043.0833,95.407646
1958,134,2017,59,2137821.483561644,2,1854.125,86.729645
1958,135,2017,59,2134566.694520548,3,1919.125,89.907005
1958,136,2017,59,2130963.178082192,4,1774.6667,83.280029
1958,137,2017,59,2127475.904109589,5,1807.375,84.953957
1958,138,2017,59,2123872.387671233,6,1788.75,84.221161
1958,139,2017,59,2120385.11369863,7,1822.375,85.945473
1958,140,2017,59,2116781.597260274,8,1740.875,82.2416
1958,141,2017,59,2113178.080821918,9,1699.2916,80.414032
1958,142,2017,59,2109690.806849315,10,1788.0834,84.755707
1958,143,2017,59,2106087.290410959,11,1716.125,81.484039
1958,144,2017,59,2102600.016438357,12,1850.25,87.998192
1958,145,2018,60,2098996.5,1,2276.3333,108.44865
1958,146,2018,60,2097373.71369863,2,1905.5,90.851715
1958,147,2018,60,2095907.971232877,3,2083.3333,99.400032
1958,148,2018,60,2094285.184931507,4,1913.5834,91.371674
1958,149,2018,60,2092714.746575342,5,1953.25,93.335701
1958,150,2018,60,2091091.960273973,6,1797.9166,85.979797
1958,151,2018,60,2089521.521917808,7,1874.0834,89.68959
1958,152,2018,60,2087898.735616438,8,1826.25,87.468323
1958,153,2018,60,2086275.949315069,9,1783.9167,85.507225
1958,154,2018,60,2084705.510958904,10,1909.4166,91.591675
1958,155,2018,60,2083082.724657534,11,1837.75,88.22261
1958,156,2018,60,2081512.28630137,12,1965.6666,94.43454
1958,157,2019,61,2079889.5,1,2347.2083,112.85255
1958,158,2019,61,2079515.461643836,2,2070,99.542419
1958,159,2019,61,2079177.620547945,3,2188.5835,105.26198
1958,160,2019,61,2078803.582191781,4,2043.2501,98.289719
1958,161,2019,61,2078441.609589041,5,2028.5,97.59716
1958,162,2019,61,2078067.571232877,6,1927.2083,92.740402
1958,163,2019,61,2077705.598630137,7,1986,95.586205
1958,164,2019,61,2077331.560273972,8,1984.25,95.51918
1958,165,2019,61,2076957.521917808,9,1901.4167,91.54818
1958,166,2019,61,2076595.549315068,10,1954.7917,94.134445
1958,167,2019,61,2076221.510958904,11,1922.375,92.590073
1958,168,2019,61,2075859.538356164,12,2116.375,101.95174
1958,169,2020,62,2075485.5,1,2465.7083,118.80151
1958,170,2020,62,2072717.691256831,2,2188,105.56189
1958,171,2020,62,2070128.450819672,3,2484.4585,120.0147
1958,172,2020,62,2067360.642076503,4,2939.375,142.18008
1958,173,2020,62,2064682.117486339,5,2657.375,128.70625
1958,174,2020,62,2061914.308743169,6,2353.1665,114.12533
1958,175,2020,62,2059235.784153006,7,2654.7917,128.92122
1958,176,2020,62,2056467.975409836,8,2543,123.65862
1958,177,2020,62,2053700.166666667,9,2337.375,113.81287
1958,178,2020,62,2051021.642076503,10,2479.875,120.90926
1958,179,2020,62,2048253.833333333,11,2575.5,125.74125
1958,180,2020,62,2045575.308743169,12,3228.1667,157.81216
1958,181,2021,63,2042807.5,1,3879.3333,189.90205
1958,182,2021,63,2039873.073972602,2,2912.375,142.77237
1958,183,2021,63,2037222.624657534,3,2837.5833,139.28685
1958,184,2021,63,2034288.198630137,4,2691.3335,132.29854
1958,185,2021,63,2031448.431506849,5,2606.25,128.29517
1958,186,2021,63,2028514.005479452,6,2515.9165,124.02757
1958,187,2021,63,2025674.238356164,7,2543.9585,125.58576
1958,188,2021,63,2022739.812328767,8,3116.125,154.05466
1958,189,2021,63,2019805.38630137,9,3270.375,161.91536
1958,190,2021,63,2016965.619178082,10,2992.25,148.35403
1958,191,2021,63,2014031.193150685,11,2888.625,143.42503
1958,192,2021,63,2011191.426027397,12,3117.7917,155.02213
1959,1,2006,47,2273312.5,1,843.16663,37.089783
1959,2,2006,47,2272926.48630137,2,743,32.689137
1959,3,2006,47,2272577.828767123,3,860.29169,37.855324
1959,4,2006,47,2272191.815068493,4,781.08337,34.375767
1959,5,2006,47,2271818.253424658,5,780.5,34.35574
1959,6,2006,47,2271432.239726027,6,785.5,34.581707
1959,7,2006,47,2271058.678082192,7,822.70837,36.225765
1959,8,2006,47,2270672.664383562,8,742,32.67754
1959,9,2006,47,2270286.650684931,9,713.375,31.422243
1959,10,2006,47,2269913.089041096,10,748.95831,32.995022
1959,11,2006,47,2269527.075342466,11,764,33.663403
1959,12,2006,47,2269153.51369863,12,722.79163,31.852919
1959,13,2007,48,2268767.5,1,870.83331,38.383541
1959,14,2007,48,2268378.556164383,2,785.75,34.639278
1959,15,2007,48,2268027.252054795,3,919.29169,40.532658
1959,16,2007,48,2267638.308219178,4,849.33337,37.454536
1959,17,2007,48,2267261.910958904,5,853.5,37.644527
1959,18,2007,48,2266872.967123288,6,785.375,34.645744
1959,19,2007,48,2266496.569863014,7,817.75,36.079914
1959,20,2007,48,2266107.626027397,8,811.25,35.799271
1959,21,2007,48,2265718.682191781,9,789.58331,34.849133
1959,22,2007,48,2265342.284931507,10,798.08337,35.230145
1959,23,2007,48,2264953.34109589,11,789.5,34.857231
1959,24,2007,48,2264576.943835617,12,835.58331,36.897987
1959,25,2008,49,2264188,1,984.625,43.486893
1959,26,2008,49,2263394.323770492,2,982.25,43.397209
1959,27,2008,49,2262651.852459017,3,956.54163,42.275246
1959,28,2008,49,2261858.176229509,4,902.45837,39.898983
1959,29,2008,49,2261090.102459017,5,894,39.538452
1959,30,2008,49,2260296.426229509,6,841.08331,37.211197
1959,31,2008,49,2259528.352459017,7,883.29163,39.091858
1959,32,2008,49,2258734.676229509,8,894,39.579681
1959,33,2008,49,2257941,9,831.20831,36.812668
1959,34,2008,49,2257172.926229509,10,847.20831,37.534046
1959,35,2008,49,2256379.25,11,811.5,35.964699
1959,36,2008,49,2255611.176229509,12,872.20831,38.668381
1959,37,2009,50,2254817.5,1,1038.1666,46.042156
1959,38,2009,50,2254540.453424658,2,940.125,41.699184
1959,39,2009,50,2254290.217808219,3,1012.4166,44.91066
1959,40,2009,50,2254013.171232877,4,953.5,42.302326
1959,41,2009,50,2253745.061643836,5,921,40.865314
1959,42,2009,50,2253468.015068493,6,917.20831,40.70208
1959,43,2009,50,2253199.905479452,7,946.75,42.018021
1959,44,2009,50,2252922.85890411,8,957.5,42.500347
1959,45,2009,50,2252645.812328767,9,889.04163,39.466553
1959,46,2009,50,2252377.702739726,10,985.20831,43.740814
1959,47,2009,50,2252100.656164384,11,979.875,43.50938
1959,48,2009,50,2251832.546575342,12,959.16669,42.59494
1959,49,2010,51,2251555.5,1,1102.0416,48.945789
1959,50,2010,51,2251172.331506849,2,997.875,44.326904
1959,51,2010,51,2250826.243835616,3,1058.5834,47.03088
1959,52,2010,51,2250443.075342466,4,1010.4584,44.900417
1959,53,2010,51,2250072.267123288,5,1003,44.576347
1959,54,2010,51,2249689.098630137,6,980.08325,43.565277
1959,55,2010,51,2249318.290410959,7,1008.625,44.841362
1959,56,2010,51,2248935.121917808,8,988.125,43.937462
1959,57,2010,51,2248551.953424658,9,958.25,42.616314
1959,58,2010,51,2248181.14520548,10,991.16663,44.08749
1959,59,2010,51,2247797.976712329,11,985.375,43.837349
1959,60,2010,51,2247427.168493151,12,1064.1667,47.350445
1959,61,2011,52,2247044,1,1254.25,55.817776
1959,62,2011,52,2246623.419178082,2,1068.875,47.576954
1959,63,2011,52,2246243.539726027,3,1174.75,52.298424
1959,64,2011,52,2245822.958904109,4,1125.6667,50.122684
1959,65,2011,52,2245415.945205479,5,1097.375,48.871792
1959,66,2011,52,2244995.364383562,6,1072.3333,47.765499
1959,67,2011,52,2244588.350684932,7,1143.2083,50.931755
1959,68,2011,52,2244167.769863014,8,1122.125,50.001831
1959,69,2011,52,2243747.189041096,9,1032.25,46.00563
1959,70,2011,52,2243340.175342466,10,1036.9166,46.221996
1959,71,2011,52,2242919.594520548,11,1000.5,44.607037
1959,72,2011,52,2242512.580821918,12,1066.875,47.574986
1959,73,2012,53,2242092,1,1243.1666,55.446728
1959,74,2012,53,2241465.732240437,2,1169,52.153374
1959,75,2012,53,2240879.868852459,3,1211.8334,54.078461
1959,76,2012,53,2240253.601092896,4,1165.7084,52.03466
1959,77,2012,53,2239647.535519126,5,1177.75,52.586399
1959,78,2012,53,2239021.267759563,6,1123.3333,50.170727
1959,79,2012,53,2238415.202185792,7,1190.5834,53.188675
1959,80,2012,53,2237788.934426229,8,1168.875,52.233479
1959,81,2012,53,2237162.666666667,9,1095.4584,48.966415
1959,82,2012,53,2236556.601092896,10,1147.9166,51.325176
1959,83,2012,53,2235930.333333333,11,1119.25,50.057465
1959,84,2012,53,2235324.267759563,12,1248.5417,55.855061
1959,85,2013,54,2234698,1,1406.75,62.95034
1959,86,2013,54,2233314.593150685,2,1213.625,54.341873
1959,87,2013,54,2232065.064383562,3,1336.7917,59.890358
1959,88,2013,54,2230681.657534247,4,1246.0834,55.861103
1959,89,2013,54,2229342.876712329,5,1232.375,55.279743
1959,90,2013,54,2227959.469863014,6,1217.5833,54.650154
1959,91,2013,54,2226620.689041096,7,1263.2917,56.735832
1959,92,2013,54,2225237.282191781,8,1296.375,58.257832
1959,93,2013,54,2223853.875342466,9,1120.875,50.402367
1959,94,2013,54,2222515.094520548,10,1211.7083,54.519688
1959,95,2013,54,2221131.687671233,11,1231.25,55.433453
1959,96,2013,54,2219792.906849315,12,1345.9584,60.634411
1959,97,2014,55,2218409.5,1,1641.7083,74.003845
1959,98,2014,55,2217587.320547945,2,1392.25,62.782196
1959,99,2014,55,2216844.706849315,3,1426.375,64.342575
1959,100,2014,55,2216022.52739726,4,1332.7084,60.13966
1959,101,2014,55,2215226.869863014,5,1384,62.476669
1959,102,2014,55,2214404.690410959,6,1263,57.035645
1959,103,2014,55,2213609.032876712,7,1349.7084,60.973206
1959,104,2014,55,2212786.853424658,8,1358.75,61.404469
1959,105,2014,55,2211964.673972603,9,1313.7916,59.394783
1959,106,2014,55,2211169.016438356,10,1272.875,57.565704
1959,107,2014,55,2210346.836986301,11,1319.125,59.679546
1959,108,2014,55,2209551.179452055,12,1383.875,62.631496
1959,109,2015,56,2208729,1,1702.2083,77.067322
1959,110,2015,56,2208369.442465754,2,1493.125,67.612099
1959,111,2015,56,2208044.680821918,3,1560.5417,70.675278
1959,112,2015,56,2207685.123287671,4,1477.7083,66.934738
1959,113,2015,56,2207337.164383562,5,1513,68.544128
1959,114,2015,56,2206977.606849315,6,1421.125,64.392365
1959,115,2015,56,2206629.647945206,7,1493.875,67.699402
1959,116,2015,56,2206270.090410959,8,1427.375,64.696297
1959,117,2015,56,2205910.532876713,9,1365.25,61.890541
1959,118,2015,56,2205562.573972603,10,1464,66.377625
1959,119,2015,56,2205203.016438357,11,1388.25,62.953388
1959,120,2015,56,2204855.057534247,12,1464.9166,66.440498
1959,121,2016,57,2204495.5,1,1717.3334,77.901421
1959,122,2016,57,2204314.836065574,2,1634,74.127342
1959,123,2016,57,2204145.827868852,3,1705.4584,77.375023
1959,124,2016,57,2203965.163934426,4,1626.7084,73.808258
1959,125,2016,57,2203790.327868852,5,1648.75,74.814285
1959,126,2016,57,2203609.663934426,6,1493.875,67.792175
1959,127,2016,57,2203434.827868852,7,1568.4583,71.182419
1959,128,2016,57,2203254.163934426,8,1550.125,70.356155
1959,129,2016,57,2203073.5,9,1496.2917,67.918373
1959,130,2016,57,2202898.663934426,10,1513.625,68.710602
1959,131,2016,57,2202718,11,1453.625,65.992332
1959,132,2016,57,2202543.163934426,12,1685.5,76.525177
1959,133,2017,58,2202362.5,1,1921.7916,87.26046
1959,134,2017,58,2200788.676712329,2,1679.5,76.313553
1959,135,2017,58,2199367.158904109,3,1743.5417,79.274704
1959,136,2017,58,2197793.335616438,4,1680.2917,76.453583
1959,137,2017,58,2196270.280821918,5,1694.625,77.159218
1959,138,2017,58,2194696.457534246,6,1649.3333,75.150856
1959,139,2017,58,2193173.402739726,7,1687.7916,76.956596
1959,140,2017,58,2191599.579452055,8,1637.375,74.711411
1959,141,2017,58,2190025.756164383,9,1619.8334,73.964127
1959,142,2017,58,2188502.701369863,10,1722.6667,78.714401
1959,143,2017,58,2186928.878082192,11,1657.375,75.7855
1959,144,2017,58,2185405.823287671,12,1762.5416,80.650543
1959,145,2018,59,2183832,1,2121.5,97.145752
1959,146,2018,59,2179881.538356164,2,1882,86.334969
1959,147,2018,59,2176313.379452054,3,1939.25,89.107109
1959,148,2018,59,2172362.917808219,4,1778.6667,81.877052
1959,149,2018,59,2168539.890410958,5,1814,83.650757
1959,150,2018,59,2164589.428767123,6,1744.25,80.5811
1959,151,2018,59,2160766.401369863,7,1773.25,82.065788
1959,152,2018,59,2156815.939726027,8,1753.125,81.283012
1959,153,2018,59,2152865.478082191,9,1685.375,78.285194
1959,154,2018,59,2149042.450684931,10,1758.875,81.844589
1959,155,2018,59,2145091.989041096,11,1746.25,81.406769
1959,156,2018,59,2141268.961643835,12,1858.5417,86.79628
1959,157,2019,60,2137318.5,1,2098.7915,98.197411
1959,158,2019,60,2135103.23150685,2,1915,89.691216
1959,159,2019,60,2133102.343835616,3,2042.3334,95.744743
1959,160,2019,60,2130887.075342466,4,1933.3751,90.730995
1959,161,2019,60,2128743.267123288,5,1872.625,87.968567
1959,162,2019,60,2126527.998630137,6,1834.7916,86.281097
1959,163,2019,60,2124384.190410959,7,1888.9584,88.917923
1959,164,2019,60,2122168.921917808,8,1847.375,87.05127
1959,165,2019,60,2119953.653424658,9,1808.0417,85.28685
1959,166,2019,60,2117809.845205479,10,1860.375,87.844292
1959,167,2019,60,2115594.576712329,11,1854.75,87.670387
1959,168,2019,60,2113450.76849315,12,2003.8333,94.813339
1959,169,2020,61,2111235.5,1,2294.0417,108.65873
1959,170,2020,61,2108623.326502732,2,2155.875,102.24088
1959,171,2020,61,2106179.680327869,3,2358.9167,111.99979
1959,172,2020,61,2103567.506830601,4,2795.4167,132.88933
1959,173,2020,61,2101039.596994535,5,2480,118.0368
1959,174,2020,61,2098427.423497268,6,2245.7083,107.01863
1959,175,2020,61,2095899.513661202,7,2540.875,121.23077
1959,176,2020,61,2093287.340163934,8,2458.875,117.46476
1959,177,2020,61,2090675.166666667,9,2206.4585,105.53809
1959,178,2020,61,2088147.256830601,10,2269.8333,108.70082
1959,179,2020,61,2085535.083333333,11,2435,116.75661
1959,180,2020,61,2083007.173497268,12,2959.5833,142.08224
1959,181,2021,62,2080395,1,3554.625,170.86299
1959,182,2021,62,2077604.278082192,2,2688.125,129.3858
1959,183,2021,62,2075083.626027398,3,2631.6667,126.8222
1959,184,2021,62,2072292.904109589,4,2526.2917,121.90804
1959,185,2021,62,2069592.205479452,5,2459.375,118.83379
1959,186,2021,62,2066801.483561644,6,2393.9583,115.82913
1959,187,2021,62,2064100.784931507,7,2412.7083,116.88907
1959,188,2021,62,2061310.063013699,8,3016,146.31471
1959,189,2021,62,2058519.341095891,9,3158.4167,153.43149
1959,190,2021,62,2055818.642465754,10,2865.4165,139.3808
1959,191,2021,62,2053027.920547945,11,2637.75,128.48096
1959,192,2021,62,2050327.221917809,12,2997,146.17178
1960,1,2006,46,2289094,1,797.08331,34.820908
1960,2,2006,46,2289728.735616439,2,738.625,32.258186
1960,3,2006,46,2290302.045205479,3,782.79169,34.178535
1960,4,2006,46,2290936.780821918,4,726.875,31.728287
1960,5,2006,46,2291551.041095891,5,746.875,32.592552
1960,6,2006,46,2292185.776712329,6,715.58331,31.218382
1960,7,2006,46,2292800.036986301,7,750.83331,32.74744
1960,8,2006,46,2293434.77260274,8,711.875,31.039688
1960,9,2006,46,2294069.508219178,9,676.58337,29.492714
1960,10,2006,46,2294683.768493151,10,688.29169,29.995056
1960,11,2006,46,2295318.504109589,11,723.875,31.537018
1960,12,2006,46,2295932.764383562,12,710.25,30.935139
1960,13,2007,47,2296567.5,1,773.58331,33.684326
1960,14,2007,47,2296145.178082192,2,781.125,34.018974
1960,15,2007,47,2295763.726027397,3,844.125,36.76881
1960,16,2007,47,2295341.404109589,4,756.79163,32.970764
1960,17,2007,47,2294932.705479452,5,797.625,34.75592
1960,18,2007,47,2294510.383561644,6,754.70831,32.891911
1960,19,2007,47,2294101.684931507,7,756.33331,32.968605
1960,20,2007,47,2293679.363013699,8,782,34.093693
1960,21,2007,47,2293257.04109589,9,724,31.570818
1960,22,2007,47,2292848.342465753,10,788.91669,34.407715
1960,23,2007,47,2292426.020547945,11,755,32.93454
1960,24,2007,47,2292017.321917808,12,766.95831,33.462151
1960,25,2008,48,2291595,1,902.66663,39.39032
1960,26,2008,48,2291209.956284153,2,896.375,39.122341
1960,27,2008,48,2290849.754098361,3,878.75,38.359127
1960,28,2008,48,2290464.710382514,4,857.70837,37.446915
1960,29,2008,48,2290092.087431694,5,843.5,36.832581
1960,30,2008,48,2289707.043715847,6,839.70831,36.673176
1960,31,2008,48,2289334.420765027,7,806.5,35.22858
1960,32,2008,48,2288949.37704918,8,814.25,35.57309
1960,33,2008,48,2288564.333333333,9,780.16663,34.089783
1960,34,2008,48,2288191.710382514,10,777.375,33.973335
1960,35,2008,48,2287806.666666667,11,763.75,33.383503
1960,36,2008,48,2287434.043715847,12,762.58331,33.337936
1960,37,2009,49,2287049,1,969.75,42.401802
1960,38,2009,49,2286305.042465753,2,830.625,36.330456
1960,39,2009,49,2285633.080821917,3,921.75,40.327995
1960,40,2009,49,2284889.123287671,4,852.20837,37.297581
1960,41,2009,49,2284169.164383561,5,864,37.825569
1960,42,2009,49,2283425.206849315,6,850.83331,37.261272
1960,43,2009,49,2282705.247945205,7,885.70837,38.800819
1960,44,2009,49,2281961.290410959,8,876.375,38.404465
1960,45,2009,49,2281217.332876712,9,841.91663,36.906464
1960,46,2009,49,2280497.373972603,10,899,39.421227
1960,47,2009,49,2279753.416438356,11,852.875,37.410843
1960,48,2009,49,2279033.457534246,12,842.875,36.983879
1960,49,2010,50,2278289.5,1,1008.125,44.249207
1960,50,2010,50,2277803.139726027,2,941.375,41.328197
1960,51,2010,50,2277363.846575343,3,972.875,42.719349
1960,52,2010,50,2276877.48630137,4,947.54175,41.615841
1960,53,2010,50,2276406.815068493,5,982.5,43.160122
1960,54,2010,50,2275920.454794521,6,909.75,39.972839
1960,55,2010,50,2275449.783561644,7,954.95837,41.967896
1960,56,2010,50,2274963.423287671,8,940,41.319347
1960,57,2010,50,2274477.063013698,9,914.125,40.190556
1960,58,2010,50,2274006.391780822,10,959.33337,42.186924
1960,59,2010,50,2273520.031506849,11,906.375,39.866592
1960,60,2010,50,2273049.360273973,12,939.45831,41.330307
1960,61,2011,51,2272563,1,1117.4166,49.169884
1960,62,2011,51,2272314.065753425,2,979,43.083832
1960,63,2011,51,2272089.221917809,3,1076.4584,47.377468
1960,64,2011,51,2271840.287671233,4,1004.875,44.231762
1960,65,2011,51,2271599.383561644,5,1043.625,45.942299
1960,66,2011,51,2271350.449315069,6,1038.6666,45.729034
1960,67,2011,51,2271109.545205479,7,1067.25,46.992451
1960,68,2011,51,2270860.610958904,8,1049.625,46.221462
1960,69,2011,51,2270611.676712329,9,971.375,42.780323
1960,70,2011,51,2270370.77260274,10,964.91669,42.500401
1960,71,2011,51,2270121.838356165,11,912.5,40.196079
1960,72,2011,51,2269880.934246575,12,970.91669,42.773903
1960,73,2012,52,2269632,1,1197.4583,52.760017
1960,74,2012,52,2269235.18306011,2,1083,47.72533
1960,75,2012,52,2268863.967213115,3,1174.75,51.777012
1960,76,2012,52,2268467.150273224,4,1089,48.005985
1960,77,2012,52,2268083.133879782,5,1092.25,48.157406
1960,78,2012,52,2267686.316939891,6,1075.125,47.410656
1960,79,2012,52,2267302.300546448,7,1100.7916,48.55072
1960,80,2012,52,2266905.483606557,8,1115.375,49.202538
1960,81,2012,52,2266508.666666667,9,1064.4166,46.96283
1960,82,2012,52,2266124.650273224,10,1070.0833,47.220848
1960,83,2012,52,2265727.833333333,11,1079.5,47.644733
1960,84,2012,52,2265343.816939891,12,1139.5833,50.305092
1960,85,2013,53,2264947,1,1330.125,58.72654
1960,86,2013,53,2264291.498630137,2,1124.5,49.662334
1960,87,2013,53,2263699.432876712,3,1294.2916,57.175949
1960,88,2013,53,2263043.931506849,4,1179.4167,52.116386
1960,89,2013,53,2262409.575342466,5,1144.75,50.598709
1960,90,2013,53,2261754.073972602,6,1136.75,50.259663
1960,91,2013,53,2261119.717808219,7,1156.875,51.163811
1960,92,2013,53,2260464.216438356,8,1144.25,50.620132
1960,93,2013,53,2259808.715068493,9,1110.5,49.141327
1960,94,2013,53,2259174.358904109,10,1102.9584,48.821304
1960,95,2013,53,2258518.857534247,11,1103.125,48.84285
1960,96,2013,53,2257884.501369863,12,1193.4166,52.855522
1960,97,2014,54,2257229,1,1493.25,66.154121
1960,98,2014,54,2255675.305479452,2,1328.625,58.901428
1960,99,2014,54,2254271.968493151,3,1310.4583,58.132217
1960,100,2014,54,2252718.273972603,4,1245.125,55.272114
1960,101,2014,54,2251214.698630137,5,1274.125,56.597221
1960,102,2014,54,2249661.004109589,6,1249.375,55.536144
1960,103,2014,54,2248157.428767123,7,1252.4166,55.708584
1960,104,2014,54,2246603.734246575,8,1240.5,55.216679
1960,105,2014,54,2245050.039726027,9,1188.4167,52.934978
1960,106,2014,54,2243546.464383562,10,1234.6666,55.031918
1960,107,2014,54,2241992.769863014,11,1237.125,55.179707
1960,108,2014,54,2240489.194520548,12,1290.8334,57.613907
1960,109,2015,55,2238935.5,1,1565.75,69.932785
1960,110,2015,55,2238159.565753425,2,1334,59.602543
1960,111,2015,55,2237458.721917808,3,1506.4166,67.327126
1960,112,2015,55,2236682.787671233,4,1419.75,63.475697
1960,113,2015,55,2235931.883561644,5,1435.125,64.184647
1960,114,2015,55,2235155.949315068,6,1345.125,60.180367
1960,115,2015,55,2234405.045205479,7,1383.2083,61.904991
1960,116,2015,55,2233629.110958904,8,1385.5,62.029099
1960,117,2015,55,2232853.176712329,9,1318.5416,59.051872
1960,118,2015,55,2232102.27260274,10,1311.5,58.756268
1960,119,2015,55,2231326.338356164,11,1301.875,58.345345
1960,120,2015,55,2230575.434246575,12,1385.25,62.10281
1960,121,2016,56,2229799.5,1,1671.9166,74.980583
1960,122,2016,56,2229535.407103825,2,1479.125,66.3423
1960,123,2016,56,2229288.352459016,3,1610,72.22036
1960,124,2016,56,2229024.259562841,4,1498.3333,67.219246
1960,125,2016,56,2228768.68579235,5,1529.5,68.625336
1960,126,2016,56,2228504.592896175,6,1385.7916,62.184822
1960,127,2016,56,2228249.019125683,7,1456.2917,65.355881
1960,128,2016,56,2227984.926229508,8,1448.625,65.019516
1960,129,2016,56,2227720.833333333,9,1436.2084,64.469856
1960,130,2016,56,2227465.259562841,10,1440.7916,64.683014
1960,131,2016,56,2227201.166666667,11,1386.125,62.236183
1960,132,2016,56,2226945.592896175,12,1569.875,70.494537
1960,133,2017,57,2226681.5,1,1729.375,77.666023
1960,134,2017,57,2226561.789041096,2,1609.75,72.297569
1960,135,2017,57,2226453.663013699,3,1665.5834,74.808807
1960,136,2017,57,2226333.952054794,4,1581.875,71.05291
1960,137,2017,57,2226218.102739726,5,1625.375,73.01059
1960,138,2017,57,2226098.391780822,6,1570.4166,70.5457
1960,139,2017,57,2225982.542465753,7,1572.125,70.626114
1960,140,2017,57,2225862.831506849,8,1537,69.051872
1960,141,2017,57,2225743.120547945,9,1509.4166,67.816299
1960,142,2017,57,2225627.271232876,10,1574.5834,70.747849
1960,143,2017,57,2225507.560273972,11,1495.25,67.18692
1960,144,2017,57,2225391.710958904,12,1664.125,74.778969
1960,145,2018,58,2225272,1,2079.9165,93.467964
1960,146,2018,58,2223562.498630137,2,1727.5,77.690643
1960,147,2018,58,2222018.432876713,3,1814.4167,81.656242
1960,148,2018,58,2220308.931506849,4,1643.7917,74.03437
1960,149,2018,58,2218654.575342466,5,1711.125,77.124443
1960,150,2018,58,2216945.073972603,6,1708,77.042953
1960,151,2018,58,2215290.717808219,7,1688.8333,76.235291
1960,152,2018,58,2213581.216438356,8,1682.375,76.002403
1960,153,2018,58,2211871.715068493,9,1604.2084,72.527191
1960,154,2018,58,2210217.358904109,10,1651.5417,74.723045
1960,155,2018,58,2208507.857534247,11,1630,73.805489
1960,156,2018,58,2206853.501369863,12,1686.2916,76.411583
1960,157,2019,59,2205144,1,2084.6667,94.536537
1960,158,2019,59,2200952.078082192,2,1797.875,81.686241
1960,159,2019,59,2197165.826027397,3,1957.1666,89.076874
1960,160,2019,59,2192973.904109589,4,1802.9167,82.213326
1960,161,2019,59,2188917.205479452,5,1820.875,83.186104
1960,162,2019,59,2184725.283561644,6,1786.25,81.760849
1960,163,2019,59,2180668.584931507,7,1812.4166,83.112885
1960,164,2019,59,2176476.663013699,8,1696.625,77.95282
1960,165,2019,59,2172284.74109589,9,1723.4584,79.338509
1960,166,2019,59,2168228.042465753,10,1701.9166,78.493431
1960,167,2019,59,2164036.120547945,11,1763.25,81.479691
1960,168,2019,59,2159979.421917808,12,1919.4584,88.864662
1960,169,2020,60,2155787.5,1,2196.0415,101.86726
1960,170,2020,60,2153323.974043716,2,2014.5,93.55304
1960,171,2020,60,2151019.385245902,3,2239.8335,104.12893
1960,172,2020,60,2148555.859289617,4,2667,124.12989
1960,173,2020,60,2146171.801912568,5,2346.625,109.34003
1960,174,2020,60,2143708.275956284,6,2108,98.334274
1960,175,2020,60,2141324.218579235,7,2441.625,114.02407
1960,176,2020,60,2138860.692622951,8,2310,108.00143
1960,177,2020,60,2136397.166666667,9,2097.8333,98.194908
1960,178,2020,60,2134013.109289617,10,2136.6665,100.12434
1960,179,2020,60,2131549.583333333,11,2317.375,108.71786
1960,180,2020,60,2129165.525956284,12,2733.3335,128.37581
1960,181,2021,61,2126702,1,3309.125,155.59891
1960,182,2021,61,2124060.120547945,2,2644.75,124.51389
1960,183,2021,61,2121673.906849315,3,2470.625,116.44697
1960,184,2021,61,2119032.02739726,4,2416.0417,114.01629
1960,185,2021,61,2116475.369863014,5,2369.875,111.97272
1960,186,2021,61,2113833.490410958,6,2227.9583,105.39895
1960,187,2021,61,2111276.832876712,7,2320.875,109.92755
1960,188,2021,61,2108634.953424658,8,2908.75,137.94469
1960,189,2021,61,2105993.073972602,9,2994.4583,142.18747
1960,190,2021,61,2103436.416438356,10,2718.625,129.24684
1960,191,2021,61,2100794.536986301,11,2604.875,123.99475
1960,192,2021,61,2098237.879452054,12,2869.3333,136.74966
1961,1,2006,45,2248937.5,1,703.29163,31.272173
1961,2,2006,45,2248993.087671233,2,652.625,29.018541
1961,3,2006,45,2249043.295890411,3,721.08331,32.061779
1961,4,2006,45,2249098.883561644,4,677.79169,30.136145
1961,5,2006,45,2249152.678082191,5,675.875,30.050205
1961,6,2006,45,2249208.265753424,6,631.25,28.065432
1961,7,2006,45,2249262.060273972,7,689.45837,30.652647
1961,8,2006,45,2249317.647945205,8,661.25,29.397804
1961,9,2006,45,2249373.235616438,9,622.95831,27.694752
1961,10,2006,45,2249427.030136986,10,649.875,28.89069
1961,11,2006,45,2249482.617808219,11,641.25,28.506556
1961,12,2006,45,2249536.412328767,12,677.41669,30.113613
1961,13,2007,46,2249592,1,740.66669,32.924488
1961,14,2007,46,2250355.704109589,2,746,33.150314
1961,15,2007,46,2251045.501369863,3,726.375,32.268341
1961,16,2007,46,2251809.205479452,4,728.66669,32.359165
1961,17,2007,46,2252548.273972603,5,704.875,31.292337
1961,18,2007,46,2253311.978082192,6,742.25,32.940399
1961,19,2007,46,2254051.046575342,7,700.83337,31.092169
1961,20,2007,46,2254814.750684931,8,729.625,32.358536
1961,21,2007,46,2255578.454794521,9,714.33337,31.669632
1961,22,2007,46,2256317.523287671,10,691.25,30.636202
1961,23,2007,46,2257081.22739726,11,661.875,29.324377
1961,24,2007,46,2257820.295890411,12,732.375,32.43726
1961,25,2008,47,2258584,1,802.16663,35.51635
1961,26,2008,47,2258128.867486339,2,809.125,35.831657
1961,27,2008,47,2257703.098360656,3,859.25,38.05859
1961,28,2008,47,2257247.965846995,4,804.33337,35.633362
1961,29,2008,47,2256807.515027323,5,783.25,34.706104
1961,30,2008,47,2256352.382513661,6,773.58331,34.284687
1961,31,2008,47,2255911.931693989,7,717.95831,31.825636
1961,32,2008,47,2255456.799180328,8,739.375,32.781609
1961,33,2008,47,2255001.666666667,9,713.20837,31.627842
1961,34,2008,47,2254561.215846995,10,698.875,30.998272
1961,35,2008,47,2254106.083333333,11,730.125,32.390888
1961,36,2008,47,2253665.632513661,12,782.91669,34.7397
1961,37,2009,48,2253210.5,1,891.83331,39.580559
1961,38,2009,48,2253018.724657534,2,782,34.708988
1961,39,2009,48,2252845.508219178,3,851.66669,37.804043
1961,40,2009,48,2252653.732876712,4,780.04175,34.627682
1961,41,2009,48,2252468.143835616,5,850.25,37.747482
1961,42,2009,48,2252276.36849315,6,802.08331,35.612118
1961,43,2009,48,2252090.779452055,7,797.58331,35.415237
1961,44,2009,48,2251899.004109589,8,819.625,36.39706
1961,45,2009,48,2251707.228767123,9,752.66669,33.426491
1961,46,2009,48,2251521.639726027,10,825.95837,36.684452
1961,47,2009,48,2251329.864383562,11,758.875,33.707855
1961,48,2009,48,2251144.275342466,12,779.54169,34.628685
1961,49,2010,49,2250952.5,1,938.08331,41.67495
1961,50,2010,49,2250681.950684932,2,832.5,36.988789
1961,51,2010,49,2250437.583561644,3,925.54163,41.127186
1961,52,2010,49,2250167.034246575,4,875,38.886002
1961,53,2010,49,2249905.212328767,5,887.25,39.434994
1961,54,2010,49,2249634.663013699,6,844.66663,37.546837
1961,55,2010,49,2249372.84109589,7,884.20831,39.309105
1961,56,2010,49,2249102.291780822,8,833,37.036999
1961,57,2010,49,2248831.742465754,9,811.75,36.096519
1961,58,2010,49,2248569.920547945,10,870.5,38.713493
1961,59,2010,49,2248299.371232877,11,826.875,36.777798
1961,60,2010,49,2248037.549315068,12,804.625,35.792328
1961,61,2011,50,2247767,1,1011.7083,45.009483
1961,62,2011,50,2247192.863013699,2,932.5,41.496216
1961,63,2011,50,2246674.287671233,3,1052.625,46.852585
1961,64,2011,50,2246100.150684931,4,934.5,41.605446
1961,65,2011,50,2245544.534246576,5,955.875,42.567627
1961,66,2011,50,2244970.397260274,6,947.625,42.211025
1961,67,2011,50,2244414.780821918,7,932.66663,41.555004
1961,68,2011,50,2243840.643835616,8,953.375,42.488533
1961,69,2011,50,2243266.506849315,9,876.41663,39.068771
1961,70,2011,50,2242710.890410959,10,898.95831,40.083557
1961,71,2011,50,2242136.753424658,11,860.875,38.395294
1961,72,2011,50,2241581.136986301,12,870.20831,38.821182
1961,73,2012,51,2241007,1,1112.5416,49.644718
1961,74,2012,51,2240852.381147541,2,974.625,43.493496
1961,75,2012,51,2240707.737704918,3,1062.125,47.401318
1961,76,2012,51,2240553.118852459,4,973.29175,43.439796
1961,77,2012,51,2240403.487704918,5,1040.125,46.425789
1961,78,2012,51,2240248.868852459,6,1000.8333,44.675095
1961,79,2012,51,2240099.237704918,7,995.75,44.451157
1961,80,2012,51,2239944.618852459,8,1018,45.447552
1961,81,2012,51,2239790,9,961.66663,42.93557
1961,82,2012,51,2239640.368852459,10,979.375,43.729118
1961,83,2012,51,2239485.75,11,943.875,42.146954
1961,84,2012,51,2239336.118852459,12,1005.625,44.907284
1961,85,2013,52,2239181.5,1,1280.75,57.197239
1961,86,2013,52,2238858.97260274,2,1097.375,49.014923
1961,87,2013,52,2238567.657534246,3,1184.4584,52.911438
1961,88,2013,52,2238245.130136986,4,1058.2084,47.278484
1961,89,2013,52,2237933.006849315,5,1074.25,48.001884
1961,90,2013,52,2237610.479452055,6,1058.7083,47.314232
1961,91,2013,52,2237298.356164384,7,1071.3334,47.885136
1961,92,2013,52,2236975.828767123,8,1027.5,45.932549
1961,93,2013,52,2236653.301369863,9,1002,44.799076
1961,94,2013,52,2236341.178082192,10,1048.125,46.867847
1961,95,2013,52,2236018.650684931,11,1042.375,46.617455
1961,96,2013,52,2235706.52739726,12,1115.125,49.877968
1961,97,2014,53,2235384,1,1401.25,62.684978
1961,98,2014,53,2234724.761643836,2,1191.75,53.328716
1961,99,2014,53,2234129.320547945,3,1218.75,54.551453
1961,100,2014,53,2233470.082191781,4,1147.7917,51.390514
1961,101,2014,53,2232832.109589041,5,1163.125,52.091915
1961,102,2014,53,2232172.871232877,6,1177.8333,52.76622
1961,103,2014,53,2231534.898630137,7,1162.25,52.082985
1961,104,2014,53,2230875.660273972,8,1083.875,48.585182
1961,105,2014,53,2230216.421917808,9,1062,47.618698
1961,106,2014,53,2229578.449315068,10,1183.9166,53.100468
1961,107,2014,53,2228919.210958904,11,1096.625,49.199856
1961,108,2014,53,2228281.238356165,12,1176.7916,52.81163
1961,109,2015,54,2227622,1,1485.5,66.685463
1961,110,2015,54,2225918.401369863,2,1281,57.549278
1961,111,2015,54,2224379.667123288,3,1366.9167,61.451591
1961,112,2015,54,2222676.068493151,4,1277.375,57.470139
1961,113,2015,54,2221027.424657534,5,1301.125,58.582123
1961,114,2015,54,2219323.826027397,6,1236.75,55.726433
1961,115,2015,54,2217675.182191781,7,1266.3334,57.101841
1961,116,2015,54,2215971.583561644,8,1304.875,58.885006
1961,117,2015,54,2214267.984931507,9,1205.3334,54.434845
1961,118,2015,54,2212619.34109589,10,1224.9166,55.360477
1961,119,2015,54,2210915.742465753,11,1192.125,53.919964
1961,120,2015,54,2209267.098630137,12,1228.6666,55.61422
1961,121,2016,55,2207563.5,1,1503.0834,68.087891
1961,122,2016,55,2206789.516393443,2,1451.125,65.757294
1961,123,2016,55,2206065.467213115,3,1500.2083,68.003799
1961,124,2016,55,2205291.483606557,4,1417.0417,64.256439
1961,125,2016,55,2204542.467213115,5,1403,63.641323
1961,126,2016,55,2203768.483606557,6,1328.0416,60.262302
1961,127,2016,55,2203019.467213115,7,1339.9583,60.823715
1961,128,2016,55,2202245.483606557,8,1343.625,61.011589
1961,129,2016,55,2201471.5,9,1291.4167,58.661526
1961,130,2016,55,2200722.483606557,10,1307.5,59.412308
1961,131,2016,55,2199948.5,11,1358,61.728718
1961,132,2016,55,2199199.483606557,12,1387.7084,63.100613
1961,133,2017,56,2198425.5,1,1641.3333,74.659492
1961,134,2017,56,2198197.373972603,2,1484.375,67.526924
1961,135,2017,56,2197991.324657534,3,1581.5834,71.955849
1961,136,2017,56,2197763.198630137,4,1442.5417,65.636818
1961,137,2017,56,2197542.431506849,5,1506.25,68.542473
1961,138,2017,56,2197314.305479452,6,1466.7083,66.750046
1961,139,2017,56,2197093.538356164,7,1479.375,67.333275
1961,140,2017,56,2196865.412328767,8,1388.125,63.186619
1961,141,2017,56,2196637.28630137,9,1396.375,63.568756
1961,142,2017,56,2196416.519178082,10,1422.8333,64.779755
1961,143,2017,56,2196188.393150685,11,1397.75,63.64436
1961,144,2017,56,2195967.626027397,12,1518.1667,69.134293
1961,145,2018,57,2195739.5,1,1912.1666,87.085312
1961,146,2018,57,2195721.791780822,2,1606.125,73.147926
1961,147,2018,57,2195705.797260274,3,1654.4583,75.349724
1961,148,2018,57,2195688.089041096,4,1588.6667,72.353935
1961,149,2018,57,2195670.952054794,5,1619.75,73.770164
1961,150,2018,57,2195653.243835616,6,1588.3333,72.339897
1961,151,2018,57,2195636.106849315,7,1585.5833,72.21521
1961,152,2018,57,2195618.398630137,8,1556.625,70.896881
1961,153,2018,57,2195600.690410959,9,1443.2084,65.731827
1961,154,2018,57,2195583.553424657,10,1525.3333,69.472794
1961,155,2018,57,2195565.845205479,11,1487.25,67.7388
1961,156,2018,57,2195548.708219178,12,1531.4166,69.750977
1961,157,2019,58,2195531,1,1866.2499,85.002213
1961,158,2019,58,2194219.232876712,2,1687.875,76.923714
1961,159,2019,58,2193034.410958904,3,1777,81.029282
1961,160,2019,58,2191722.643835616,4,1663.9584,75.920113
1961,161,2019,58,2190453.191780822,5,1699,77.563858
1961,162,2019,58,2189141.424657534,6,1662.0833,75.923981
1961,163,2019,58,2187871.97260274,7,1713.7917,78.331444
1961,164,2019,58,2186560.205479452,8,1631.625,74.620628
1961,165,2019,58,2185248.438356164,9,1618.8333,74.080055
1961,166,2019,58,2183978.98630137,10,1572.9584,72.022598
1961,167,2019,58,2182667.219178082,11,1621.5,74.289841
1961,168,2019,58,2181397.767123288,12,1666.8334,76.411255
1961,169,2020,59,2180086,1,2027.375,92.995186
1961,170,2020,59,2177791.153005464,2,1888,86.693344
1961,171,2020,59,2175644.360655738,3,2010.6666,92.417061
1961,172,2020,59,2173349.513661202,4,2455.3335,112.97462
1961,173,2020,59,2171128.693989071,5,2181.125,100.46042
1961,174,2020,59,2168833.846994536,6,2024.375,93.339333
1961,175,2020,59,2166613.027322404,7,2255.625,104.10835
1961,176,2020,59,2164318.180327869,8,2129.875,98.408592
1961,177,2020,59,2162023.333333333,9,1959.0833,90.613419
1961,178,2020,59,2159802.513661202,10,2021.5834,93.60038
1961,179,2020,59,2157507.666666667,11,2099.125,97.293976
1961,180,2020,59,2155286.846994536,12,2550.5415,118.33884
1961,181,2021,60,2152992,1,3137.125,145.71002
1961,182,2021,60,2150510.301369863,2,2451.5,113.9962
1961,183,2021,60,2148268.767123288,3,2304.375,107.26661
1961,184,2021,60,2145787.068493151,4,2298.1667,107.10134
1961,185,2021,60,2143385.424657534,5,2236,104.32095
1961,186,2021,60,2140903.726027397,6,2076.9165,97.011208
1961,187,2021,60,2138502.082191781,7,2218.8335,103.75643
1961,188,2021,60,2136020.383561644,8,2736.625,128.11792
1961,189,2021,60,2133538.684931506,9,2830.6667,132.67473
1961,190,2021,60,2131137.04109589,10,2545.5,119.44328
1961,191,2021,60,2128655.342465754,11,2369.625,111.32027
1961,192,2021,60,2126253.698630137,12,2511.3335,118.11072
1962,1,2006,44,2244767.5,1,620.25,27.630924
1962,2,2006,44,2243577.567123287,2,605.625,26.993717
1962,3,2006,44,2242502.789041095,3,625.25,27.881794
1962,4,2006,44,2241312.856164383,4,619.95837,27.660501
1962,5,2006,44,2240161.308219178,5,636.875,28.429873
1962,6,2006,44,2238971.375342465,6,588.70831,26.293695
1962,7,2006,44,2237819.82739726,7,634.5,28.353489
1962,8,2006,44,2236629.894520548,8,630.125,28.172966
1962,9,2006,44,2235439.961643836,9,589.125,26.353872
1962,10,2006,44,2234288.41369863,10,627.16663,28.070084
1962,11,2006,44,2233098.480821918,11,558.25,24.998898
1962,12,2006,44,2231946.932876712,12,528.41669,23.675146
1962,13,2007,45,2230757,1,730.29163,32.737389
1962,14,2007,45,2230881.424657534,2,634.375,28.436069
1962,15,2007,45,2230993.808219178,3,665.33337,29.822287
1962,16,2007,45,2231118.232876712,4,633.91669,28.41251
1962,17,2007,45,2231238.643835616,5,629.125,28.196222
1962,18,2007,45,2231363.068493151,6,675.70831,30.28231
1962,19,2007,45,2231483.479452054,7,659.29163,29.544992
1962,20,2007,45,2231607.904109589,8,645.875,28.942137
1962,21,2007,45,2231732.328767123,9,663.04163,29.709728
1962,22,2007,45,2231852.739726027,10,637.29163,28.554377
1962,23,2007,45,2231977.164383561,11,631.5,28.293301
1962,24,2007,45,2232097.575342466,12,641.875,28.756584
1962,25,2008,46,2232222,1,778.95831,34.896095
1962,26,2008,46,2233071.450819672,2,715.125,32.024277
1962,27,2008,46,2233866.098360656,3,712.66669,31.902838
1962,28,2008,46,2234715.549180328,4,731.875,32.750252
1962,29,2008,46,2235537.598360656,5,701.5,31.379477
1962,30,2008,46,2236387.049180328,6,676.875,30.266451
1962,31,2008,46,2237209.098360656,7,629.375,28.132149
1962,32,2008,46,2238058.549180328,8,673.5,30.093046
1962,33,2008,46,2238908,9,662.08337,29.571711
1962,34,2008,46,2239730.049180328,10,670.91669,29.955248
1962,35,2008,46,2240579.5,11,626.25,27.950357
1962,36,2008,46,2241401.549180328,12,652.70831,29.120544
1962,37,2009,47,2242251,1,816.54169,36.416161
1962,38,2009,47,2241888.087671233,2,702.25,31.324043
1962,39,2009,47,2241560.295890411,3,802.91669,35.819546
1962,40,2009,47,2241197.383561644,4,727.08337,32.441738
1962,41,2009,47,2240846.178082192,5,782.625,34.925423
1962,42,2009,47,2240483.265753425,6,726.125,32.409302
1962,43,2009,47,2240132.060273972,7,748.45837,33.41135
1962,44,2009,47,2239769.147945205,8,770.375,34.395287
1962,45,2009,47,2239406.235616438,9,680.33331,30.380075
1962,46,2009,47,2239055.030136986,10,758.95837,33.89637
1962,47,2009,47,2238692.117808219,11,684.125,30.559137
1962,48,2009,47,2238340.912328767,12,665.83331,29.746735
1962,49,2010,48,2237978,1,846.62494,37.829903
1962,50,2010,48,2238055.37260274,2,732.875,32.746063
1962,51,2010,48,2238125.257534246,3,845.91669,37.795769
1962,52,2010,48,2238202.630136986,4,768.41669,34.331863
1962,53,2010,48,2238277.506849315,5,798.625,35.68034
1962,54,2010,48,2238354.879452055,6,779.29163,34.815372
1962,55,2010,48,2238429.756164384,7,796,35.560642
1962,56,2010,48,2238507.128767123,8,760.375,33.967949
1962,57,2010,48,2238584.501369863,9,728.95837,32.563362
1962,58,2010,48,2238659.378082192,10,772,34.484924
1962,59,2010,48,2238736.750684931,11,787.25,35.164921
1962,60,2010,48,2238811.62739726,12,792.29169,35.388939
1962,61,2011,49,2238889,1,1002.125,44.759922
1962,62,2011,49,2238537.468493151,2,844.125,37.708771
1962,63,2011,49,2238219.956164383,3,928.29169,41.474552
1962,64,2011,49,2237868.424657534,4,826.41669,36.928741
1962,65,2011,49,2237528.232876712,5,871.375,38.943642
1962,66,2011,49,2237176.701369863,6,828.75,37.04446
1962,67,2011,49,2236836.509589041,7,845.66669,37.80637
1962,68,2011,49,2236484.978082192,8,826.375,36.949722
1962,69,2011,49,2236133.446575342,9,795.95837,35.595299
1962,70,2011,49,2235793.25479452,10,792.375,35.440441
1962,71,2011,49,2235441.723287671,11,787.625,35.233528
1962,72,2011,49,2235101.531506849,12,816.16669,36.515865
1962,73,2012,50,2234750,1,1026.6666,45.941006
1962,74,2012,50,2234009.684426229,2,975.875,43.682667
1962,75,2012,50,2233317.131147541,3,932.04169,41.733513
1962,76,2012,50,2232576.81557377,4,900.625,40.340157
1962,77,2012,50,2231860.381147541,5,916.5,41.064396
1962,78,2012,50,2231120.06557377,6,908.66663,40.726925
1962,79,2012,50,2230403.631147541,7,915.58331,41.050117
1962,80,2012,50,2229663.31557377,8,932.25,41.811245
1962,81,2012,50,2228923,9,892.25,40.030544
1962,82,2012,50,2228206.56557377,10,868.16669,38.962578
1962,83,2012,50,2227466.25,11,824.375,37.009541
1962,84,2012,50,2226749.81557377,12,883.08331,39.657948
1962,85,2013,51,2226009.5,1,1135.125,50.993717
1962,86,2013,51,2226027.208219178,2,1012.75,45.49585
1962,87,2013,51,2226043.202739726,3,1069.7916,48.057991
1962,88,2013,51,2226060.910958904,4,993.70837,44.639767
1962,89,2013,51,2226078.047945206,5,1015.75,45.629578
1962,90,2013,51,2226095.756164384,6,953.70825,42.842194
1962,91,2013,51,2226112.893150685,7,1019.7917,45.810421
1962,92,2013,51,2226130.601369863,8,967.25,43.449833
1962,93,2013,51,2226148.309589041,9,911.91663,40.963875
1962,94,2013,51,2226165.446575343,10,905.41663,40.671577
1962,95,2013,51,2226183.154794521,11,931.875,41.859764
1962,96,2013,51,2226200.291780822,12,972.08337,43.665585
1962,97,2014,52,2226218,1,1264.7916,56.813465
1962,98,2014,52,2225968.598630137,2,1035.75,46.530308
1962,99,2014,52,2225743.332876713,3,1120.0834,50.324013
1962,100,2014,52,2225493.931506849,4,1097.0417,49.294304
1962,101,2014,52,2225252.575342466,5,1028.5,46.219471
1962,102,2014,52,2225003.173972603,6,1035.6666,46.546749
1962,103,2014,52,2224761.817808219,7,1060.7084,47.677391
1962,104,2014,52,2224512.416438356,8,1059.125,47.611557
1962,105,2014,52,2224263.015068493,9,968.20831,43.5294
1962,106,2014,52,2224021.65890411,10,1040.375,46.778996
1962,107,2014,52,2223772.257534247,11,1015,45.643162
1962,108,2014,52,2223530.901369863,12,1036.875,46.631912
1962,109,2015,53,2223281.5,1,1352.5416,60.835373
1962,110,2015,53,2222605.742465753,2,1181.5,53.158325
1962,111,2015,53,2221995.380821918,3,1239.625,55.788818
1962,112,2015,53,2221319.623287671,4,1142.75,51.444645
1962,113,2015,53,2220665.664383561,5,1176.25,52.968353
1962,114,2015,53,2219989.906849315,6,1096.75,49.403378
1962,115,2015,53,2219335.947945205,7,1157.2083,52.142094
1962,116,2015,53,2218660.190410959,8,1153.875,52.00774
1962,117,2015,53,2217984.432876712,9,1110.7084,50.077374
1962,118,2015,53,2217330.473972603,10,1135.2084,51.197075
1962,119,2015,53,2216654.716438356,11,1114.125,50.261551
1962,120,2015,53,2216000.757534246,12,1113.7084,50.25758
1962,121,2016,54,2215325,1,1362.1666,61.488342
1962,122,2016,54,2213462.713114754,2,1282.5,57.940891
1962,123,2016,54,2211720.573770491,3,1407.5417,63.640125
1962,124,2016,54,2209858.286885246,4,1318.2084,59.651264
1962,125,2016,54,2208056.073770491,5,1243.5,56.316505
1962,126,2016,54,2206193.786885246,6,1259.25,57.077942
1962,127,2016,54,2204391.573770491,7,1235.8334,56.062336
1962,128,2016,54,2202529.286885246,8,1221.75,55.470318
1962,129,2016,54,2200667,9,1142.5,51.916077
1962,130,2016,54,2198864.786885246,10,1260.75,57.336403
1962,131,2016,54,2197002.5,11,1251.75,56.975357
1962,132,2016,54,2195200.286885246,12,1202.7083,54.788086
1962,133,2017,55,2193338,1,1527.3749,69.637001
1962,134,2017,55,2192534.038356164,2,1428.125,65.135818
1962,135,2017,55,2191807.879452055,3,1458.5416,66.545143
1962,136,2017,55,2191003.917808219,4,1353.5834,61.77914
1962,137,2017,55,2190225.890410959,5,1383.125,63.149879
1962,138,2017,55,2189421.928767123,6,1326.75,60.598186
1962,139,2017,55,2188643.901369863,7,1335.7917,61.032848
1962,140,2017,55,2187839.939726028,8,1320.25,60.34491
1962,141,2017,55,2187035.978082192,9,1318.6667,60.294697
1962,142,2017,55,2186257.950684932,10,1287.5,58.890579
1962,143,2017,55,2185453.989041096,11,1303,59.621479
1962,144,2017,55,2184675.961643836,12,1380.7083,63.19968
1962,145,2018,56,2183872,1,1793.0833,82.10569
1962,146,2018,56,2183738.402739726,2,1462.5,66.972305
1962,147,2018,56,2183617.734246575,3,1516.4167,69.44516
1962,148,2018,56,2183484.136986301,4,1468.3333,67.247261
1962,149,2018,56,2183354.849315068,5,1462.375,66.978348
1962,150,2018,56,2183221.252054794,6,1409.125,64.543388
1962,151,2018,56,2183091.964383562,7,1475.7917,67.60099
1962,152,2018,56,2182958.367123288,8,1466.75,67.190926
1962,153,2018,56,2182824.769863014,9,1333.7083,61.100105
1962,154,2018,56,2182695.482191781,10,1398.8334,64.087425
1962,155,2018,56,2182561.884931507,11,1385.875,63.497627
1962,156,2018,56,2182432.597260274,12,1441.625,66.055878
1962,157,2019,57,2182299,1,1772.2916,81.212135
1962,158,2019,57,2182227.020547945,2,1507.875,69.097992
1962,159,2019,57,2182162.006849315,3,1665.9584,76.344391
1962,160,2019,57,2182090.02739726,4,1532.5001,70.230835
1962,161,2019,57,2182020.369863014,5,1568.875,71.900108
1962,162,2019,57,2181948.390410959,6,1503.4166,68.902481
1962,163,2019,57,2181878.732876712,7,1571.1666,72.009804
1962,164,2019,57,2181806.753424658,8,1523.625,69.833176
1962,165,2019,57,2181734.773972603,9,1478.0417,67.74617
1962,166,2019,57,2181665.116438356,10,1458.75,66.864067
1962,167,2019,57,2181593.136986301,11,1485.75,68.103897
1962,168,2019,57,2181523.479452054,12,1585.0833,72.659462
1962,169,2020,58,2181451.5,1,1824.375,83.631241
1962,170,2020,58,2179325.459016393,2,1697.375,77.885338
1962,171,2020,58,2177336.581967213,3,1881.375,86.407173
1962,172,2020,58,2175210.540983607,4,2138.8335,98.327652
1962,173,2020,58,2173153.081967213,5,2024,93.136559
1962,174,2020,58,2171027.040983607,6,1886.625,86.900116
1962,175,2020,58,2168969.581967213,7,2095.75,96.624222
1962,176,2020,58,2166843.540983607,8,1982.5,91.492531
1962,177,2020,58,2164717.5,9,1813.8334,83.790764
1962,178,2020,58,2162660.040983607,10,1939.2084,89.66774
1962,179,2020,58,2160534,11,1943.125,89.937256
1962,180,2020,58,2158476.540983607,12,2303.4167,106.71493
1962,181,2021,59,2156350.5,1,2816.2915,130.60454
1962,182,2021,59,2154035.904109589,2,2212.125,102.69675
1962,183,2021,59,2151945.301369863,3,2136.2917,99.272583
1962,184,2021,59,2149630.705479451,4,2128.8335,99.032524
1962,185,2021,59,2147390.773972603,5,2104.875,98.020119
1962,186,2021,59,2145076.178082191,6,1961.6665,91.449738
1962,187,2021,59,2142836.246575342,7,2025,94.500923
1962,188,2021,59,2140521.650684931,8,2565.25,119.84229
1962,189,2021,59,2138207.05479452,9,2673.5,125.03466
1962,190,2021,59,2135967.123287671,10,2401.9167,112.45102
1962,191,2021,59,2133652.52739726,11,2195.125,102.88109
1962,192,2021,59,2131412.595890411,12,2512.2915,117.86979
1963,1,2006,43,2252215,1,668.125,29.665241
1963,2,2006,43,2251484.801369863,2,580,25.760778
1963,3,2006,43,2250825.267123288,3,580.95837,25.810905
1963,4,2006,43,2250095.068493151,4,570.20837,25.341524
1963,5,2006,43,2249388.424657534,5,607.75,27.018456
1963,6,2006,43,2248658.226027397,6,556.5,24.748093
1963,7,2006,43,2247951.582191781,7,611.33331,27.195127
1963,8,2006,43,2247221.383561644,8,573.375,25.514843
1963,9,2006,43,2246491.184931507,9,549,24.43811
1963,10,2006,43,2245784.541095891,10,532.75,23.722221
1963,11,2006,43,2245054.342465754,11,523.5,23.317921
1963,12,2006,43,2244347.698630137,12,550.75,24.539425
1963,13,2007,44,2243617.5,1,663.83331,29.587633
1963,14,2007,44,2242327.517808219,2,584.25,26.055515
1963,15,2007,44,2241162.37260274,3,648.37506,28.930304
1963,16,2007,44,2239872.390410959,4,603.29169,26.934198
1963,17,2007,44,2238624.020547946,5,592.125,26.450399
1963,18,2007,44,2237334.038356164,6,616.75,27.56629
1963,19,2007,44,2236085.668493151,7,625.25,27.961809
1963,20,2007,44,2234795.68630137,8,565.5,25.304327
1963,21,2007,44,2233505.704109589,9,574.125,25.705105
1963,22,2007,44,2232257.334246576,10,555.58331,24.888857
1963,23,2007,44,2230967.352054795,11,560.75,25.134836
1963,24,2007,44,2229718.982191781,12,575.70837,25.819773
1963,25,2008,45,2228429,1,683.74994,30.683048
1963,26,2008,45,2228559.860655738,2,681,30.557852
1963,27,2008,45,2228682.278688524,3,634.66669,28.477217
1963,28,2008,45,2228813.139344262,4,642.375,28.821394
1963,29,2008,45,2228939.778688524,5,648.75,29.105766
1963,30,2008,45,2229070.639344262,6,634.83331,28.479731
1963,31,2008,45,2229197.278688524,7,613.04169,27.500557
1963,32,2008,45,2229328.139344262,8,604.375,27.110186
1963,33,2008,45,2229459,9,613.45831,27.516016
1963,34,2008,45,2229585.639344262,10,603.875,27.084629
1963,35,2008,45,2229716.5,11,579.625,25.995457
1963,36,2008,45,2229843.139344262,12,606.75,27.210434
1963,37,2009,46,2229974,1,755.625,33.884926
1963,38,2009,46,2230772.016438356,2,667.375,29.916773
1963,39,2009,46,2231492.805479452,3,719.25,32.231785
1963,40,2009,46,2232290.821917808,4,658.5,29.498844
1963,41,2009,46,2233063.095890411,5,702.125,31.442238
1963,42,2009,46,2233861.112328767,6,666.29163,29.826904
1963,43,2009,46,2234633.38630137,7,685.70831,30.685495
1963,44,2009,46,2235431.402739726,8,664.75,29.73699
1963,45,2009,46,2236229.419178082,9,620.79169,27.760643
1963,46,2009,46,2237001.693150685,10,629.41663,28.136618
1963,47,2009,46,2237799.709589041,11,668.875,29.889851
1963,48,2009,46,2238571.983561644,12,701.25,31.325773
1963,49,2010,47,2239370,1,811.99994,36.260197
1963,50,2010,47,2239279.165753425,2,695.25,31.047937
1963,51,2010,47,2239197.121917808,3,762.66669,34.05983
1963,52,2010,47,2239106.287671233,4,705.5,31.508106
1963,53,2010,47,2239018.383561644,5,713.75,31.87781
1963,54,2010,47,2238927.549315068,6,723.75,32.325745
1963,55,2010,47,2238839.64520548,7,736.83337,32.911396
1963,56,2010,47,2238748.810958904,8,687.875,30.725868
1963,57,2010,47,2238657.976712329,9,640.58337,28.614616
1963,58,2010,47,2238570.07260274,10,682.33337,30.480768
1963,59,2010,47,2238479.238356164,11,658.75,29.428461
1963,60,2010,47,2238391.334246575,12,716.29163,32.000286
1963,61,2011,48,2238300.5,1,928,41.460026
1963,62,2011,48,2238683.116438356,2,778.5,34.77491
1963,63,2011,48,2239028.705479452,3,853.125,38.102459
1963,64,2011,48,2239411.321917808,4,772.33337,34.488232
1963,65,2011,48,2239781.595890411,5,778.875,34.774597
1963,66,2011,48,2240164.212328767,6,749.125,33.440628
1963,67,2011,48,2240534.48630137,7,815.29163,36.388264
1963,68,2011,48,2240917.102739726,8,758.25,33.836594
1963,69,2011,48,2241299.719178082,9,729.54169,32.549938
1963,70,2011,48,2241669.993150685,10,741.08337,33.059433
1963,71,2011,48,2242052.609589041,11,762.25,33.997864
1963,72,2011,48,2242422.883561644,12,770.875,34.376881
1963,73,2012,49,2242805.5,1,877.20831,39.112099
1963,74,2012,49,2242278.62704918,2,802.375,35.783913
1963,75,2012,49,2241785.745901639,3,879.66669,39.239552
1963,76,2012,49,2241258.872950819,4,796.83337,35.552937
1963,77,2012,49,2240748.995901639,5,812.375,36.25462
1963,78,2012,49,2240222.122950819,6,821.29163,36.661171
1963,79,2012,49,2239712.245901639,7,856.33337,38.234081
1963,80,2012,49,2239185.372950819,8,825.375,36.860504
1963,81,2012,49,2238658.5,9,788.625,35.22757
1963,82,2012,49,2238148.622950819,10,779.875,34.844646
1963,83,2012,49,2237621.75,11,803.875,35.925419
1963,84,2012,49,2237111.872950819,12,807.08337,36.077023
1963,85,2013,50,2236585,1,1087.2084,48.610195
1963,86,2013,50,2235756.365753425,2,878.875,39.309963
1963,87,2013,50,2235007.921917808,3,966.70837,43.253017
1963,88,2013,50,2234179.287671233,4,912.25006,40.831551
1963,89,2013,50,2233377.383561644,5,893.875,40.023464
1963,90,2013,50,2232548.749315069,6,876.41663,39.256325
1963,91,2013,50,2231746.84520548,7,924.08337,41.406281
1963,92,2013,50,2230918.210958904,8,888.5,39.826649
1963,93,2013,50,2230089.576712329,9,821.33331,36.829613
1963,94,2013,50,2229287.67260274,10,821.70837,36.859684
1963,95,2013,50,2228459.038356164,11,857.5,38.479504
1963,96,2013,50,2227657.134246576,12,891.25,40.0084
1963,97,2014,51,2226828.5,1,1161.2499,52.148151
1963,98,2014,51,2227010.720547945,2,1020.75,45.834984
1963,99,2014,51,2227175.306849315,3,1034.7084,46.458328
1963,100,2014,51,2227357.52739726,4,994.33337,44.641838
1963,101,2014,51,2227533.869863013,5,918.75,41.245163
1963,102,2014,51,2227716.090410959,6,971.5,43.609688
1963,103,2014,51,2227892.432876712,7,959.41669,43.063869
1963,104,2014,51,2228074.653424657,8,992.5,44.545185
1963,105,2014,51,2228256.873972603,9,905.75,40.648365
1963,106,2014,51,2228433.216438356,10,875.375,39.282085
1963,107,2014,51,2228615.436986301,11,935.125,41.959908
1963,108,2014,51,2228791.779452055,12,989.79169,44.40934
1963,109,2015,52,2228974,1,1199.9166,53.832687
1963,110,2015,52,2228755.768493151,2,1021.75,45.843964
1963,111,2015,52,2228558.656164384,3,1127.8334,50.608196
1963,112,2015,52,2228340.424657534,4,1046.3334,46.955723
1963,113,2015,52,2228129.232876712,5,1111.75,49.896118
1963,114,2015,52,2227911.001369863,6,1033.1666,46.373783
1963,115,2015,52,2227699.809589041,7,1059.4583,47.558395
1963,116,2015,52,2227481.578082192,8,1046.25,46.970085
1963,117,2015,52,2227263.346575343,9,1078.6667,48.430141
1963,118,2015,52,2227052.154794521,10,976.45831,43.845329
1963,119,2015,52,2226833.923287672,11,1014,45.535503
1963,120,2015,52,2226622.73150685,12,976.75,43.866882
1963,121,2016,53,2226404.5,1,1247.5834,56.035789
1963,122,2016,53,2225699.758196721,2,1156.625,51.966805
1963,123,2016,53,2225040.483606557,3,1254.625,56.386616
1963,124,2016,53,2224335.741803279,4,1170.4584,52.620579
1963,125,2016,53,2223653.733606557,5,1143.125,51.407509
1963,126,2016,53,2222948.991803279,6,1148.7083,51.674973
1963,127,2016,53,2222266.983606557,7,1151.5416,51.818329
1963,128,2016,53,2221562.241803279,8,1136.5,51.157692
1963,129,2016,53,2220857.5,9,1089.8334,49.072639
1963,130,2016,53,2220175.491803279,10,1150.9166,51.838993
1963,131,2016,53,2219470.75,11,1091.75,49.189655
1963,132,2016,53,2218788.741803279,12,1191.1667,53.685452
1963,133,2017,54,2218084,1,1369.2499,61.731201
1963,134,2017,54,2216015.620547945,2,1247.625,56.300369
1963,135,2017,54,2214147.406849315,3,1331.5417,60.137901
1963,136,2017,54,2212079.02739726,4,1265.3334,57.201092
1963,137,2017,54,2210077.369863014,5,1289.5,58.346375
1963,138,2017,54,2208008.990410959,6,1202.625,54.466492
1963,139,2017,54,2206007.332876712,7,1233.2916,55.906052
1963,140,2017,54,2203938.953424658,8,1204.25,54.640804
1963,141,2017,54,2201870.573972603,9,1208.625,54.890827
1963,142,2017,54,2199868.916438356,10,1187.9584,54.001324
1963,143,2017,54,2197800.536986302,11,1132.625,51.534477
1963,144,2017,54,2195798.879452055,12,1270.5417,57.862392
1963,145,2018,55,2193730.5,1,1603.2084,73.081375
1963,146,2018,55,2192919.91369863,2,1406,64.115425
1963,147,2018,55,2192187.771232877,3,1392.3333,63.513412
1963,148,2018,55,2191377.184931507,4,1327.875,60.595455
1963,149,2018,55,2190592.746575342,5,1333.75,60.885345
1963,150,2018,55,2189782.160273973,6,1291.2083,58.965145
1963,151,2018,55,2188997.721917809,7,1334.625,60.969685
1963,152,2018,55,2188187.135616438,8,1370,62.608906
1963,153,2018,55,2187376.549315069,9,1223.75,55.946014
1963,154,2018,55,2186592.110958904,10,1266.9166,57.940235
1963,155,2018,55,2185781.524657534,11,1222.625,55.935371
1963,156,2018,55,2184997.08630137,12,1313.4167,60.110687
1963,157,2019,56,2184186.5,1,1589,72.750198
1963,158,2019,56,2183881.043835617,2,1463.375,67.008003
1963,159,2019,56,2183605.147945206,3,1575.4166,72.147507
1963,160,2019,56,2183299.691780822,4,1449.375,66.384613
1963,161,2019,56,2183004.089041096,5,1448.875,66.370697
1963,162,2019,56,2182698.632876712,6,1383.4583,63.382927
1963,163,2019,56,2182403.030136987,7,1450.3334,66.455803
1963,164,2019,56,2182097.573972603,8,1368.375,62.709156
1963,165,2019,56,2181792.117808219,9,1368.125,62.706478
1963,166,2019,56,2181496.515068493,10,1341.5833,61.498299
1963,167,2019,56,2181191.05890411,11,1391.125,63.778229
1963,168,2019,56,2180895.456164384,12,1435.375,65.815857
1963,169,2020,57,2180590,1,1710.9166,78.461182
1963,170,2020,57,2178621.118852459,2,1585.625,72.781128
1963,171,2020,57,2176779.262295082,3,1725.125,79.251259
1963,172,2020,57,2174810.381147541,4,2007.6667,92.314568
1963,173,2020,57,2172905.012295082,5,1858.25,85.519157
1963,174,2020,57,2170936.131147541,6,1720.3333,79.243843
1963,175,2020,57,2169030.762295082,7,1958.3334,90.286102
1963,176,2020,57,2167061.881147541,8,1849.875,85.363274
1963,177,2020,57,2165093,9,1671.7083,77.211845
1963,178,2020,57,2163187.631147541,10,1756.9583,81.220795
1963,179,2020,57,2161218.75,11,1793.75,82.997154
1963,180,2020,57,2159313.381147541,12,2169.375,100.46597
1963,181,2021,58,2157344.5,1,2763.2915,128.08763
1963,182,2021,58,2155190.934246575,2,2009.375,93.2342
1963,183,2021,58,2153245.778082192,3,1989.2917,92.385727
1963,184,2021,58,2151092.212328767,4,1993.4584,92.671913
1963,185,2021,58,2149008.116438356,5,1958,91.111801
1963,186,2021,58,2146854.550684932,6,1814.375,84.513176
1963,187,2021,58,2144770.454794521,7,1887.1667,87.98922
1963,188,2021,58,2142616.889041096,8,2364.625,110.36154
1963,189,2021,58,2140463.323287671,9,2473.5833,115.56298
1963,190,2021,58,2138379.22739726,10,2278.2083,106.53902
1963,191,2021,58,2136225.661643836,11,2030.625,95.056671
1963,192,2021,58,2134141.565753425,12,2265.75,106.16681
1964,1,2006,42,2246548,1,575.16669,25.602243
1964,2,2006,42,2246529.4,2,510.5,22.72394
1964,3,2006,42,2246512.6,3,531.08337,23.640347
1964,4,2006,42,2246494,4,514.83337,22.917192
1964,5,2006,42,2246476,5,555,24.70536
1964,6,2006,42,2246457.4,6,515.45831,22.945385
1964,7,2006,42,2246439.4,7,557.58337,24.820763
1964,8,2006,42,2246420.8,8,499.375,22.229807
1964,9,2006,42,2246402.2,9,480.45831,21.387903
1964,10,2006,42,2246384.2,10,489.20834,21.77759
1964,11,2006,42,2246365.6,11,450,20.032358
1964,12,2006,42,2246347.6,12,467.66666,20.818979
1964,13,2007,43,2246329,1,565.54163,25.17626
1964,14,2007,43,2245557.524657534,2,549.125,24.453838
1964,15,2007,43,2244860.708219178,3,584.66669,26.044676
1964,16,2007,43,2244089.232876712,4,550.375,24.525539
1964,17,2007,43,2243342.643835617,5,549.875,24.511414
1964,18,2007,43,2242571.168493151,6,548,24.436237
1964,19,2007,43,2241824.579452055,7,564.45837,25.178526
1964,20,2007,43,2241053.104109589,8,528.75,23.593819
1964,21,2007,43,2240281.628767123,9,510.875,22.804052
1964,22,2007,43,2239535.039726028,10,501.95834,22.413507
1964,23,2007,43,2238763.564383562,11,478.375,21.367821
1964,24,2007,43,2238016.975342466,12,477.16666,21.320957
1964,25,2008,44,2237245.5,1,629.66663,28.144726
1964,26,2008,44,2235793.62431694,2,621.25,27.786554
1964,27,2008,44,2234435.418032787,3,594.875,26.623056
1964,28,2008,44,2232983.542349727,4,562.25,25.179317
1964,29,2008,44,2231578.50136612,5,569,25.497646
1964,30,2008,44,2230126.62568306,6,575.125,25.788895
1964,31,2008,44,2228721.584699454,7,574.04163,25.756542
1964,32,2008,44,2227269.709016393,8,570.625,25.619932
1964,33,2008,44,2225817.833333333,9,527.875,23.716002
1964,34,2008,44,2224412.792349727,10,532.375,23.933283
1964,35,2008,44,2222960.916666667,11,497.125,22.363192
1964,36,2008,44,2221555.87568306,12,534.08337,24.04096
1964,37,2009,45,2220104,1,653.54163,29.437433
1964,38,2009,45,2220181.62739726,2,558.5,25.1556
1964,39,2009,45,2220251.742465754,3,635.08331,28.604113
1964,40,2009,45,2220329.369863014,4,617.25,27.799929
1964,41,2009,45,2220404.493150685,5,643.125,28.964317
1964,42,2009,45,2220482.120547945,6,638.91663,28.773779
1964,43,2009,45,2220557.243835616,7,620,27.920919
1964,44,2009,45,2220634.871232877,8,583.5,26.27627
1964,45,2009,45,2220712.498630137,9,552.70831,24.888783
1964,46,2009,45,2220787.621917808,10,603.75,27.1863
1964,47,2009,45,2220865.249315069,11,530.625,23.892715
1964,48,2009,45,2220940.37260274,12,563.08331,25.353374
1964,49,2010,46,2221018,1,738.41663,33.246765
1964,50,2010,46,2220906.65479452,2,667.625,30.060921
1964,51,2010,46,2220806.084931507,3,685.29163,30.857788
1964,52,2010,46,2220694.739726027,4,661.33337,29.780472
1964,53,2010,46,2220586.98630137,5,659.25,29.688097
1964,54,2010,46,2220475.64109589,6,664.33331,29.918514
1964,55,2010,46,2220367.887671233,7,663.33331,29.874928
1964,56,2010,46,2220256.542465753,8,608.125,27.389853
1964,57,2010,46,2220145.197260274,9,611.29169,27.533861
1964,58,2010,46,2220037.443835616,10,572.16663,25.772837
1964,59,2010,46,2219926.098630137,11,585.875,26.391644
1964,60,2010,46,2219818.345205479,12,576.91669,25.989365
1964,61,2011,47,2219707,1,742.58331,33.454113
1964,62,2011,47,2219804.84109589,2,695.25,31.32032
1964,63,2011,47,2219893.21369863,3,736.20837,33.164135
1964,64,2011,47,2219991.054794521,4,702.5,31.644272
1964,65,2011,47,2220085.739726027,5,720.25,32.44244
1964,66,2011,47,2220183.580821918,6,667.04163,30.044436
1964,67,2011,47,2220278.265753425,7,732.66663,32.998863
1964,68,2011,47,2220376.106849315,8,665,29.949881
1964,69,2011,47,2220473.947945205,9,621.45837,27.987646
1964,70,2011,47,2220568.632876712,10,657.20837,29.596399
1964,71,2011,47,2220666.473972603,11,634.875,28.58939
1964,72,2011,47,2220761.15890411,12,609.91669,27.464308
1964,73,2012,48,2220859,1,787.04163,35.438614
1964,74,2012,48,2221460.408469945,2,763.75,34.380535
1964,75,2012,48,2222023.016393443,3,791.45831,35.618816
1964,76,2012,48,2222624.424863388,4,751.62506,33.817009
1964,77,2012,48,2223206.433060109,5,758.125,34.100521
1964,78,2012,48,2223807.841530055,6,723.70831,32.543652
1964,79,2012,48,2224389.849726776,7,777.875,34.970264
1964,80,2012,48,2224991.258196721,8,736.375,33.095634
1964,81,2012,48,2225592.666666667,9,663.16669,29.797308
1964,82,2012,48,2226174.674863388,10,698.875,31.393538
1964,83,2012,48,2226776.083333333,11,668.25,30.009752
1964,84,2012,48,2227358.091530055,12,731.16663,32.82663
1964,85,2013,49,2227959.5,1,973.04163,43.674118
1964,86,2013,49,2227319.880821918,2,777.75,34.918648
1964,87,2013,49,2226742.160273973,3,915.66663,41.121357
1964,88,2013,49,2226102.541095891,4,804.70837,36.148754
1964,89,2013,49,2225483.554794521,5,814.5,36.598789
1964,90,2013,49,2224843.935616438,6,789.66663,35.493126
1964,91,2013,49,2224224.949315068,7,796.70831,35.819592
1964,92,2013,49,2223585.330136986,8,769.5,34.606274
1964,93,2013,49,2222945.710958904,9,701.04163,31.536606
1964,94,2013,49,2222326.724657534,10,761.5,34.265888
1964,95,2013,49,2221687.105479452,11,724.75,32.621605
1964,96,2013,49,2221068.119178082,12,808.45831,36.399529
1964,97,2014,50,2220428.5,1,1005.875,45.300941
1964,98,2014,50,2219542.961643836,2,911.875,41.083908
1964,99,2014,50,2218743.120547945,3,947.95831,42.725014
1964,100,2014,50,2217857.582191781,4,876.70837,39.529518
1964,101,2014,50,2217000.609589041,5,838.75,37.832645
1964,102,2014,50,2216115.071232877,6,905.25,40.848511
1964,103,2014,50,2215258.098630137,7,857,38.686237
1964,104,2014,50,2214372.560273972,8,839.5,37.911415
1964,105,2014,50,2213487.021917808,9,807.125,36.463959
1964,106,2014,50,2212630.049315068,10,817.25,36.93568
1964,107,2014,50,2211744.510958904,11,782.375,35.373661
1964,108,2014,50,2210887.538356164,12,799.20831,36.148754
1964,109,2015,51,2210002,1,1101.5,49.841583
1964,110,2015,51,2210299.6,2,990.375,44.807274
1964,111,2015,51,2210568.4,3,1035.8334,46.858238
1964,112,2015,51,2210866,4,940.16669,42.524815
1964,113,2015,51,2211154,5,982.875,44.450771
1964,114,2015,51,2211451.6,6,971.41663,43.926651
1964,115,2015,51,2211739.6,7,979.95831,44.307129
1964,116,2015,51,2212037.2,8,939.5,42.47216
1964,117,2015,51,2212334.8,9,896.91663,40.54163
1964,118,2015,51,2212622.8,10,923.375,41.732147
1964,119,2015,51,2212920.4,11,827.75,37.405323
1964,120,2015,51,2213208.4,12,914.45837,41.318222
1964,121,2016,52,2213506,1,1164.7083,52.618256
1964,122,2016,52,2213331.476775956,2,1028,46.445824
1964,123,2016,52,2213168.213114754,3,1165.4166,52.658295
1964,124,2016,52,2212993.689890711,4,1067.875,48.254768
1964,125,2016,52,2212824.796448088,5,1007.5,45.530041
1964,126,2016,52,2212650.273224044,6,1032.7083,46.672909
1964,127,2016,52,2212481.379781421,7,1039.9167,47.002281
1964,128,2016,52,2212306.856557377,8,1011.625,45.727154
1964,129,2016,52,2212132.333333333,9,955.08331,43.174782
1964,130,2016,52,2211963.439890711,10,946.45831,42.788155
1964,131,2016,52,2211788.916666667,11,924,41.776138
1964,132,2016,52,2211620.023224044,12,1018.5,46.052216
1964,133,2017,53,2211445.5,1,1234.3749,55.817558
1964,134,2017,53,2210695.809589041,2,1141.875,51.65229
1964,135,2017,53,2210018.669863014,3,1206.8334,54.607384
1964,136,2017,53,2209268.979452055,4,1191.2917,53.92244
1964,137,2017,53,2208543.47260274,5,1138,51.527172
1964,138,2017,53,2207793.782191781,6,1116.3333,50.563293
1964,139,2017,53,2207068.275342466,7,1121.7917,50.827232
1964,140,2017,53,2206318.584931507,8,1073.5,48.655712
1964,141,2017,53,2205568.894520548,9,1043.5,47.312057
1964,142,2017,53,2204843.387671233,10,1113.5834,50.506233
1964,143,2017,53,2204093.697260274,11,941.125,42.698956
1964,144,2017,53,2203368.190410959,12,1113.625,50.541939
1964,145,2018,54,2202618.5,1,1418.625,64.406296
1964,146,2018,54,2200379.238356164,2,1212.25,55.092777
1964,147,2018,54,2198356.679452055,3,1318.4167,59.972832
1964,148,2018,54,2196117.417808219,4,1212.7084,55.220562
1964,149,2018,54,2193950.390410959,5,1242.5,56.633003
1964,150,2018,54,2191711.128767123,6,1170.9166,53.42477
1964,151,2018,54,2189544.101369863,7,1216.75,55.57093
1964,152,2018,54,2187304.839726027,8,1171.25,53.547634
1964,153,2018,54,2185065.578082192,9,1138.8334,52.118958
1964,154,2018,54,2182898.550684931,10,1131.3334,51.827118
1964,155,2018,54,2180659.289041095,11,1111.75,50.982288
1964,156,2018,54,2178492.261643835,12,1190.125,54.630672
1964,157,2019,55,2176253,1,1451.3333,66.689545
1964,158,2019,55,2174653.102739726,2,1330.125,61.164928
1964,159,2019,55,2173208.034246575,3,1439.0417,66.217392
1964,160,2019,55,2171608.136986301,4,1330.75,61.279472
1964,161,2019,55,2170059.849315068,5,1347.625,62.100822
1964,162,2019,55,2168459.952054794,6,1305.9166,60.223228
1964,163,2019,55,2166911.664383561,7,1320.25,60.927727
1964,164,2019,55,2165311.767123288,8,1218.5,56.273651
1964,165,2019,55,2163711.869863013,9,1217.75,56.280598
1964,166,2019,55,2162163.58219178,10,1202.2084,55.6021
1964,167,2019,55,2160563.684931506,11,1205.875,55.812981
1964,168,2019,55,2159015.397260274,12,1265.125,58.597313
1964,169,2020,56,2157415.5,1,1545,71.613464
1964,170,2020,56,2155613.984972678,2,1539.375,71.412369
1964,171,2020,56,2153928.696721312,3,1679.4584,77.971863
1964,172,2020,56,2152127.181693989,4,1948.5417,90.540268
1964,173,2020,56,2150383.780054645,5,1789.5,83.217705
1964,174,2020,56,2148582.265027322,6,1591.5833,74.075974
1964,175,2020,56,2146838.863387978,7,1747.625,81.404572
1964,176,2020,56,2145037.348360656,8,1693.75,78.961327
1964,177,2020,56,2143235.833333333,9,1530.8333,71.426262
1964,178,2020,56,2141492.431693989,10,1547.5417,72.264641
1964,179,2020,56,2139690.916666667,11,1599.125,74.736259
1964,180,2020,56,2137947.515027322,12,1980.9584,92.657013
1964,181,2021,57,2136146,1,2440,114.2244
1964,182,2021,57,2134180.132876712,2,1861.25,87.211479
1964,183,2021,57,2132404.510958904,3,1870.7084,87.727654
1964,184,2021,57,2130438.643835616,4,1823.7501,85.604439
1964,185,2021,57,2128536.191780822,5,1799.75,84.553413
1964,186,2021,57,2126570.324657534,6,1657.4583,77.940437
1964,187,2021,57,2124667.872602739,7,1748.5833,82.299133
1964,188,2021,57,2122702.005479452,8,2214.25,104.31281
1964,189,2021,57,2120736.138356164,9,2275.4167,107.29372
1964,190,2021,57,2118833.68630137,10,2045.5834,96.542892
1964,191,2021,57,2116867.819178082,11,1807.875,85.403297
1964,192,2021,57,2114965.367123288,12,2003.9166,94.749382
1965,1,2006,41,2158663,1,485.99997,22.513935
1965,2,2006,41,2158983.191780822,2,460.125,21.312117
1965,3,2006,41,2159272.397260274,3,485.16666,22.468988
1965,4,2006,41,2159592.589041096,4,432.62503,20.032715
1965,5,2006,41,2159902.452054794,5,495.125,22.923489
1965,6,2006,41,2160222.643835616,6,478.08331,22.131205
1965,7,2006,41,2160532.506849315,7,473.25,21.904322
1965,8,2006,41,2160852.698630137,8,455.625,21.085426
1965,9,2006,41,2161172.890410959,9,424.70834,19.651752
1965,10,2006,41,2161482.753424658,10,423.83331,19.608452
1965,11,2006,41,2161802.945205479,11,407.625,18.855789
1965,12,2006,41,2162112.808219178,12,412.25,19.066998
1965,13,2007,42,2162433,1,505.25,23.364885
1965,14,2007,42,2162466.463013699,2,481.125,22.248899
1965,15,2007,42,2162496.687671233,3,498.29169,23.042425
1965,16,2007,42,2162530.150684932,4,521.83337,24.130686
1965,17,2007,42,2162562.534246576,5,490.625,22.687204
1965,18,2007,42,2162595.997260274,6,479.66666,22.180132
1965,19,2007,42,2162628.380821918,7,475.04169,21.965942
1965,20,2007,42,2162661.843835616,8,492,22.749743
1965,21,2007,42,2162695.306849315,9,442.875,20.477919
1965,22,2007,42,2162727.690410959,10,414.625,19.171392
1965,23,2007,42,2162761.153424658,11,440.875,20.384821
1965,24,2007,42,2162793.536986302,12,470.125,21.736935
1965,25,2008,43,2162827,1,572.58331,26.473837
1965,26,2008,43,2161944.346994536,2,539.125,24.937044
1965,27,2008,43,2161118.639344262,3,549.20831,25.413149
1965,28,2008,43,2160235.986338798,4,498.83337,23.091616
1965,29,2008,43,2159381.806010929,5,510.375,23.635237
1965,30,2008,43,2158499.153005465,6,465.79166,21.579422
1965,31,2008,43,2157644.972677596,7,513.25,23.78751
1965,32,2008,43,2156762.319672131,8,518.75,24.052256
1965,33,2008,43,2155879.666666667,9,454.375,21.076084
1965,34,2008,43,2155025.486338798,10,422.20834,19.591803
1965,35,2008,43,2154142.833333333,11,451,20.936401
1965,36,2008,43,2153288.653005465,12,501.29166,23.280281
1965,37,2009,44,2152406,1,616.62494,28.64817
1965,38,2009,44,2151256.197260274,2,549.625,25.549026
1965,39,2009,44,2150217.665753425,3,570.16669,26.516697
1965,40,2009,44,2149067.863013699,4,541.08337,25.177584
1965,41,2009,44,2147955.150684931,5,561.75,26.152781
1965,42,2009,44,2146805.347945205,6,553.625,25.788319
1965,43,2009,44,2145692.635616438,7,549.95837,25.630808
1965,44,2009,44,2144542.832876713,8,510.25,23.79295
1965,45,2009,44,2143393.030136987,9,488.79169,22.804575
1965,46,2009,44,2142280.317808219,10,542.45837,25.321541
1965,47,2009,44,2141130.515068493,11,501.375,23.416368
1965,48,2009,44,2140017.802739726,12,485.125,22.669205
1965,49,2010,45,2138868,1,628.375,29.378859
1965,50,2010,45,2138703.530136986,2,552.125,25.815874
1965,51,2010,45,2138554.976712328,3,630.79169,29.496164
1965,52,2010,45,2138390.506849315,4,590.04169,27.592794
1965,53,2010,45,2138231.342465753,5,585.5,27.382444
1965,54,2010,45,2138066.872602739,6,560.95831,26.236706
1965,55,2010,45,2137907.708219178,7,571.375,26.725897
1965,56,2010,45,2137743.238356164,8,545.5,25.517565
1965,57,2010,45,2137578.76849315,9,526.70837,24.640419
1965,58,2010,45,2137419.604109589,10,527.41663,24.67539
1965,59,2010,45,2137255.134246575,11,557,26.061464
1965,60,2010,45,2137095.969863013,12,551.83331,25.821644
1965,61,2011,46,2136931.5,1,706.45831,33.059475
1965,62,2011,46,2136997.364383562,2,619,28.965876
1965,63,2011,46,2137056.85479452,3,655.83337,30.688625
1965,64,2011,46,2137122.719178082,4,630.45837,29.500336
1965,65,2011,46,2137186.458904109,5,636.125,29.764601
1965,66,2011,46,2137252.323287671,6,578.95837,27.088911
1965,67,2011,46,2137316.063013698,7,632.83337,29.608788
1965,68,2011,46,2137381.92739726,8,576.5,26.97225
1965,69,2011,46,2137447.791780822,9,559.5,26.176079
1965,70,2011,46,2137511.531506849,10,544.375,25.467699
1965,71,2011,46,2137577.395890411,11,494.5,23.133665
1965,72,2011,46,2137641.135616438,12,557,26.056759
1965,73,2012,47,2137707,1,713.91663,33.396374
1965,74,2012,47,2137898.886612022,2,697.75,32.637184
1965,75,2012,47,2138078.393442623,3,702.66669,32.864403
1965,76,2012,47,2138270.280054645,4,664.04169,31.055086
1965,77,2012,47,2138455.976775956,5,670,31.331017
1965,78,2012,47,2138647.863387978,6,657.70831,30.753464
1965,79,2012,47,2138833.56010929,7,654.95831,30.622219
1965,80,2012,47,2139025.446721312,8,633.875,29.633821
1965,81,2012,47,2139217.333333333,9,583.79169,27.289967
1965,82,2012,47,2139403.030054645,10,625.79163,29.250759
1965,83,2012,47,2139594.916666667,11,598.25,27.960899
1965,84,2012,47,2139780.613387978,12,636.95837,29.767462
1965,85,2013,48,2139972.5,1,876.20831,40.944839
1965,86,2013,48,2140827.378082192,2,705.5,32.954548
1965,87,2013,48,2141599.526027397,3,790.125,36.894154
1965,88,2013,48,2142454.404109589,4,702.66669,32.797276
1965,89,2013,48,2143281.705479452,5,760.375,35.477139
1965,90,2013,48,2144136.583561644,6,694.04163,32.369282
1965,91,2013,48,2144963.884931507,7,721.25,33.625275
1965,92,2013,48,2145818.763013699,8,702,32.714787
1965,93,2013,48,2146673.641095891,9,629.29169,29.314735
1965,94,2013,48,2147500.942465753,10,677.75,31.55994
1965,95,2013,48,2148355.820547945,11,631.75,29.406208
1965,96,2013,48,2149183.121917808,12,690,32.105221
1965,97,2014,49,2150038,1,995.125,46.284065
1965,98,2014,49,2149280.750684931,2,787.5,36.640163
1965,99,2014,49,2148596.783561644,3,851.125,39.613064
1965,100,2014,49,2147839.534246576,4,783.58337,36.482399
1965,101,2014,49,2147106.712328767,5,761.25,35.454689
1965,102,2014,49,2146349.463013699,6,778.04163,36.249531
1965,103,2014,49,2145616.641095891,7,789.70831,36.805656
1965,104,2014,49,2144859.391780822,8,754.75,35.188786
1965,105,2014,49,2144102.142465753,9,713.5,33.277332
1965,106,2014,49,2143369.320547945,10,707.29169,32.999058
1965,107,2014,49,2142612.071232877,11,665.75,31.071886
1965,108,2014,49,2141879.249315069,12,717.20837,33.485004
1965,109,2015,50,2141122,1,992.45831,46.352253
1965,110,2015,50,2140203.635616438,2,863.75,40.358311
1965,111,2015,50,2139374.145205479,3,933.625,43.640099
1965,112,2015,50,2138455.780821918,4,842.91669,39.417072
1965,113,2015,50,2137567.04109589,5,857.125,40.098156
1965,114,2015,50,2136648.676712329,6,858.375,40.173897
1965,115,2015,50,2135759.936986301,7,869.5,40.711506
1965,116,2015,50,2134841.57260274,8,843,39.487709
1965,117,2015,50,2133923.208219178,9,763.79163,35.792835
1965,118,2015,50,2133034.468493151,10,835.08331,39.150017
1965,119,2015,50,2132116.104109589,11,769.75,36.102631
1965,120,2015,50,2131227.364383562,12,789.33331,37.03656
1965,121,2016,51,2130309,1,1058.5416,49.689583
1965,122,2016,51,2130673.800546448,2,968.625,45.460972
1965,123,2016,51,2131015.065573771,3,1008.5834,47.328777
1965,124,2016,51,2131379.866120219,4,918.25,43.08242
1965,125,2016,51,2131732.898907104,5,934.375,43.831711
1965,126,2016,51,2132097.699453552,6,931.875,43.706955
1965,127,2016,51,2132450.732240437,7,907.45837,42.554718
1965,128,2016,51,2132815.532786885,8,857,40.181629
1965,129,2016,51,2133180.333333333,9,855.25,40.09272
1965,130,2016,51,2133533.366120219,10,856.45837,40.142723
1965,131,2016,51,2133898.166666667,11,815.5,38.216446
1965,132,2016,51,2134251.199453552,12,890.25,41.712521
1965,133,2017,52,2134616,1,1167.6666,54.701485
1965,134,2017,52,2134470.002739726,2,1037,48.583488
1965,135,2017,52,2134338.134246575,3,1088.75,51.011131
1965,136,2017,52,2134192.136986301,4,1025.5834,48.054874
1965,137,2017,52,2134050.849315069,5,977.375,45.799049
1965,138,2017,52,2133904.852054794,6,979.62494,45.907619
1965,139,2017,52,2133763.564383562,7,979.75,45.916523
1965,140,2017,52,2133617.567123288,8,991,46.446938
1965,141,2017,52,2133471.569863013,9,956.29169,44.823269
1965,142,2017,52,2133330.282191781,10,973.91669,45.652409
1965,143,2017,52,2133184.284931507,11,903,42.331081
1965,144,2017,52,2133042.997260274,12,946,44.349785
1965,145,2018,53,2132897,1,1288.0833,60.391254
1965,146,2018,53,2132073.971232877,2,1066.625,50.02758
1965,147,2018,53,2131330.590410959,3,1175.1666,55.137699
1965,148,2018,53,2130507.561643835,4,1060.9167,49.796432
1965,149,2018,53,2129711.082191781,5,1076,50.523285
1965,150,2018,53,2128888.053424657,6,1025.2083,48.156982
1965,151,2018,53,2128091.573972602,7,1091.625,51.295959
1965,152,2018,53,2127268.545205479,8,1008.375,47.402336
1965,153,2018,53,2126445.516438356,9,1007.0834,47.359943
1965,154,2018,53,2125649.036986301,10,1011.9583,47.607029
1965,155,2018,53,2124826.008219178,11,981.75,46.203785
1965,156,2018,53,2124029.528767123,12,1007.7083,47.443233
1965,157,2019,54,2123206.5,1,1443.9583,68.008377
1965,158,2019,54,2120993.482191781,2,1149.875,54.213982
1965,159,2019,54,2118994.62739726,3,1301.7501,61.432442
1965,160,2019,54,2116781.609589041,4,1129.7917,53.373089
1965,161,2019,54,2114639.979452054,5,1180.5,55.825104
1965,162,2019,54,2112426.961643836,6,1126.7916,53.341091
1965,163,2019,54,2110285.331506849,7,1162.4166,55.083385
1965,164,2019,54,2108072.31369863,8,1089.875,51.700077
1965,165,2019,54,2105859.29589041,9,1047.2916,49.732269
1965,166,2019,54,2103717.665753424,10,1071.4584,50.931664
1965,167,2019,54,2101504.647945205,11,985.875,46.912815
1965,168,2019,54,2099363.017808219,12,1122.875,53.486462
1965,169,2020,55,2097150,1,1467.5416,69.977905
1965,170,2020,55,2095541.557377049,2,1317.625,62.877541
1965,171,2020,55,2094036.885245902,3,1488.8333,71.098709
1965,172,2020,55,2092428.442622951,4,1774.8335,84.821709
1965,173,2020,55,2090871.885245902,5,1609.5,76.977455
1965,174,2020,55,2089263.442622951,6,1465.6666,70.152313
1965,175,2020,55,2087706.885245902,7,1586.625,75.998459
1965,176,2020,55,2086098.442622951,8,1475,70.706154
1965,177,2020,55,2084490,9,1342.6667,64.412239
1965,178,2020,55,2082933.442622951,10,1374.1667,65.972664
1965,179,2020,55,2081325,11,1404.25,67.46904
1965,180,2020,55,2079768.442622951,12,1695.0834,81.503464
1965,181,2021,56,2078160,1,2244.2083,107.99016
1965,182,2021,56,2076411.939726027,2,1850.25,89.10804
1965,183,2021,56,2074833.046575343,3,1697.1667,81.797752
1965,184,2021,56,2073084.98630137,4,1656.7085,79.915131
1965,185,2021,56,2071393.315068493,5,1604.75,77.472008
1965,186,2021,56,2069645.254794521,6,1525.1666,73.692177
1965,187,2021,56,2067953.583561644,7,1579.25,76.367767
1965,188,2021,56,2066205.523287671,8,2027.875,98.144882
1965,189,2021,56,2064457.463013699,9,2059.2083,99.745735
1965,190,2021,56,2062765.791780822,10,1839,89.152145
1965,191,2021,56,2061017.731506849,11,1536.625,74.55661
1965,192,2021,56,2059326.060273973,12,1760.125,85.470924
1966,1,2006,40,2053898,1,459.87497,22.39035
1966,2,2006,40,2054077.757534246,2,416,20.252398
1966,3,2006,40,2054240.119178082,3,414.58334,20.181835
1966,4,2006,40,2054419.876712329,4,411.12503,20.011734
1966,5,2006,40,2054593.835616438,5,435,21.172068
1966,6,2006,40,2054773.593150685,6,431.45831,20.997852
1966,7,2006,40,2054947.552054795,7,431.08331,20.977825
1966,8,2006,40,2055127.309589041,8,422.125,20.540091
1966,9,2006,40,2055307.067123288,9,364.25,17.722412
1966,10,2006,40,2055481.026027397,10,358.125,17.42293
1966,11,2006,40,2055660.783561644,11,351.375,17.093044
1966,12,2006,40,2055834.742465753,12,365.91666,17.798933
1966,13,2007,41,2056014.5,1,417.45831,20.304249
1966,14,2007,41,2056384.971232877,2,432.375,21.025976
1966,15,2007,41,2056719.590410959,3,483.25,23.496155
1966,16,2007,41,2057090.061643836,4,443.50003,21.559582
1966,17,2007,41,2057448.582191781,5,440.875,21.42824
1966,18,2007,41,2057819.053424658,6,422.54166,20.53347
1966,19,2007,41,2058177.573972603,7,427.25,20.758656
1966,20,2007,41,2058548.045205479,8,445.875,21.659683
1966,21,2007,41,2058918.516438356,9,369.29169,17.936197
1966,22,2007,41,2059277.036986301,10,405.08331,19.671143
1966,23,2007,41,2059647.508219178,11,362.625,17.606169
1966,24,2007,41,2060006.028767123,12,411.54166,19.977692
1966,25,2008,42,2060376.5,1,491.91666,23.875086
1966,26,2008,42,2060383.614754098,2,483.125,23.448303
1966,27,2008,42,2060390.270491803,3,475.29169,23.068041
1966,28,2008,42,2060397.385245902,4,461.20834,22.384436
1966,29,2008,42,2060404.270491803,5,444,21.54917
1966,30,2008,42,2060411.385245902,6,420.70831,20.418655
1966,31,2008,42,2060418.270491803,7,465.29169,22.58239
1966,32,2008,42,2060425.385245902,8,451.625,21.919018
1966,33,2008,42,2060432.5,9,423.25,20.541803
1966,34,2008,42,2060439.385245902,10,429.45831,20.843044
1966,35,2008,42,2060446.5,11,418,20.286865
1966,36,2008,42,2060453.385245902,12,403.20834,19.568914
1966,37,2009,43,2060460.5,1,536.37494,26.031799
1966,38,2009,43,2059886.87260274,2,460,22.331324
1966,39,2009,43,2059368.757534246,3,495.625,24.066841
1966,40,2009,43,2058795.130136986,4,454.54169,22.078043
1966,41,2009,43,2058240.006849315,5,486.375,23.630627
1966,42,2009,43,2057666.379452055,6,478.16663,23.238297
1966,43,2009,43,2057111.256164384,7,481.58331,23.41066
1966,44,2009,43,2056537.628767123,8,483,23.486076
1966,45,2009,43,2055964.001369863,9,441.95831,21.496403
1966,46,2009,43,2055408.878082192,10,457.91666,22.278616
1966,47,2009,43,2054835.250684931,11,433.5,21.096582
1966,48,2009,43,2054280.12739726,12,475.29166,23.136652
1966,49,2010,44,2053706.5,1,521.08331,25.372824
1966,50,2010,44,2053589.039726028,2,485.75,23.653709
1966,51,2010,44,2053482.946575343,3,521.66669,25.403994
1966,52,2010,44,2053365.48630137,4,509.79169,24.827129
1966,53,2010,44,2053251.815068493,5,522.125,25.429174
1966,54,2010,44,2053134.354794521,6,463.41666,22.57118
1966,55,2010,44,2053020.683561644,7,486.08331,23.676495
1966,56,2010,44,2052903.223287671,8,497.375,24.227884
1966,57,2010,44,2052785.763013699,9,428.95831,20.896399
1966,58,2010,44,2052672.091780822,10,431.75,21.03356
1966,59,2010,44,2052554.63150685,11,444.625,21.662029
1966,60,2010,44,2052440.960273973,12,488.70834,23.811079
1966,61,2011,45,2052323.5,1,621.25,30.270569
1966,62,2011,45,2052251.435616439,2,551.5,26.872925
1966,63,2011,45,2052186.34520548,3,553.79169,26.985449
1966,64,2011,45,2052114.280821918,4,567.04169,27.632072
1966,65,2011,45,2052044.541095891,5,558.625,27.222849
1966,66,2011,45,2051972.476712329,6,509.58331,24.833828
1966,67,2011,45,2051902.736986301,7,537.875,26.213474
1966,68,2011,45,2051830.67260274,8,520.875,25.385866
1966,69,2011,45,2051758.608219178,9,487.375,23.754013
1966,70,2011,45,2051688.868493151,10,506.54166,24.689009
1966,71,2011,45,2051616.804109589,11,474.375,23.122007
1966,72,2011,45,2051547.064383562,12,460.125,22.428196
1966,73,2012,46,2051475,1,595.33331,29.01977
1966,74,2012,46,2051609.714480874,2,533.75,26.016157
1966,75,2012,46,2051735.737704918,3,609.875,29.724833
1966,76,2012,46,2051870.452185792,4,571.25,27.840452
1966,77,2012,46,2052000.821038251,5,585.125,28.514853
1966,78,2012,46,2052135.535519126,6,576.75,28.104868
1966,79,2012,46,2052265.904371585,7,558.25,27.201641
1966,80,2012,46,2052400.618852459,8,565.75,27.565281
1966,81,2012,46,2052535.333333333,9,548.29163,26.712896
1966,82,2012,46,2052665.702185792,10,553.20837,26.950729
1966,83,2012,46,2052800.416666667,11,521,25.379963
1966,84,2012,46,2052930.785519126,12,526.625,25.652351
1966,85,2013,47,2053065.5,1,738.83331,35.986835
1966,86,2013,47,2053400.554794521,2,643.75,31.350435
1966,87,2013,47,2053703.184931507,3,648.125,31.558846
1966,88,2013,47,2054038.239726027,4,643.45837,31.326504
1966,89,2013,47,2054362.48630137,5,641.875,31.244486
1966,90,2013,47,2054697.541095891,6,584.875,28.46526
1966,91,2013,47,2055021.787671233,7,635.375,30.918163
1966,92,2013,47,2055356.842465753,8,651.75,31.709822
1966,93,2013,47,2055691.897260274,9,595.875,28.986591
1966,94,2013,47,2056016.143835617,10,598.83337,29.125908
1966,95,2013,47,2056351.198630137,11,589.5,28.667282
1966,96,2013,47,2056675.445205479,12,611.20831,29.718267
1966,97,2014,48,2057010.5,1,809.375,39.347149
1966,98,2014,48,2058089.979452055,2,694,33.720585
1966,99,2014,48,2059064.993150685,3,763.875,37.098148
1966,100,2014,48,2060144.47260274,4,661.41669,32.105354
1966,101,2014,48,2061189.130136986,5,669.75,32.493378
1966,102,2014,48,2062268.609589041,6,638.91663,30.981251
1966,103,2014,48,2063313.267123288,7,722.33337,35.008419
1966,104,2014,48,2064392.746575342,8,681.5,33.012131
1966,105,2014,48,2065472.226027397,9,635.875,30.785938
1966,106,2014,48,2066516.883561644,10,655.45837,31.718027
1966,107,2014,48,2067596.363013699,11,641.5,31.026365
1966,108,2014,48,2068641.020547945,12,640.20831,30.948256
1966,109,2015,49,2069720.5,1,859.08331,41.507214
1966,110,2015,49,2068897.471232877,2,725.125,35.048862
1966,111,2015,49,2068154.090410959,3,798.25,38.597221
1966,112,2015,49,2067331.061643836,4,739.33331,35.762695
1966,113,2015,49,2066534.582191781,5,728.25,35.240154
1966,114,2015,49,2065711.553424657,6,763.54163,36.962646
1966,115,2015,49,2064915.073972603,7,774.33337,37.499527
1966,116,2015,49,2064092.045205479,8,756.125,36.632328
1966,117,2015,49,2063269.016438356,9,682.33337,33.070499
1966,118,2015,49,2062472.536986301,10,683.95837,33.16206
1966,119,2015,49,2061649.508219178,11,687.125,33.328896
1966,120,2015,49,2060853.028767123,12,693.91669,33.671333
1966,121,2016,50,2060030,1,882.70831,42.849293
1966,122,2016,50,2058958.128415301,2,876.75,42.582214
1966,123,2016,50,2057955.409836066,3,887.625,43.131401
1966,124,2016,50,2056883.538251366,4,842.08337,40.93977
1966,125,2016,50,2055846.243169399,5,835.25,40.628036
1966,126,2016,50,2054774.3715847,6,797.83331,38.82827
1966,127,2016,50,2053737.076502732,7,815.70831,39.718243
1966,128,2016,50,2052665.204918033,8,768.125,37.42086
1966,129,2016,50,2051593.333333333,9,771.54163,37.606949
1966,130,2016,50,2050556.038251366,10,815.70837,39.779861
1966,131,2016,50,2049484.166666667,11,755.75,36.875134
1966,132,2016,50,2048446.8715847,12,808.33331,39.460789
1966,133,2017,51,2047375,1,1017.8333,49.714066
1966,134,2017,51,2047797.831506849,2,881.875,43.064552
1966,135,2017,51,2048179.743835616,3,962.54169,46.99498
1966,136,2017,51,2048602.575342466,4,932.33337,45.5107
1966,137,2017,51,2049011.767123288,5,913.375,44.576366
1966,138,2017,51,2049434.598630137,6,863.79163,42.1478
1966,139,2017,51,2049843.790410959,7,868.91663,42.389408
1966,140,2017,51,2050266.621917808,8,895.25,43.665054
1966,141,2017,51,2050689.453424658,9,873.29163,42.58527
1966,142,2017,51,2051098.64520548,10,801.66663,39.084743
1966,143,2017,51,2051521.476712329,11,799.5,38.971077
1966,144,2017,51,2051930.668493151,12,899.70831,43.846916
1966,145,2018,52,2052353.5,1,1126.7499,54.900379
1966,146,2018,52,2052186.057534246,2,951.5,46.365192
1966,147,2018,52,2052034.819178082,3,1031.125,50.248905
1966,148,2018,52,2051867.376712329,4,947.41669,46.173389
1966,149,2018,52,2051705.335616438,5,942.875,45.955673
1966,150,2018,52,2051537.893150685,6,929.49994,45.307472
1966,151,2018,52,2051375.852054795,7,966.16669,47.098473
1966,152,2018,52,2051208.409589041,8,878.5,42.828411
1966,153,2018,52,2051040.967123288,9,845.54169,41.225002
1966,154,2018,52,2050878.926027397,10,900.125,43.889721
1966,155,2018,52,2050711.483561644,11,889.75,43.387383
1966,156,2018,52,2050549.442465753,12,922.375,44.981846
1966,157,2019,53,2050382,1,1097.5416,53.528641
1966,158,2019,53,2050126.18630137,2,1042.375,50.844433
1966,159,2019,53,2049895.128767123,3,1102.25,53.771042
1966,160,2019,53,2049639.315068493,4,992.20837,48.408924
1966,161,2019,53,2049391.753424657,5,1032.375,50.374702
1966,162,2019,53,2049135.939726027,6,1002.7916,48.93729
1966,163,2019,53,2048888.378082192,7,1018.125,49.691578
1966,164,2019,53,2048632.564383561,8,959.75,46.848324
1966,165,2019,53,2048376.750684931,9,949.125,46.335472
1966,166,2019,53,2048129.189041096,10,950,46.383793
1966,167,2019,53,2047873.375342465,11,937.875,45.797508
1966,168,2019,53,2047625.81369863,12,1025.9583,50.104771
1966,169,2020,54,2047370,1,1267.8749,61.927002
1966,170,2020,54,2045939.637978142,2,1198.625,58.585552
1966,171,2020,54,2044601.557377049,3,1287.2501,62.958485
1966,172,2020,54,2043171.195355191,4,1521.9167,74.487968
1966,173,2020,54,2041786.974043716,5,1429.125,69.993835
1966,174,2020,54,2040356.612021858,6,1324.9583,64.937584
1966,175,2020,54,2038972.390710383,7,1434.9584,70.376549
1966,176,2020,54,2037542.028688525,8,1320.75,64.820747
1966,177,2020,54,2036111.666666667,9,1229.5833,60.388794
1966,178,2020,54,2034727.445355191,10,1246.5833,61.265369
1966,179,2020,54,2033297.083333333,11,1268.875,62.4048
1966,180,2020,54,2031912.862021858,12,1533.5,75.470757
1966,181,2021,55,2030482.5,1,1965.0416,96.777077
1966,182,2021,55,2028921.204109589,2,1594,78.563919
1966,183,2021,55,2027511.001369863,3,1490.4584,73.511726
1966,184,2021,55,2025949.705479452,4,1516.4584,74.85173
1966,185,2021,55,2024438.773972603,5,1444.625,71.359283
1966,186,2021,55,2022877.478082192,6,1365.7083,67.513145
1966,187,2021,55,2021366.546575343,7,1425.375,70.515411
1966,188,2021,55,2019805.250684932,8,1840.875,91.141212
1966,189,2021,55,2018243.954794521,9,1955.4583,96.889091
1966,190,2021,55,2016733.023287671,10,1678.6666,83.236931
1966,191,2021,55,2015171.72739726,11,1475.75,73.231972
1966,192,2021,55,2013660.795890411,12,1628.2917,80.862267
1967,1,2006,39,2023392.5,1,386.12497,19.083048
1967,2,2006,39,2023460.063013699,2,339.125,16.759659
1967,3,2006,39,2023521.087671233,3,366.45831,18.109934
1967,4,2006,39,2023588.650684932,4,404.41669,19.985123
1967,5,2006,39,2023654.034246575,5,371.625,18.364058
1967,6,2006,39,2023721.597260274,6,372.375,18.400505
1967,7,2006,39,2023786.980821918,7,390.125,19.276979
1967,8,2006,39,2023854.543835616,8,371.5,18.356062
1967,9,2006,39,2023922.106849315,9,371.91666,18.376036
1967,10,2006,39,2023987.490410959,10,345.79169,17.084675
1967,11,2006,39,2024055.053424658,11,349.25,17.254965
1967,12,2006,39,2024120.436986301,12,382.20834,18.882689
1967,13,2007,40,2024188,1,379.08331,18.727673
1967,14,2007,40,2024385.763013699,2,375.625,18.555012
1967,15,2007,40,2024564.387671233,3,395.08331,19.514484
1967,16,2007,40,2024762.150684932,4,363,17.928032
1967,17,2007,40,2024953.534246575,5,408.875,20.191822
1967,18,2007,40,2025151.297260274,6,366.66666,18.105642
1967,19,2007,40,2025342.680821918,7,411.95831,20.340178
1967,20,2007,40,2025540.443835617,8,410.25,20.253853
1967,21,2007,40,2025738.206849315,9,389.79166,19.241957
1967,22,2007,40,2025929.590410959,10,348.625,17.208149
1967,23,2007,40,2026127.353424658,11,337.125,16.638885
1967,24,2007,40,2026318.736986301,12,375.45834,18.529085
1967,25,2008,41,2026516.5,1,441.79166,21.800547
1967,26,2008,41,2026891.676229508,2,419.875,20.715216
1967,27,2008,41,2027242.647540984,3,406.54166,20.053923
1967,28,2008,41,2027617.823770492,4,395.54169,19.507704
1967,29,2008,41,2027980.897540984,5,403.5,19.896637
1967,30,2008,41,2028356.073770492,6,387.75,19.116467
1967,31,2008,41,2028719.147540984,7,400.375,19.735359
1967,32,2008,41,2029094.323770492,8,396.125,19.522257
1967,33,2008,41,2029469.5,9,363.45831,17.909031
1967,34,2008,41,2029832.573770492,10,386.54169,19.043034
1967,35,2008,41,2030207.75,11,347.5,17.116474
1967,36,2008,41,2030570.823770492,12,406.66666,20.027208
1967,37,2009,42,2030946,1,475.79166,23.427095
1967,38,2009,42,2031091.317808219,2,432.875,21.312433
1967,39,2009,42,2031222.57260274,3,439.33331,21.629009
1967,40,2009,42,2031367.890410959,4,459.25003,22.60792
1967,41,2009,42,2031508.520547945,5,439.625,21.640324
1967,42,2009,42,2031653.838356165,6,420.5,20.697424
1967,43,2009,42,2031794.468493151,7,455.70834,22.42886
1967,44,2009,42,2031939.78630137,8,441.625,21.734158
1967,45,2009,42,2032085.104109589,9,422.20831,20.777098
1967,46,2009,42,2032225.734246576,10,406.75,20.015001
1967,47,2009,42,2032371.052054795,11,399.5,19.656843
1967,48,2009,42,2032511.682191781,12,409.83334,20.163887
1967,49,2010,43,2032657,1,498.625,24.530701
1967,50,2010,43,2032716.579452055,2,404.375,19.89333
1967,51,2010,43,2032770.393150685,3,458.5,22.555426
1967,52,2010,43,2032829.97260274,4,443.50003,21.816877
1967,53,2010,43,2032887.630136986,5,473.375,23.285841
1967,54,2010,43,2032947.209589041,6,436.58331,21.475389
1967,55,2010,43,2033004.867123288,7,441.91669,21.73712
1967,56,2010,43,2033064.446575342,8,448.875,22.078739
1967,57,2010,43,2033124.026027397,9,412.91669,20.309469
1967,58,2010,43,2033181.683561644,10,419.875,20.651131
1967,59,2010,43,2033241.263013699,11,410.625,20.195587
1967,60,2010,43,2033298.920547945,12,433.29166,21.309786
1967,61,2011,44,2033358.5,1,533.54163,26.239428
1967,62,2011,44,2033217.301369863,2,464.625,22.851713
1967,63,2011,44,2033089.767123288,3,504.16669,24.798054
1967,64,2011,44,2032948.568493151,4,480.875,23.654066
1967,65,2011,44,2032811.924657534,5,486.25,23.920069
1967,66,2011,44,2032670.726027397,6,436.25,21.461912
1967,67,2011,44,2032534.082191781,7,475.625,23.400591
1967,68,2011,44,2032392.883561644,8,472.25,23.236156
1967,69,2011,44,2032251.684931507,9,454.91669,22.384859
1967,70,2011,44,2032115.041095891,10,449.95834,22.142366
1967,71,2011,44,2031973.842465754,11,453,22.293594
1967,72,2011,44,2031837.198630137,12,490.5,24.140713
1967,73,2012,45,2031696,1,553.99994,27.267857
1967,74,2012,45,2031579.538251366,2,474.5,23.356211
1967,75,2012,45,2031470.590163934,3,512.20831,25.213671
1967,76,2012,45,2031354.128415301,4,493.16669,24.277731
1967,77,2012,45,2031241.423497268,5,503,24.763182
1967,78,2012,45,2031124.961748634,6,509.5,25.084621
1967,79,2012,45,2031012.256830601,7,518.79169,25.543503
1967,80,2012,45,2030895.795081967,8,506.75,24.952044
1967,81,2012,45,2030779.333333333,9,514.79169,25.349464
1967,82,2012,45,2030666.628415301,10,519,25.558109
1967,83,2012,45,2030550.166666667,11,462,22.752455
1967,84,2012,45,2030437.461748634,12,468.33331,23.065636
1967,85,2013,46,2030321,1,639.75,31.509796
1967,86,2013,46,2030589.893150685,2,568.25,27.984478
1967,87,2013,46,2030832.764383561,3,618.91669,30.476006
1967,88,2013,46,2031101.657534247,4,575,28.309759
1967,89,2013,46,2031361.876712329,5,555.125,27.327726
1967,90,2013,46,2031630.769863014,6,520.83331,25.636219
1967,91,2013,46,2031890.989041096,7,543.79169,26.762838
1967,92,2013,46,2032159.882191781,8,552,27.163218
1967,93,2013,46,2032428.775342466,9,510.79169,25.132084
1967,94,2013,46,2032688.994520548,10,526.79169,25.916
1967,95,2013,46,2032957.887671233,11,535.125,26.322483
1967,96,2013,46,2033218.106849315,12,548.58337,26.981039
1967,97,2014,47,2033487,1,701.70831,34.507637
1967,98,2014,47,2033970.47260274,2,592.125,29.11178
1967,99,2014,47,2034407.157534247,3,652.875,32.09166
1967,100,2014,47,2034890.630136986,4,597.91669,29.383234
1967,101,2014,47,2035358.506849315,5,606.5,29.798191
1967,102,2014,47,2035841.979452055,6,574.54163,28.221327
1967,103,2014,47,2036309.856164384,7,607.79163,29.847698
1967,104,2014,47,2036793.328767123,8,605.75,29.740376
1967,105,2014,47,2037276.801369863,9,558.04163,27.391546
1967,106,2014,47,2037744.678082192,10,616.54163,30.256079
1967,107,2014,47,2038228.150684932,11,549.875,26.978088
1967,108,2014,47,2038696.02739726,12,601.54169,29.506199
1967,109,2015,48,2039179.5,1,720.70831,35.343056
1967,110,2015,48,2040449.438356164,2,596.25,29.221504
1967,111,2015,48,2041596.479452054,3,694.45831,34.015453
1967,112,2015,48,2042866.417808219,4,657.16669,32.168854
1967,113,2015,48,2044095.390410959,5,671,32.826256
1967,114,2015,48,2045365.328767123,6,673.41663,32.924026
1967,115,2015,48,2046594.301369863,7,677.29163,33.093594
1967,116,2015,48,2047864.239726027,8,645.125,31.502333
1967,117,2015,48,2049134.178082192,9,600.91663,29.325392
1967,118,2015,48,2050363.150684931,10,614.375,29.964205
1967,119,2015,48,2051633.089041096,11,618.25,30.134531
1967,120,2015,48,2052862.061643836,12,653.58331,31.837664
1967,121,2016,49,2054132,1,781.16663,38.029037
1967,122,2016,49,2053172.143442623,2,738.125,35.95047
1967,123,2016,49,2052274.213114754,3,796.04163,38.788269
1967,124,2016,49,2051314.356557377,4,721.41663,35.168507
1967,125,2016,49,2050385.463114754,5,736.375,35.913979
1967,126,2016,49,2049425.606557377,6,717.41663,35.005741
1967,127,2016,49,2048496.713114754,7,717.83337,35.041958
1967,128,2016,49,2047536.856557377,8,722.75,35.298512
1967,129,2016,49,2046577,9,689.75,33.702618
1967,130,2016,49,2045648.106557377,10,725.66669,35.473682
1967,131,2016,49,2044688.25,11,694.75,33.978287
1967,132,2016,49,2043759.356557377,12,728.33331,35.63694
1967,133,2017,50,2042799.5,1,915.83331,44.832268
1967,134,2017,50,2041535.591780822,2,767.375,37.588127
1967,135,2017,50,2040393.997260274,3,848.66669,41.593273
1967,136,2017,50,2039130.089041096,4,775.66669,38.039097
1967,137,2017,50,2037906.952054794,5,805.5,39.525848
1967,138,2017,50,2036643.043835616,6,771.5,37.880962
1967,139,2017,50,2035419.906849315,7,794.20837,39.019386
1967,140,2017,50,2034155.998630137,8,828.375,40.723278
1967,141,2017,50,2032892.090410959,9,775.58337,38.151722
1967,142,2017,50,2031668.953424657,10,727.79169,35.822357
1967,143,2017,50,2030405.045205479,11,729.875,35.947262
1967,144,2017,50,2029181.908219178,12,776.29169,38.256386
1967,145,2018,51,2027918,1,1068.9999,52.714157
1967,146,2018,51,2028430.221917808,2,842,41.509933
1967,147,2018,51,2028892.873972603,3,916.5,45.172421
1967,148,2018,51,2029405.095890411,4,828.91675,40.845306
1967,149,2018,51,2029900.794520548,5,837.625,41.264332
1967,150,2018,51,2030413.016438356,6,831.875,40.97073
1967,151,2018,51,2030908.715068493,7,900.70831,44.350014
1967,152,2018,51,2031420.936986301,8,789.125,38.845963
1967,153,2018,51,2031933.15890411,9,786.66663,38.715183
1967,154,2018,51,2032428.857534247,10,806.54169,39.683636
1967,155,2018,51,2032941.079452055,11,761.75,37.470345
1967,156,2018,51,2033436.778082192,12,875.875,43.073627
1967,157,2019,52,2033949,1,1080.4999,53.123253
1967,158,2019,52,2033840.117808219,2,926.5,45.554218
1967,159,2019,52,2033741.77260274,3,992.20837,48.787334
1967,160,2019,52,2033632.890410959,4,939.45837,46.196064
1967,161,2019,52,2033527.520547945,5,962.75,47.343838
1967,162,2019,52,2033418.638356164,6,931.16663,45.793159
1967,163,2019,52,2033313.268493151,7,935.54163,46.010696
1967,164,2019,52,2033204.38630137,8,905.5,44.53561
1967,165,2019,52,2033095.504109589,9,848.95837,41.756935
1967,166,2019,52,2032990.134246575,10,915.5,45.032192
1967,167,2019,52,2032881.252054794,11,900.875,44.315182
1967,168,2019,52,2032775.882191781,12,910.83337,44.807369
1967,169,2020,53,2032667,1,1146.2499,56.391426
1967,170,2020,53,2031360.341530055,2,1052.75,51.824879
1967,171,2020,53,2030137.983606558,3,1122.5417,55.293865
1967,172,2020,53,2028831.325136612,4,1389,68.463058
1967,173,2020,53,2027566.816939891,5,1280,63.129856
1967,174,2020,53,2026260.158469946,6,1199.4166,59.193615
1967,175,2020,53,2024995.650273224,7,1256.125,62.030998
1967,176,2020,53,2023688.991803279,8,1298.375,64.158821
1967,177,2020,53,2022382.333333333,9,1159.125,57.314831
1967,178,2020,53,2021117.825136612,10,1138.0833,56.309593
1967,179,2020,53,2019811.166666667,11,1175.125,58.179943
1967,180,2020,53,2018546.658469946,12,1482.9166,73.464569
1967,181,2021,54,2017240,1,1773.125,87.898567
1967,182,2021,54,2015828.395890411,2,1436.75,71.27343
1967,183,2021,54,2014553.398630137,3,1408.5834,69.92038
1967,184,2021,54,2013141.794520548,4,1338.7917,66.502609
1967,185,2021,54,2011775.726027397,5,1325.375,65.880852
1967,186,2021,54,2010364.121917808,6,1253.6666,62.360176
1967,187,2021,54,2008998.053424657,7,1328.2083,66.112968
1967,188,2021,54,2007586.449315068,8,1678.875,83.626534
1967,189,2021,54,2006174.845205479,9,1788.4166,89.145599
1967,190,2021,54,2004808.776712329,10,1502.125,74.926102
1967,191,2021,54,2003397.17260274,11,1360,67.884689
1967,192,2021,54,2002031.104109589,12,1568.375,78.339195
1968,1,2006,38,2040379.5,1,341.70831,16.747292
1968,2,2006,38,2040782.117808219,2,290.375,14.228614
1968,3,2006,38,2041145.77260274,3,334.41669,16.383774
1968,4,2006,38,2041548.390410959,4,343.54169,16.827507
1968,5,2006,38,2041938.020547945,5,341,16.699821
1968,6,2006,38,2042340.638356165,6,337.91666,16.545559
1968,7,2006,38,2042730.268493151,7,359.66669,17.607155
1968,8,2006,38,2043132.88630137,8,347.125,16.98984
1968,9,2006,38,2043535.504109589,9,326.33334,15.969057
1968,10,2006,38,2043925.134246575,10,318.29169,15.572571
1968,11,2006,38,2044327.752054795,11,318.5,15.579694
1968,12,2006,38,2044717.382191781,12,353.29166,17.278263
1968,13,2007,39,2045120,1,314.625,15.384183
1968,14,2007,39,2045216.609589041,2,346.75,16.954195
1968,15,2007,39,2045303.869863014,3,393,19.214748
1968,16,2007,39,2045400.479452055,4,321.625,15.724304
1968,17,2007,39,2045493.97260274,5,371.125,18.143539
1968,18,2007,39,2045590.582191781,6,339.79166,16.610931
1968,19,2007,39,2045684.075342466,7,368.08331,17.993166
1968,20,2007,39,2045780.684931507,8,387.125,18.923094
1968,21,2007,39,2045877.294520548,9,373.70834,18.266411
1968,22,2007,39,2045970.787671233,10,348.04169,17.011078
1968,23,2007,39,2046067.397260274,11,347.25,16.971582
1968,24,2007,39,2046160.890410959,12,328,16.03002
1968,25,2008,40,2046257.5,1,389.91666,19.055113
1968,26,2008,40,2046426.94125683,2,360.875,17.634394
1968,27,2008,40,2046585.450819672,3,404.75,19.776844
1968,28,2008,40,2046754.892076503,4,347.125,16.959774
1968,29,2008,40,2046918.867486339,5,386.25,18.869825
1968,30,2008,40,2047088.308743169,6,341,16.657806
1968,31,2008,40,2047252.284153005,7,367.625,17.956995
1968,32,2008,40,2047421.725409836,8,376.375,18.382875
1968,33,2008,40,2047591.166666667,9,335.33334,16.376968
1968,34,2008,40,2047755.142076503,10,360.33331,17.596504
1968,35,2008,40,2047924.583333333,11,313.5,15.308181
1968,36,2008,40,2048088.558743169,12,334.16666,16.316027
1968,37,2009,41,2048258,1,468.95834,22.895472
1968,38,2009,41,2048768.650684932,2,387.625,18.919901
1968,39,2009,41,2049229.883561644,3,425.5,20.763897
1968,40,2009,41,2049740.534246576,4,426.91669,20.827841
1968,41,2009,41,2050234.712328767,5,390.625,19.052696
1968,42,2009,41,2050745.363013699,6,372.125,18.145842
1968,43,2009,41,2051239.541095891,7,417.75,20.365734
1968,44,2009,41,2051750.191780822,8,395.625,19.282318
1968,45,2009,41,2052260.842465753,9,385,18.759798
1968,46,2009,41,2052755.020547945,10,396.41666,19.311445
1968,47,2009,41,2053265.671232877,11,401.25,19.54204
1968,48,2009,41,2053759.849315069,12,369.625,17.997478
1968,49,2010,42,2054270.5,1,463.70831,22.572895
1968,50,2010,42,2054510.134246575,2,384.375,18.708839
1968,51,2010,42,2054726.578082192,3,404.95831,19.708622
1968,52,2010,42,2054966.212328767,4,376.70831,18.331606
1968,53,2010,42,2055198.116438356,5,439.625,21.390882
1968,54,2010,42,2055437.750684931,6,431.45831,20.991066
1968,55,2010,42,2055669.65479452,7,437.75,21.294764
1968,56,2010,42,2055909.289041096,8,432.75,21.04908
1968,57,2010,42,2056148.923287671,9,393.625,19.143799
1968,58,2010,42,2056380.82739726,10,384.20834,18.683716
1968,59,2010,42,2056620.461643836,11,372.125,18.094004
1968,60,2010,42,2056852.365753425,12,390.75,18.997475
1968,61,2011,43,2057092,1,499.5,24.281851
1968,62,2011,43,2057096.289041096,2,416.75,20.25914
1968,63,2011,43,2057100.163013699,3,449.04169,21.828869
1968,64,2011,43,2057104.452054795,4,436.83334,21.235352
1968,65,2011,43,2057108.602739726,5,473.125,22.999516
1968,66,2011,43,2057112.891780822,6,410.375,19.949076
1968,67,2011,43,2057117.042465753,7,464.91669,22.600401
1968,68,2011,43,2057121.331506849,8,434.375,21.115673
1968,69,2011,43,2057125.620547945,9,442.08334,21.490343
1968,70,2011,43,2057129.771232877,10,439.16669,21.348516
1968,71,2011,43,2057134.060273973,11,430.75,20.939325
1968,72,2011,43,2057138.210958904,12,433.54166,21.074989
1968,73,2012,44,2057142.5,1,482.875,23.473095
1968,74,2012,44,2056851.81147541,2,458.625,22.297426
1968,75,2012,44,2056579.87704918,3,470.83334,22.893997
1968,76,2012,44,2056289.18852459,4,465,22.61355
1968,77,2012,44,2056007.87704918,5,463.75,22.555847
1968,78,2012,44,2055717.18852459,6,493.375,24.000139
1968,79,2012,44,2055435.87704918,7,489.33334,23.806791
1968,80,2012,44,2055145.18852459,8,485.875,23.641882
1968,81,2012,44,2054854.5,9,457.25,22.252184
1968,82,2012,44,2054573.18852459,10,454.625,22.127466
1968,83,2012,44,2054282.5,11,449.75,21.89329
1968,84,2012,44,2054001.18852459,12,448.75,21.847601
1968,85,2013,45,2053710.5,1,563.29163,27.427996
1968,86,2013,45,2053622.043835616,2,489.75,23.848108
1968,87,2013,45,2053542.147945205,3,531.66669,25.890224
1968,88,2013,45,2053453.691780822,4,514.66669,25.063467
1968,89,2013,45,2053368.089041096,5,523.75,25.506874
1968,90,2013,45,2053279.632876712,6,496.08331,24.160534
1968,91,2013,45,2053194.030136986,7,508.04169,24.743969
1968,92,2013,45,2053105.573972603,8,499.5,24.328997
1968,93,2013,45,2053017.117808219,9,482.54166,23.504025
1968,94,2013,45,2052931.515068493,10,496.16666,24.16869
1968,95,2013,45,2052843.05890411,11,472,22.992502
1968,96,2013,45,2052757.456164384,12,502.875,24.497536
1968,97,2014,46,2052669,1,667.875,32.536907
1968,98,2014,46,2053091.152054795,2,514.125,25.04151
1968,99,2014,46,2053472.450684932,3,562.29169,27.382481
1968,100,2014,46,2053894.602739726,4,545.625,26.565384
1968,101,2014,46,2054303.136986301,5,569,27.697956
1968,102,2014,46,2054725.289041096,6,540.54163,26.307245
1968,103,2014,46,2055133.823287671,7,558,27.151516
1968,104,2014,46,2055555.975342466,8,558.5,27.170265
1968,105,2014,46,2055978.12739726,9,533.58331,25.952772
1968,106,2014,46,2056386.661643836,10,535.16663,26.024611
1968,107,2014,46,2056808.81369863,11,539.625,26.236031
1968,108,2014,46,2057217.347945205,12,582.75,28.327099
1968,109,2015,47,2057639.5,1,668.91663,32.50893
1968,110,2015,47,2058215.760273973,2,562.25,27.31735
1968,111,2015,47,2058736.253424658,3,635.91669,30.888691
1968,112,2015,47,2059312.51369863,4,603.45837,29.303875
1968,113,2015,47,2059870.184931507,5,656.5,31.870941
1968,114,2015,47,2060446.445205479,6,609.29163,29.570854
1968,115,2015,47,2061004.116438356,7,609.70837,29.583075
1968,116,2015,47,2061580.376712329,8,604.625,29.328228
1968,117,2015,47,2062156.636986301,9,579.125,28.083464
1968,118,2015,47,2062714.308219178,10,572.54163,27.75671
1968,119,2015,47,2063290.568493151,11,583.75,28.292185
1968,120,2015,47,2063848.239726027,12,604.08331,29.269754
1968,121,2016,48,2064424.5,1,714.29163,34.600037
1968,122,2016,48,2065860.536885246,2,700.125,33.890236
1968,123,2016,48,2067203.926229508,3,782.29169,37.842987
1968,124,2016,48,2068639.963114754,4,643.83337,31.12351
1968,125,2016,48,2070029.676229508,5,665.875,32.167412
1968,126,2016,48,2071465.713114754,6,678.08331,32.73447
1968,127,2016,48,2072855.426229508,7,675.625,32.593929
1968,128,2016,48,2074291.463114754,8,678.875,32.728043
1968,129,2016,48,2075727.5,9,648.58337,31.246075
1968,130,2016,48,2077117.213114754,10,649.375,31.263281
1968,131,2016,48,2078553.25,11,612.625,29.473625
1968,132,2016,48,2079942.963114754,12,711.58337,34.211678
1968,133,2017,49,2081379,1,772.79169,37.12883
1968,134,2017,49,2080239.771232877,2,699.75,33.637951
1968,135,2017,49,2079210.790410959,3,781.75,37.5984
1968,136,2017,49,2078071.561643836,4,733.45831,35.295143
1968,137,2017,49,2076969.082191781,5,723,34.810341
1968,138,2017,49,2075829.853424658,6,694.20831,33.442448
1968,139,2017,49,2074727.373972603,7,753.83331,36.334091
1968,140,2017,49,2073588.14520548,8,761.125,36.705696
1968,141,2017,49,2072448.916438356,9,702.375,33.891064
1968,142,2017,49,2071346.436986301,10,702.16669,33.899048
1968,143,2017,49,2070207.208219178,11,676.5,32.677887
1968,144,2017,49,2069104.728767123,12,775.79163,37.494072
1968,145,2018,50,2067965.5,1,926.95831,44.82465
1968,146,2018,50,2066482.298630137,2,776.75,37.588032
1968,147,2018,50,2065142.632876713,3,862.125,41.74651
1968,148,2018,50,2063659.43150685,4,761.20837,36.886337
1968,149,2018,50,2062224.075342466,5,773.75,37.520172
1968,150,2018,50,2060740.873972603,6,791.83331,38.42469
1968,151,2018,50,2059305.517808219,7,834.41669,40.519325
1968,152,2018,50,2057822.316438356,8,795.75,38.669518
1968,153,2018,50,2056339.115068493,9,763.58337,37.133144
1968,154,2018,50,2054903.75890411,10,738.125,35.920174
1968,155,2018,50,2053420.557534247,11,740.625,36.067867
1968,156,2018,50,2051985.201369863,12,817.45831,39.837437
1968,157,2019,51,2050502,1,928.29163,45.271431
1968,158,2019,51,2050958.209589041,2,869.625,42.400913
1968,159,2019,51,2051370.269863014,3,908.04169,44.265129
1968,160,2019,51,2051826.479452055,4,863.04169,42.062119
1968,161,2019,51,2052267.97260274,5,880.75,42.915936
1968,162,2019,51,2052724.182191781,6,801.04163,39.023346
1968,163,2019,51,2053165.675342466,7,910.375,44.340065
1968,164,2019,51,2053621.884931507,8,853.375,41.55463
1968,165,2019,51,2054078.094520548,9,777.75,37.863701
1968,166,2019,51,2054519.587671233,10,884.5,43.051426
1968,167,2019,51,2054975.797260274,11,819.875,39.897064
1968,168,2019,51,2055417.290410959,12,877.25,42.679897
1968,169,2020,52,2055873.5,1,1054.9166,51.312332
1968,170,2020,52,2054658.189890711,2,928,45.165665
1968,171,2020,52,2053521.286885246,3,989.83331,48.201756
1968,172,2020,52,2052305.976775956,4,1291.9167,62.94952
1968,173,2020,52,2051129.870218579,5,1189.625,57.99852
1968,174,2020,52,2049914.56010929,6,1129.6666,55.107986
1968,175,2020,52,2048738.453551913,7,1153.875,56.321243
1968,176,2020,52,2047523.143442623,8,1240.125,60.567081
1968,177,2020,52,2046307.833333333,9,1063.2084,51.957401
1968,178,2020,52,2045131.726775956,10,1082.75,52.942799
1968,179,2020,52,2043916.416666667,11,1141.25,55.836433
1968,180,2020,52,2042740.31010929,12,1366.9584,66.91787
1968,181,2021,53,2041525,1,1566.4584,76.729813
1968,182,2021,53,2040209.750684931,2,1302.5,63.841476
1968,183,2021,53,2039021.783561644,3,1276.3334,62.595379
1968,184,2021,53,2037706.534246575,4,1213.5417,59.554295
1968,185,2021,53,2036433.712328767,5,1273.5,62.535793
1968,186,2021,53,2035118.463013699,6,1212.2917,59.568607
1968,187,2021,53,2033845.64109589,7,1234.2083,60.683475
1968,188,2021,53,2032530.391780822,8,1622,79.802002
1968,189,2021,53,2031215.142465753,9,1698.375,83.613739
1968,190,2021,53,2029942.320547945,10,1474.2917,72.627274
1968,191,2021,53,2028627.071232877,11,1308.125,64.483269
1968,192,2021,53,2027354.249315069,12,1512.3333,74.596397
1969,1,2006,37,2128006.5,1,312.79166,14.698812
1969,2,2006,37,2127693.4,2,285.75,13.430037
1969,3,2006,37,2127410.6,3,336,15.793848
1969,4,2006,37,2127097.5,4,320.08334,15.047893
1969,5,2006,37,2126794.5,5,330.5,15.539818
1969,6,2006,37,2126481.4,6,309.04166,14.533006
1969,7,2006,37,2126178.4,7,351.66666,16.539846
1969,8,2006,37,2125865.3,8,337.25,15.864128
1969,9,2006,37,2125552.2,9,313.625,14.75499
1969,10,2006,37,2125249.2,10,319.70834,15.043334
1969,11,2006,37,2124936.1,11,305.25,14.365138
1969,12,2006,37,2124633.1,12,308.875,14.537805
1969,13,2007,38,2124320,1,373.66666,17.589943
1969,14,2007,38,2124810.649315068,2,309.5,14.566004
1969,15,2007,38,2125253.816438356,3,355.20834,16.71369
1969,16,2007,38,2125744.465753424,4,337.125,15.85915
1969,17,2007,38,2126219.287671233,5,367.5,17.284201
1969,18,2007,38,2126709.936986301,6,341.66666,16.065504
1969,19,2007,38,2127184.75890411,7,345.20834,16.228415
1969,20,2007,38,2127675.408219178,8,389.375,18.300489
1969,21,2007,38,2128166.057534247,9,344.41666,16.183731
1969,22,2007,38,2128640.879452055,10,340.125,15.978505
1969,23,2007,38,2129131.528767123,11,327.125,15.364245
1969,24,2007,38,2129606.350684932,12,345.16666,16.208002
1969,25,2008,39,2130097,1,364.625,17.117765
1969,26,2008,39,2130165.648907104,2,345.875,16.237
1969,27,2008,39,2130229.868852459,3,404.83334,19.00421
1969,28,2008,39,2130298.517759563,4,358.20834,16.814936
1969,29,2008,39,2130364.952185792,5,355.125,16.66968
1969,30,2008,39,2130433.601092896,6,345.41666,16.213444
1969,31,2008,39,2130500.035519126,7,368.45834,17.294455
1969,32,2008,39,2130568.684426229,8,362.25,17.002502
1969,33,2008,39,2130637.333333333,9,359.20831,16.859196
1969,34,2008,39,2130703.767759563,10,330.08334,15.491752
1969,35,2008,39,2130772.416666667,11,333.625,15.657468
1969,36,2008,39,2130838.851092896,12,354.95834,16.65815
1969,37,2009,40,2130907.5,1,419.54166,19.688402
1969,38,2009,40,2131043.857534247,2,368.625,17.297861
1969,39,2009,40,2131167.019178082,3,390.33334,18.315474
1969,40,2009,40,2131303.376712329,4,393,18.439421
1969,41,2009,40,2131435.335616438,5,375.625,17.6231
1969,42,2009,40,2131571.693150685,6,350.83331,16.458902
1969,43,2009,40,2131703.652054795,7,383.25,17.978579
1969,44,2009,40,2131840.009589041,8,377.75,17.719435
1969,45,2009,40,2131976.367123288,9,371.70834,17.434919
1969,46,2009,40,2132108.326027397,10,372.25,17.459244
1969,47,2009,40,2132244.683561644,11,371.375,17.417091
1969,48,2009,40,2132376.642465753,12,381.41666,17.886927
1969,49,2010,41,2132513,1,387.37497,18.165186
1969,50,2010,41,2132897.230136986,2,373.375,17.505531
1969,51,2010,41,2133244.276712329,3,383.04169,17.955828
1969,52,2010,41,2133628.506849315,4,362.20834,16.976168
1969,53,2010,41,2134000.342465753,5,382.875,17.941656
1969,54,2010,41,2134384.57260274,6,393.33331,18.428417
1969,55,2010,41,2134756.408219178,7,413.33331,19.362083
1969,56,2010,41,2135140.638356164,8,406.25,19.02685
1969,57,2010,41,2135524.86849315,9,347.16666,16.256737
1969,58,2010,41,2135896.704109589,10,359.75,16.843042
1969,59,2010,41,2136280.934246575,11,340.75,15.950618
1969,60,2010,41,2136652.769863014,12,379.41666,17.757524
1969,61,2011,42,2137037,1,484.5,22.671577
1969,62,2011,42,2137332.434246575,2,397.75,18.609646
1969,63,2011,42,2137599.278082192,3,407.25,19.051746
1969,64,2011,42,2137894.712328767,4,370.375,17.324286
1969,65,2011,42,2138180.616438356,5,446.75,20.893932
1969,66,2011,42,2138476.050684932,6,390.75,18.272358
1969,67,2011,42,2138761.954794521,7,437.45831,20.45381
1969,68,2011,42,2139057.389041096,8,410.75,19.202383
1969,69,2011,42,2139352.823287671,9,394.79166,18.453789
1969,70,2011,42,2139638.72739726,10,412.29166,19.269218
1969,71,2011,42,2139934.161643836,11,425.375,19.877949
1969,72,2011,42,2140220.065753425,12,405.125,18.929129
1969,73,2012,43,2140515.5,1,433.125,20.234612
1969,74,2012,43,2140361.516393443,2,419.5,19.599493
1969,75,2012,43,2140217.467213115,3,451.04169,21.074574
1969,76,2012,43,2140063.483606557,4,430.41669,20.112333
1969,77,2012,43,2139914.467213115,5,445.5,20.818588
1969,78,2012,43,2139760.483606557,6,464.125,21.690512
1969,79,2012,43,2139611.467213115,7,475.875,22.241188
1969,80,2012,43,2139457.483606557,8,451.875,21.121008
1969,81,2012,43,2139303.5,9,450.75,21.069942
1969,82,2012,43,2139154.483606557,10,407.33331,19.04179
1969,83,2012,43,2139000.5,11,414.875,19.395741
1969,84,2012,43,2138851.483606557,12,448,20.945822
1969,85,2013,44,2138697.5,1,522.66663,24.438549
1969,86,2013,44,2138341.721917808,2,462.375,21.623064
1969,87,2013,44,2138020.373972603,3,507.95831,23.758348
1969,88,2013,44,2137664.595890411,4,466.33337,21.815086
1969,89,2013,44,2137320.294520548,5,477.5,22.341059
1969,90,2013,44,2136964.516438356,6,487.66663,22.82053
1969,91,2013,44,2136620.215068493,7,481.33331,22.52779
1969,92,2013,44,2136264.436986301,8,502.5,23.522369
1969,93,2013,44,2135908.65890411,9,474.79169,22.229025
1969,94,2013,44,2135564.357534247,10,465.08334,21.778006
1969,95,2013,44,2135208.579452055,11,480.625,22.50951
1969,96,2013,44,2134864.278082192,12,511.54166,23.961319
1969,97,2014,45,2134508.5,1,571.91669,26.793835
1969,98,2014,45,2134466.71369863,2,499.375,23.395773
1969,99,2014,45,2134428.971232877,3,547.625,25.656746
1969,100,2014,45,2134387.184931507,4,486.04169,22.771955
1969,101,2014,45,2134346.746575342,5,519,24.316574
1969,102,2014,45,2134304.960273973,6,486.33331,22.786495
1969,103,2014,45,2134264.521917808,7,528.91663,24.78215
1969,104,2014,45,2134222.735616439,8,498.75,23.369164
1969,105,2014,45,2134180.949315069,9,502.54166,23.547285
1969,106,2014,45,2134140.510958904,10,503.33334,23.584827
1969,107,2014,45,2134098.724657535,11,530.375,24.852411
1969,108,2014,45,2134058.28630137,12,468.91666,21.973001
1969,109,2015,46,2134016.5,1,686.70831,32.179146
1969,110,2015,46,2134557.76849315,2,509.125,23.851545
1969,111,2015,46,2135046.656164384,3,599,28.055593
1969,112,2015,46,2135587.924657534,4,573.66669,26.862236
1969,113,2015,46,2136111.732876712,5,607.375,28.433672
1969,114,2015,46,2136653.001369863,6,572.70831,26.803993
1969,115,2015,46,2137176.809589041,7,570.66663,26.701891
1969,116,2015,46,2137718.078082192,8,571.75,26.74581
1969,117,2015,46,2138259.346575343,9,557.33331,26.064814
1969,118,2015,46,2138783.154794521,10,581.41669,27.184462
1969,119,2015,46,2139324.423287671,11,564.25,26.375149
1969,120,2015,46,2139848.231506849,12,556.95837,26.027939
1969,121,2016,47,2140389.5,1,672.95831,31.440928
1969,122,2016,47,2141039.653005464,2,623.25,29.10969
1969,123,2016,47,2141647.860655738,3,709.58337,33.132587
1969,124,2016,47,2142298.013661202,4,617.875,28.841692
1969,125,2016,47,2142927.193989071,5,621,28.979053
1969,126,2016,47,2143577.346994536,6,604.08331,28.181084
1969,127,2016,47,2144206.527322405,7,679.33331,31.68227
1969,128,2016,47,2144856.680327869,8,642,29.93207
1969,129,2016,47,2145506.833333333,9,607,28.291683
1969,130,2016,47,2146136.013661202,10,631.04163,29.403618
1969,131,2016,47,2146786.166666667,11,648.375,30.202124
1969,132,2016,47,2147415.346994536,12,667.875,31.101343
1969,133,2017,48,2148065.5,1,744.875,34.676548
1969,134,2017,48,2149692.957534247,2,649,30.190357
1969,135,2017,48,2151162.919178083,3,727.91663,33.838284
1969,136,2017,48,2152790.376712329,4,682.79169,31.716589
1969,137,2017,48,2154365.335616439,5,709.375,32.92733
1969,138,2017,48,2155992.793150685,6,686.20831,31.82795
1969,139,2017,48,2157567.752054795,7,730.70837,33.867226
1969,140,2017,48,2159195.209589041,8,711.875,32.96946
1969,141,2017,48,2160822.667123288,9,686.125,31.752953
1969,142,2017,48,2162397.626027397,10,708.29163,32.754921
1969,143,2017,48,2164025.083561644,11,631.5,29.181732
1969,144,2017,48,2165600.042465754,12,725.20837,33.48764
1969,145,2018,49,2167227.5,1,833.04169,38.438129
1969,146,2018,49,2165920.404109589,2,712.625,32.901718
1969,147,2018,49,2164739.801369863,3,815.79169,37.68544
1969,148,2018,49,2163432.705479452,4,763.54175,35.293068
1969,149,2018,49,2162167.773972603,5,744.625,34.438816
1969,150,2018,49,2160860.678082191,6,730.125,33.78862
1969,151,2018,49,2159595.746575342,7,764.66663,35.40786
1969,152,2018,49,2158288.650684931,8,748,34.657089
1969,153,2018,49,2156981.55479452,9,760.25,35.246014
1969,154,2018,49,2155716.623287671,10,740.04163,34.329262
1969,155,2018,49,2154409.52739726,11,687.5,31.911297
1969,156,2018,49,2153144.595890411,12,784.33337,36.427341
1969,157,2019,50,2151837.5,1,863.24994,40.116875
1969,158,2019,50,2149219.74109589,2,793.75,36.932007
1969,159,2019,50,2146855.31369863,3,854.20837,39.788818
1969,160,2019,50,2144237.554794521,4,813.29175,37.92918
1969,161,2019,50,2141704.239726027,5,819.875,38.281429
1969,162,2019,50,2139086.480821918,6,765.83331,35.801888
1969,163,2019,50,2136553.165753425,7,837.875,39.216202
1969,164,2019,50,2133935.406849315,8,800.5,37.512852
1969,165,2019,50,2131317.647945206,9,764.125,35.852234
1969,166,2019,50,2128784.332876712,10,835.83331,39.263409
1969,167,2019,50,2126166.573972603,11,769.625,36.197777
1969,168,2019,50,2123633.25890411,12,876,41.250061
1969,169,2020,51,2121015.5,1,937.41663,44.196594
1969,170,2020,51,2119868.5,2,891.625,42.06039
1969,171,2020,51,2118795.5,3,1006.7917,47.51717
1969,172,2020,51,2117648.5,4,1171.5417,55.322765
1969,173,2020,51,2116538.5,5,1136,53.672543
1969,174,2020,51,2115391.5,6,1061.6666,50.187714
1969,175,2020,51,2114281.5,7,1136.5416,53.755455
1969,176,2020,51,2113134.5,8,1144.375,54.155331
1969,177,2020,51,2111987.5,9,1054.6666,49.93716
1969,178,2020,51,2110877.5,10,1005.125,47.616455
1969,179,2020,51,2109730.5,11,1064.5,50.45668
1969,180,2020,51,2108620.5,12,1300.6666,61.683296
1969,181,2021,52,2107473.5,1,1505.125,71.418457
1969,182,2021,52,2106230.315068493,2,1201.375,57.039108
1969,183,2021,52,2105107.438356164,3,1194.25,56.731071
1969,184,2021,52,2103864.253424658,4,1161.125,55.190109
1969,185,2021,52,2102661.171232876,5,1196,56.880302
1969,186,2021,52,2101417.98630137,6,1139.0416,54.203476
1969,187,2021,52,2100214.904109589,7,1150.5417,54.782097
1969,188,2021,52,2098971.719178082,8,1560.625,74.351883
1969,189,2021,52,2097728.534246575,9,1631.0417,77.752754
1969,190,2021,52,2096525.452054794,10,1371.7083,65.427696
1969,191,2021,52,2095282.267123288,11,1298.625,61.978523
1969,192,2021,52,2094079.184931507,12,1459.2084,69.682579
1970,1,2006,36,2172502,1,330.74997,15.22438
1970,2,2006,36,2171778.510958904,2,282.625,13.013528
1970,3,2006,36,2171125.036986302,3,334.75,15.418274
1970,4,2006,36,2170401.547945206,4,313,14.421294
1970,5,2006,36,2169701.397260274,5,320.5,14.771618
1970,6,2006,36,2168977.908219178,6,317.41666,14.634389
1970,7,2006,36,2168277.757534247,7,349.625,16.124548
1970,8,2006,36,2167554.268493151,8,332.625,15.345636
1970,9,2006,36,2166830.779452055,9,291.79166,13.466288
1970,10,2006,36,2166130.628767123,10,319.625,14.755573
1970,11,2006,36,2165407.139726028,11,326.75,15.089541
1970,12,2006,36,2164706.989041096,12,287.83334,13.296642
1970,13,2007,37,2163983.5,1,341.87497,15.798409
1970,14,2007,37,2163700.678082192,2,305.5,14.119328
1970,15,2007,37,2163445.226027397,3,349.75,16.166344
1970,16,2007,37,2163162.404109589,4,318,14.700699
1970,17,2007,37,2162888.705479452,5,328.625,15.193801
1970,18,2007,37,2162605.883561644,6,334.83331,15.482863
1970,19,2007,37,2162332.184931507,7,358.95831,16.600517
1970,20,2007,37,2162049.363013699,8,367.5,16.997763
1970,21,2007,37,2161766.54109589,9,312.5,14.45577
1970,22,2007,37,2161492.842465753,10,304.54169,14.089415
1970,23,2007,37,2161210.020547945,11,291.625,13.493598
1970,24,2007,37,2160936.321917808,12,318.20834,14.725485
1970,25,2008,38,2160653.5,1,356.79166,16.513136
1970,26,2008,38,2161196.550546448,2,348.625,16.131111
1970,27,2008,38,2161704.565573771,3,350.375,16.208275
1970,28,2008,38,2162247.616120218,4,338.79169,15.668496
1970,29,2008,38,2162773.148907104,5,364.875,16.870701
1970,30,2008,38,2163316.199453552,6,350.41666,16.198124
1970,31,2008,38,2163841.732240437,7,347.41666,16.055548
1970,32,2008,38,2164384.782786885,8,331.5,15.316131
1970,33,2008,38,2164927.833333333,9,340.95831,15.749177
1970,34,2008,38,2165453.366120218,10,335.66666,15.500988
1970,35,2008,38,2165996.416666667,11,302,13.942775
1970,36,2008,38,2166521.949453552,12,346.41666,15.989529
1970,37,2009,39,2167065,1,364.54166,16.821907
1970,38,2009,39,2167305.143835616,2,350.5,16.172157
1970,39,2009,39,2167522.047945206,3,360,16.608828
1970,40,2009,39,2167762.191780822,4,362.58334,16.726158
1970,41,2009,39,2167994.589041096,5,352.125,16.241968
1970,42,2009,39,2168234.732876712,6,370.58331,17.091476
1970,43,2009,39,2168467.130136986,7,361.45834,16.66884
1970,44,2009,39,2168707.273972603,8,353.375,16.29427
1970,45,2009,39,2168947.417808219,9,344.375,15.877518
1970,46,2009,39,2169179.815068493,10,348.58334,16.069822
1970,47,2009,39,2169419.958904109,11,337.25,15.54563
1970,48,2009,39,2169652.356164384,12,315.875,14.558784
1970,49,2010,40,2169892.5,1,373.45831,17.210913
1970,50,2010,40,2170070.643835616,2,370.25,17.061657
1970,51,2010,40,2170231.547945206,3,384.5,17.717003
1970,52,2010,40,2170409.691780822,4,368.25,16.966843
1970,53,2010,40,2170582.089041096,5,363.5,16.74666
1970,54,2010,40,2170760.232876712,6,359.79166,16.574453
1970,55,2010,40,2170932.630136986,7,361.41666,16.647991
1970,56,2010,40,2171110.773972603,8,377.75,17.398928
1970,57,2010,40,2171288.917808219,9,345.45834,15.910289
1970,58,2010,40,2171461.315068493,10,333.04166,15.337214
1970,59,2010,40,2171639.458904109,11,339.625,15.639106
1970,60,2010,40,2171811.856164384,12,366.54169,16.87723
1970,61,2011,41,2171990,1,404.25,18.611963
1970,62,2011,41,2172728.989041096,2,416.375,19.163689
1970,63,2011,41,2173396.463013698,3,437.70831,20.139368
1970,64,2011,41,2174135.452054794,4,380.125,17.483961
1970,65,2011,41,2174850.602739726,5,404.625,18.604727
1970,66,2011,41,2175589.591780822,6,370,17.006884
1970,67,2011,41,2176304.742465753,7,413.91669,19.019243
1970,68,2011,41,2177043.731506849,8,409,18.786945
1970,69,2011,41,2177782.720547945,9,375.58334,17.246136
1970,70,2011,41,2178497.871232877,10,412.91669,18.954193
1970,71,2011,41,2179236.860273973,11,376,17.253746
1970,72,2011,41,2179952.010958904,12,379.08334,17.389526
1970,73,2012,42,2180691,1,413.70831,18.971432
1970,74,2012,42,2180914.056010929,2,401.875,18.426907
1970,75,2012,42,2181122.721311476,3,433.08334,19.855982
1970,76,2012,42,2181345.777322405,4,422.29169,19.359228
1970,77,2012,42,2181561.637978142,5,425.75,19.515837
1970,78,2012,42,2181784.693989071,6,424.66666,19.464188
1970,79,2012,42,2182000.554644809,7,470.25,21.551323
1970,80,2012,42,2182223.610655738,8,436.5,20.002533
1970,81,2012,42,2182446.666666667,9,385.16669,17.64839
1970,82,2012,42,2182662.527322405,10,388.70834,17.808907
1970,83,2012,42,2182885.583333333,11,392.5,17.980787
1970,84,2012,42,2183101.443989071,12,424.04169,19.42382
1970,85,2013,43,2183324.5,1,491.41666,22.507725
1970,86,2013,43,2183121.216438356,2,427.5,19.582056
1970,87,2013,43,2182937.605479452,3,466.625,21.376011
1970,88,2013,43,2182734.321917808,4,417.125,19.110205
1970,89,2013,43,2182537.595890411,5,462.75,21.202383
1970,90,2013,43,2182334.312328767,6,469.83331,21.528934
1970,91,2013,43,2182137.58630137,7,445.125,20.398577
1970,92,2013,43,2181934.302739726,8,469.5,21.517605
1970,93,2013,43,2181731.019178082,9,427.79169,19.607903
1970,94,2013,43,2181534.293150685,10,465.125,21.321003
1970,95,2013,43,2181331.009589041,11,458.5,21.019278
1970,96,2013,43,2181134.283561644,12,430.54166,19.739347
1970,97,2014,44,2180931,1,545.04163,24.991236
1970,98,2014,44,2180537.979452055,2,480,22.012917
1970,99,2014,44,2180182.993150685,3,521.20831,23.906631
1970,100,2014,44,2179789.97260274,4,485.16669,22.257498
1970,101,2014,44,2179409.630136986,5,510.75,23.435246
1970,102,2014,44,2179016.609589041,6,458.45831,21.039688
1970,103,2014,44,2178636.267123288,7,470.625,21.601816
1970,104,2014,44,2178243.246575342,8,463.5,21.278616
1970,105,2014,44,2177850.226027397,9,480.79169,22.076435
1970,106,2014,44,2177469.883561644,10,462.79166,21.253643
1970,107,2014,44,2177076.863013699,11,454.625,20.882359
1970,108,2014,44,2176696.520547946,12,501.375,23.033758
1970,109,2015,45,2176303.5,1,607.83331,27.929621
1970,110,2015,45,2176276.661643836,2,517,23.75617
1970,111,2015,45,2176252.420547945,3,560.16669,25.739969
1970,112,2015,45,2176225.582191781,4,522.625,24.015203
1970,113,2015,45,2176199.609589041,5,544.375,25.014938
1970,114,2015,45,2176172.771232876,6,537.29163,24.689751
1970,115,2015,45,2176146.798630137,7,548.79163,25.218502
1970,116,2015,45,2176119.960273973,8,535,24.585041
1970,117,2015,45,2176093.121917808,9,535.95837,24.629387
1970,118,2015,45,2176067.149315068,10,534.54169,24.564577
1970,119,2015,45,2176040.310958904,11,522.625,24.017248
1970,120,2015,45,2176014.338356164,12,532.95831,24.492409
1970,121,2016,46,2175987.5,1,623.87494,28.670889
1970,122,2016,46,2176595.303278688,2,614.625,28.237909
1970,123,2016,46,2177163.893442623,3,674.83337,30.995985
1970,124,2016,46,2177771.696721312,4,596.29169,27.380817
1970,125,2016,46,2178359.893442623,5,578.25,26.5452
1970,126,2016,46,2178967.696721312,6,563.54163,25.86278
1970,127,2016,46,2179555.893442623,7,636.79169,29.216579
1970,128,2016,46,2180163.696721312,8,611.875,28.065554
1970,129,2016,46,2180771.5,9,568.91663,26.08786
1970,130,2016,46,2181359.696721312,10,603.08331,27.647129
1970,131,2016,46,2181967.5,11,570.125,26.128941
1970,132,2016,46,2182555.696721312,12,573.04163,26.255533
1970,133,2017,47,2183163.5,1,739.45831,33.870953
1970,134,2017,47,2183870.3,2,645.875,29.574787
1970,135,2017,47,2184508.7,3,731.95837,33.506775
1970,136,2017,47,2185215.5,4,655.45837,29.995136
1970,137,2017,47,2185899.5,5,634.125,29.009796
1970,138,2017,47,2186606.3,6,659,30.138027
1970,139,2017,47,2187290.3,7,699.79163,31.993542
1970,140,2017,47,2187997.1,8,687.25,31.410006
1970,141,2017,47,2188703.9,9,650.16669,29.705557
1970,142,2017,47,2189387.9,10,679.33337,31.028461
1970,143,2017,47,2190094.7,11,616.375,28.143761
1970,144,2017,47,2190778.7,12,689.45831,31.470924
1970,145,2018,48,2191485.5,1,807.95831,36.868065
1970,146,2018,48,2193329.490410959,2,706.5,32.211304
1970,147,2018,48,2194995.030136987,3,741.91669,33.800381
1970,148,2018,48,2196839.020547945,4,693.83337,31.58326
1970,149,2018,48,2198623.52739726,5,720.5,32.770504
1970,150,2018,48,2200467.517808219,6,693.375,31.510349
1970,151,2018,48,2202252.024657534,7,726,32.966255
1970,152,2018,48,2204096.015068493,8,702.75,31.88382
1970,153,2018,48,2205940.005479452,9,681.25,30.882526
1970,154,2018,48,2207724.512328767,10,694.125,31.440744
1970,155,2018,48,2209568.502739726,11,628.375,28.43881
1970,156,2018,48,2211353.009589041,12,647.875,29.297674
1970,157,2019,49,2213197,1,798.12494,36.062084
1970,158,2019,49,2210403.730136986,2,811.375,36.707096
1970,159,2019,49,2207880.776712329,3,783.375,35.480858
1970,160,2019,49,2205087.506849315,4,749,33.966908
1970,161,2019,49,2202384.342465754,5,765,34.735081
1970,162,2019,49,2199591.07260274,6,771.08331,35.055759
1970,163,2019,49,2196887.908219178,7,786.45837,35.798748
1970,164,2019,49,2194094.638356164,8,748.25,34.102905
1970,165,2019,49,2191301.368493151,9,733.83331,33.488472
1970,166,2019,49,2188598.204109589,10,732.375,33.4632
1970,167,2019,49,2185804.934246575,11,749.125,34.27227
1970,168,2019,49,2183101.769863014,12,732.25,33.541725
1970,169,2020,50,2180308.5,1,922.16669,42.295238
1970,170,2020,50,2179221.043715847,2,827.75,37.983757
1970,171,2020,50,2178203.74590164,3,969.91663,44.528278
1970,172,2020,50,2177116.289617486,4,1137.5834,52.251842
1970,173,2020,50,2176063.912568306,5,1099.125,50.509777
1970,174,2020,50,2174976.456284153,6,1001.6666,46.054138
1970,175,2020,50,2173924.079234973,7,1108.2917,50.981163
1970,176,2020,50,2172836.62295082,8,1074.125,49.434227
1970,177,2020,50,2171749.166666667,9,997.41663,45.92688
1970,178,2020,50,2170696.789617486,10,954.54169,43.973976
1970,179,2020,50,2169609.333333333,11,1025.125,47.24929
1970,180,2020,50,2168556.956284153,12,1205.0416,55.568825
1970,181,2021,51,2167469.5,1,1438.9166,66.38694
1970,182,2021,51,2166313.964383562,2,1150.25,53.097103
1970,183,2021,51,2165270.25479452,3,1116.9584,51.585171
1970,184,2021,51,2164114.719178082,4,1123.25,51.903442
1970,185,2021,51,2162996.458904109,5,1128.625,52.178772
1970,186,2021,51,2161840.923287671,6,1058.9166,48.98217
1970,187,2021,51,2160722.663013699,7,1134.4167,52.501728
1970,188,2021,51,2159567.12739726,8,1520.75,70.419205
1970,189,2021,51,2158411.591780822,9,1564.7916,72.497368
1970,190,2021,51,2157293.331506849,10,1363,63.181023
1970,191,2021,51,2156137.795890411,11,1175.5,54.51878
1970,192,2021,51,2155019.535616438,12,1245.2084,57.781769
1971,1,2006,35,2087012.5,1,323.20831,15.48665
1971,2,2006,35,2087483.275342466,2,273.5,13.101901
1971,3,2006,35,2087908.491780822,3,315.625,15.116802
1971,4,2006,35,2088379.267123288,4,299,14.317323
1971,5,2006,35,2088834.856164383,5,322.5,15.439229
1971,6,2006,35,2089305.631506849,6,318.91666,15.264241
1971,7,2006,35,2089761.220547945,7,340.16669,16.277779
1971,8,2006,35,2090231.995890411,8,318.625,15.243524
1971,9,2006,35,2090702.771232877,9,278.875,13.338817
1971,10,2006,35,2091158.360273973,10,279.41669,13.361814
1971,11,2006,35,2091629.135616438,11,265.25,12.681502
1971,12,2006,35,2092084.724657534,12,289.875,13.855797
1971,13,2007,36,2092555.5,1,315.29166,15.067302
1971,14,2007,36,2091829.165753424,2,301.125,14.395296
1971,15,2007,36,2091173.121917808,3,323.29169,15.459825
1971,16,2007,36,2090446.787671233,4,315.08334,15.072536
1971,17,2007,36,2089743.883561644,5,294.125,14.074691
1971,18,2007,36,2089017.549315068,6,310.41666,14.859457
1971,19,2007,36,2088314.645205479,7,324.45831,15.53685
1971,20,2007,36,2087588.310958904,8,322.875,15.466412
1971,21,2007,36,2086861.976712328,9,268.70834,12.876191
1971,22,2007,36,2086159.07260274,10,265.91666,12.746711
1971,23,2007,36,2085432.738356164,11,272.125,13.04885
1971,24,2007,36,2084729.834246575,12,282.5,13.550917
1971,25,2008,37,2084003.5,1,372.70834,17.884247
1971,26,2008,37,2083704.129781421,2,364,17.468891
1971,27,2008,37,2083424.073770492,3,337.375,16.193295
1971,28,2008,37,2083124.703551913,4,301.75,14.485451
1971,29,2008,37,2082834.990437159,5,328.625,15.777774
1971,30,2008,37,2082535.620218579,6,323.75,15.545953
1971,31,2008,37,2082245.907103825,7,315.375,15.145905
1971,32,2008,37,2081946.536885246,8,315.5,15.154087
1971,33,2008,37,2081647.166666667,9,281.54169,13.524947
1971,34,2008,37,2081357.453551913,10,289.125,13.891174
1971,35,2008,37,2081058.083333333,11,290.875,13.977264
1971,36,2008,37,2080768.370218579,12,270.29169,12.989994
1971,37,2009,38,2080469,1,395.99997,19.034168
1971,38,2009,38,2081246.760273973,2,335.5,16.120146
1971,39,2009,38,2081949.253424658,3,338.29169,16.248796
1971,40,2009,38,2082727.01369863,4,313.95834,15.074388
1971,41,2009,38,2083479.684931507,5,332.625,15.964878
1971,42,2009,38,2084257.445205479,6,354,16.984467
1971,43,2009,38,2085010.116438356,7,331.58331,15.903199
1971,44,2009,38,2085787.876712329,8,312.25,14.970363
1971,45,2009,38,2086565.636986301,9,303.95834,14.567399
1971,46,2009,38,2087318.308219178,10,331.33334,15.873637
1971,47,2009,38,2088096.068493151,11,316.375,15.151362
1971,48,2009,38,2088848.739726027,12,300.54169,14.387911
1971,49,2010,39,2089626.5,1,382.16666,18.288754
1971,50,2010,39,2089846.175342466,2,327.25,15.659047
1971,51,2010,39,2090044.591780822,3,366.25,17.52355
1971,52,2010,39,2090264.267123288,4,344.45834,16.479177
1971,53,2010,39,2090476.856164384,5,350.875,16.784449
1971,54,2010,39,2090696.531506849,6,339.5,16.238607
1971,55,2010,39,2090909.120547945,7,324.33334,15.511595
1971,56,2010,39,2091128.795890411,8,379.75,18.160048
1971,57,2010,39,2091348.471232877,9,299.29166,14.310942
1971,58,2010,39,2091561.060273973,10,317.5,15.180049
1971,59,2010,39,2091780.735616439,11,293.625,14.037083
1971,60,2010,39,2091993.324657534,12,315.20831,15.067367
1971,61,2011,40,2092213,1,406.75,19.441137
1971,62,2011,40,2092552.853424658,2,358.625,17.138157
1971,63,2011,40,2092859.817808219,3,374.54169,17.896168
1971,64,2011,40,2093199.671232877,4,373.625,17.849468
1971,65,2011,40,2093528.561643836,5,394.875,18.861696
1971,66,2011,40,2093868.415068493,6,349.20831,16.677662
1971,67,2011,40,2094197.305479452,7,390.79166,18.66069
1971,68,2011,40,2094537.15890411,8,378.875,18.088722
1971,69,2011,40,2094877.012328767,9,354.45834,16.920246
1971,70,2011,40,2095205.902739726,10,361.95831,17.275549
1971,71,2011,40,2095545.756164384,11,325.25,15.521016
1971,72,2011,40,2095874.646575342,12,336.79166,16.069265
1971,73,2012,41,2096214.5,1,427.08331,20.374027
1971,74,2012,41,2097136.326502732,2,354.125,16.886122
1971,75,2012,41,2097998.680327869,3,411.16669,19.598043
1971,76,2012,41,2098920.506830601,4,405.41669,19.315485
1971,77,2012,41,2099812.596994536,5,405.75,19.323153
1971,78,2012,41,2100734.423497268,6,403.91666,19.227402
1971,79,2012,41,2101626.513661202,7,421.375,20.049948
1971,80,2012,41,2102548.340163934,8,405.375,19.280174
1971,81,2012,41,2103470.166666667,9,356.70834,16.95809
1971,82,2012,41,2104362.256830601,10,336.125,15.972773
1971,83,2012,41,2105284.083333333,11,334.875,15.906404
1971,84,2012,41,2106176.173497268,12,359.75,17.080717
1971,85,2013,42,2107098,1,475.20831,22.552738
1971,86,2013,42,2107349.991780822,2,405,19.218451
1971,87,2013,42,2107577.597260274,3,452.125,21.452354
1971,88,2013,42,2107829.589041096,4,431.79169,20.485132
1971,89,2013,42,2108073.452054794,5,425.25,20.172447
1971,90,2013,42,2108325.443835617,6,427.375,20.270826
1971,91,2013,42,2108569.306849315,7,381.25,18.08098
1971,92,2013,42,2108821.298630137,8,412,19.53698
1971,93,2013,42,2109073.290410959,9,361.83334,17.156034
1971,94,2013,42,2109317.153424657,10,406.83334,19.287443
1971,95,2013,42,2109569.14520548,11,400.75,18.996771
1971,96,2013,42,2109813.008219178,12,409.75,19.421152
1971,97,2014,43,2110065,1,498.91666,23.644611
1971,98,2014,43,2109869.445205479,2,417.875,19.805727
1971,99,2014,43,2109692.815068493,3,471.91669,22.368977
1971,100,2014,43,2109497.260273973,4,462.54169,21.926632
1971,101,2014,43,2109308.01369863,5,463.625,21.979958
1971,102,2014,43,2109112.458904109,6,427.20831,20.25536
1971,103,2014,43,2108923.212328767,7,434.83331,20.618736
1971,104,2014,43,2108727.657534246,8,442.75,20.996073
1971,105,2014,43,2108532.102739726,9,416.79169,19.766912
1971,106,2014,43,2108342.856164384,10,398.375,18.895172
1971,107,2014,43,2108147.301369863,11,421.25,19.982
1971,108,2014,43,2107958.054794521,12,398.54166,18.906527
1971,109,2015,44,2107762.5,1,532.20831,25.249918
1971,110,2015,44,2107252.826027397,2,507.625,24.08942
1971,111,2015,44,2106792.475342466,3,537.20837,25.498875
1971,112,2015,44,2106282.801369863,4,483.04169,22.933372
1971,113,2015,44,2105789.568493151,5,520.875,24.735378
1971,114,2015,44,2105279.894520548,6,499.33331,23.718143
1971,115,2015,44,2104786.661643836,7,504.875,23.986992
1971,116,2015,44,2104276.987671233,8,472.25,22.442389
1971,117,2015,44,2103767.31369863,9,462.29169,21.974468
1971,118,2015,44,2103274.080821918,10,491.70834,23.378235
1971,119,2015,44,2102764.406849315,11,412.875,19.634867
1971,120,2015,44,2102271.173972603,12,448.625,21.340015
1971,121,2016,45,2101761.5,1,573.87494,27.304474
1971,122,2016,45,2101732.236338798,2,580.125,27.602232
1971,123,2016,45,2101704.860655738,3,600.79169,28.58592
1971,124,2016,45,2101675.596994536,4,557.83337,26.542316
1971,125,2016,45,2101647.277322405,5,540.5,25.717922
1971,126,2016,45,2101618.013661203,6,548.79163,26.112816
1971,127,2016,45,2101589.693989071,7,565.83331,26.924063
1971,128,2016,45,2101560.430327869,8,556.625,26.486271
1971,129,2016,45,2101531.166666667,9,526.41669,25.049198
1971,130,2016,45,2101502.846994536,10,532.66663,25.346937
1971,131,2016,45,2101473.583333333,11,509.875,24.262737
1971,132,2016,45,2101445.263661203,12,542.16669,25.799706
1971,133,2017,46,2101416,1,678.58331,32.291718
1971,134,2017,46,2101994.468493151,2,613.875,29.204407
1971,135,2017,46,2102516.956164383,3,625.5,29.750057
1971,136,2017,46,2103095.424657534,4,592.54169,28.174742
1971,137,2017,46,2103655.232876712,5,601.375,28.587147
1971,138,2017,46,2104233.701369863,6,606.54163,28.824821
1971,139,2017,46,2104793.509589041,7,606.79169,28.829037
1971,140,2017,46,2105371.978082192,8,627.75,29.816584
1971,141,2017,46,2105950.446575343,9,599.58337,28.470915
1971,142,2017,46,2106510.25479452,10,562.54163,26.704908
1971,143,2017,46,2107088.723287671,11,572.125,27.152393
1971,144,2017,46,2107648.531506849,12,599.83331,28.459835
1971,145,2018,47,2108227,1,737.33331,34.974094
1971,146,2018,47,2108977.115068493,2,630,29.872301
1971,147,2018,47,2109654.638356164,3,729.875,34.596893
1971,148,2018,47,2110404.753424658,4,632.20837,29.956736
1971,149,2018,47,2111130.671232877,5,687.75,32.577332
1971,150,2018,47,2111880.78630137,6,665.54163,31.514166
1971,151,2018,47,2112606.704109589,7,664.08331,31.434309
1971,152,2018,47,2113356.819178082,8,664.625,31.448784
1971,153,2018,47,2114106.934246575,9,596.29169,28.20537
1971,154,2018,47,2114832.852054794,10,600.25,28.382858
1971,155,2018,47,2115582.967123288,11,577.25,27.285624
1971,156,2018,47,2116308.884931507,12,603.66663,28.524504
1971,157,2019,48,2117059,1,752.04163,35.522942
1971,158,2019,48,2118404.484931507,2,732,34.554306
1971,159,2019,48,2119619.761643836,3,780.20837,36.808884
1971,160,2019,48,2120965.246575342,4,687.58337,32.418419
1971,161,2019,48,2122267.328767124,5,702,33.077831
1971,162,2019,48,2123612.81369863,6,705.95831,33.243267
1971,163,2019,48,2124914.895890411,7,723.16663,34.032734
1971,164,2019,48,2126260.380821918,8,677.5,31.863455
1971,165,2019,48,2127605.865753425,9,659.375,30.991407
1971,166,2019,48,2128907.947945205,10,628.83331,29.537834
1971,167,2019,48,2130253.432876713,11,690.125,32.396381
1971,168,2019,48,2131555.515068493,12,688.625,32.306221
1971,169,2020,49,2132901,1,875.16663,41.03175
1971,170,2020,49,2131920.392076503,2,781.75,36.668819
1971,171,2020,49,2131003.049180328,3,884.58337,41.510189
1971,172,2020,49,2130022.44125683,4,1067.6667,50.124672
1971,173,2020,49,2129073.465846994,5,1015.625,47.702675
1971,174,2020,49,2128092.857923497,6,905.70825,42.55962
1971,175,2020,49,2127143.882513661,7,1060.7083,49.865376
1971,176,2020,49,2126163.274590163,8,983.875,46.27467
1971,177,2020,49,2125182.666666667,9,875.79169,41.210182
1971,178,2020,49,2124233.69125683,10,885.04169,41.664043
1971,179,2020,49,2123253.083333333,11,878.375,41.369305
1971,180,2020,49,2122304.107923497,12,998.79169,47.061668
1971,181,2021,50,2121323.5,1,1429.875,67.404854
1971,182,2021,50,2120299.693150685,2,1089.75,51.396038
1971,183,2021,50,2119374.964383562,3,1071.7084,50.567192
1971,184,2021,50,2118351.157534246,4,1082.5417,51.103035
1971,185,2021,50,2117360.376712329,5,1008.125,47.612347
1971,186,2021,50,2116336.569863013,6,986.33331,46.605694
1971,187,2021,50,2115345.789041096,7,1066.9583,50.438953
1971,188,2021,50,2114321.982191781,8,1378.125,65.180473
1971,189,2021,50,2113298.175342466,9,1401.0834,66.298424
1971,190,2021,50,2112307.394520548,10,1224.7084,57.979649
1971,191,2021,50,2111283.587671232,11,1011,47.885563
1971,192,2021,50,2110292.806849315,12,1093.2083,51.803627
1972,1,2006,34,1976975.5,1,279.66666,14.146187
1972,2,2006,34,1977869.319178082,2,271.625,13.733212
1972,3,2006,34,1978676.639726027,3,256,12.937941
1972,4,2006,34,1979570.45890411,4,265.875,13.430944
1972,5,2006,34,1980435.445205479,5,288.5,14.567503
1972,6,2006,34,1981329.264383562,6,276.41666,13.951071
1972,7,2006,34,1982194.250684932,7,308.79169,15.578276
1972,8,2006,34,1983088.069863014,8,285.625,14.403042
1972,9,2006,34,1983981.889041096,9,244.70834,12.334203
1972,10,2006,34,1984846.875342466,10,256.33334,12.914515
1972,11,2006,34,1985740.694520548,11,249.875,12.583466
1972,12,2006,34,1986605.680821918,12,271.79166,13.681208
1972,13,2007,35,1987499.5,1,296.70831,14.928724
1972,14,2007,35,1988038.305479452,2,293.625,14.769585
1972,15,2007,35,1988524.968493151,3,302.375,15.205995
1972,16,2007,35,1989063.773972603,4,298.375,15.000776
1972,17,2007,35,1989585.198630137,5,281.375,14.142395
1972,18,2007,35,1990124.004109589,6,287.25,14.433774
1972,19,2007,35,1990645.428767123,7,289.375,14.536742
1972,20,2007,35,1991184.234246575,8,267.25,13.421661
1972,21,2007,35,1991723.039726028,9,284.75,14.296666
1972,22,2007,35,1992244.464383562,10,250.875,12.592581
1972,23,2007,35,1992783.269863014,11,270.875,13.592798
1972,24,2007,35,1993304.694520548,12,245.54167,12.318321
1972,25,2008,36,1993843.5,1,317.33331,15.915658
1972,26,2008,36,1993001.799180328,2,291.5,14.626179
1972,27,2008,36,1992214.401639344,3,293.04166,14.709343
1972,28,2008,36,1991372.700819672,4,267.04169,13.40993
1972,29,2008,36,1990558.151639344,5,279.375,14.035008
1972,30,2008,36,1989716.450819672,6,300.70831,15.113124
1972,31,2008,36,1988901.901639344,7,286.75,14.417503
1972,32,2008,36,1988060.200819672,8,292.125,14.693972
1972,33,2008,36,1987218.5,9,264.125,13.291191
1972,34,2008,36,1986403.950819672,10,256.20834,12.898099
1972,35,2008,36,1985562.25,11,255,12.84271
1972,36,2008,36,1984747.700819672,12,250.70833,12.631748
1972,37,2009,37,1983906,1,302.91666,15.2687
1972,38,2009,37,1983791.42739726,2,300.875,15.166665
1972,39,2009,37,1983687.942465753,3,320.50003,16.156776
1972,40,2009,37,1983573.369863014,4,277.625,13.996205
1972,41,2009,37,1983462.493150685,5,307.75,15.515797
1972,42,2009,37,1983347.920547945,6,314.70831,15.867529
1972,43,2009,37,1983237.043835616,7,302.45831,15.250739
1972,44,2009,37,1983122.471232877,8,280.625,14.150664
1972,45,2009,37,1983007.898630137,9,272.16669,13.724942
1972,46,2009,37,1982897.021917808,10,290,14.625066
1972,47,2009,37,1982782.449315069,11,289.5,14.600694
1972,48,2009,37,1982671.57260274,12,288.5,14.551074
1972,49,2010,38,1982557,1,338.83331,17.090723
1972,50,2010,38,1983031.087671233,2,300.75,15.166177
1972,51,2010,38,1983459.295890411,3,322.58334,16.263674
1972,52,2010,38,1983933.383561644,4,288.54169,14.543921
1972,53,2010,38,1984392.178082192,5,302.625,15.250261
1972,54,2010,38,1984866.265753424,6,304.41666,15.336885
1972,55,2010,38,1985325.060273973,7,306.16666,15.421488
1972,56,2010,38,1985799.147945205,8,334.375,16.838308
1972,57,2010,38,1986273.235616438,9,273.75,13.782092
1972,58,2010,38,1986732.030136986,10,303.125,15.257468
1972,59,2010,38,1987206.117808219,11,278.25,14.00207
1972,60,2010,38,1987664.912328767,12,278.5,14.011416
1972,61,2011,39,1988139,1,332.45831,16.722086
1972,62,2011,39,1988304.743835616,2,320.625,16.125546
1972,63,2011,39,1988454.447945205,3,305.95834,15.386742
1972,64,2011,39,1988620.191780822,4,338.79166,17.036518
1972,65,2011,39,1988780.589041096,5,371.5,18.679789
1972,66,2011,39,1988946.332876712,6,311.58331,15.665748
1972,67,2011,39,1989106.730136986,7,364.95834,18.347851
1972,68,2011,39,1989272.473972603,8,323.375,16.255943
1972,69,2011,39,1989438.217808219,9,342.45831,17.21382
1972,70,2011,39,1989598.615068493,10,317.125,15.939144
1972,71,2011,39,1989764.35890411,11,285.75,14.360997
1972,72,2011,39,1989924.756164384,12,283.25,14.234206
1972,73,2012,40,1990090.5,1,358.625,18.020536
1972,74,2012,40,1990433.066939891,2,361.875,18.180717
1972,75,2012,40,1990753.532786885,3,359.16669,18.041746
1972,76,2012,40,1991096.099726776,4,372.20834,18.69364
1972,77,2012,40,1991427.616120219,5,344.875,17.317978
1972,78,2012,40,1991770.183060109,6,360.54166,18.101568
1972,79,2012,40,1992101.699453552,7,351.79166,17.659323
1972,80,2012,40,1992444.266393443,8,340.875,17.108383
1972,81,2012,40,1992786.833333333,9,329.375,16.52836
1972,82,2012,40,1993118.349726776,10,311.125,15.609962
1972,83,2012,40,1993460.916666667,11,335.75,16.842567
1972,84,2012,40,1993792.433060109,12,311.95831,15.646479
1972,85,2013,41,1994135,1,409.79166,20.549845
1972,86,2013,41,1995277.583561644,2,367.5,18.418489
1972,87,2013,41,1996309.594520548,3,374.04169,18.736658
1972,88,2013,41,1997452.178082192,4,387.08337,19.378855
1972,89,2013,41,1998557.904109589,5,366,18.313204
1972,90,2013,41,1999700.487671233,6,363.875,18.196476
1972,91,2013,41,2000806.21369863,7,357.33331,17.859467
1972,92,2013,41,2001948.797260274,8,351.625,17.564135
1972,93,2013,41,2003091.380821918,9,335.625,16.755352
1972,94,2013,41,2004197.106849315,10,326.08331,16.270021
1972,95,2013,41,2005339.690410959,11,343.125,17.110567
1972,96,2013,41,2006445.416438356,12,366.83334,18.282747
1972,97,2014,42,2007588,1,473.04166,23.562687
1972,98,2014,42,2007892.946575343,2,370.625,18.458405
1972,99,2014,42,2008168.382191781,3,420.58331,20.943628
1972,100,2014,42,2008473.328767123,4,424.79169,21.149979
1972,101,2014,42,2008768.438356164,5,398.625,19.844248
1972,102,2014,42,2009073.384931507,6,389.41666,19.382898
1972,103,2014,42,2009368.494520548,7,407.91669,20.300741
1972,104,2014,42,2009673.44109589,8,408,20.301805
1972,105,2014,42,2009978.387671233,9,380.66666,18.938843
1972,106,2014,42,2010273.497260274,10,378.45834,18.826212
1972,107,2014,42,2010578.443835617,11,371.625,18.483486
1972,108,2014,42,2010873.553424658,12,412.20834,20.498968
1972,109,2015,43,2011178.5,1,466.5,23.195354
1972,110,2015,43,2010871.897260274,2,435.25,21.64484
1972,111,2015,43,2010594.965753425,3,451.79166,22.470545
1972,112,2015,43,2010288.363013699,4,443.20834,22.047003
1972,113,2015,43,2009991.650684932,5,449.75,22.375715
1972,114,2015,43,2009685.047945206,6,442.58331,22.022522
1972,115,2015,43,2009388.335616438,7,442.25,22.009186
1972,116,2015,43,2009081.732876712,8,429.375,21.371704
1972,117,2015,43,2008775.130136986,9,420.54166,20.935228
1972,118,2015,43,2008478.417808219,10,430.95831,21.456955
1972,119,2015,43,2008171.815068493,11,379.625,18.904011
1972,120,2015,43,2007875.102739726,12,431.58334,21.494532
1972,121,2016,44,2007568.5,1,546.62494,27.228209
1972,122,2016,44,2006947.102459016,2,496.125,24.720383
1972,123,2016,44,2006365.795081967,3,522.33337,26.033806
1972,124,2016,44,2005744.397540983,4,497.00003,24.778831
1972,125,2016,44,2005143.045081967,5,499.875,24.929644
1972,126,2016,44,2004521.647540983,6,498.54166,24.870853
1972,127,2016,44,2003920.295081967,7,511.5,25.524967
1972,128,2016,44,2003298.897540983,8,500,24.958832
1972,129,2016,44,2002677.5,9,470.5,23.493547
1972,130,2016,44,2002076.147540983,10,516,25.773245
1972,131,2016,44,2001454.75,11,463.625,23.1644
1972,132,2016,44,2000853.397540983,12,446.125,22.296736
1972,133,2017,45,2000232,1,620.29163,31.010984
1972,134,2017,45,2000099.167123288,2,526.375,26.317446
1972,135,2017,45,1999979.189041096,3,577.20831,28.860716
1972,136,2017,45,1999846.356164383,4,534.29169,26.716637
1972,137,2017,45,1999717.808219178,5,544.75,27.241344
1972,138,2017,45,1999584.975342466,6,539.54163,26.982681
1972,139,2017,45,1999456.42739726,7,521.25,26.069586
1972,140,2017,45,1999323.594520548,8,524.5,26.233871
1972,141,2017,45,1999190.761643836,9,518.41669,25.931326
1972,142,2017,45,1999062.21369863,10,534.79169,26.752129
1972,143,2017,45,1998929.380821918,11,489.875,24.506868
1972,144,2017,45,1998800.832876712,12,506.875,25.358955
1972,145,2018,46,1998668,1,718.20831,35.934349
1972,146,2018,46,1999265.790410959,2,596.375,29.8297
1972,147,2018,46,1999805.730136986,3,618.25,30.915503
1972,148,2018,46,2000403.520547945,4,559.75,27.981853
1972,149,2018,46,2000982.02739726,5,599.375,29.954042
1972,150,2018,46,2001579.817808219,6,566.54163,28.304724
1972,151,2018,46,2002158.324657534,7,567.91669,28.365223
1972,152,2018,46,2002756.115068493,8,592.75,29.596714
1972,153,2018,46,2003353.905479452,9,551.625,27.535074
1972,154,2018,46,2003932.412328767,10,551.29169,27.510492
1972,155,2018,46,2004530.202739726,11,488.75,24.382271
1972,156,2018,46,2005108.709589041,12,591.45837,29.497572
1972,157,2019,47,2005706.5,1,681,33.953125
1972,158,2019,47,2006735.912328767,2,593.25,29.562933
1972,159,2019,47,2007665.704109589,3,683.75,34.056965
1972,160,2019,47,2008695.116438356,4,606.41669,30.189583
1972,161,2019,47,2009691.321917808,5,619.625,30.83185
1972,162,2019,47,2010720.734246575,6,642.20831,31.939209
1972,163,2019,47,2011716.939726027,7,629.91663,31.312389
1972,164,2019,47,2012746.352054794,8,607.125,30.164009
1972,165,2019,47,2013775.764383561,9,581.58331,28.880241
1972,166,2019,47,2014771.969863014,10,579.5,28.76256
1972,167,2019,47,2015801.382191781,11,574.375,28.493631
1972,168,2019,47,2016797.587671233,12,587.33331,29.122076
1972,169,2020,48,2017827,1,760.16663,37.672539
1972,170,2020,48,2016979.539617486,2,704.75,34.940861
1972,171,2020,48,2016186.754098361,3,785.33331,38.951416
1972,172,2020,48,2015339.293715847,4,946.95837,46.987541
1972,173,2020,48,2014519.170765027,5,903.875,44.868027
1972,174,2020,48,2013671.710382514,6,843.375,41.882446
1972,175,2020,48,2012851.587431694,7,951.08331,47.250542
1972,176,2020,48,2012004.12704918,8,844.875,41.991714
1972,177,2020,48,2011156.666666667,9,762.625,37.91972
1972,178,2020,48,2010336.543715847,10,762.125,37.91032
1972,179,2020,48,2009489.083333333,11,778.375,38.73497
1972,180,2020,48,2008668.960382514,12,921,45.851257
1972,181,2021,49,2007821.5,1,1255.8334,62.547062
1972,182,2021,49,2006957.279452055,2,885.125,44.102833
1972,183,2021,49,2006176.693150685,3,960.33331,47.868832
1972,184,2021,49,2005312.47260274,4,966,48.172043
1972,185,2021,49,2004476.130136986,5,920.5,45.922222
1972,186,2021,49,2003611.909589041,6,890.58331,44.448895
1972,187,2021,49,2002775.567123288,7,941,46.984795
1972,188,2021,49,2001911.346575343,8,1196.75,59.780369
1972,189,2021,49,2001047.126027397,9,1258.125,62.873333
1972,190,2021,49,2000210.783561644,10,1095.9584,54.792145
1972,191,2021,49,1999346.563013699,11,933.125,46.671497
1972,192,2021,49,1998510.220547945,12,1043.875,52.232658
1973,1,2006,33,1909519,1,226.83333,11.879082
1973,2,2006,33,1909666.610958904,2,231.375,12.115989
1973,3,2006,33,1909799.936986302,3,233.875,12.246047
1973,4,2006,33,1909947.547945206,4,258.08334,13.512588
1973,5,2006,33,1910090.397260274,5,259.875,13.605377
1973,6,2006,33,1910238.008219178,6,269.625,14.114734
1973,7,2006,33,1910380.857534247,7,283.5,14.839972
1973,8,2006,33,1910528.468493151,8,258.5,13.530288
1973,9,2006,33,1910676.079452055,9,236.66666,12.38654
1973,10,2006,33,1910818.928767123,10,233.20833,12.204627
1973,11,2006,33,1910966.539726028,11,211.375,11.061156
1973,12,2006,33,1911109.389041096,12,253.75,13.277628
1973,13,2007,34,1911257,1,244.625,12.799169
1973,14,2007,34,1912215.749315068,2,276.625,14.466203
1973,15,2007,34,1913081.716438356,3,261.16669,13.651622
1973,16,2007,34,1914040.465753424,4,258.375,13.498931
1973,17,2007,34,1914968.287671233,5,250.25,13.068102
1973,18,2007,34,1915927.036986301,6,279.58331,14.592587
1973,19,2007,34,1916854.858904109,7,272.29169,14.205128
1973,20,2007,34,1917813.608219178,8,259.625,13.537551
1973,21,2007,34,1918772.357534247,9,277.875,14.481915
1973,22,2007,34,1919700.179452055,10,251.375,13.094493
1973,23,2007,34,1920658.928767123,11,229,11.922992
1973,24,2007,34,1921586.750684931,12,223.875,11.650528
1973,25,2008,35,1922545.5,1,255.375,13.283171
1973,26,2008,35,1923039.00136612,2,268.625,13.968776
1973,27,2008,35,1923500.663934426,3,272.79169,14.182043
1973,28,2008,35,1923994.165300546,4,252.95834,13.147563
1973,29,2008,35,1924471.74726776,5,274,14.237674
1973,30,2008,35,1924965.24863388,6,267.125,13.876874
1973,31,2008,35,1925442.830601093,7,270.29166,14.037896
1973,32,2008,35,1925936.331967213,8,257.125,13.350649
1973,33,2008,35,1926429.833333333,9,255.08333,13.241247
1973,34,2008,35,1926907.415300546,10,249.41666,12.943884
1973,35,2008,35,1927400.916666667,11,222.875,11.563499
1973,36,2008,35,1927878.49863388,12,256.70831,13.315586
1973,37,2009,36,1928372,1,278.45831,14.440072
1973,38,2009,36,1927843.641095891,2,273.375,14.180351
1973,39,2009,36,1927366.41369863,3,288.66669,14.977261
1973,40,2009,36,1926838.054794521,4,277,14.375884
1973,41,2009,36,1926326.739726027,5,281,14.587349
1973,42,2009,36,1925798.380821918,6,285.70831,14.835837
1973,43,2009,36,1925287.065753425,7,284.5,14.777018
1973,44,2009,36,1924758.706849315,8,265.75,13.806926
1973,45,2009,36,1924230.347945206,9,264,13.719771
1973,46,2009,36,1923719.032876713,10,267.33331,13.896692
1973,47,2009,36,1923190.673972603,11,290.375,15.098607
1973,48,2009,36,1922679.35890411,12,271.70831,14.131754
1973,49,2010,37,1922151,1,310.41666,16.149443
1973,50,2010,37,1922694.519178082,2,248.625,12.931071
1973,51,2010,37,1923185.439726027,3,280.5,14.585177
1973,52,2010,37,1923728.958904109,4,263.91669,13.719016
1973,53,2010,37,1924254.945205479,5,274.75,14.278254
1973,54,2010,37,1924798.464383562,6,271.79166,14.120525
1973,55,2010,37,1925324.450684932,7,291.04169,15.116501
1973,56,2010,37,1925867.969863014,8,282.75,14.681692
1973,57,2010,37,1926411.489041096,9,264.20834,13.715053
1973,58,2010,37,1926937.475342466,10,269.125,13.966462
1973,59,2010,37,1927480.994520548,11,259.5,13.463168
1973,60,2010,37,1928006.980821918,12,270.29169,14.019228
1973,61,2011,38,1928550.5,1,340.95831,17.679512
1973,62,2011,38,1929102.342465753,2,267.875,13.885992
1973,63,2011,38,1929600.780821918,3,281.125,14.569076
1973,64,2011,38,1930152.623287671,4,270.08334,13.992849
1973,65,2011,38,1930686.664383562,5,320.375,16.593838
1973,66,2011,38,1931238.506849315,6,286.70831,14.845826
1973,67,2011,38,1931772.547945206,7,330.29166,17.097855
1973,68,2011,38,1932324.390410959,8,290.75,15.046645
1973,69,2011,38,1932876.232876712,9,307.70834,15.919713
1973,70,2011,38,1933410.273972603,10,275.75,14.262363
1973,71,2011,38,1933962.116438356,11,274.875,14.21305
1973,72,2011,38,1934496.157534247,12,290.58334,15.021138
1973,73,2012,39,1935048,1,325.875,16.840668
1973,74,2012,39,1935057.443989071,2,309.375,15.987898
1973,75,2012,39,1935066.278688525,3,309.66666,16.002897
1973,76,2012,39,1935075.722677596,4,293.25,15.154446
1973,77,2012,39,1935084.862021858,5,336.625,17.395878
1973,78,2012,39,1935094.306010929,6,296.54169,15.324405
1973,79,2012,39,1935103.445355191,7,311.70831,16.108095
1973,80,2012,39,1935112.889344262,8,318.125,16.43961
1973,81,2012,39,1935122.333333333,9,296.75,15.334948
1973,82,2012,39,1935131.472677596,10,301.66666,15.588949
1973,83,2012,39,1935140.916666667,11,296.75,15.334801
1973,84,2012,39,1935150.056010929,12,305.20834,15.771818
1973,85,2013,40,1935159.5,1,380.33331,19.653849
1973,86,2013,40,1935552.690410959,2,340.875,17.611248
1973,87,2013,40,1935907.830136986,3,321.20831,16.592129
1973,88,2013,40,1936301.020547945,4,359,18.540506
1973,89,2013,40,1936681.52739726,5,343,17.710707
1973,90,2013,40,1937074.717808219,6,323.83331,16.717648
1973,91,2013,40,1937455.224657534,7,353.58334,18.249886
1973,92,2013,40,1937848.415068493,8,335.5,17.313015
1973,93,2013,40,1938241.605479452,9,304.66666,15.718714
1973,94,2013,40,1938622.112328767,10,294.75,15.204098
1973,95,2013,40,1939015.302739726,11,337.75,17.418634
1973,96,2013,40,1939395.809589041,12,329.54166,16.991976
1973,97,2014,41,1939789,1,448.62497,23.127514
1973,98,2014,41,1941194.021917808,2,336.375,17.328253
1973,99,2014,41,1942463.073972603,3,390.41669,20.099052
1973,100,2014,41,1943868.095890411,4,362.875,18.667677
1973,101,2014,41,1945227.794520548,5,361.625,18.590368
1973,102,2014,41,1946632.816438356,6,349,17.928394
1973,103,2014,41,1947992.515068493,7,377.58331,19.383202
1973,104,2014,41,1949397.536986301,8,369.875,18.97381
1973,105,2014,41,1950802.55890411,9,332.79169,17.059219
1973,106,2014,41,1952162.257534246,10,346.125,17.730339
1973,107,2014,41,1953567.279452055,11,340.5,17.429653
1973,108,2014,41,1954926.978082192,12,380.41666,19.459379
1973,109,2015,42,1956332,1,430.33334,21.996948
1973,110,2015,42,1956600.680821918,2,380,19.421438
1973,111,2015,42,1956843.360273973,3,413.41669,21.126713
1973,112,2015,42,1957112.041095891,4,398.62503,20.368023
1973,113,2015,42,1957372.054794521,5,404.25,20.652691
1973,114,2015,42,1957640.735616439,6,394.625,20.158194
1973,115,2015,42,1957900.749315069,7,411.08331,20.996126
1973,116,2015,42,1958169.430136987,8,402.375,20.548529
1973,117,2015,42,1958438.110958904,9,407.20831,20.792503
1973,118,2015,42,1958698.124657534,10,383.75,19.592094
1973,119,2015,42,1958966.805479452,11,358.625,18.306845
1973,120,2015,42,1959226.819178082,12,406.08334,20.726715
1973,121,2016,43,1959495.5,1,510.91666,26.073887
1973,122,2016,43,1959030.881147541,2,434.5,22.179335
1973,123,2016,43,1958596.237704918,3,497.04166,25.377443
1973,124,2016,43,1958131.618852459,4,452.00003,23.083231
1973,125,2016,43,1957681.987704918,5,465.25,23.76535
1973,126,2016,43,1957217.368852459,6,431.5,22.046606
1973,127,2016,43,1956767.737704918,7,453.83331,23.193008
1973,128,2016,43,1956303.118852459,8,466.375,23.839609
1973,129,2016,43,1955838.5,9,414.75,21.205738
1973,130,2016,43,1955388.868852459,10,444.75,22.744837
1973,131,2016,43,1954924.25,11,411.625,21.055803
1973,132,2016,43,1954474.618852459,12,419.95834,21.48702
1973,133,2017,44,1954010,1,555.5,28.428719
1973,134,2017,44,1953200.517808219,2,410.25,21.003988
1973,135,2017,44,1952469.37260274,3,492.625,25.230869
1973,136,2017,44,1951659.890410959,4,481.95834,24.694792
1973,137,2017,44,1950876.520547945,5,480.125,24.610733
1973,138,2017,44,1950067.038356164,6,440.375,22.582558
1973,139,2017,44,1949283.668493151,7,479.79169,24.613743
1973,140,2017,44,1948474.18630137,8,454.125,23.306698
1973,141,2017,44,1947664.704109589,9,482.5,24.773258
1973,142,2017,44,1946881.334246575,10,486.70831,24.999382
1973,143,2017,44,1946071.852054794,11,458,23.534588
1973,144,2017,44,1945288.482191781,12,467.54166,24.034567
1973,145,2018,45,1944479,1,625.79163,32.182999
1973,146,2018,45,1944259.324657534,2,503.375,25.890322
1973,147,2018,45,1944060.908219178,3,529.45831,27.234657
1973,148,2018,45,1943841.232876712,4,512.79169,26.380327
1973,149,2018,45,1943628.643835617,5,536.5,27.60301
1973,150,2018,45,1943408.968493151,6,513.25,26.409779
1973,151,2018,45,1943196.379452055,7,495.91669,25.520668
1973,152,2018,45,1942976.704109589,8,526.375,27.091164
1973,153,2018,45,1942757.028767123,9,505.875,26.039026
1973,154,2018,45,1942544.439726027,10,494.125,25.436998
1973,155,2018,45,1942324.764383562,11,501.5,25.819574
1973,156,2018,45,1942112.175342466,12,522,26.877953
1973,157,2019,46,1941892.5,1,609.25,31.374033
1973,158,2019,46,1943028.416438356,2,543.375,27.965366
1973,159,2019,46,1944054.405479452,3,590.91669,30.396099
1973,160,2019,46,1945190.321917808,4,558.16669,28.694708
1973,161,2019,46,1946289.595890411,5,559.375,28.740583
1973,162,2019,46,1947425.512328767,6,581.95831,29.883471
1973,163,2019,46,1948524.78630137,7,574.875,29.503088
1973,164,2019,46,1949660.702739726,8,542.625,27.831766
1973,165,2019,46,1950796.619178082,9,509.70834,26.128216
1973,166,2019,46,1951895.893150685,10,546.66663,28.006956
1973,167,2019,46,1953031.809589041,11,545.875,27.950134
1973,168,2019,46,1954131.083561644,12,554.25,28.362989
1973,169,2020,47,1955267,1,668.95831,34.213142
1973,170,2020,47,1954526.515027322,2,615.75,31.503794
1973,171,2020,47,1953833.803278688,3,690.5,35.340775
1973,172,2020,47,1953093.318306011,4,843.08337,43.166569
1973,173,2020,47,1952376.719945355,5,784.75,40.194599
1973,174,2020,47,1951636.234972678,6,758.95831,38.888309
1973,175,2020,47,1950919.636612022,7,828.41669,42.462883
1973,176,2020,47,1950179.151639344,8,732.875,37.57988
1973,177,2020,47,1949438.666666667,9,698.70831,35.841515
1973,178,2020,47,1948722.068306011,10,703.91663,36.12196
1973,179,2020,47,1947981.583333333,11,689.125,35.376362
1973,180,2020,47,1947264.984972678,12,895,45.961903
1973,181,2021,48,1946524.5,1,1020.7916,52.441757
1973,182,2021,48,1945783.939726027,2,787.375,40.465694
1973,183,2021,48,1945115.046575343,3,849,43.647804
1973,184,2021,48,1944374.48630137,4,863,44.384453
1973,185,2021,48,1943657.815068493,5,867.25,44.61948
1973,186,2021,48,1942917.254794521,6,798.16663,41.080833
1973,187,2021,48,1942200.583561644,7,840.5,43.275654
1973,188,2021,48,1941460.023287671,8,1070.875,55.15823
1973,189,2021,48,1940719.463013699,9,1097.2084,56.536167
1973,190,2021,48,1940002.791780822,10,990.45831,51.054478
1973,191,2021,48,1939262.231506849,11,839.25,43.276768
1973,192,2021,48,1938545.560273973,12,916.45831,47.275562
1974,1,2006,32,1905546,1,246.375,12.929365
1974,2,2006,32,1906985.716438356,2,212.25,11.130131
1974,3,2006,32,1908286.105479452,3,230.33333,12.070168
1974,4,2006,32,1909725.821917808,4,239.25002,12.527977
1974,5,2006,32,1911119.095890411,5,250.125,13.087881
1974,6,2006,32,1912558.812328767,6,262.95831,13.749031
1974,7,2006,32,1913952.08630137,7,270.41666,14.128706
1974,8,2006,32,1915391.802739726,8,254.125,13.267521
1974,9,2006,32,1916831.519178082,9,260.25,13.577093
1974,10,2006,32,1918224.793150685,10,228.79167,11.92726
1974,11,2006,32,1919664.509589041,11,227,11.824983
1974,12,2006,32,1921057.783561644,12,247.25,12.870513
1974,13,2007,33,1922497.5,1,258.625,13.452553
1974,14,2007,33,1922636.490410959,2,226,11.754692
1974,15,2007,33,1922762.030136986,3,255.91666,13.309846
1974,16,2007,33,1922901.020547945,4,225.875,11.746574
1974,17,2007,33,1923035.52739726,5,241.625,12.564771
1974,18,2007,33,1923174.517808219,6,252.58333,13.133667
1974,19,2007,33,1923309.024657534,7,260.08331,13.5227
1974,20,2007,33,1923448.015068493,8,260.25,13.530389
1974,21,2007,33,1923587.005479452,9,238.83334,12.41604
1974,22,2007,33,1923721.512328767,10,235.375,12.235399
1974,23,2007,33,1923860.502739726,11,202.875,10.545203
1974,24,2007,33,1923995.009589041,12,236.41667,12.287801
1974,25,2008,34,1924134,1,242.25,12.590079
1974,26,2008,34,1925088.647540984,2,231.25,12.012434
1974,27,2008,34,1925981.704918033,3,251.33334,13.049623
1974,28,2008,34,1926936.352459016,4,242.75,12.597717
1974,29,2008,34,1927860.204918033,5,266.125,13.804165
1974,30,2008,34,1928814.852459016,6,257,13.324244
1974,31,2008,34,1929738.704918033,7,275.58331,14.280862
1974,32,2008,34,1930693.352459016,8,252.75,13.091152
1974,33,2008,34,1931648,9,254.54166,13.177435
1974,34,2008,34,1932571.852459016,10,244.25,12.638598
1974,35,2008,34,1933526.5,11,251.375,13.000856
1974,36,2008,34,1934450.352459016,12,242.625,12.542322
1974,37,2009,35,1935405,1,287.41666,14.850466
1974,38,2009,35,1935941.894520548,2,233.375,12.054855
1974,39,2009,35,1936426.831506849,3,275.375,14.22078
1974,40,2009,35,1936963.726027397,4,256.5,13.242375
1974,41,2009,35,1937483.301369863,5,273,14.090444
1974,42,2009,35,1938020.195890411,6,271.83331,14.02634
1974,43,2009,35,1938539.771232877,7,270.33334,13.945205
1974,44,2009,35,1939076.665753425,8,271.375,13.995063
1974,45,2009,35,1939613.560273973,9,268.25,13.830074
1974,46,2009,35,1940133.135616438,10,269.54166,13.892946
1974,47,2009,35,1940670.030136986,11,211.375,10.891857
1974,48,2009,35,1941189.605479452,12,258.54169,13.318724
1974,49,2010,36,1941726.5,1,272.87497,14.053213
1974,50,2010,36,1942349.387671233,2,236.75,12.188848
1974,51,2010,36,1942911.995890411,3,269.75,13.8838
1974,52,2010,36,1943534.883561644,4,250.79167,12.903893
1974,53,2010,36,1944137.678082192,5,253.875,13.058489
1974,54,2010,36,1944760.565753425,6,252.70831,12.994315
1974,55,2010,36,1945363.360273972,7,283.83331,14.590246
1974,56,2010,36,1945986.247945205,8,282.5,14.51706
1974,57,2010,36,1946609.135616438,9,261,13.40793
1974,58,2010,36,1947211.930136986,10,275.25,14.135595
1974,59,2010,36,1947834.817808219,11,226.375,11.621879
1974,60,2010,36,1948437.612328767,12,252.75,12.971931
1974,61,2011,37,1949060.5,1,291.91666,14.977301
1974,62,2011,37,1949776.897260274,2,259.375,13.302804
1974,63,2011,37,1950423.965753424,3,271.91669,13.941415
1974,64,2011,37,1951140.363013698,4,249.20834,12.772446
1974,65,2011,37,1951833.650684931,5,281.375,14.415932
1974,66,2011,37,1952550.047945205,6,280.95831,14.389301
1974,67,2011,37,1953243.335616438,7,308.16669,15.777179
1974,68,2011,37,1953959.732876712,8,283.375,14.502602
1974,69,2011,37,1954676.130136986,9,277,14.171145
1974,70,2011,37,1955369.417808219,10,274.125,14.01909
1974,71,2011,37,1956085.815068493,11,243.375,12.441938
1974,72,2011,37,1956779.102739726,12,253.625,12.96135
1974,73,2012,38,1957495.5,1,298.70834,15.259721
1974,74,2012,38,1957993.702185792,2,286.875,14.651477
1974,75,2012,38,1958459.762295082,3,276.75,14.131002
1974,76,2012,38,1958957.964480874,4,287.25,14.663408
1974,77,2012,38,1959440.095628415,5,290.125,14.806525
1974,78,2012,38,1959938.297814208,6,294.45831,15.023856
1974,79,2012,38,1960420.428961749,7,319.79169,16.312403
1974,80,2012,38,1960918.631147541,8,311.875,15.904535
1974,81,2012,38,1961416.833333333,9,298.625,15.224963
1974,82,2012,38,1961898.964480874,10,314.25,16.017645
1974,83,2012,38,1962397.166666667,11,275.25,14.026213
1974,84,2012,38,1962879.297814208,12,316.5,16.124271
1974,85,2013,39,1963377.5,1,341,17.368031
1974,86,2013,39,1963332.868493151,2,275.5,14.032262
1974,87,2013,39,1963292.556164383,3,317.83334,16.188791
1974,88,2013,39,1963247.924657534,4,298.375,15.19803
1974,89,2013,39,1963204.732876712,5,304.75,15.523088
1974,90,2013,39,1963160.101369863,6,299.70831,15.266626
1974,91,2013,39,1963116.909589041,7,315.25,16.058647
1974,92,2013,39,1963072.278082192,8,328.125,16.71487
1974,93,2013,39,1963027.646575342,9,290.875,14.817672
1974,94,2013,39,1962984.454794521,10,321.08334,16.356897
1974,95,2013,39,1962939.823287671,11,297.75,15.168575
1974,96,2013,39,1962896.631506849,12,325.125,16.563532
1974,97,2014,40,1962852,1,392.70831,20.007027
1974,98,2014,40,1963310.375342466,2,307.625,15.668689
1974,99,2014,40,1963724.391780822,3,352.125,17.931488
1974,100,2014,40,1964182.767123288,4,315.75,16.075388
1974,101,2014,40,1964626.356164384,5,325.25,16.555311
1974,102,2014,40,1965084.731506849,6,313.83331,15.970472
1974,103,2014,40,1965528.320547945,7,343.04166,17.452898
1974,104,2014,40,1965986.695890411,8,351.625,17.885422
1974,105,2014,40,1966445.071232877,9,355.375,18.071951
1974,106,2014,40,1966888.660273973,10,327.70834,16.661255
1974,107,2014,40,1967347.035616438,11,330,16.773859
1974,108,2014,40,1967790.624657534,12,350.25,17.79915
1974,109,2015,41,1968249,1,391.75,19.903477
1974,110,2015,41,1969860.915068493,2,323,16.397097
1974,111,2015,41,1971316.838356164,3,409.16669,20.756008
1974,112,2015,41,1972928.753424658,4,347.875,17.632416
1974,113,2015,41,1974488.671232877,5,373.625,18.922621
1974,114,2015,41,1976100.58630137,6,375.58331,19.006285
1974,115,2015,41,1977660.504109589,7,397.75,20.112148
1974,116,2015,41,1979272.419178082,8,383.125,19.356861
1974,117,2015,41,1980884.334246575,9,368.58334,18.60701
1974,118,2015,41,1982444.252054795,10,361.54169,18.237167
1974,119,2015,41,1984056.167123287,11,324.5,16.355383
1974,120,2015,41,1985616.084931507,12,350.375,17.645657
1974,121,2016,42,1987228,1,416.83334,20.975618
1974,122,2016,42,1987402.396174863,2,390,19.623606
1974,123,2016,42,1987565.540983607,3,416.25,20.942705
1974,124,2016,42,1987739.93715847,4,396.83331,19.964046
1974,125,2016,42,1987908.707650273,5,419.625,21.108868
1974,126,2016,42,1988083.103825137,6,400.83331,20.161798
1974,127,2016,42,1988251.87431694,7,416.83331,20.964815
1974,128,2016,42,1988426.270491803,8,442,22.228634
1974,129,2016,42,1988600.666666667,9,418.125,21.026093
1974,130,2016,42,1988769.43715847,10,428.375,21.539701
1974,131,2016,42,1988943.833333333,11,410.25,20.626526
1974,132,2016,42,1989112.603825137,12,456.375,22.943647
1974,133,2017,43,1989287,1,496.625,24.964975
1974,134,2017,43,1988574.382191781,2,410.75,20.6555
1974,135,2017,43,1987930.72739726,3,458.25,23.051607
1974,136,2017,43,1987218.109589041,4,470.87503,23.695187
1974,137,2017,43,1986528.479452055,5,459.375,23.124512
1974,138,2017,43,1985815.861643836,6,415.08331,20.902407
1974,139,2017,43,1985126.231506849,7,447.45831,22.540546
1974,140,2017,43,1984413.61369863,8,455.5,22.953884
1974,141,2017,43,1983700.995890411,9,453.5,22.861309
1974,142,2017,43,1983011.365753425,10,435.20834,21.94684
1974,143,2017,43,1982298.747945206,11,458.5,23.129713
1974,144,2017,43,1981609.117808219,12,399.875,20.179308
1974,145,2018,44,1980896.5,1,505.79166,25.533472
1974,146,2018,44,1979904.967123287,2,465.375,23.504915
1974,147,2018,44,1979009.389041096,3,519.79169,26.265245
1974,148,2018,44,1978017.856164383,4,462.83337,23.398848
1974,149,2018,44,1977058.308219178,5,496.75,25.125713
1974,150,2018,44,1976066.775342466,6,473.625,23.968067
1974,151,2018,44,1975107.22739726,7,472.45831,23.920641
1974,152,2018,44,1974115.694520548,8,502.5,25.454435
1974,153,2018,44,1973124.161643835,9,461.95834,23.412533
1974,154,2018,44,1972164.61369863,10,438.25,22.221775
1974,155,2018,44,1971173.080821918,11,454.25,23.044653
1974,156,2018,44,1970213.532876712,12,487.375,24.737165
1974,157,2019,45,1969222,1,543.25,27.587036
1974,158,2019,45,1968627.904109589,2,474.375,24.096733
1974,159,2019,45,1968091.301369863,3,543.125,27.596535
1974,160,2019,45,1967497.205479452,4,518.83337,26.370222
1974,161,2019,45,1966922.273972603,5,523.75,26.627895
1974,162,2019,45,1966328.178082192,6,519.58331,26.424038
1974,163,2019,45,1965753.246575342,7,536.95837,27.315655
1974,164,2019,45,1965159.150684931,8,500.875,25.487757
1974,165,2019,45,1964565.05479452,9,518.04169,26.369282
1974,166,2019,45,1963990.123287671,10,502.79169,25.600521
1974,167,2019,45,1963396.02739726,11,477.5,24.320107
1974,168,2019,45,1962821.095890411,12,517.54169,26.367237
1974,169,2020,46,1962227,1,598.95831,30.524414
1974,170,2020,46,1961564.142076503,2,582.75,29.708435
1974,171,2020,46,1960944.049180328,3,634.04169,32.333492
1974,172,2020,46,1960281.19125683,4,755.75,38.553143
1974,173,2020,46,1959639.715846994,5,758.625,38.712475
1974,174,2020,46,1958976.857923497,6,688.45831,35.143768
1974,175,2020,46,1958335.382513661,7,753.79163,38.491447
1974,176,2020,46,1957672.524590164,8,716,36.574043
1974,177,2020,46,1957009.666666667,9,639.66669,32.685925
1974,178,2020,46,1956368.19125683,10,650.08331,33.229088
1974,179,2020,46,1955705.333333333,11,678.875,34.71254
1974,180,2020,46,1955063.857923497,12,794.33331,40.629532
1974,181,2021,47,1954401,1,988.79169,50.593082
1974,182,2021,47,1953750.594520548,2,776.125,39.724876
1974,183,2021,47,1953163.13150685,3,803.5,41.138397
1974,184,2021,47,1952512.726027397,4,763.41669,39.09919
1974,185,2021,47,1951883.301369863,5,773,39.602776
1974,186,2021,47,1951232.895890411,6,718.33331,36.814331
1974,187,2021,47,1950603.471232877,7,806.33337,41.337635
1974,188,2021,47,1949953.065753425,8,1041.25,53.39872
1974,189,2021,47,1949302.660273973,9,1091.0417,55.970875
1974,190,2021,47,1948673.235616439,10,960.29169,49.279255
1974,191,2021,47,1948022.830136986,11,834.875,42.857555
1974,192,2021,47,1947393.405479452,12,865,44.41835
1975,1,2006,31,1914587,1,254.125,13.273098
1975,2,2006,31,1914356.368493151,2,207.125,10.819563
1975,3,2006,31,1914148.056164384,3,252,13.165126
1975,4,2006,31,1913917.424657534,4,241.20834,12.60286
1975,5,2006,31,1913694.232876712,5,236.625,12.364828
1975,6,2006,31,1913463.601369863,6,256.08331,13.383234
1975,7,2006,31,1913240.409589041,7,258.58334,13.515466
1975,8,2006,31,1913009.778082192,8,247.875,12.957331
1975,9,2006,31,1912779.146575343,9,259.79166,13.581895
1975,10,2006,31,1912555.954794521,10,233.75,12.221865
1975,11,2006,31,1912325.323287671,11,230.875,12.072998
1975,12,2006,31,1912102.131506849,12,241.25,12.617003
1975,13,2007,32,1911871.5,1,248.54166,12.999914
1975,14,2007,32,1913472.034246575,2,231.625,12.104959
1975,15,2007,32,1914917.678082192,3,239.45834,12.504889
1975,16,2007,32,1916518.212328767,4,246.75,12.87491
1975,17,2007,32,1918067.116438356,5,263.25,13.724754
1975,18,2007,32,1919667.650684932,6,234.45833,12.213486
1975,19,2007,32,1921216.554794521,7,257.75,13.415978
1975,20,2007,32,1922817.089041096,8,263.75,13.716853
1975,21,2007,32,1924417.623287671,9,225.29167,11.707006
1975,22,2007,32,1925966.52739726,10,242.08334,12.569448
1975,23,2007,32,1927567.061643836,11,197.375,10.239592
1975,24,2007,32,1929115.965753425,12,243.70833,12.633162
1975,25,2008,33,1930716.5,1,269.74997,13.971496
1975,26,2008,33,1930754.403005464,2,231.875,12.009554
1975,27,2008,33,1930789.860655738,3,239.16667,12.386986
1975,28,2008,33,1930827.763661202,4,234.66667,12.153683
1975,29,2008,33,1930864.443989071,5,222,11.497441
1975,30,2008,33,1930902.346994536,6,257.16666,13.31847
1975,31,2008,33,1930939.027322404,7,272.25,14.099358
1975,32,2008,33,1930976.930327869,8,256.125,13.264011
1975,33,2008,33,1931014.833333333,9,240.41667,12.450275
1975,34,2008,33,1931051.513661202,10,235.08334,12.173852
1975,35,2008,33,1931089.416666667,11,230.625,11.94274
1975,36,2008,33,1931126.096994536,12,238.16667,12.333046
1975,37,2009,34,1931164,1,252.08333,13.05344
1975,38,2009,34,1932094.552054795,2,232.125,12.014164
1975,39,2009,34,1932935.050684932,3,266.33334,13.778701
1975,40,2009,34,1933865.602739726,4,243.04167,12.567661
1975,41,2009,34,1934766.136986301,5,254.875,13.173427
1975,42,2009,34,1935696.689041096,6,263.91666,13.634194
1975,43,2009,34,1936597.223287671,7,243.5,12.573601
1975,44,2009,34,1937527.775342466,8,256.375,13.232068
1975,45,2009,34,1938458.32739726,9,223.25,11.516884
1975,46,2009,34,1939358.861643836,10,259.91669,13.402197
1975,47,2009,34,1940289.41369863,11,200,10.30774
1975,48,2009,34,1941189.947945205,12,251.29166,12.945238
1975,49,2010,35,1942120.5,1,246.95833,12.715912
1975,50,2010,35,1942620.194520548,2,218.75,11.260565
1975,51,2010,35,1943071.531506849,3,263.95834,13.584592
1975,52,2010,35,1943571.226027397,4,237.75002,12.232637
1975,53,2010,35,1944054.801369863,5,268.125,13.792049
1975,54,2010,35,1944554.495890411,6,238.54166,12.267162
1975,55,2010,35,1945038.071232877,7,276.04169,14.192097
1975,56,2010,35,1945537.765753425,8,271.25,13.942161
1975,57,2010,35,1946037.460273973,9,232.66666,11.955918
1975,58,2010,35,1946521.035616438,10,251.29167,12.909784
1975,59,2010,35,1947020.730136986,11,217.625,11.177334
1975,60,2010,35,1947504.305479452,12,250.08333,12.841221
1975,61,2011,36,1948004,1,244.58333,12.555587
1975,62,2011,36,1948940.836986301,2,251.875,12.923686
1975,63,2011,36,1949787.012328767,3,265.66666,13.62542
1975,64,2011,36,1950723.849315068,4,253.20834,12.980225
1975,65,2011,36,1951630.465753425,5,273.75,14.026733
1975,66,2011,36,1952567.302739726,6,252.375,12.925291
1975,67,2011,36,1953473.919178082,7,312.70831,16.007807
1975,68,2011,36,1954410.756164384,8,264.875,13.552678
1975,69,2011,36,1955347.593150685,9,253,12.938876
1975,70,2011,36,1956254.209589041,10,267.29166,13.663442
1975,71,2011,36,1957191.046575342,11,253.875,12.971395
1975,72,2011,36,1958097.663013699,12,238.58333,12.184444
1975,73,2012,37,1959034.5,1,270.08331,13.786552
1975,74,2012,37,1959720.650273224,2,259.5,13.241683
1975,75,2012,37,1960362.532786885,3,276.16669,14.087531
1975,76,2012,37,1961048.683060109,4,273.66669,13.955119
1975,77,2012,37,1961712.699453552,5,270.125,13.769855
1975,78,2012,37,1962398.849726776,6,299.75,15.274673
1975,79,2012,37,1963062.866120219,7,317.20831,16.158846
1975,80,2012,37,1963749.016393443,8,301.375,15.34692
1975,81,2012,37,1964435.166666667,9,275.375,14.018024
1975,82,2012,37,1965099.183060109,10,281.58334,14.329218
1975,83,2012,37,1965785.333333333,11,247.625,12.596746
1975,84,2012,37,1966449.349726776,12,307.41666,15.633083
1975,85,2013,38,1967135.5,1,316.08334,16.068203
1975,86,2013,38,1967691.461643836,2,265.125,13.473911
1975,87,2013,38,1968193.620547945,3,298.04169,15.142905
1975,88,2013,38,1968749.582191781,4,275.875,14.012701
1975,89,2013,38,1969287.609589041,5,286.875,14.567451
1975,90,2013,38,1969843.571232877,6,292.25,14.836204
1975,91,2013,38,1970381.598630137,7,309,15.682241
1975,92,2013,38,1970937.560273973,8,306.625,15.557317
1975,93,2013,38,1971493.521917808,9,311.25,15.787523
1975,94,2013,38,1972031.549315068,10,280.70831,14.234474
1975,95,2013,38,1972587.510958904,11,285.875,14.492386
1975,96,2013,38,1973125.538356164,12,291.45834,14.771404
1975,97,2014,39,1973681.5,1,362.625,18.373026
1975,98,2014,39,1973536.309589041,2,281.375,14.257401
1975,99,2014,39,1973405.169863014,3,331.25,16.785706
1975,100,2014,39,1973259.979452055,4,320.29169,16.231602
1975,101,2014,39,1973119.47260274,5,311.25,15.774513
1975,102,2014,39,1972974.282191781,6,300.25,15.218141
1975,103,2014,39,1972833.775342466,7,312.375,15.833822
1975,104,2014,39,1972688.584931507,8,318.375,16.139141
1975,105,2014,39,1972543.394520548,9,328.79166,16.668411
1975,106,2014,39,1972402.887671233,10,313.125,15.875306
1975,107,2014,39,1972257.697260274,11,307.125,15.572255
1975,108,2014,39,1972117.190410959,12,333.66669,16.919212
1975,109,2015,40,1971972,1,385.375,19.54262
1975,110,2015,40,1972449.867123288,2,320,16.22348
1975,111,2015,40,1972881.489041096,3,375.54166,19.035185
1975,112,2015,40,1973359.356164384,4,338.25,17.140821
1975,113,2015,40,1973821.808219178,5,361.25,18.302057
1975,114,2015,40,1974299.675342466,6,342.625,17.354256
1975,115,2015,40,1974762.12739726,7,389.58331,19.728113
1975,116,2015,40,1975239.994520548,8,385.875,19.535601
1975,117,2015,40,1975717.861643836,9,337.70834,17.092943
1975,118,2015,40,1976180.31369863,10,350.08331,17.715151
1975,119,2015,40,1976658.180821918,11,320,16.18894
1975,120,2015,40,1977120.632876712,12,337.45831,17.068171
1975,121,2016,41,1977598.5,1,412.04166,20.835455
1975,122,2016,41,1979294.352459016,2,393.125,19.861877
1975,123,2016,41,1980880.795081967,3,384.45834,19.408455
1975,124,2016,41,1982576.647540984,4,414.875,20.92605
1975,125,2016,41,1984217.795081967,5,363.25,18.306963
1975,126,2016,41,1985913.647540984,6,392,19.739025
1975,127,2016,41,1987554.795081967,7,428,21.533997
1975,128,2016,41,1989250.647540984,8,410.5,20.635912
1975,129,2016,41,1990946.5,9,396.95831,19.938171
1975,130,2016,41,1992587.647540984,10,397.33334,19.940571
1975,131,2016,41,1994283.5,11,382.125,19.161016
1975,132,2016,41,1995924.647540984,12,390.91666,19.585743
1975,133,2017,42,1997620.5,1,464.70834,23.263094
1975,134,2017,42,1997603.38630137,2,399,19.973934
1975,135,2017,42,1997587.928767123,3,453.83334,22.719067
1975,136,2017,42,1997570.815068493,4,439.37503,21.995466
1975,137,2017,42,1997554.253424658,5,438.125,21.933071
1975,138,2017,42,1997537.139726027,6,423.16666,21.18442
1975,139,2017,42,1997520.578082192,7,449,22.477865
1975,140,2017,42,1997503.464383562,8,453.5,22.703341
1975,141,2017,42,1997486.350684932,9,429.54166,21.50411
1975,142,2017,42,1997469.789041096,10,396.5,19.850113
1975,143,2017,42,1997452.675342466,11,419.625,21.008007
1975,144,2017,42,1997436.11369863,12,444.91669,22.274389
1975,145,2018,43,1997419,1,500.875,25.076111
1975,146,2018,43,1996521.995890411,2,423.5,21.211887
1975,147,2018,43,1995711.798630137,3,455.125,22.805147
1975,148,2018,43,1994814.794520548,4,432.20834,21.66659
1975,149,2018,43,1993946.726027397,5,453.375,22.737568
1975,150,2018,43,1993049.721917808,6,444.16666,22.28578
1975,151,2018,43,1992181.653424658,7,473.625,23.774187
1975,152,2018,43,1991284.649315068,8,474.125,23.810007
1975,153,2018,43,1990387.64520548,9,406.08331,20.402222
1975,154,2018,43,1989519.576712329,10,439.66669,22.099138
1975,155,2018,43,1988622.57260274,11,412.875,20.761858
1975,156,2018,43,1987754.504109589,12,442.875,22.280167
1975,157,2019,44,1986857.5,1,478.08334,24.062286
1975,158,2019,44,1985550.319178083,2,458.625,23.098131
1975,159,2019,44,1984369.639726028,3,523.70837,26.391674
1975,160,2019,44,1983062.45890411,4,482.08334,24.310043
1975,161,2019,44,1981797.44520548,5,490.375,24.743952
1975,162,2019,44,1980490.264383562,6,485.70831,24.524651
1975,163,2019,44,1979225.250684932,7,514.58331,25.999229
1975,164,2019,44,1977918.069863014,8,472.5,23.888756
1975,165,2019,44,1976610.889041096,9,471.91666,23.87504
1975,166,2019,44,1975345.875342466,10,482.70831,24.436647
1975,167,2019,44,1974038.694520548,11,466.25,23.619091
1975,168,2019,44,1972773.680821918,12,525.58331,26.641846
1975,169,2020,45,1971466.5,1,595.66663,30.214392
1975,170,2020,45,1970866.827868852,2,506.75,25.712036
1975,171,2020,45,1970305.844262295,3,600.625,30.483847
1975,172,2020,45,1969706.172131147,4,719.29163,36.517712
1975,173,2020,45,1969125.844262295,5,736,37.376991
1975,174,2020,45,1968526.172131147,6,651.41663,33.091591
1975,175,2020,45,1967945.844262295,7,716.95831,36.431812
1975,176,2020,45,1967346.172131147,8,665.625,33.833649
1975,177,2020,45,1966746.5,9,599.04169,30.458509
1975,178,2020,45,1966166.172131147,10,626.125,31.844969
1975,179,2020,45,1965566.5,11,654.5,33.298286
1975,180,2020,45,1964986.172131147,12,724.83331,36.887451
1975,181,2021,46,1964386.5,1,888.16663,45.213436
1975,182,2021,46,1963827.480821918,2,722.375,36.784035
1975,183,2021,46,1963322.560273973,3,769.375,39.187397
1975,184,2021,46,1962763.541095891,4,720.41669,36.704201
1975,185,2021,46,1962222.554794521,5,721.625,36.775898
1975,186,2021,46,1961663.535616438,6,677.91663,34.55825
1975,187,2021,46,1961122.549315069,7,775.33331,39.535179
1975,188,2021,46,1960563.530136986,8,963.625,49.15041
1975,189,2021,46,1960004.510958904,9,1034.2084,52.765614
1975,190,2021,46,1959463.524657534,10,891.5,45.497147
1975,191,2021,46,1958904.505479452,11,727.5,37.138103
1975,192,2021,46,1958363.519178082,12,863,44.067406
1976,1,2006,30,1908153.5,1,234.20833,12.274082
1976,2,2006,30,1908916.821917808,2,205.75,10.778364
1976,3,2006,30,1909606.273972603,3,220.45834,11.544702
1976,4,2006,30,1910369.595890411,4,220.25,11.529182
1976,5,2006,30,1911108.294520548,5,245,12.819786
1976,6,2006,30,1911871.616438356,6,249.95831,13.074012
1976,7,2006,30,1912610.315068493,7,258.875,13.535167
1976,8,2006,30,1913373.636986302,8,256.75,13.418707
1976,9,2006,30,1914136.95890411,9,225.54167,11.782944
1976,10,2006,30,1914875.657534247,10,246.08333,12.851139
1976,11,2006,30,1915638.979452055,11,245,12.789466
1976,12,2006,30,1916377.678082192,12,251.54167,13.125893
1976,13,2007,31,1917141,1,215.29166,11.229829
1976,14,2007,31,1916761.865753425,2,221.5,11.555947
1976,15,2007,31,1916419.421917808,3,214.91666,11.21449
1976,16,2007,31,1916040.287671233,4,241.66667,12.612818
1976,17,2007,31,1915673.383561644,5,276.25,14.420517
1976,18,2007,31,1915294.249315069,6,232.54166,12.141302
1976,19,2007,31,1914927.34520548,7,258.79166,13.514438
1976,20,2007,31,1914548.210958904,8,251.5,13.136258
1976,21,2007,31,1914169.076712329,9,242,12.642561
1976,22,2007,31,1913802.17260274,10,249.75,13.049938
1976,23,2007,31,1913423.038356164,11,267,13.95405
1976,24,2007,31,1913056.134246575,12,247.83333,12.954838
1976,25,2008,32,1912677,1,241.125,12.606676
1976,26,2008,32,1914409.230874317,2,223.5,11.67462
1976,27,2008,32,1916029.704918033,3,219.08334,11.434236
1976,28,2008,32,1917761.93579235,4,238.41669,12.432027
1976,29,2008,32,1919438.288251366,5,214.25,11.16212
1976,30,2008,32,1921170.519125683,6,251.16666,13.073627
1976,31,2008,32,1922846.871584699,7,264,13.729643
1976,32,2008,32,1924579.102459016,8,254.375,13.217175
1976,33,2008,32,1926311.333333333,9,234,12.147569
1976,34,2008,32,1927987.68579235,10,251.20833,13.029561
1976,35,2008,32,1929719.916666667,11,252.375,13.078322
1976,36,2008,32,1931396.269125683,12,237.04167,12.273073
1976,37,2009,33,1933128.5,1,276.16666,14.285995
1976,38,2009,33,1933422.108219178,2,249.75,12.91751
1976,39,2009,33,1933687.302739726,3,239.33334,12.377045
1976,40,2009,33,1933980.910958904,4,225.75002,11.672815
1976,41,2009,33,1934265.047945205,5,249.5,12.898956
1976,42,2009,33,1934558.656164384,6,255.20831,13.192069
1976,43,2009,33,1934842.793150685,7,238.375,12.320123
1976,44,2009,33,1935136.401369863,8,237.125,12.253658
1976,45,2009,33,1935430.009589041,9,238.70833,12.333607
1976,46,2009,33,1935714.146575342,10,245.91666,12.704183
1976,47,2009,33,1936007.75479452,11,243.75,12.590343
1976,48,2009,33,1936291.891780822,12,229.91667,11.874071
1976,49,2010,34,1936585.5,1,245.95833,12.700618
1976,50,2010,34,1937013.002739726,2,204.75,10.570399
1976,51,2010,34,1937399.134246575,3,254.79167,13.151222
1976,52,2010,34,1937826.636986301,4,223.83334,11.550741
1976,53,2010,34,1938240.349315068,5,268.5,13.852771
1976,54,2010,34,1938667.852054795,6,220.41666,11.369491
1976,55,2010,34,1939081.564383562,7,272.625,14.059491
1976,56,2010,34,1939509.067123288,8,271.25,13.985497
1976,57,2010,34,1939936.569863014,9,245.79166,12.670087
1976,58,2010,34,1940350.282191781,10,259.04169,13.350254
1976,59,2010,34,1940777.784931507,11,245,12.623805
1976,60,2010,34,1941191.497260274,12,259.58331,13.37237
1976,61,2011,35,1941619,1,258.08334,13.292172
1976,62,2011,35,1942367.45890411,2,231,11.892703
1976,63,2011,35,1943043.48630137,3,270.125,13.90216
1976,64,2011,35,1943791.945205479,4,250.41667,12.882895
1976,65,2011,35,1944516.260273973,5,261.5,13.448074
1976,66,2011,35,1945264.719178082,6,253.83333,13.04878
1976,67,2011,35,1945989.034246575,7,293.33334,15.073741
1976,68,2011,35,1946737.493150685,8,270.25,13.8822
1976,69,2011,35,1947485.952054795,9,233.95834,12.013352
1976,70,2011,35,1948210.267123288,10,247.58333,12.708244
1976,71,2011,35,1948958.726027397,11,249,12.776053
1976,72,2011,35,1949683.041095891,12,262.91669,13.485099
1976,73,2012,36,1950431.5,1,292.79166,15.011635
1976,74,2012,36,1951484.864754098,2,268.75,13.771564
1976,75,2012,36,1952470.270491803,3,283.04169,14.496593
1976,76,2012,36,1953523.635245902,4,244.875,12.535042
1976,77,2012,36,1954543.020491803,5,267.375,13.679668
1976,78,2012,36,1955596.385245902,6,275.79166,14.102688
1976,79,2012,36,1956615.770491803,7,300.83334,15.375188
1976,80,2012,36,1957669.135245902,8,298.625,15.254109
1976,81,2012,36,1958722.5,9,266.125,13.586661
1976,82,2012,36,1959741.885245902,10,287.04166,14.646912
1976,83,2012,36,1960795.25,11,274.625,14.005796
1976,84,2012,36,1961814.635245902,12,305.08334,15.551079
1976,85,2013,37,1962868,1,271.58331,13.836045
1976,86,2013,37,1963656.716438356,2,263.375,13.412477
1976,87,2013,37,1964369.105479452,3,273.83334,13.940015
1976,88,2013,37,1965157.821917808,4,285.58334,14.532336
1976,89,2013,37,1965921.095890411,5,285.25,14.509738
1976,90,2013,37,1966709.812328767,6,306.58331,15.58864
1976,91,2013,37,1967473.08630137,7,304.29166,15.466115
1976,92,2013,37,1968261.802739726,8,299.875,15.235524
1976,93,2013,37,1969050.519178082,9,276.08334,14.021141
1976,94,2013,37,1969813.793150685,10,287.79169,14.610096
1976,95,2013,37,1970602.509589041,11,288.5,14.640192
1976,96,2013,37,1971365.783561644,12,313,15.877317
1976,97,2014,38,1972154.5,1,351.45834,17.821035
1976,98,2014,38,1972773.693150685,2,265.75,13.470881
1976,99,2014,38,1973332.964383562,3,284.20834,14.402452
1976,100,2014,38,1973952.157534247,4,307,15.552555
1976,101,2014,38,1974551.376712329,5,288.5,14.610914
1976,102,2014,38,1975170.569863014,6,294.25,14.897448
1976,103,2014,38,1975769.789041096,7,304.875,15.430695
1976,104,2014,38,1976388.982191781,8,303.75,15.368938
1976,105,2014,38,1977008.175342466,9,323.04166,16.339926
1976,106,2014,38,1977607.394520548,10,304.45831,15.395286
1976,107,2014,38,1978226.587671233,11,327.625,16.56155
1976,108,2014,38,1978825.806849315,12,359.83331,18.184183
1976,109,2015,39,1979445,1,369.29166,18.656322
1976,110,2015,39,1979136.146575342,2,342.875,17.324478
1976,111,2015,39,1978857.182191781,3,333.25,16.840528
1976,112,2015,39,1978548.328767123,4,334.95834,16.929501
1976,113,2015,39,1978249.438356164,5,339.25,17.149
1976,114,2015,39,1977940.584931507,6,337.16666,17.046349
1976,115,2015,39,1977641.694520548,7,362.79169,18.344662
1976,116,2015,39,1977332.84109589,8,382.5,19.34424
1976,117,2015,39,1977023.987671233,9,328.16669,16.599024
1976,118,2015,39,1976725.097260274,10,337.70834,17.084234
1976,119,2015,39,1976416.243835616,11,338.375,17.120634
1976,120,2015,39,1976117.353424658,12,372.45834,18.847986
1976,121,2016,40,1975808.5,1,390.25,19.751408
1976,122,2016,40,1976123.920765027,2,362.375,18.337666
1976,123,2016,40,1976418.991803279,3,395,19.985641
1976,124,2016,40,1976734.412568306,4,376.875,19.065535
1976,125,2016,40,1977039.658469945,5,354.625,17.937172
1976,126,2016,40,1977355.079234973,6,376.70831,19.051121
1976,127,2016,40,1977660.325136612,7,423.29169,21.40366
1976,128,2016,40,1977975.745901639,8,383.25,19.37587
1976,129,2016,40,1978291.166666667,9,402,20.320568
1976,130,2016,40,1978596.412568306,10,395.33334,19.980494
1976,131,2016,40,1978911.833333333,11,377.125,19.05719
1976,132,2016,40,1979217.079234973,12,438.79169,22.169962
1976,133,2017,41,1979532.5,1,457.25,23.098888
1976,134,2017,41,1981319.204109589,2,379.875,19.172832
1976,135,2017,41,1982933.001369863,3,413.79169,20.867659
1976,136,2017,41,1984719.705479452,4,408.33337,20.573856
1976,137,2017,41,1986448.773972603,5,417.875,21.036283
1976,138,2017,41,1988235.478082192,6,418.41666,21.044622
1976,139,2017,41,1989964.546575343,7,439.95834,22.108854
1976,140,2017,41,1991751.250684931,8,437.25,21.953043
1976,141,2017,41,1993537.954794521,9,417.625,20.948936
1976,142,2017,41,1995267.023287671,10,426.20834,21.360968
1976,143,2017,41,1997053.72739726,11,444.625,22.264048
1976,144,2017,41,1998782.795890411,12,461.375,23.082798
1976,145,2018,42,2000569.5,1,493.5,24.667976
1976,146,2018,42,2000452.804109589,2,405.75,20.282907
1976,147,2018,42,2000347.401369863,3,434,21.696232
1976,148,2018,42,2000230.705479452,4,413.875,20.691362
1976,149,2018,42,2000117.773972603,5,423.75,21.186253
1976,150,2018,42,2000001.078082192,6,439.25,21.962488
1976,151,2018,42,1999888.146575342,7,456.04169,22.80336
1976,152,2018,42,1999771.450684932,8,453,22.652588
1976,153,2018,42,1999654.754794521,9,440.41669,22.024637
1976,154,2018,42,1999541.823287671,10,456.45834,22.828146
1976,155,2018,42,1999425.12739726,11,414.125,20.712204
1976,156,2018,42,1999312.195890411,12,466.875,23.35178
1976,157,2019,43,1999195.5,1,435.29166,21.77334
1976,158,2019,43,1998888.387671233,2,427.875,21.405647
1976,159,2019,43,1998610.995890411,3,472.83331,23.658096
1976,160,2019,43,1998303.883561644,4,454.70837,22.754717
1976,161,2019,43,1998006.678082192,5,470.875,23.567238
1976,162,2019,43,1997699.565753425,6,459,22.976427
1976,163,2019,43,1997402.360273973,7,495.375,24.800962
1976,164,2019,43,1997095.247945206,8,490.125,24.541895
1976,165,2019,43,1996788.135616438,9,458.625,22.968136
1976,166,2019,43,1996490.930136986,10,472.08334,23.645655
1976,167,2019,43,1996183.817808219,11,506.25,25.360891
1976,168,2019,43,1995886.612328767,12,499.16669,25.009771
1976,169,2020,44,1995579.5,1,543.04163,27.212227
1976,170,2020,44,1995025.565573771,2,476.125,23.865608
1976,171,2020,44,1994507.368852459,3,590.70831,29.616753
1976,172,2020,44,1993953.434426229,4,700.08337,35.110317
1976,173,2020,44,1993417.368852459,5,678.25,34.024487
1976,174,2020,44,1992863.434426229,6,621.66663,31.194643
1976,175,2020,44,1992327.368852459,7,708.29169,35.550968
1976,176,2020,44,1991773.434426229,8,619.375,31.096659
1976,177,2020,44,1991219.5,9,594.25,29.843521
1976,178,2020,44,1990683.434426229,10,604,30.341339
1976,179,2020,44,1990129.5,11,644.875,32.403671
1976,180,2020,44,1989593.434426229,12,709.54169,35.662647
1976,181,2021,45,1989039.5,1,797.70831,40.105202
1976,182,2021,45,1988558.490410959,2,681.5,34.271057
1976,183,2021,45,1988124.030136986,3,741.95837,37.319523
1976,184,2021,45,1987643.020547945,4,690.625,34.745926
1976,185,2021,45,1987177.52739726,5,670.625,33.747616
1976,186,2021,45,1986696.517808219,6,686.16663,34.538071
1976,187,2021,45,1986231.024657534,7,738.95837,37.204048
1976,188,2021,45,1985750.015068493,8,931.125,46.890343
1976,189,2021,45,1985269.005479452,9,999.45831,50.343723
1976,190,2021,45,1984803.512328767,10,845.5,42.598675
1976,191,2021,45,1984322.502739726,11,778.5,39.232533
1976,192,2021,45,1983857.009589041,12,843.83337,42.534988
1977,1,2006,29,1928128.5,1,238.41666,12.365185
1977,2,2006,29,1930137.215068493,2,190.75,9.8827171
1977,3,2006,29,1931951.538356164,3,244.16667,12.638344
1977,4,2006,29,1933960.253424658,4,235.91667,12.198631
1977,5,2006,29,1935904.171232877,5,256.625,13.25608
1977,6,2006,29,1937912.88630137,6,249.04166,12.851025
1977,7,2006,29,1939856.804109589,7,273.29166,14.088239
1977,8,2006,29,1941865.519178082,8,246.875,12.71329
1977,9,2006,29,1943874.234246575,9,246.29166,12.670143
1977,10,2006,29,1945818.152054794,10,243.45834,12.511875
1977,11,2006,29,1947826.867123288,11,239.125,12.276502
1977,12,2006,29,1949770.784931507,12,229.95833,11.794121
1977,13,2007,30,1951779.5,1,222.70833,11.410527
1977,14,2007,30,1952641.384931507,2,217.375,11.132357
1977,15,2007,30,1953419.861643835,3,245.83334,12.584767
1977,16,2007,30,1954281.746575342,4,231.83334,11.862842
1977,17,2007,30,1955115.828767123,5,244,12.480079
1977,18,2007,30,1955977.71369863,6,239.5,12.244515
1977,19,2007,30,1956811.795890411,7,251.70833,12.863185
1977,20,2007,30,1957673.680821918,8,256,13.076745
1977,21,2007,30,1958535.565753425,9,251.125,12.822081
1977,22,2007,30,1959369.647945205,10,238.33333,12.163775
1977,23,2007,30,1960231.532876712,11,255.125,13.015044
1977,24,2007,30,1961065.615068493,12,257.58334,13.134866
1977,25,2008,31,1961927.5,1,243.625,12.417635
1977,26,2008,31,1961389.997267759,2,220.25,11.229281
1977,27,2008,31,1960887.172131147,3,234.5,11.958873
1977,28,2008,31,1960349.669398907,4,218.83334,11.162975
1977,29,2008,31,1959829.505464481,5,236,12.041863
1977,30,2008,31,1959292.00273224,6,262,13.372177
1977,31,2008,31,1958771.838797814,7,258.04166,13.173645
1977,32,2008,31,1958234.336065574,8,248.375,12.683619
1977,33,2008,31,1957696.833333333,9,241.79166,12.350822
1977,34,2008,31,1957176.669398907,10,275,14.050852
1977,35,2008,31,1956639.166666667,11,256.875,13.128379
1977,36,2008,31,1956119.00273224,12,262.875,13.4386
1977,37,2009,32,1955581.5,1,257.33331,13.158916
1977,38,2009,32,1957237.069863014,2,219.25,11.202016
1977,39,2009,32,1958732.423287671,3,233.83334,11.937993
1977,40,2009,32,1960387.993150685,4,210.66669,10.746173
1977,41,2009,32,1961990.157534247,5,272.5,13.888959
1977,42,2009,32,1963645.72739726,6,253.5,12.90966
1977,43,2009,32,1965247.891780822,7,244.20834,12.426338
1977,44,2009,32,1966903.461643836,8,251.75,12.799306
1977,45,2009,32,1968559.031506849,9,242.375,12.312305
1977,46,2009,32,1970161.195890411,10,235.08334,11.932188
1977,47,2009,32,1971816.765753425,11,260.5,13.211166
1977,48,2009,32,1973418.930136986,12,254.875,12.915402
1977,49,2010,33,1975074.5,1,244.79166,12.394047
1977,50,2010,33,1975561.879452055,2,217.875,11.028508
1977,51,2010,33,1976002.093150685,3,235.625,11.92433
1977,52,2010,33,1976489.47260274,4,223.33334,11.299496
1977,53,2010,33,1976961.130136986,5,270.125,13.663648
1977,54,2010,33,1977448.509589041,6,230.58333,11.660649
1977,55,2010,33,1977920.167123288,7,274,13.852935
1977,56,2010,33,1978407.546575343,8,249.875,12.630108
1977,57,2010,33,1978894.926027397,9,234.04167,11.826887
1977,58,2010,33,1979366.583561644,10,242.41666,12.247184
1977,59,2010,33,1979853.963013699,11,253.375,12.797661
1977,60,2010,33,1980325.620547945,12,260.95834,13.177547
1977,61,2011,34,1980813,1,260.54166,13.153269
1977,62,2011,34,1981432.108219178,2,238,12.011515
1977,63,2011,34,1981991.302739726,3,265.29169,13.385109
1977,64,2011,34,1982610.410958904,4,261.625,13.195987
1977,65,2011,34,1983209.547945205,5,262.125,13.217212
1977,66,2011,34,1983828.656164384,6,261.20831,13.166879
1977,67,2011,34,1984427.793150685,7,275.54166,13.885195
1977,68,2011,34,1985046.901369863,8,263.125,13.255354
1977,69,2011,34,1985666.009589041,9,243.875,12.281774
1977,70,2011,34,1986265.146575342,10,253.29167,12.752158
1977,71,2011,34,1986884.25479452,11,242.75,12.217622
1977,72,2011,34,1987483.391780822,12,267.83331,13.476003
1977,73,2012,35,1988102.5,1,243.45833,12.245764
1977,74,2012,35,1988907.017759563,2,258.625,13.003373
1977,75,2012,35,1989659.631147541,3,248.58333,12.493761
1977,76,2012,35,1990464.148907104,4,234.08334,11.760239
1977,77,2012,35,1991242.714480874,5,274,13.760251
1977,78,2012,35,1992047.232240437,6,274.125,13.760969
1977,79,2012,35,1992825.797814208,7,282.75,14.188396
1977,80,2012,35,1993630.31557377,8,285.875,14.339418
1977,81,2012,35,1994434.833333333,9,271.95834,13.63586
1977,82,2012,35,1995213.398907104,10,266.45834,13.354879
1977,83,2012,35,1996017.916666667,11,244.875,12.268176
1977,84,2012,35,1996796.482240437,12,293.5,14.698544
1977,85,2013,36,1997601,1,262.375,13.134505
1977,86,2013,36,1998929.116438356,2,247.625,12.387883
1977,87,2013,36,2000128.705479452,3,252.33334,12.615855
1977,88,2013,36,2001456.821917808,4,296.125,14.795473
1977,89,2013,36,2002742.095890411,5,298.125,14.88584
1977,90,2013,36,2004070.212328767,6,299.625,14.950824
1977,91,2013,36,2005355.48630137,7,301.29169,15.024353
1977,92,2013,36,2006683.602739726,8,291.625,14.532684
1977,93,2013,36,2008011.719178082,9,247.375,12.3194
1977,94,2013,36,2009296.993150685,10,292.20834,14.542815
1977,95,2013,36,2010625.109589041,11,263.625,13.111594
1977,96,2013,36,2011910.383561644,12,294.83334,14.654397
1977,97,2014,37,2013238.5,1,295.08331,14.657146
1977,98,2014,37,2014196.442465753,2,285.25,14.161975
1977,99,2014,37,2015061.680821918,3,299,14.838256
1977,100,2014,37,2016019.623287671,4,282.04169,13.990026
1977,101,2014,37,2016946.664383562,5,291.25,14.440144
1977,102,2014,37,2017904.606849315,6,299.70831,14.852452
1977,103,2014,37,2018831.647945205,7,293.29169,14.527793
1977,104,2014,37,2019789.590410959,8,319.125,15.799913
1977,105,2014,37,2020747.532876712,9,298.95831,14.794441
1977,106,2014,37,2021674.573972603,10,320.41669,15.849073
1977,107,2014,37,2022632.516438356,11,323.125,15.975468
1977,108,2014,37,2023559.557534247,12,314.04169,15.519271
1977,109,2015,38,2024517.5,1,330,16.30018
1977,110,2015,38,2025083.398630137,2,304.5,15.036418
1977,111,2015,38,2025594.532876712,3,342.79169,16.923016
1977,112,2015,38,2026160.431506849,4,302.125,14.911208
1977,113,2015,38,2026708.075342466,5,347.625,17.152199
1977,114,2015,38,2027273.973972603,6,348.91666,17.211124
1977,115,2015,38,2027821.617808219,7,349.41666,17.231134
1977,116,2015,38,2028387.516438356,8,379.25,18.697117
1977,117,2015,38,2028953.415068493,9,348.95834,17.198933
1977,118,2015,38,2029501.05890411,10,325.5,16.038425
1977,119,2015,38,2030066.957534247,11,323.5,15.935435
1977,120,2015,38,2030614.601369863,12,336.625,16.577494
1977,121,2016,39,2031180.5,1,395.29166,19.461178
1977,122,2016,39,2030573.628415301,2,335.75,16.534737
1977,123,2016,39,2030005.909836066,3,406.08331,20.004045
1977,124,2016,39,2029399.038251366,4,360.83334,17.780306
1977,125,2016,39,2028811.743169399,5,377.25,18.594627
1977,126,2016,39,2028204.871584699,6,370.79166,18.281765
1977,127,2016,39,2027617.576502732,7,407.83331,20.113916
1977,128,2016,39,2027010.704918033,8,390.625,19.270988
1977,129,2016,39,2026403.833333333,9,387.04169,19.099928
1977,130,2016,39,2025816.538251366,10,394.625,19.479799
1977,131,2016,39,2025209.666666667,11,415.5,20.516394
1977,132,2016,39,2024622.371584699,12,421.83331,20.835159
1977,133,2017,40,2024015.5,1,439.5,21.71426
1977,134,2017,40,2024210.842465753,2,388.125,19.174139
1977,135,2017,40,2024387.280821918,3,397.125,19.617046
1977,136,2017,40,2024582.623287671,4,419.625,20.726494
1977,137,2017,40,2024771.664383562,5,418.25,20.656651
1977,138,2017,40,2024967.006849315,6,394.95831,19.504433
1977,139,2017,40,2025156.047945205,7,438.16666,21.636192
1977,140,2017,40,2025351.390410959,8,411.375,20.311291
1977,141,2017,40,2025546.732876712,9,427.04169,21.082787
1977,142,2017,40,2025735.773972603,10,420.16669,20.741436
1977,143,2017,40,2025931.116438356,11,447.25,22.076269
1977,144,2017,40,2026120.157534247,12,407.375,20.106161
1977,145,2018,41,2026315.5,1,392.45834,19.368076
1977,146,2018,41,2028224.208219178,2,398.125,19.62924
1977,147,2018,41,2029948.202739726,3,447.58331,22.049002
1977,148,2018,41,2031856.910958904,4,417.54169,20.549759
1977,149,2018,41,2033704.047945205,5,423.625,20.830219
1977,150,2018,41,2035612.756164383,6,432.79166,21.261002
1977,151,2018,41,2037459.893150685,7,421.58331,20.691612
1977,152,2018,41,2039368.601369863,8,451.25,22.126947
1977,153,2018,41,2041277.309589041,9,449.95831,22.042978
1977,154,2018,41,2043124.446575342,10,463.95831,22.708275
1977,155,2018,41,2045033.15479452,11,414.125,20.250282
1977,156,2018,41,2046880.291780822,12,420.08331,20.523102
1977,157,2019,42,2048789,1,463.625,22.629221
1977,158,2019,42,2048513.397260274,2,424.875,20.74065
1977,159,2019,42,2048264.465753425,3,463.45834,22.626881
1977,160,2019,42,2047988.863013698,4,476.33334,23.258591
1977,161,2019,42,2047722.150684931,5,463.25,22.622698
1977,162,2019,42,2047446.547945205,6,448.75,21.917543
1977,163,2019,42,2047179.835616438,7,488.95831,23.884483
1977,164,2019,42,2046904.232876712,8,477,23.303484
1977,165,2019,42,2046628.630136986,9,455.91669,22.276474
1977,166,2019,42,2046361.917808219,10,420.125,20.530336
1977,167,2019,42,2046086.315068493,11,477.875,23.355564
1977,168,2019,42,2045819.602739726,12,467.33331,22.84333
1977,169,2020,43,2045544,1,564.54169,27.598608
1977,170,2020,43,2045018.693989071,2,469.875,22.976563
1977,171,2020,43,2044527.278688525,3,539.41669,26.383444
1977,172,2020,43,2044001.972677596,4,692.125,33.861267
1977,173,2020,43,2043493.612021858,5,644.25,31.526892
1977,174,2020,43,2042968.306010929,6,602.33331,29.483244
1977,175,2020,43,2042459.945355191,7,682.16663,33.399265
1977,176,2020,43,2041934.639344262,8,650.5,31.857042
1977,177,2020,43,2041409.333333333,9,583.25,28.570948
1977,178,2020,43,2040900.972677596,10,591.875,29.000671
1977,179,2020,43,2040375.666666667,11,606.375,29.718792
1977,180,2020,43,2039867.306010929,12,689.83331,33.817558
1977,181,2021,44,2039342,1,746.875,36.623333
1977,182,2021,44,2038918.404109589,2,666.375,32.68277
1977,183,2021,44,2038535.801369863,3,701.29169,34.401733
1977,184,2021,44,2038112.205479452,4,677.29169,33.231323
1977,185,2021,44,2037702.273972603,5,635.625,31.193222
1977,186,2021,44,2037278.678082192,6,713.66663,35.030388
1977,187,2021,44,2036868.746575342,7,728.125,35.747272
1977,188,2021,44,2036445.150684932,8,952,46.748127
1977,189,2021,44,2036021.554794521,9,990.20837,48.634476
1977,190,2021,44,2035611.623287671,10,824.54169,40.505844
1977,191,2021,44,2035188.02739726,11,697,34.247452
1977,192,2021,44,2034778.095890411,12,791.25,38.886303
1978,1,2006,28,1976490.5,1,225.5,11.409111
1978,2,2006,28,1976180.24520548,2,200.875,10.164812
1978,3,2006,28,1975900.015068493,3,243.08334,12.302411
1978,4,2006,28,1975589.760273973,4,247.08334,12.506814
1978,5,2006,28,1975289.51369863,5,258.875,13.105674
1978,6,2006,28,1974979.25890411,6,254.08331,12.865113
1978,7,2006,28,1974679.012328767,7,263.58334,13.348162
1978,8,2006,28,1974368.757534247,8,236,11.953188
1978,9,2006,28,1974058.502739726,9,275.58334,13.960242
1978,10,2006,28,1973758.256164384,10,281.58334,14.266355
1978,11,2006,28,1973448.001369863,11,252.875,12.813867
1978,12,2006,28,1973147.754794521,12,275.95831,13.985689
1978,13,2007,29,1972837.5,1,239.16666,12.122978
1978,14,2007,29,1975187.512328767,2,212.875,10.777458
1978,15,2007,29,1977310.104109589,3,246.70833,12.476967
1978,16,2007,29,1979660.116438356,4,252.20834,12.739982
1978,17,2007,29,1981934.321917808,5,248.625,12.544563
1978,18,2007,29,1984284.334246575,6,252.25,12.712392
1978,19,2007,29,1986558.539726028,7,255.45834,12.859342
1978,20,2007,29,1988908.552054795,8,263.125,13.229618
1978,21,2007,29,1991258.564383562,9,264.04166,13.260038
1978,22,2007,29,1993532.769863014,10,242.125,12.145524
1978,23,2007,29,1995882.782191781,11,235.375,11.793027
1978,24,2007,29,1998156.987671233,12,255.125,12.768016
1978,25,2008,30,2000507,1,235.08333,11.751187
1978,26,2008,30,2001360.728142077,2,221.625,11.073716
1978,27,2008,30,2002159.37704918,3,260.70834,13.021358
1978,28,2008,30,2003013.105191257,4,225.62502,11.26428
1978,29,2008,30,2003839.293715847,5,272,13.573943
1978,30,2008,30,2004693.021857924,6,265.66666,13.252236
1978,31,2008,30,2005519.210382514,7,260.58331,12.993309
1978,32,2008,30,2006372.93852459,8,257.5,12.834105
1978,33,2008,30,2007226.666666667,9,237.20834,11.817716
1978,34,2008,30,2008052.855191257,10,257.04169,12.800544
1978,35,2008,30,2008906.583333333,11,236,11.747684
1978,36,2008,30,2009732.771857924,12,234.29166,11.657851
1978,37,2009,31,2010586.5,1,264.29166,13.145003
1978,38,2009,31,2010212.164383562,2,216.5,10.770007
1978,39,2009,31,2009874.054794521,3,240.33333,11.957631
1978,40,2009,31,2009499.719178082,4,208.79167,10.390231
1978,41,2009,31,2009137.45890411,5,266.5,13.264399
1978,42,2009,31,2008763.123287671,6,248.83333,12.38739
1978,43,2009,31,2008400.863013699,7,240.45833,11.972627
1978,44,2009,31,2008026.527397261,8,250.5,12.474935
1978,45,2009,31,2007652.191780822,9,245.08333,12.207459
1978,46,2009,31,2007289.93150685,10,243.29166,12.120404
1978,47,2009,31,2006915.595890411,11,265.5,13.229256
1978,48,2009,31,2006553.335616439,12,231.08333,11.516431
1978,49,2010,32,2006179,1,240.58333,11.992117
1978,50,2010,32,2006636.356164383,2,221.875,11.05706
1978,51,2010,32,2007049.452054794,3,241.95834,12.055425
1978,52,2010,32,2007506.808219178,4,229.29167,11.421713
1978,53,2010,32,2007949.410958904,5,275.125,13.70179
1978,54,2010,32,2008406.767123288,6,257.70831,12.83148
1978,55,2010,32,2008849.369863014,7,266.95831,13.289116
1978,56,2010,32,2009306.726027397,8,242.375,12.062618
1978,57,2010,32,2009764.082191781,9,220.04166,10.948631
1978,58,2010,32,2010206.684931507,10,267.875,13.325745
1978,59,2010,32,2010664.04109589,11,263.625,13.111341
1978,60,2010,32,2011106.643835616,12,250.45833,12.453756
1978,61,2011,33,2011564,1,272.625,13.552887
1978,62,2011,33,2012306.38630137,2,237.25,11.789954
1978,63,2011,33,2012976.928767123,3,267.125,13.270147
1978,64,2011,33,2013719.315068493,4,252.75,12.551402
1978,65,2011,33,2014437.753424658,5,261.625,12.987494
1978,66,2011,33,2015180.139726027,6,268.95831,13.346614
1978,67,2011,33,2015898.578082192,7,293.33334,14.550997
1978,68,2011,33,2016640.964383562,8,268.625,13.320417
1978,69,2011,33,2017383.350684932,9,228.75,11.338945
1978,70,2011,33,2018101.789041096,10,257.58331,12.763643
1978,71,2011,33,2018844.175342466,11,243.75,12.07374
1978,72,2011,33,2019562.61369863,12,271.83331,13.46001
1978,73,2012,34,2020305,1,275.87497,13.655115
1978,74,2012,34,2020890.612021858,2,247.75,12.259446
1978,75,2012,34,2021438.442622951,3,251.58334,12.445758
1978,76,2012,34,2022024.054644809,4,244,12.067117
1978,77,2012,34,2022590.775956284,5,272.75,13.48518
1978,78,2012,34,2023176.387978142,6,293.83331,14.523366
1978,79,2012,34,2023743.109289618,7,300.41666,14.844604
1978,80,2012,34,2024328.721311476,8,285.5,14.10344
1978,81,2012,34,2024914.333333333,9,262.66669,12.971744
1978,82,2012,34,2025481.054644809,10,248.125,12.250176
1978,83,2012,34,2026066.666666667,11,279.375,13.789033
1978,84,2012,34,2026633.387978142,12,261.375,12.897004
1978,85,2013,35,2027219,1,271.29166,13.382454
1978,86,2013,35,2028209.258904109,2,263.75,13.004083
1978,87,2013,35,2029103.68630137,3,305.91666,15.076443
1978,88,2013,35,2030093.945205479,4,278.16669,13.702158
1978,89,2013,35,2031052.260273973,5,288.875,14.222923
1978,90,2013,35,2032042.519178082,6,291.41666,14.341071
1978,91,2013,35,2033000.834246575,7,313.25,15.408257
1978,92,2013,35,2033991.093150685,8,281,13.815203
1978,93,2013,35,2034981.352054794,9,276.29166,13.57711
1978,94,2013,35,2035939.667123287,10,282.5,13.875657
1978,95,2013,35,2036929.926027397,11,270.5,13.279789
1978,96,2013,35,2037888.24109589,12,304.54166,14.943982
1978,97,2014,36,2038878.5,1,341.54166,16.751448
1978,98,2014,36,2040568.509589041,2,285,13.966696
1978,99,2014,36,2042094.969863014,3,282.91669,13.854238
1978,100,2014,36,2043784.979452055,4,308.375,15.088427
1978,101,2014,36,2045420.47260274,5,290.625,14.20857
1978,102,2014,36,2047110.482191781,6,303.125,14.807457
1978,103,2014,36,2048745.975342466,7,288.66669,14.089921
1978,104,2014,36,2050435.984931507,8,313.875,15.30772
1978,105,2014,36,2052125.994520548,9,299.75,14.606803
1978,106,2014,36,2053761.487671233,10,309.95831,15.092225
1978,107,2014,36,2055451.497260274,11,317.625,15.452809
1978,108,2014,36,2057086.990410959,12,327.33331,15.912468
1978,109,2015,37,2058777,1,329.20834,15.990481
1978,110,2015,37,2059728.063013699,2,287.625,13.964222
1978,111,2015,37,2060587.087671233,3,354.95834,17.226078
1978,112,2015,37,2061538.150684932,4,314.08334,15.235389
1978,113,2015,37,2062458.534246576,5,320.875,15.557889
1978,114,2015,37,2063409.597260274,6,346.33331,16.784515
1978,115,2015,37,2064329.980821918,7,345.875,16.754831
1978,116,2015,37,2065281.043835616,8,362.5,17.55209
1978,117,2015,37,2066232.106849315,9,351.625,17.017691
1978,118,2015,37,2067152.490410959,10,352.29166,17.042364
1978,119,2015,37,2068103.553424658,11,325.375,15.733013
1978,120,2015,37,2069023.936986302,12,342.66666,16.561754
1978,121,2016,38,2069975,1,377.99997,18.261089
1978,122,2016,38,2070394.389344262,2,326,15.745792
1978,123,2016,38,2070786.721311475,3,379.125,18.30826
1978,124,2016,38,2071206.110655738,4,360.04169,17.38319
1978,125,2016,38,2071611.971311475,5,371.625,17.938929
1978,126,2016,38,2072031.360655738,6,376.16666,18.154486
1978,127,2016,38,2072437.221311475,7,390.83331,18.858633
1978,128,2016,38,2072856.610655738,8,417.5,20.141287
1978,129,2016,38,2073276,9,360.29166,17.377892
1978,130,2016,38,2073681.860655738,10,395.58331,19.076374
1978,131,2016,38,2074101.25,11,393,18.947966
1978,132,2016,38,2074507.110655738,12,440.16669,21.217892
1978,133,2017,39,2074926.5,1,428.29166,20.641293
1978,134,2017,39,2073988.516438356,2,357.25,17.225264
1978,135,2017,39,2073141.305479452,3,409.625,19.758663
1978,136,2017,39,2072203.321917808,4,394.33334,19.029665
1978,137,2017,39,2071295.595890411,5,399.25,19.275375
1978,138,2017,39,2070357.612328767,6,394.95831,19.076817
1978,139,2017,39,2069449.88630137,7,421.20834,20.353638
1978,140,2017,39,2068511.902739726,8,409.625,19.802883
1978,141,2017,39,2067573.919178082,9,407.91666,19.729242
1978,142,2017,39,2066666.193150685,10,400.95834,19.401215
1978,143,2017,39,2065728.209589041,11,409.375,19.817467
1978,144,2017,39,2064820.483561644,12,419.375,20.310482
1978,145,2018,40,2063882.5,1,447.625,21.688492
1978,146,2018,40,2063946.241095891,2,359.625,17.424145
1978,147,2018,40,2064003.81369863,3,427.625,20.718227
1978,148,2018,40,2064067.554794521,4,389.33334,18.862432
1978,149,2018,40,2064129.239726027,5,439.125,21.274103
1978,150,2018,40,2064192.980821918,6,453.29166,21.959751
1978,151,2018,40,2064254.665753425,7,435.79169,21.111334
1978,152,2018,40,2064318.406849315,8,445.125,21.562807
1978,153,2018,40,2064382.147945205,9,436.5,21.144341
1978,154,2018,40,2064443.832876712,10,415.125,20.108322
1978,155,2018,40,2064507.573972603,11,417.5,20.22274
1978,156,2018,40,2064569.25890411,12,450.58334,21.82457
1978,157,2019,41,2064633,1,433.45834,20.99445
1978,158,2019,41,2066422.549315069,2,413.25,19.998329
1978,159,2019,41,2068038.916438356,3,486.33334,23.516644
1978,160,2019,41,2069828.465753425,4,448.875,21.686581
1978,161,2019,41,2071560.287671233,5,434.75,20.986597
1978,162,2019,41,2073349.836986301,6,457.04166,22.043634
1978,163,2019,41,2075081.65890411,7,491.29166,23.675776
1978,164,2019,41,2076871.208219178,8,464,22.341299
1978,165,2019,41,2078660.757534247,9,482.75,23.224089
1978,166,2019,41,2080392.579452055,10,458.45834,22.037107
1978,167,2019,41,2082182.128767123,11,491.375,23.599041
1978,168,2019,41,2083913.950684932,12,507.20834,24.339218
1978,169,2020,42,2085703.5,1,506.41666,24.280376
1978,170,2020,42,2085190.68715847,2,470.625,22.569878
1978,171,2020,42,2084710.959016393,3,519.5,24.919521
1978,172,2020,42,2084198.146174863,4,663.16669,31.818792
1978,173,2020,42,2083701.87568306,5,633.875,30.420618
1978,174,2020,42,2083189.06284153,6,568.625,27.295891
1978,175,2020,42,2082692.792349727,7,692.875,33.26823
1978,176,2020,42,2082179.979508197,8,687.375,33.012276
1978,177,2020,42,2081667.166666667,9,578.70837,27.800236
1978,178,2020,42,2081170.896174863,10,608.20837,29.224337
1978,179,2020,42,2080658.083333333,11,586.125,28.170174
1978,180,2020,42,2080161.81284153,12,718.70837,34.550598
1978,181,2021,43,2079649,1,789.125,37.945107
1978,182,2021,43,2079290.716438356,2,624,30.010233
1978,183,2021,43,2078967.105479452,3,627.33337,30.175243
1978,184,2021,43,2078608.821917808,4,687.5,33.075005
1978,185,2021,43,2078262.095890411,5,641.75,30.879166
1978,186,2021,43,2077903.812328767,6,701.04163,33.737926
1978,187,2021,43,2077557.08630137,7,723.45831,34.822548
1978,188,2021,43,2077198.802739726,8,936.75,45.09679
1978,189,2021,43,2076840.519178082,9,938.83337,45.204884
1978,190,2021,43,2076493.793150685,10,818.625,39.423428
1978,191,2021,43,2076135.509589041,11,723.375,34.842381
1978,192,2021,43,2075788.783561644,12,790.91663,38.101978
1979,1,2006,27,2050160.5,1,236.79167,11.549909
1979,2,2006,27,2050710.771232877,2,234.75,11.44725
1979,3,2006,27,2051207.790410959,3,244.75,11.931994
1979,4,2006,27,2051758.061643836,4,262.83334,12.810153
1979,5,2006,27,2052290.582191781,5,281.375,13.710291
1979,6,2006,27,2052840.853424658,6,266.75,12.994188
1979,7,2006,27,2053373.373972603,7,279.95834,13.634069
1979,8,2006,27,2053923.64520548,8,257.25,12.524808
1979,9,2006,27,2054473.916438356,9,274.20834,13.346889
1979,10,2006,27,2055006.436986301,10,269.04169,13.092011
1979,11,2006,27,2055556.708219178,11,220,10.702697
1979,12,2006,27,2056089.228767123,12,255.95834,12.448795
1979,13,2007,28,2056639.5,1,243.41667,11.83565
1979,14,2007,28,2056287.71369863,2,212.125,10.31592
1979,15,2007,28,2055969.971232877,3,239.66667,11.657109
1979,16,2007,28,2055618.184931507,4,234.16667,11.391545
1979,17,2007,28,2055277.746575342,5,272.625,13.26463
1979,18,2007,28,2054925.960273972,6,273.16666,13.293261
1979,19,2007,28,2054585.521917808,7,280.08334,13.63211
1979,20,2007,28,2054233.735616438,8,287,13.971147
1979,21,2007,28,2053881.949315068,9,256.95834,12.510862
1979,22,2007,28,2053541.510958904,10,265.375,12.922797
1979,23,2007,28,2053189.724657534,11,225.125,10.964646
1979,24,2007,28,2052849.28630137,12,255.95833,12.468442
1979,25,2008,29,2052497.5,1,237.625,11.577359
1979,26,2008,29,2055031.792349727,2,220.125,10.711514
1979,27,2008,29,2057402.581967213,3,258.04166,12.542109
1979,28,2008,29,2059936.87431694,4,249.29169,12.101909
1979,29,2008,29,2062389.415300546,5,286.5,13.891654
1979,30,2008,29,2064923.707650273,6,263.58331,12.764796
1979,31,2008,29,2067376.24863388,7,264.83334,12.810119
1979,32,2008,29,2069910.540983607,8,271.875,13.134625
1979,33,2008,29,2072444.833333333,9,235.41666,11.359369
1979,34,2008,29,2074897.37431694,10,239.91666,11.56282
1979,35,2008,29,2077431.666666667,11,245.25,11.805443
1979,36,2008,29,2079884.207650273,12,244.5,11.755462
1979,37,2009,30,2082418.5,1,248.99998,11.95725
1979,38,2009,30,2083593.739726027,2,232.375,11.152606
1979,39,2009,30,2084655.246575342,3,249.45834,11.966408
1979,40,2009,30,2085830.48630137,4,228.5,10.954869
1979,41,2009,30,2086967.815068493,5,257,12.314517
1979,42,2009,30,2088143.05479452,6,255.58333,12.239742
1979,43,2009,30,2089280.383561644,7,273.04166,13.068694
1979,44,2009,30,2090455.623287671,8,248.625,11.89334
1979,45,2009,30,2091630.863013698,9,255.08334,12.195428
1979,46,2009,30,2092768.191780822,10,268.95834,12.851798
1979,47,2009,30,2093943.431506849,11,266,12.703304
1979,48,2009,30,2095080.760273973,12,243.41667,11.618486
1979,49,2010,31,2096256,1,252.58333,12.049259
1979,50,2010,31,2096667.663013699,2,210.875,10.057627
1979,51,2010,31,2097039.487671233,3,256.79169,12.245439
1979,52,2010,31,2097451.150684931,4,236.41667,11.271618
1979,53,2010,31,2097849.534246575,5,274.625,13.090786
1979,54,2010,31,2098261.197260274,6,269.375,12.838011
1979,55,2010,31,2098659.580821918,7,264.25,12.591371
1979,56,2010,31,2099071.243835616,8,266.75,12.708001
1979,57,2010,31,2099482.906849315,9,237.83334,11.328187
1979,58,2010,31,2099881.290410959,10,232.45834,11.07007
1979,59,2010,31,2100292.953424658,11,248.375,11.825731
1979,60,2010,31,2100691.336986301,12,251.91667,11.992085
1979,61,2011,32,2101103,1,263.79166,12.554914
1979,62,2011,32,2101877.065753425,2,233.25,11.097223
1979,63,2011,32,2102576.221917808,3,245.58334,11.680116
1979,64,2011,32,2103350.287671233,4,259.625,12.343403
1979,65,2011,32,2104099.383561644,5,268.625,12.766745
1979,66,2011,32,2104873.449315068,6,276.16666,13.120345
1979,67,2011,32,2105622.545205479,7,289.58331,13.75286
1979,68,2011,32,2106396.610958904,8,284.875,13.524282
1979,69,2011,32,2107170.676712329,9,239.83333,11.38177
1979,70,2011,32,2107919.77260274,10,250.08334,11.863988
1979,71,2011,32,2108693.838356164,11,253.625,12.027588
1979,72,2011,32,2109442.934246575,12,242.29167,11.48605
1979,73,2012,33,2110217,1,250.95833,11.892536
1979,74,2012,33,2111032.232240437,2,238.875,11.315555
1979,75,2012,33,2111794.868852459,3,269.41669,12.757711
1979,76,2012,33,2112610.101092896,4,254.5,12.046709
1979,77,2012,33,2113399.035519126,5,254.375,12.036298
1979,78,2012,33,2114214.267759563,6,281.79166,13.328434
1979,79,2012,33,2115003.202185792,7,301.54169,14.257269
1979,80,2012,33,2115818.434426229,8,270.625,12.790559
1979,81,2012,33,2116633.666666667,9,267.91666,12.657678
1979,82,2012,33,2117422.601092896,10,252.125,11.907165
1979,83,2012,33,2118237.833333333,11,250.875,11.843571
1979,84,2012,33,2119026.767759563,12,289.70834,13.671764
1979,85,2013,34,2119842,1,277.625,13.096495
1979,86,2013,34,2120535.593150685,2,247.625,11.677474
1979,87,2013,34,2121162.064383562,3,311.375,14.679454
1979,88,2013,34,2121855.657534247,4,282.16669,13.298109
1979,89,2013,34,2122526.876712329,5,265.375,12.502787
1979,90,2013,34,2123220.469863014,6,296.25,13.952861
1979,91,2013,34,2123891.689041096,7,317.08331,14.929355
1979,92,2013,34,2124585.282191781,8,292.375,13.761509
1979,93,2013,34,2125278.875342466,9,300.625,14.145203
1979,94,2013,34,2125950.094520548,10,275.25,12.947152
1979,95,2013,34,2126643.687671233,11,277.25,13.036975
1979,96,2013,34,2127314.906849315,12,297.33334,13.976932
1979,97,2014,35,2128008.5,1,308.625,14.502996
1979,98,2014,35,2129298.142465753,2,268.75,12.62153
1979,99,2014,35,2130462.980821918,3,291.5,13.682472
1979,100,2014,35,2131752.623287671,4,312.58334,14.663209
1979,101,2014,35,2133000.664383562,5,284,13.314576
1979,102,2014,35,2134290.306849315,6,295.45831,13.843398
1979,103,2014,35,2135538.347945206,7,314.41666,14.723063
1979,104,2014,35,2136827.990410959,8,313.5,14.671279
1979,105,2014,35,2138117.632876712,9,303.58334,14.198627
1979,106,2014,35,2139365.673972603,10,308.375,14.414319
1979,107,2014,35,2140655.316438356,11,346.75,16.198311
1979,108,2014,35,2141903.357534247,12,347.16669,16.208326
1979,109,2015,36,2143193,1,312.66666,14.588824
1979,110,2015,36,2145097.504109589,2,293.875,13.699843
1979,111,2015,36,2146817.701369863,3,331.58334,15.445342
1979,112,2015,36,2148722.205479452,4,300.875,14.002508
1979,113,2015,36,2150565.273972603,5,324.625,15.094869
1979,114,2015,36,2152469.778082192,6,328.70831,15.271216
1979,115,2015,36,2154312.846575343,7,364.45834,16.917614
1979,116,2015,36,2156217.350684932,8,367,17.020548
1979,117,2015,36,2158121.854794521,9,347.58331,16.105824
1979,118,2015,36,2159964.923287671,10,340.20834,15.750642
1979,119,2015,36,2161869.42739726,11,331.25,15.322387
1979,120,2015,36,2163712.495890411,12,350.66669,16.206713
1979,121,2016,37,2165617,1,354.79166,16.382936
1979,122,2016,37,2166531.75409836,2,321.375,14.833616
1979,123,2016,37,2167387.491803279,3,386.83334,17.847908
1979,124,2016,37,2168302.24590164,4,369.95834,17.06212
1979,125,2016,37,2169187.491803279,5,379.5,17.495029
1979,126,2016,37,2170102.24590164,6,376.45831,17.347492
1979,127,2016,37,2170987.491803279,7,386.125,17.785685
1979,128,2016,37,2171902.24590164,8,395.5,18.209843
1979,129,2016,37,2172817,9,370,17.028585
1979,130,2016,37,2173702.24590164,10,428.45834,19.710995
1979,131,2016,37,2174617,11,405.625,18.65271
1979,132,2016,37,2175502.24590164,12,419.91666,19.302055
1979,133,2017,38,2176417,1,435.66666,20.017609
1979,134,2017,38,2176633.065753425,2,375.25,17.239929
1979,135,2017,38,2176828.221917808,3,415.33334,19.079748
1979,136,2017,38,2177044.287671233,4,400,18.373535
1979,137,2017,38,2177253.383561644,5,406.375,18.664572
1979,138,2017,38,2177469.449315068,6,409.79166,18.819628
1979,139,2017,38,2177678.545205479,7,420.375,19.303814
1979,140,2017,38,2177894.610958904,8,432.875,19.875847
1979,141,2017,38,2178110.676712329,9,388.08334,17.81743
1979,142,2017,38,2178319.77260274,10,423.91669,19.460718
1979,143,2017,38,2178535.838356164,11,384.75,17.660944
1979,144,2017,38,2178744.934246575,12,424.79166,19.49708
1979,145,2018,39,2178961,1,416.70831,19.124174
1979,146,2018,39,2177715.097260274,2,379.625,17.432262
1979,147,2018,39,2176589.765753425,3,425,19.525957
1979,148,2018,39,2175343.863013699,4,415.20834,19.087021
1979,149,2018,39,2174138.150684932,5,424.5,19.524979
1979,150,2018,39,2172892.247945205,6,476.04166,21.908203
1979,151,2018,39,2171686.535616438,7,444.20831,20.454533
1979,152,2018,39,2170440.632876712,8,435.375,20.05929
1979,153,2018,39,2169194.730136986,9,444.33331,20.483791
1979,154,2018,39,2167989.017808219,10,430.5,19.857111
1979,155,2018,39,2166743.115068493,11,422.375,19.493544
1979,156,2018,39,2165537.402739726,12,469.25,21.668985
1979,157,2019,40,2164291.5,1,466.5,21.554398
1979,158,2019,40,2163788.408219178,2,429.75,19.861
1979,159,2019,40,2163334.002739726,3,475.41666,21.97611
1979,160,2019,40,2162830.910958904,4,446.33334,20.636534
1979,161,2019,40,2162344.047945205,5,445.625,20.608423
1979,162,2019,40,2161840.956164383,6,455.20831,21.056513
1979,163,2019,40,2161354.093150685,7,470.04166,21.747555
1979,164,2019,40,2160851.001369863,8,472,21.843246
1979,165,2019,40,2160347.909589041,9,465.25,21.535883
1979,166,2019,40,2159861.046575342,10,443.5,20.533728
1979,167,2019,40,2159357.954794521,11,467.75,21.661531
1979,168,2019,40,2158871.091780822,12,477.375,22.112251
1979,169,2020,41,2158368,1,471.125,21.827835
1979,170,2020,41,2157856.118852459,2,480.125,22.250093
1979,171,2020,41,2157377.262295082,3,513.125,23.784668
1979,172,2020,41,2156865.381147541,4,603.83337,27.995876
1979,173,2020,41,2156370.012295082,5,654.25,30.34034
1979,174,2020,41,2155858.131147541,6,578.625,26.839661
1979,175,2020,41,2155362.762295082,7,727.66663,33.76075
1979,176,2020,41,2154850.881147541,8,685.375,31.806145
1979,177,2020,41,2154339,9,597.41669,27.730858
1979,178,2020,41,2153843.631147541,10,614.58331,28.534258
1979,179,2020,41,2153331.75,11,629.5,29.233768
1979,180,2020,41,2152836.381147541,12,660.58331,30.684324
1979,181,2021,42,2152324.5,1,767.125,35.641697
1979,182,2021,42,2152020.232876712,2,556.875,25.876848
1979,183,2021,42,2151745.410958904,3,615.75,28.616304
1979,184,2021,42,2151441.143835616,4,646.375,30.043816
1979,185,2021,42,2151146.691780822,5,672.375,31.256586
1979,186,2021,42,2150842.424657534,6,682.375,31.725941
1979,187,2021,42,2150547.972602739,7,727.33337,33.820839
1979,188,2021,42,2150243.705479452,8,869,40.414024
1979,189,2021,42,2149939.438356164,9,888.54169,41.328686
1979,190,2021,42,2149644.98630137,10,833.83337,38.789352
1979,191,2021,42,2149340.719178082,11,721.125,33.550987
1979,192,2021,42,2149046.267123288,12,788.125,36.673244
1980,1,2006,26,2117254,1,233,11.004821
1980,2,2006,26,2116518.365753425,2,230.125,10.872809
1980,3,2006,26,2115853.921917808,3,230.79167,10.907732
1980,4,2006,26,2115118.287671233,4,275.25,13.013456
1980,5,2006,26,2114406.383561644,5,283.5,13.408018
1980,6,2006,26,2113670.749315069,6,289.41666,13.692608
1980,7,2006,26,2112958.845205479,7,307.54169,14.555025
1980,8,2006,26,2112223.210958904,8,298.75,14.143865
1980,9,2006,26,2111487.576712329,9,284.45831,13.471939
1980,10,2006,26,2110775.67260274,10,278.04166,13.172487
1980,11,2006,26,2110040.038356164,11,244.75,11.599306
1980,12,2006,26,2109328.134246575,12,267.45831,12.679787
1980,13,2007,27,2108592.5,1,253.20833,12.008405
1980,14,2007,27,2109283.163013699,2,215,10.193036
1980,15,2007,27,2109906.987671233,3,250.16666,11.856762
1980,16,2007,27,2110597.650684931,4,250.79167,11.882496
1980,17,2007,27,2111266.034246575,5,274.625,13.007598
1980,18,2007,27,2111956.697260274,6,262.75,12.44107
1980,19,2007,27,2112625.080821918,7,296.875,14.052423
1980,20,2007,27,2113315.743835616,8,260.75,12.33843
1980,21,2007,27,2114006.406849315,9,250.58334,11.85348
1980,22,2007,27,2114674.790410959,10,235.375,11.130553
1980,23,2007,27,2115365.453424658,11,258.125,12.202383
1980,24,2007,27,2116033.836986301,12,275.16669,13.003889
1980,25,2008,28,2116724.5,1,251.5,11.881565
1980,26,2008,28,2116159.046448087,2,230.125,10.874655
1980,27,2008,28,2115630.073770492,3,277.25,13.104843
1980,28,2008,28,2115064.620218579,4,251.75,11.90271
1980,29,2008,28,2114517.407103825,5,286.5,13.549191
1980,30,2008,28,2113951.953551913,6,248.66666,11.763118
1980,31,2008,28,2113404.740437158,7,260.83334,12.341855
1980,32,2008,28,2112839.286885246,8,268.5,12.708018
1980,33,2008,28,2112273.833333333,9,251.58334,11.910546
1980,34,2008,28,2111726.620218579,10,227.5,10.773175
1980,35,2008,28,2111161.166666667,11,243.5,11.533937
1980,36,2008,28,2110613.953551913,12,257.45834,12.198268
1980,37,2009,29,2110048.5,1,270.875,12.837382
1980,38,2009,29,2112480.683561644,2,220,10.414296
1980,39,2009,29,2114677.494520548,3,236.20834,11.169947
1980,40,2009,29,2117109.678082192,4,248.16667,11.721956
1980,41,2009,29,2119463.404109589,5,248.625,11.730563
1980,42,2009,29,2121895.587671233,6,263.75,12.429924
1980,43,2009,29,2124249.31369863,7,279.33331,13.149742
1980,44,2009,29,2126681.497260274,8,256.375,12.055166
1980,45,2009,29,2129113.680821918,9,252.33334,11.851567
1980,46,2009,29,2131467.406849315,10,249.66666,11.713369
1980,47,2009,29,2133899.590410959,11,244.125,11.440323
1980,48,2009,29,2136253.316438356,12,231.54167,10.83868
1980,49,2010,30,2138685.5,1,219.83333,10.278899
1980,50,2010,30,2138969.21369863,2,238.25,11.138543
1980,51,2010,30,2139225.471232877,3,259.125,12.113029
1980,52,2010,30,2139509.184931507,4,254.33334,11.887462
1980,53,2010,30,2139783.746575342,5,276,12.898499
1980,54,2010,30,2140067.460273973,6,257.70831,12.042065
1980,55,2010,30,2140342.021917808,7,263.20834,12.29749
1980,56,2010,30,2140625.735616439,8,261.75,12.227733
1980,57,2010,30,2140909.449315068,9,236.08334,11.027246
1980,58,2010,30,2141184.010958904,10,239.20834,11.171779
1980,59,2010,30,2141467.724657534,11,239.875,11.201429
1980,60,2010,30,2141742.28630137,12,239.54166,11.184429
1980,61,2011,31,2142026,1,259,12.091356
1980,62,2011,31,2142875.52739726,2,241.375,11.26407
1980,63,2011,31,2143642.842465754,3,260.08334,12.132774
1980,64,2011,31,2144492.369863014,4,262.5,12.240659
1980,65,2011,31,2145314.493150685,5,270.375,12.603047
1980,66,2011,31,2146164.020547945,6,266.95831,12.438859
1980,67,2011,31,2146986.143835616,7,269.66669,12.560244
1980,68,2011,31,2147835.671232877,8,266.5,12.40784
1980,69,2011,31,2148685.198630137,9,267.125,12.432021
1980,70,2011,31,2149507.321917808,10,251.95833,11.721678
1980,71,2011,31,2150356.849315069,11,243.625,11.329515
1980,72,2011,31,2151178.97260274,12,233.33333,10.846765
1980,73,2012,32,2152028.5,1,272.33334,12.654728
1980,74,2012,32,2152923.095628415,2,239.75,11.136023
1980,75,2012,32,2153759.975409836,3,279.54169,12.97924
1980,76,2012,32,2154654.571038251,4,267.16669,12.399513
1980,77,2012,32,2155520.30874317,5,276.375,12.821731
1980,78,2012,32,2156414.904371585,6,275.54166,12.777766
1980,79,2012,32,2157280.642076503,7,289.20831,13.406152
1980,80,2012,32,2158175.237704918,8,253.375,11.740242
1980,81,2012,32,2159069.833333333,9,257.125,11.909063
1980,82,2012,32,2159935.571038251,10,238.16666,11.026563
1980,83,2012,32,2160830.166666667,11,252.125,11.66797
1980,84,2012,32,2161695.904371585,12,288.125,13.328655
1980,85,2013,33,2162590.5,1,268.375,12.409885
1980,86,2013,33,2163613.287671233,2,244.875,11.317873
1980,87,2013,33,2164537.095890411,3,286.875,13.253411
1980,88,2013,33,2165559.883561644,4,278,12.837327
1980,89,2013,33,2166549.678082192,5,268,12.369899
1980,90,2013,33,2167572.465753425,6,275.58331,12.713915
1980,91,2013,33,2168562.260273973,7,303.375,13.989684
1980,92,2013,33,2169585.047945206,8,282.875,13.038207
1980,93,2013,33,2170607.835616438,9,293.66666,13.529236
1980,94,2013,33,2171597.630136986,10,274,12.617438
1980,95,2013,33,2172620.417808219,11,255.25,11.748486
1980,96,2013,33,2173610.212328767,12,302.75,13.92844
1980,97,2014,34,2174633,1,321.625,14.789852
1980,98,2014,34,2175550.430136986,2,251,11.53731
1980,99,2014,34,2176379.076712329,3,283.875,13.043454
1980,100,2014,34,2177296.506849315,4,287.66669,13.212105
1980,101,2014,34,2178184.342465754,5,297.125,13.640948
1980,102,2014,34,2179101.77260274,6,304.25,13.962174
1980,103,2014,34,2179989.608219178,7,306.70834,14.069257
1980,104,2014,34,2180907.038356164,8,318,14.581089
1980,105,2014,34,2181824.468493151,9,327.79166,15.023741
1980,106,2014,34,2182712.304109589,10,282.875,12.959793
1980,107,2014,34,2183629.734246575,11,287.125,13.148978
1980,108,2014,34,2184517.569863014,12,282.83331,12.947175
1980,109,2015,35,2185435,1,351.66666,16.091381
1980,110,2015,35,2186865.628767123,2,303.625,13.884027
1980,111,2015,35,2188157.809589041,3,339.375,15.509622
1980,112,2015,35,2189588.438356164,4,295.91669,13.514717
1980,113,2015,35,2190972.917808219,5,338.125,15.432642
1980,114,2015,35,2192403.546575342,6,303.83331,13.858458
1980,115,2015,35,2193788.026027397,7,356.20831,16.237135
1980,116,2015,35,2195218.654794521,8,366.625,16.701069
1980,117,2015,35,2196649.283561644,9,346.29169,15.764542
1980,118,2015,35,2198033.763013699,10,328.66666,14.952758
1980,119,2015,35,2199464.391780822,11,303.125,13.781764
1980,120,2015,35,2200848.871232877,12,339.5,15.425866
1980,121,2016,36,2202279.5,1,348.5,15.824512
1980,122,2016,36,2204284.801912569,2,339.125,15.384809
1980,123,2016,36,2206160.729508197,3,375.79169,17.033741
1980,124,2016,36,2208166.031420765,4,381.70834,17.286215
1980,125,2016,36,2210106.646174863,5,387.5,17.533091
1980,126,2016,36,2212111.948087431,6,371.79166,16.807091
1980,127,2016,36,2214052.56284153,7,408.16666,18.435274
1980,128,2016,36,2216057.864754098,8,377.875,17.051676
1980,129,2016,36,2218063.166666667,9,370.625,16.709398
1980,130,2016,36,2220003.781420765,10,383.16666,17.259729
1980,131,2016,36,2222009.083333333,11,361.625,16.274687
1980,132,2016,36,2223949.698087431,12,387.375,17.418335
1980,133,2017,37,2225955,1,449.91666,20.212297
1980,134,2017,37,2226703.756164384,2,347.25,15.5948
1980,135,2017,37,2227380.052054795,3,433.625,19.467939
1980,136,2017,37,2228128.808219178,4,397.08334,17.821383
1980,137,2017,37,2228853.410958904,5,410.125,18.400717
1980,138,2017,37,2229602.167123287,6,428.16666,19.203724
1980,139,2017,37,2230326.769863014,7,413.375,18.534279
1980,140,2017,37,2231075.526027397,8,435.5,19.519733
1980,141,2017,37,2231824.282191781,9,352.125,15.777452
1980,142,2017,37,2232548.884931507,10,418.33334,18.737925
1980,143,2017,37,2233297.64109589,11,340.875,15.263304
1980,144,2017,37,2234022.243835616,12,423.08334,18.938189
1980,145,2018,38,2234771,1,432.12497,19.336432
1980,146,2018,38,2234839.030136987,2,390.875,17.490074
1980,147,2018,38,2234900.476712329,3,397.45834,17.784163
1980,148,2018,38,2234968.506849315,4,417.45837,18.67849
1980,149,2018,38,2235034.342465754,5,401.5,17.96393
1980,150,2018,38,2235102.37260274,6,449.29163,20.101612
1980,151,2018,38,2235168.208219178,7,458.70831,20.522318
1980,152,2018,38,2235236.238356165,8,435.75,19.494583
1980,153,2018,38,2235304.268493151,9,409.33334,18.312199
1980,154,2018,38,2235370.104109589,10,400,17.894129
1980,155,2018,38,2235438.134246576,11,410.75,18.374474
1980,156,2018,38,2235503.969863014,12,400.04166,17.89492
1980,157,2019,39,2235572,1,455.41666,20.37137
1980,158,2019,39,2233588.382191781,2,385.875,17.276012
1980,159,2019,39,2231796.72739726,3,456.54169,20.45624
1980,160,2019,39,2229813.109589041,4,428.00003,19.194435
1980,161,2019,39,2227893.479452055,5,462.125,20.742689
1980,162,2019,39,2225909.861643836,6,440.04166,19.76907
1980,163,2019,39,2223990.23150685,7,449.66669,20.218914
1980,164,2019,39,2222006.61369863,8,478.125,21.517714
1980,165,2019,39,2220022.995890411,9,440.25,19.830875
1980,166,2019,39,2218103.365753424,10,419.375,18.906919
1980,167,2019,39,2216119.747945205,11,451.75,20.384729
1980,168,2019,39,2214200.117808219,12,495.16666,22.36323
1980,169,2020,40,2212216.5,1,496.25,22.432253
1980,170,2020,40,2211733.797814208,2,469,21.205084
1980,171,2020,40,2211282.237704918,3,528.33331,23.892622
1980,172,2020,40,2210799.535519126,4,615.375,27.834953
1980,173,2020,40,2210332.404371585,5,657.25,29.735346
1980,174,2020,40,2209849.702185792,6,585.70837,26.504444
1980,175,2020,40,2209382.571038251,7,710.625,32.163963
1980,176,2020,40,2208899.868852459,8,649,29.381142
1980,177,2020,40,2208417.166666667,9,588,26.625404
1980,178,2020,40,2207950.035519126,10,596,26.993364
1980,179,2020,40,2207467.333333333,11,591.375,26.789751
1980,180,2020,40,2207000.202185792,12,652.25,29.55369
1980,181,2021,41,2206517.5,1,723.66663,32.796776
1980,182,2021,41,2206255.061643836,2,578.125,26.203905
1980,183,2021,41,2206018.020547946,3,658,29.827499
1980,184,2021,41,2205755.582191781,4,664.16669,30.11062
1980,185,2021,41,2205501.609589041,5,666,30.197212
1980,186,2021,41,2205239.171232877,6,666.125,30.206474
1980,187,2021,41,2204985.198630137,7,715.29163,32.439747
1980,188,2021,41,2204722.760273973,8,829.125,37.60677
1980,189,2021,41,2204460.321917809,9,870.33331,39.48056
1980,190,2021,41,2204206.349315069,10,788.125,35.755501
1980,191,2021,41,2203943.910958904,11,699.875,31.755571
1980,192,2021,41,2203689.938356165,12,748.70837,33.975216
1981,1,2006,25,2138793,1,256.08331,11.973263
1981,2,2006,25,2138121.573972602,2,214.625,10.038016
1981,3,2006,25,2137515.124657534,3,263.41669,12.323501
1981,4,2006,25,2136843.698630137,4,269.54169,12.614011
1981,5,2006,25,2136193.931506849,5,270.375,12.656857
1981,6,2006,25,2135522.505479452,6,299.75,14.036378
1981,7,2006,25,2134872.738356164,7,310.16666,14.528578
1981,8,2006,25,2134201.312328767,8,279.125,13.078663
1981,9,2006,25,2133529.886301369,9,279.375,13.094497
1981,10,2006,25,2132880.119178082,10,295.45834,13.852552
1981,11,2006,25,2132208.693150685,11,242.875,11.390771
1981,12,2006,25,2131558.926027397,12,298.66669,14.011655
1981,13,2007,26,2130887.5,1,257.70834,12.093945
1981,14,2007,26,2130084.769863014,2,227.25,10.66859
1981,15,2007,26,2129359.723287671,3,263.5,12.374612
1981,16,2007,26,2128556.993150685,4,249.70834,11.731344
1981,17,2007,26,2127780.157534246,5,278.25,13.077009
1981,18,2007,26,2126977.42739726,6,259.41666,12.196493
1981,19,2007,26,2126200.591780822,7,284.75,13.392433
1981,20,2007,26,2125397.861643835,8,268.5,12.632929
1981,21,2007,26,2124595.131506849,9,254.25,11.966986
1981,22,2007,26,2123818.295890411,10,255.29167,12.020411
1981,23,2007,26,2123015.565753425,11,245.5,11.56374
1981,24,2007,26,2122238.730136986,12,253,11.921373
1981,25,2008,27,2121436,1,239.58333,11.29345
1981,26,2008,27,2122080.393442623,2,241.5,11.380342
1981,27,2008,27,2122683.213114754,3,262.79169,12.380165
1981,28,2008,27,2123327.606557377,4,246.66667,11.616986
1981,29,2008,27,2123951.213114754,5,272.875,12.847517
1981,30,2008,27,2124595.606557377,6,250.54166,11.792439
1981,31,2008,27,2125219.213114754,7,268.20831,12.620266
1981,32,2008,27,2125863.606557377,8,264,12.418483
1981,33,2008,27,2126508,9,241,11.333134
1981,34,2008,27,2127131.606557377,10,236.08334,11.098671
1981,35,2008,27,2127776,11,246.5,11.584867
1981,36,2008,27,2128399.606557377,12,221.58333,10.410795
1981,37,2009,28,2129044,1,243.37498,11.431187
1981,38,2009,28,2128455.891780822,2,212,9.9602718
1981,39,2009,28,2127924.697260274,3,240.54166,11.304049
1981,40,2009,28,2127336.589041096,4,228.16669,10.725463
1981,41,2009,28,2126767.452054795,5,259.375,12.195739
1981,42,2009,28,2126179.343835616,6,256.45831,12.061933
1981,43,2009,28,2125610.206849315,7,272.91666,12.83945
1981,44,2009,28,2125022.098630137,8,277.125,13.04104
1981,45,2009,28,2124433.990410959,9,237.95833,11.201022
1981,46,2009,28,2123864.853424658,10,243,11.441406
1981,47,2009,28,2123276.74520548,11,232.25,10.938282
1981,48,2009,28,2122707.608219178,12,208.95833,9.8439522
1981,49,2010,29,2122119.5,1,217.29167,10.23937
1981,50,2010,29,2122270.508219178,2,237.125,11.173175
1981,51,2010,29,2122406.902739726,3,264.54169,12.464231
1981,52,2010,29,2122557.910958904,4,257.08334,12.111959
1981,53,2010,29,2122704.047945206,5,272.125,12.819734
1981,54,2010,29,2122855.056164383,6,242,11.399742
1981,55,2010,29,2123001.193150685,7,265.95834,12.527471
1981,56,2010,29,2123152.201369863,8,275.125,12.958326
1981,57,2010,29,2123303.209589041,9,225.625,10.626132
1981,58,2010,29,2123449.346575343,10,236.08333,11.117917
1981,59,2010,29,2123600.35479452,11,228.5,10.760028
1981,60,2010,29,2123746.491780822,12,234.20834,11.028074
1981,61,2011,30,2123897.5,1,258.41666,12.167096
1981,62,2011,30,2124620.521917808,2,236.875,11.14905
1981,63,2011,30,2125273.573972603,3,253.79166,11.9416
1981,64,2011,30,2125996.595890411,4,244.66667,11.508328
1981,65,2011,30,2126696.294520548,5,272.375,12.807424
1981,66,2011,30,2127419.316438356,6,268.5,12.620925
1981,67,2011,30,2128119.015068493,7,273.58334,12.855641
1981,68,2011,30,2128842.036986301,8,275.5,12.941308
1981,69,2011,30,2129565.05890411,9,242.41666,11.383389
1981,70,2011,30,2130264.757534246,10,251.41667,11.802133
1981,71,2011,30,2130987.779452055,11,235,11.02775
1981,72,2011,30,2131687.478082192,12,248.33334,11.649613
1981,73,2012,31,2132410.5,1,256.75,12.040364
1981,74,2012,31,2133446.331967213,2,249.5,11.694693
1981,75,2012,31,2134415.336065574,3,300.54166,14.080749
1981,76,2012,31,2135451.168032787,4,236.29167,11.065187
1981,77,2012,31,2136453.586065574,5,294.375,13.778675
1981,78,2012,31,2137489.418032787,6,282.04166,13.194997
1981,79,2012,31,2138491.836065574,7,306.20834,14.318892
1981,80,2012,31,2139527.668032787,8,264.375,12.356699
1981,81,2012,31,2140563.5,9,254.54166,11.891338
1981,82,2012,31,2141565.918032787,10,234,10.926584
1981,83,2012,31,2142601.75,11,243.375,11.358853
1981,84,2012,31,2143604.168032787,12,275.54166,12.85413
1981,85,2013,32,2144640,1,253.91666,11.839594
1981,86,2013,32,2145763.643835616,2,244.875,11.412021
1981,87,2013,32,2146778.547945206,3,280,13.042798
1981,88,2013,32,2147902.191780822,4,263.91669,12.287184
1981,89,2013,32,2148989.589041096,5,260.75,12.133609
1981,90,2013,32,2150113.232876712,6,264.16666,12.286174
1981,91,2013,32,2151200.630136986,7,275.29169,12.797118
1981,92,2013,32,2152324.273972603,8,283.25,13.160192
1981,93,2013,32,2153447.917808219,9,287.58331,13.354551
1981,94,2013,32,2154535.315068493,10,244.70833,11.357824
1981,95,2013,32,2155658.958904109,11,275.625,12.786114
1981,96,2013,32,2156746.356164384,12,280,12.982519
1981,97,2014,33,2157870,1,290.5,13.46235
1981,98,2014,33,2159217.268493151,2,240.5,11.138295
1981,99,2014,33,2160434.156164384,3,283.08334,13.103077
1981,100,2014,33,2161781.424657534,4,260.04169,12.029046
1981,101,2014,33,2163085.232876712,5,292.5,13.522352
1981,102,2014,33,2164432.501369863,6,303.91669,14.041403
1981,103,2014,33,2165736.309589041,7,282.66666,13.051758
1981,104,2014,33,2167083.578082192,8,308.625,14.24149
1981,105,2014,33,2168430.846575343,9,297.625,13.725363
1981,106,2014,33,2169734.654794521,10,291.83334,13.450186
1981,107,2014,33,2171081.923287671,11,279.75,12.885281
1981,108,2014,33,2172385.731506849,12,300.125,13.815456
1981,109,2015,34,2173733,1,364.12497,16.751137
1981,110,2015,34,2174632.764383561,2,280,12.875737
1981,111,2015,34,2175445.454794521,3,365.625,16.806902
1981,112,2015,34,2176345.219178082,4,314.45834,14.448918
1981,113,2015,34,2177215.958904109,5,336.75,15.467
1981,114,2015,34,2178115.723287671,6,308.58331,14.167443
1981,115,2015,34,2178986.463013698,7,348.33331,15.986025
1981,116,2015,34,2179886.22739726,8,336,15.413649
1981,117,2015,34,2180785.991780822,9,322.625,14.793978
1981,118,2015,34,2181656.731506849,10,352.33334,16.149807
1981,119,2015,34,2182556.495890411,11,327,14.98243
1981,120,2015,34,2183427.235616438,12,305.45831,13.989856
1981,121,2016,35,2184327,1,314.25,14.386582
1981,122,2016,35,2185704.043715847,2,346.125,15.835858
1981,123,2016,35,2186992.245901639,3,384.83334,17.596466
1981,124,2016,35,2188369.289617486,4,373.125,17.050367
1981,125,2016,35,2189701.912568306,5,389.25,17.776392
1981,126,2016,35,2191078.956284153,6,388.79166,17.744301
1981,127,2016,35,2192411.579234973,7,411.79169,18.782591
1981,128,2016,35,2193788.622950819,8,382.75,17.446987
1981,129,2016,35,2195165.666666667,9,363.04169,16.538237
1981,130,2016,35,2196498.289617486,10,382.45834,17.412186
1981,131,2016,35,2197875.333333333,11,376.875,17.147242
1981,132,2016,35,2199207.956284153,12,399.41666,18.16184
1981,133,2017,36,2200585,1,423.75,19.256243
1981,134,2017,36,2202614.905479452,2,382.5,17.365723
1981,135,2017,36,2204448.368493151,3,442.70834,20.0825
1981,136,2017,36,2206478.273972603,4,384.45837,17.424072
1981,137,2017,36,2208442.698630137,5,404,18.293434
1981,138,2017,36,2210472.604109589,6,401.875,18.180502
1981,139,2017,36,2212437.028767123,7,410.04166,18.533484
1981,140,2017,36,2214466.934246575,8,436.625,19.716934
1981,141,2017,36,2216496.839726027,9,375.83331,16.956186
1981,142,2017,36,2218461.264383562,10,391.25,17.636097
1981,143,2017,36,2220491.169863014,11,348.125,15.677837
1981,144,2017,36,2222455.594520548,12,405.75,18.256832
1981,145,2018,37,2224485.5,1,412.41666,18.539867
1981,146,2018,37,2225147.41369863,2,386.375,17.364017
1981,147,2018,37,2225745.271232877,3,372.08334,16.717247
1981,148,2018,37,2226407.184931507,4,395.25,17.752817
1981,149,2018,37,2227047.746575342,5,398.5,17.893644
1981,150,2018,37,2227709.660273972,6,423.25,18.999334
1981,151,2018,37,2228350.221917808,7,431.54166,19.365971
1981,152,2018,37,2229012.135616438,8,429.25,19.25741
1981,153,2018,37,2229674.049315068,9,410,18.388338
1981,154,2018,37,2230314.610958904,10,401.08334,17.983263
1981,155,2018,37,2230976.524657534,11,369.625,16.567858
1981,156,2018,37,2231617.08630137,12,377.83334,16.930922
1981,157,2019,38,2232279,1,463.54166,20.7654
1981,158,2019,38,2232493.664383562,2,382.875,17.150105
1981,159,2019,38,2232687.554794521,3,450.16669,20.162548
1981,160,2019,38,2232902.219178082,4,419.45837,18.785345
1981,161,2019,38,2233109.958904109,5,440,19.703463
1981,162,2019,38,2233324.623287671,6,423.83331,18.977686
1981,163,2019,38,2233532.363013699,7,457.91669,20.501905
1981,164,2019,38,2233747.02739726,8,436.875,19.557945
1981,165,2019,38,2233961.691780822,9,425.08331,19.028227
1981,166,2019,38,2234169.431506849,10,437.95831,19.602736
1981,167,2019,38,2234384.095890411,11,423.75,18.964958
1981,168,2019,38,2234591.835616438,12,414.54169,18.551115
1981,169,2020,39,2234806.5,1,479.29166,21.446674
1981,170,2020,39,2234370.975409836,2,474.25,21.225214
1981,171,2020,39,2233963.549180328,3,531.83337,23.806717
1981,172,2020,39,2233528.024590164,4,599.66669,26.848406
1981,173,2020,39,2233106.549180328,5,631.25,28.267796
1981,174,2020,39,2232671.024590164,6,567.125,25.40119
1981,175,2020,39,2232249.549180328,7,658.04169,29.478859
1981,176,2020,39,2231814.024590164,8,624.125,27.96492
1981,177,2020,39,2231378.5,9,555.5,24.894924
1981,178,2020,39,2230957.024590164,10,549.83331,24.645626
1981,179,2020,39,2230521.5,11,568.375,25.481709
1981,180,2020,39,2230100.024590164,12,564.79169,25.325846
1981,181,2021,40,2229664.5,1,714.95831,32.065735
1981,182,2021,40,2229460.749315069,2,587.5,26.351664
1981,183,2021,40,2229276.716438356,3,614.79169,27.578079
1981,184,2021,40,2229072.965753425,4,604.83337,27.133852
1981,185,2021,40,2228875.787671233,5,655.625,29.415052
1981,186,2021,40,2228672.036986302,6,641.33331,28.776478
1981,187,2021,40,2228474.85890411,7,671.66669,30.140196
1981,188,2021,40,2228271.108219178,8,812.5,36.463245
1981,189,2021,40,2228067.357534247,9,868,38.957531
1981,190,2021,40,2227870.179452055,10,757.58331,34.004822
1981,191,2021,40,2227666.428767123,11,678.625,30.463493
1981,192,2021,40,2227469.250684931,12,680.875,30.567202
1982,1,2006,24,2144471,1,258.45834,12.052312
1982,2,2006,24,2144844.910958904,2,246.375,11.486844
1982,3,2006,24,2145182.636986301,3,254.75,11.875445
1982,4,2006,24,2145556.547945206,4,273.29169,12.737566
1982,5,2006,24,2145918.397260274,5,288.625,13.449952
1982,6,2006,24,2146292.308219178,6,288.79166,13.455374
1982,7,2006,24,2146654.157534247,7,325,15.13984
1982,8,2006,24,2147028.068493151,8,287.625,13.396425
1982,9,2006,24,2147401.979452055,9,260.125,12.113475
1982,10,2006,24,2147763.828767123,10,293.45834,13.663436
1982,11,2006,24,2148137.739726027,11,242.875,11.306305
1982,12,2006,24,2148499.589041096,12,258.79166,12.045227
1982,13,2007,25,2148873.5,1,251.66666,11.711562
1982,14,2007,25,2148118.883561644,2,213.125,9.9214716
1982,15,2007,25,2147437.294520548,3,258.16669,12.022082
1982,16,2007,25,2146682.678082191,4,274.75,12.798818
1982,17,2007,25,2145952.404109589,5,278.125,12.960446
1982,18,2007,25,2145197.787671233,6,277.54166,12.937812
1982,19,2007,25,2144467.51369863,7,294.29169,13.723299
1982,20,2007,25,2143712.897260274,8,291.75,13.609565
1982,21,2007,25,2142958.280821918,9,266.625,12.441913
1982,22,2007,25,2142228.006849315,10,262.20834,12.239983
1982,23,2007,25,2141473.390410959,11,263.125,12.287101
1982,24,2007,25,2140743.116438356,12,281.70831,13.15937
1982,25,2008,26,2139988.5,1,230.83333,10.786662
1982,26,2008,26,2138939.412568306,2,219.25,10.250407
1982,27,2008,26,2137958.008196721,3,255.125,11.933116
1982,28,2008,26,2136908.920765027,4,237.70834,11.123934
1982,29,2008,26,2135893.674863388,5,277.75,13.003924
1982,30,2008,26,2134844.587431694,6,253.375,11.868546
1982,31,2008,26,2133829.341530055,7,286.83334,13.442187
1982,32,2008,26,2132780.254098361,8,279.625,13.110821
1982,33,2008,26,2131731.166666667,9,270.83334,12.704855
1982,34,2008,26,2130715.920765027,10,220,10.325168
1982,35,2008,26,2129666.833333333,11,246.125,11.556972
1982,36,2008,26,2128651.587431694,12,237.25,11.145554
1982,37,2009,27,2127602.5,1,206.54166,9.7077179
1982,38,2009,27,2128098.75479452,2,208.875,9.8150988
1982,39,2009,27,2128546.984931507,3,249.625,11.727484
1982,40,2009,27,2129043.239726027,4,226.83334,10.654239
1982,41,2009,27,2129523.48630137,5,245.75,11.54014
1982,42,2009,27,2130019.74109589,6,250.875,11.77806
1982,43,2009,27,2130499.987671233,7,285.16669,13.384966
1982,44,2009,27,2130996.242465754,8,273,12.810909
1982,45,2009,27,2131492.497260274,9,238.66666,11.197162
1982,46,2009,27,2131972.743835616,10,241.41667,11.323628
1982,47,2009,27,2132468.998630137,11,231,10.832514
1982,48,2009,27,2132949.245205479,12,231.95833,10.875005
1982,49,2010,28,2133445.5,1,246.5,11.55408
1982,50,2010,28,2133511.109589041,2,216.5,10.147592
1982,51,2010,28,2133570.369863014,3,239.79166,11.238985
1982,52,2010,28,2133635.979452054,4,244.45834,11.457359
1982,53,2010,28,2133699.472602739,5,271,12.700945
1982,54,2010,28,2133765.082191781,6,238.79166,11.191094
1982,55,2010,28,2133828.575342466,7,252.58333,11.837095
1982,56,2010,28,2133894.184931507,8,269,12.606061
1982,57,2010,28,2133959.794520548,9,240,11.246697
1982,58,2010,28,2134023.287671233,10,237.95834,11.150691
1982,59,2010,28,2134088.897260274,11,229.625,10.759861
1982,60,2010,28,2134152.390410959,12,228.25,10.695112
1982,61,2011,29,2134218,1,244.87498,11.473757
1982,62,2011,29,2134792.98630137,2,233.25,10.926118
1982,63,2011,29,2135312.328767123,3,268.66669,12.582079
1982,64,2011,29,2135887.315068493,4,236.29169,11.062928
1982,65,2011,29,2136443.753424658,5,264.625,12.386238
1982,66,2011,29,2137018.739726027,6,261.54166,12.238623
1982,67,2011,29,2137575.178082192,7,284.875,13.327017
1982,68,2011,29,2138150.164383562,8,282.125,13.194817
1982,69,2011,29,2138725.150684932,9,236.08333,11.038507
1982,70,2011,29,2139281.589041096,10,235.95833,11.029793
1982,71,2011,29,2139856.575342466,11,215.625,10.07661
1982,72,2011,29,2140413.01369863,12,233.66666,10.916896
1982,73,2012,30,2140988,1,250.62498,11.706043
1982,74,2012,30,2141882.214480874,2,233.625,10.907462
1982,75,2012,30,2142718.737704918,3,262.41669,12.246903
1982,76,2012,30,2143612.952185792,4,233.79169,10.906432
1982,77,2012,30,2144478.321038251,5,267.25,12.462238
1982,78,2012,30,2145372.535519126,6,268.58331,12.519193
1982,79,2012,30,2146237.904371585,7,305.875,14.251682
1982,80,2012,30,2147132.118852459,8,264.25,12.307114
1982,81,2012,30,2148026.333333333,9,257.41669,11.983871
1982,82,2012,30,2148891.702185792,10,270.41666,12.584005
1982,83,2012,30,2149785.916666667,11,263.875,12.274478
1982,84,2012,30,2150651.285519126,12,267.33334,12.430344
1982,85,2013,31,2151545.5,1,252.875,11.75318
1982,86,2013,31,2152905.847945205,2,248.75,11.554152
1982,87,2013,31,2154134.549315068,3,292.75,13.590144
1982,88,2013,31,2155494.897260274,4,266.33334,12.356018
1982,89,2013,31,2156811.363013699,5,263.375,12.211313
1982,90,2013,31,2158171.710958904,6,280.5,12.997112
1982,91,2013,31,2159488.176712329,7,270.66669,12.533835
1982,92,2013,31,2160848.524657534,8,277.5,12.842177
1982,93,2013,31,2162208.87260274,9,274.95834,12.716549
1982,94,2013,31,2163525.338356164,10,248.08334,11.466625
1982,95,2013,31,2164885.68630137,11,286,13.210859
1982,96,2013,31,2166202.152054795,12,279,12.879684
1982,97,2014,32,2167562.5,1,300.83331,13.878876
1982,98,2014,32,2169056.105479452,2,265.625,12.24611
1982,99,2014,32,2170405.168493151,3,260.91669,12.021565
1982,100,2014,32,2171898.773972603,4,250.04167,11.512584
1982,101,2014,32,2173344.198630137,5,296.75,13.654073
1982,102,2014,32,2174837.804109589,6,286.04166,13.152321
1982,103,2014,32,2176283.228767124,7,279,12.820023
1982,104,2014,32,2177776.834246575,8,308,14.142863
1982,105,2014,32,2179270.439726028,9,279.58334,12.829218
1982,106,2014,32,2180715.864383562,10,302.33334,13.86395
1982,107,2014,32,2182209.469863014,11,294,13.472584
1982,108,2014,32,2183654.894520548,12,300.04169,13.740344
1982,109,2015,33,2185148.5,1,297.99997,13.637516
1982,110,2015,33,2186560.74109589,2,279.5,12.782632
1982,111,2015,33,2187836.31369863,3,326.45831,14.921515
1982,112,2015,33,2189248.554794521,4,297.79169,13.602461
1982,113,2015,33,2190615.239726027,5,335.375,15.309626
1982,114,2015,33,2192027.480821918,6,316.45831,14.436786
1982,115,2015,33,2193394.165753425,7,349.45834,15.932309
1982,116,2015,33,2194806.406849315,8,340.375,15.508202
1982,117,2015,33,2196218.647945206,9,311.58331,14.187263
1982,118,2015,33,2197585.332876713,10,303.58331,13.814404
1982,119,2015,33,2198997.573972603,11,315.25,14.336078
1982,120,2015,33,2200364.25890411,12,327,14.861176
1982,121,2016,34,2201776.5,1,321.33331,14.594275
1982,122,2016,34,2202547.519125683,2,338.25,15.357217
1982,123,2016,34,2203268.795081967,3,343.95834,15.611275
1982,124,2016,34,2204039.81420765,4,351.375,15.942316
1982,125,2016,34,2204785.961748634,5,362.25,16.430166
1982,126,2016,34,2205556.980874317,6,370.04166,16.777697
1982,127,2016,34,2206303.128415301,7,385.04166,17.451893
1982,128,2016,34,2207074.147540984,8,395,17.896997
1982,129,2016,34,2207845.166666667,9,343.29169,15.548721
1982,130,2016,34,2208591.31420765,10,364.625,16.509392
1982,131,2016,34,2209362.333333333,11,370.375,16.763887
1982,132,2016,34,2210108.480874317,12,369.33334,16.711096
1982,133,2017,35,2210879.5,1,394.79166,17.85677
1982,134,2017,35,2212182.604109589,2,373.25,16.872477
1982,135,2017,35,2213359.601369863,3,389.54166,17.599566
1982,136,2017,35,2214662.705479452,4,372.45834,16.817837
1982,137,2017,35,2215923.773972603,5,388.5,17.532192
1982,138,2017,35,2217226.878082192,6,369.45831,16.66308
1982,139,2017,35,2218487.946575343,7,428.08334,19.296177
1982,140,2017,35,2219791.050684932,8,409.375,18.442051
1982,141,2017,35,2221094.154794521,9,395.25,17.795284
1982,142,2017,35,2222355.223287671,10,373.125,16.789619
1982,143,2017,35,2223658.32739726,11,353.5,15.897226
1982,144,2017,35,2224919.395890411,12,412.66666,18.547487
1982,145,2018,36,2226222.5,1,421.20831,18.920315
1982,146,2018,36,2228335.808219178,2,360.75,16.189211
1982,147,2018,36,2230244.602739726,3,399.20831,17.899755
1982,148,2018,36,2232357.910958904,4,370.5,16.596802
1982,149,2018,36,2234403.047945206,5,379.5,16.984402
1982,150,2018,36,2236516.356164384,6,430.54166,19.250547
1982,151,2018,36,2238561.493150685,7,421.04169,18.808582
1982,152,2018,36,2240674.801369863,8,410.875,18.337111
1982,153,2018,36,2242788.109589041,9,378.04166,16.855879
1982,154,2018,36,2244833.246575342,10,397.66666,17.714752
1982,155,2018,36,2246946.554794521,11,381.5,16.978598
1982,156,2018,36,2248991.691780822,12,392.33334,17.444855
1982,157,2019,37,2251105,1,429.70831,19.088772
1982,158,2019,37,2251377.67260274,2,362,16.079044
1982,159,2019,37,2251623.957534247,3,432.625,19.213909
1982,160,2019,37,2251896.630136986,4,424.25,18.839674
1982,161,2019,37,2252160.506849315,5,442.625,19.653351
1982,162,2019,37,2252433.179452055,6,417.125,18.518862
1982,163,2019,37,2252697.056164383,7,440.91666,19.572834
1982,164,2019,37,2252969.728767123,8,406,18.020658
1982,165,2019,37,2253242.401369863,9,421.70831,18.715622
1982,166,2019,37,2253506.278082192,10,433.70834,19.245935
1982,167,2019,37,2253778.950684932,11,406,18.014189
1982,168,2019,37,2254042.82739726,12,411,18.233904
1982,169,2020,38,2254315.5,1,485.625,21.542015
1982,170,2020,38,2253934.903005464,2,414.875,18.406698
1982,171,2020,38,2253578.860655738,3,501.375,22.247946
1982,172,2020,38,2253198.263661202,4,565.04169,25.077318
1982,173,2020,38,2252829.943989071,5,582.125,25.839722
1982,174,2020,38,2252449.346994536,6,544.45831,24.171833
1982,175,2020,38,2252081.027322405,7,628.29163,27.89827
1982,176,2020,38,2251700.430327869,8,625,27.756802
1982,177,2020,38,2251319.833333333,9,518.79163,23.043888
1982,178,2020,38,2250951.513661202,10,523.16663,23.242022
1982,179,2020,38,2250570.916666667,11,589.625,26.198908
1982,180,2020,38,2250202.596994536,12,568.66663,25.271797
1982,181,2021,39,2249822,1,690.95831,30.711687
1982,182,2021,39,2249723.352054794,2,587.25,26.10321
1982,183,2021,39,2249634.250684931,3,586.25,26.059792
1982,184,2021,39,2249535.602739726,4,615.79169,27.37417
1982,185,2021,39,2249440.136986301,5,621.375,27.623541
1982,186,2021,39,2249341.489041096,6,627.83337,27.911875
1982,187,2021,39,2249246.023287671,7,641.125,28.503996
1982,188,2021,39,2249147.375342465,8,798.75,35.513458
1982,189,2021,39,2249048.72739726,9,812.04169,36.106007
1982,190,2021,39,2248953.261643835,10,710.25,31.581358
1982,191,2021,39,2248854.61369863,11,629.625,27.997585
1982,192,2021,39,2248759.147945205,12,707.70831,31.471058
1983,1,2006,23,2141200.5,1,267.375,12.487154
1983,2,2006,23,2140779.876712329,2,242.625,11.333487
1983,3,2006,23,2140399.958904109,3,279.25,13.046627
1983,4,2006,23,2139979.335616438,4,287.79169,13.448339
1983,5,2006,23,2139572.280821918,5,296.75,13.869595
1983,6,2006,23,2139151.657534246,6,283.45831,13.250969
1983,7,2006,23,2138744.602739726,7,333.29169,15.58352
1983,8,2006,23,2138323.979452054,8,282.25,13.19959
1983,9,2006,23,2137903.356164383,9,244.79166,11.450081
1983,10,2006,23,2137496.301369863,10,271.41669,12.697879
1983,11,2006,23,2137075.678082191,11,263.125,12.312386
1983,12,2006,23,2136668.623287671,12,237.83334,11.131036
1983,13,2007,24,2136248,1,267.08334,12.50245
1983,14,2007,24,2136711.51369863,2,207,9.6877842
1983,15,2007,24,2137130.171232877,3,272.54169,12.752695
1983,16,2007,24,2137593.684931507,4,279.08334,13.055959
1983,17,2007,24,2138042.246575342,5,280.75,13.131172
1983,18,2007,24,2138505.760273973,6,276.25,12.917898
1983,19,2007,24,2138954.321917808,7,304.79166,14.249563
1983,20,2007,24,2139417.835616438,8,277.125,12.95329
1983,21,2007,24,2139881.349315069,9,263.91669,12.33324
1983,22,2007,24,2140329.910958904,10,269.125,12.573997
1983,23,2007,24,2140793.424657534,11,228.375,10.667774
1983,24,2007,24,2141241.98630137,12,239.875,11.202611
1983,25,2008,25,2141705.5,1,249.875,11.667104
1983,26,2008,25,2140692.706284153,2,236.75,11.059505
1983,27,2008,25,2139745.254098361,3,234.41667,10.955354
1983,28,2008,25,2138732.460382514,4,269.25,12.589232
1983,29,2008,25,2137752.337431694,5,268,12.536531
1983,30,2008,25,2136739.543715847,6,250.25,11.711769
1983,31,2008,25,2135759.420765027,7,273.25,12.794044
1983,32,2008,25,2134746.627049181,8,272.75,12.776692
1983,33,2008,25,2133733.833333333,9,262.625,12.308236
1983,34,2008,25,2132753.710382514,10,257.75,12.085315
1983,35,2008,25,2131740.916666667,11,248.625,11.663003
1983,36,2008,25,2130760.793715847,12,239.91667,11.259672
1983,37,2009,26,2129748,1,219.66667,10.31421
1983,38,2009,26,2128687.417808219,2,231.5,10.875246
1983,39,2009,26,2127729.47260274,3,236.75,11.126884
1983,40,2009,26,2126668.890410959,4,255.66669,12.021932
1983,41,2009,26,2125642.520547945,5,240.625,11.320107
1983,42,2009,26,2124581.938356164,6,253.95833,11.953332
1983,43,2009,26,2123555.568493151,7,269.66666,12.698828
1983,44,2009,26,2122494.98630137,8,259,12.202621
1983,45,2009,26,2121434.404109589,9,238.16667,11.226681
1983,46,2009,26,2120408.034246576,10,240.20833,11.328402
1983,47,2009,26,2119347.452054795,11,219.625,10.36286
1983,48,2009,26,2118321.082191781,12,226.29167,10.682595
1983,49,2010,27,2117260.5,1,235.04166,11.101215
1983,50,2010,27,2117336.726027397,2,210.375,9.9358311
1983,51,2010,27,2117405.575342466,3,236.08334,11.149652
1983,52,2010,27,2117481.801369863,4,237.41669,11.212218
1983,53,2010,27,2117555.568493151,5,261.5,12.349145
1983,54,2010,27,2117631.794520548,6,236.83333,11.183877
1983,55,2010,27,2117705.561643836,7,256.5,12.112165
1983,56,2010,27,2117781.787671233,8,265.75,12.548507
1983,57,2010,27,2117858.01369863,9,245.58333,11.595836
1983,58,2010,27,2117931.780821918,10,225.54166,10.649146
1983,59,2010,27,2118008.006849315,11,245.75,11.602883
1983,60,2010,27,2118081.773972603,12,231.83333,10.945438
1983,61,2011,28,2118158,1,241.24998,11.389612
1983,62,2011,28,2118582.784931507,2,217,10.242696
1983,63,2011,28,2118966.461643836,3,251.20834,11.855229
1983,64,2011,28,2119391.246575342,4,259.91669,12.263742
1983,65,2011,28,2119802.328767123,5,237.75,11.215669
1983,66,2011,28,2120227.11369863,6,256.41666,12.09383
1983,67,2011,28,2120638.195890411,7,283.58331,13.372546
1983,68,2011,28,2121062.980821918,8,267.375,12.605708
1983,69,2011,28,2121487.765753425,9,230.5,10.865017
1983,70,2011,28,2121898.847945205,10,229.625,10.821675
1983,71,2011,28,2122323.632876712,11,229.625,10.81951
1983,72,2011,28,2122734.715068493,12,243.54167,11.473015
1983,73,2012,29,2123159.5,1,240.12498,11.309794
1983,74,2012,29,2123816.683060109,2,243.875,11.482865
1983,75,2012,29,2124431.467213115,3,275.5,12.968176
1983,76,2012,29,2125088.650273224,4,232.70834,10.950524
1983,77,2012,29,2125724.633879781,5,260.875,12.272285
1983,78,2012,29,2126381.81693989,6,264.20831,12.425253
1983,79,2012,29,2127017.800546448,7,271.375,12.758473
1983,80,2012,29,2127674.983606557,8,249,11.702915
1983,81,2012,29,2128332.166666667,9,276.41666,12.987477
1983,82,2012,29,2128968.150273224,10,259.41669,12.18509
1983,83,2012,29,2129625.333333333,11,276.625,12.989374
1983,84,2012,29,2130261.31693989,12,262.20834,12.308741
1983,85,2013,30,2130918.5,1,272.625,12.793778
1983,86,2013,30,2132134.634246576,2,229.625,10.769723
1983,87,2013,30,2133233.078082192,3,263.375,12.346283
1983,88,2013,30,2134449.212328767,4,259.66669,12.165512
1983,89,2013,30,2135626.116438356,5,262.75,12.303184
1983,90,2013,30,2136842.250684931,6,270.04166,12.637417
1983,91,2013,30,2138019.154794521,7,287.20834,13.433385
1983,92,2013,30,2139235.289041096,8,269.375,12.592116
1983,93,2013,30,2140451.423287671,9,263.625,12.316327
1983,94,2013,30,2141628.32739726,10,261.29166,12.200607
1983,95,2013,30,2142844.461643836,11,245,11.433401
1983,96,2013,30,2144021.365753425,12,269.41666,12.56595
1983,97,2014,31,2145237.5,1,273.45831,12.747228
1983,98,2014,31,2147049.25890411,2,267.625,12.464782
1983,99,2014,31,2148685.68630137,3,281.625,13.10685
1983,100,2014,31,2150497.44520548,4,256.16669,11.911974
1983,101,2014,31,2152250.760273973,5,293.75,13.648502
1983,102,2014,31,2154062.519178082,6,268.45831,12.462884
1983,103,2014,31,2155815.834246575,7,269.79166,12.514597
1983,104,2014,31,2157627.593150685,8,289.125,13.400134
1983,105,2014,31,2159439.352054794,9,252.79166,11.706356
1983,106,2014,31,2161192.667123288,10,287.375,13.297056
1983,107,2014,31,2163004.426027398,11,275,12.713798
1983,108,2014,31,2164757.74109589,12,292.33331,13.504205
1983,109,2015,32,2166569.5,1,296.87497,13.702537
1983,110,2015,32,2168137.675342466,2,275.75,12.718288
1983,111,2015,32,2169554.091780822,3,304.25,14.023619
1983,112,2015,32,2171122.267123288,4,287.375,13.236242
1983,113,2015,32,2172639.856164384,5,341.375,15.712452
1983,114,2015,32,2174208.031506849,6,305.83331,14.066423
1983,115,2015,32,2175725.620547946,7,324.45831,14.912648
1983,116,2015,32,2177293.795890411,8,333.875,15.334403
1983,117,2015,32,2178861.971232877,9,299.66666,13.753357
1983,118,2015,32,2180379.560273973,10,311.16669,14.271216
1983,119,2015,32,2181947.735616439,11,320.875,14.705897
1983,120,2015,32,2183465.324657534,12,306.91669,14.056403
1983,121,2016,33,2185033.5,1,351.41666,16.082895
1983,122,2016,33,2186395.297814208,2,326.375,14.927539
1983,123,2016,33,2187669.237704918,3,332.25,15.187396
1983,124,2016,33,2189031.035519126,4,343.83334,15.707102
1983,125,2016,33,2190348.904371585,5,349.375,15.950655
1983,126,2016,33,2191710.702185792,6,337.91666,15.417941
1983,127,2016,33,2193028.571038251,7,365.20834,16.653151
1983,128,2016,33,2194390.368852459,8,376,17.1346
1983,129,2016,33,2195752.166666667,9,342.375,15.592607
1983,130,2016,33,2197070.035519126,10,361.375,16.448042
1983,131,2016,33,2198431.833333333,11,342.75,15.590658
1983,132,2016,33,2199749.702185792,12,349.79166,15.90143
1983,133,2017,34,2201111.5,1,388.95834,17.670998
1983,134,2017,34,2201650.263013699,2,379.5,17.23707
1983,135,2017,34,2202136.887671233,3,363.54169,16.508587
1983,136,2017,34,2202675.650684932,4,377.45834,17.136356
1983,137,2017,34,2203197.034246576,5,369.125,16.754063
1983,138,2017,34,2203735.797260274,6,380.25,17.254791
1983,139,2017,34,2204257.180821918,7,407.875,18.503965
1983,140,2017,34,2204795.943835617,8,389.75,17.677372
1983,141,2017,34,2205334.706849315,9,392.75,17.809088
1983,142,2017,34,2205856.090410959,10,380.29169,17.240095
1983,143,2017,34,2206394.853424658,11,332.125,15.052836
1983,144,2017,34,2206916.236986301,12,394.79166,17.888838
1983,145,2018,35,2207455,1,401.49997,18.188364
1983,146,2018,35,2208755.004109589,2,355.375,16.08938
1983,147,2018,35,2209929.201369863,3,395.41669,17.892731
1983,148,2018,35,2211229.205479452,4,349.45834,15.803804
1983,149,2018,35,2212487.273972603,5,370.25,16.73456
1983,150,2018,35,2213787.278082192,6,401.29166,18.12693
1983,151,2018,35,2215045.346575342,7,435.45831,19.659115
1983,152,2018,35,2216345.350684932,8,396.75,17.901091
1983,153,2018,35,2217645.35479452,9,367.66666,16.579145
1983,154,2018,35,2218903.423287671,10,379.375,17.09741
1983,155,2018,35,2220203.42739726,11,363.875,16.389263
1983,156,2018,35,2221461.495890411,12,382.45831,17.216518
1983,157,2019,36,2222761.5,1,420.79166,18.93103
1983,158,2019,36,2224295.660273972,2,323,14.521451
1983,159,2019,36,2225681.353424657,3,376.54166,16.918039
1983,160,2019,36,2227215.51369863,4,381.33334,17.121529
1983,161,2019,36,2228700.184931506,5,445.75,20.000446
1983,162,2019,36,2230234.345205479,6,431.16666,19.332796
1983,163,2019,36,2231719.016438356,7,400.125,17.929005
1983,164,2019,36,2233253.176712329,8,418.625,18.745075
1983,165,2019,36,2234787.336986301,9,412.79166,18.471184
1983,166,2019,36,2236272.008219178,10,403.29166,18.034105
1983,167,2019,36,2237806.168493151,11,377.75,16.880371
1983,168,2019,36,2239290.839726027,12,423.45831,18.910376
1983,169,2020,37,2240825,1,476.08334,21.245895
1983,170,2020,37,2240505.174863388,2,422.375,18.851776
1983,171,2020,37,2240205.983606557,3,508,22.676487
1983,172,2020,37,2239886.158469945,4,524.33337,23.40893
1983,173,2020,37,2239576.650273224,5,567.125,25.322866
1983,174,2020,37,2239256.825136612,6,538.75,24.059322
1983,175,2020,37,2238947.31693989,7,609.75,27.23378
1983,176,2020,37,2238627.491803279,8,578.625,25.847311
1983,177,2020,37,2238307.666666667,9,515.08331,23.012177
1983,178,2020,37,2237998.158469945,10,513.45831,22.942749
1983,179,2020,37,2237678.333333333,11,513.375,22.942305
1983,180,2020,37,2237368.825136612,12,548.875,24.532164
1983,181,2021,38,2237049,1,686.75,30.698925
1983,182,2021,38,2237071.167123288,2,512.125,22.892656
1983,183,2021,38,2237091.189041096,3,548.20837,24.505411
1983,184,2021,38,2237113.356164384,4,580.29169,25.939306
1983,185,2021,38,2237134.808219178,5,607,27.132919
1983,186,2021,38,2237156.975342466,6,600.95831,26.862591
1983,187,2021,38,2237178.42739726,7,589.33331,26.342705
1983,188,2021,38,2237200.594520548,8,740.625,33.104988
1983,189,2021,38,2237222.761643836,9,762.79163,34.09547
1983,190,2021,38,2237244.21369863,10,684.75,30.606852
1983,191,2021,38,2237266.380821918,11,619.5,27.690042
1983,192,2021,38,2237287.832876713,12,662.04169,29.591261
1984,1,2006,22,2161720,1,230.66666,10.670515
1984,2,2006,22,2160754.41369863,2,242.25,11.211362
1984,3,2006,22,2159882.271232877,3,253.08333,11.71746
1984,4,2006,22,2158916.684931507,4,274.16669,12.699271
1984,5,2006,22,2157982.246575342,5,291.375,13.502196
1984,6,2006,22,2157016.660273973,6,301.125,13.960254
1984,7,2006,22,2156082.221917808,7,330.45831,15.326796
1984,8,2006,22,2155116.635616438,8,293,13.595551
1984,9,2006,22,2154151.049315069,9,262.95831,12.207051
1984,10,2006,22,2153216.610958904,10,281.04166,13.052177
1984,11,2006,22,2152251.024657534,11,269.5,12.521773
1984,12,2006,22,2151316.58630137,12,268.625,12.48654
1984,13,2007,23,2150351,1,269.20831,12.519273
1984,14,2007,23,2149946.51369863,2,251.125,11.680523
1984,15,2007,23,2149581.171232877,3,268.66666,12.498558
1984,16,2007,23,2149176.684931507,4,255.5,11.888273
1984,17,2007,23,2148785.246575342,5,285.75,13.298211
1984,18,2007,23,2148380.760273973,6,269.16669,12.528816
1984,19,2007,23,2147989.321917808,7,312.16669,14.532972
1984,20,2007,23,2147584.835616438,8,287.625,13.392952
1984,21,2007,23,2147180.349315069,9,293.58334,13.672971
1984,22,2007,23,2146788.910958904,10,271,12.623505
1984,23,2007,23,2146384.424657534,11,253.625,11.816382
1984,24,2007,23,2145992.98630137,12,259.08331,12.072887
1984,25,2008,24,2145588.5,1,246.08333,11.46927
1984,26,2008,24,2145931.956284153,2,248.875,11.597526
1984,27,2008,24,2146253.254098361,3,254.58333,11.861756
1984,28,2008,24,2146596.710382514,4,255.08334,11.883152
1984,29,2008,24,2146929.087431694,5,248.375,11.56885
1984,30,2008,24,2147272.543715847,6,261.83331,12.193763
1984,31,2008,24,2147604.920765027,7,262.125,12.205458
1984,32,2008,24,2147948.37704918,8,277.375,12.913486
1984,33,2008,24,2148291.833333333,9,270.70831,12.601096
1984,34,2008,24,2148624.210382514,10,248.41666,11.561662
1984,35,2008,24,2148967.666666667,11,252.5,11.749827
1984,36,2008,24,2149300.043715847,12,250.54166,11.656896
1984,37,2009,25,2149643.5,1,234.54166,10.910724
1984,38,2009,25,2148673.412328767,2,202.625,9.4302368
1984,39,2009,25,2147797.204109589,3,248.5,11.569994
1984,40,2009,25,2146827.116438356,4,245.625,11.441303
1984,41,2009,25,2145888.321917808,5,231.875,10.805549
1984,42,2009,25,2144918.234246575,6,234.70833,10.942531
1984,43,2009,25,2143979.439726028,7,255,11.893771
1984,44,2009,25,2143009.352054794,8,261.625,12.2083
1984,45,2009,25,2142039.264383562,9,239.125,11.163427
1984,46,2009,25,2141100.469863014,10,258.20834,12.059608
1984,47,2009,25,2140130.382191781,11,233.75,10.922232
1984,48,2009,25,2139191.587671233,12,255.70833,11.953503
1984,49,2010,26,2138221.5,1,234.91666,10.986545
1984,50,2010,26,2138404.230136986,2,192.625,9.007885
1984,51,2010,26,2138569.276712329,3,226.04166,10.56976
1984,52,2010,26,2138752.006849315,4,253,11.829329
1984,53,2010,26,2138928.842465753,5,256.625,11.997828
1984,54,2010,26,2139111.57260274,6,238.54166,11.151436
1984,55,2010,26,2139288.408219178,7,273.54166,12.786572
1984,56,2010,26,2139471.138356164,8,259.75,12.140851
1984,57,2010,26,2139653.86849315,9,240.04166,11.218715
1984,58,2010,26,2139830.704109589,10,254.45834,11.891518
1984,59,2010,26,2140013.434246575,11,208.625,9.7487707
1984,60,2010,26,2140190.269863014,12,250.20833,11.690939
1984,61,2011,27,2140373,1,224.62498,10.494665
1984,62,2011,27,2140742.834246575,2,237,11.070924
1984,63,2011,27,2141076.878082192,3,233.83334,10.921296
1984,64,2011,27,2141446.712328767,4,239.70834,11.193757
1984,65,2011,27,2141804.616438356,5,242.875,11.339737
1984,66,2011,27,2142174.450684932,6,253.75,11.845441
1984,67,2011,27,2142532.35479452,7,282.79166,13.198944
1984,68,2011,27,2142902.189041096,8,266.625,12.442239
1984,69,2011,27,2143272.023287671,9,227,10.591283
1984,70,2011,27,2143629.92739726,10,242.45833,11.310643
1984,71,2011,27,2143999.761643836,11,246,11.473882
1984,72,2011,27,2144357.665753425,12,233.45833,10.887098
1984,73,2012,28,2144727.5,1,198.58333,9.25914
1984,74,2012,28,2145094.079234973,2,232,10.815376
1984,75,2012,28,2145437.008196721,3,248.04167,11.561358
1984,76,2012,28,2145803.587431694,4,245.20834,11.427343
1984,77,2012,28,2146158.341530055,5,252.625,11.771032
1984,78,2012,28,2146524.920765027,6,274.41666,12.784228
1984,79,2012,28,2146879.674863388,7,270.75,12.611326
1984,80,2012,28,2147246.25409836,8,243,11.31682
1984,81,2012,28,2147612.833333333,9,250,11.640832
1984,82,2012,28,2147967.587431694,10,227.08333,10.572009
1984,83,2012,28,2148334.166666667,11,228.125,10.618692
1984,84,2012,28,2148688.920765027,12,277.33331,12.907095
1984,85,2013,29,2149055.5,1,262.29166,12.204973
1984,86,2013,29,2149971.273972603,2,206.75,9.6164074
1984,87,2013,29,2150798.424657534,3,244.91667,11.387244
1984,88,2013,29,2151714.198630137,4,268.66669,12.48617
1984,89,2013,29,2152600.431506849,5,248.5,11.544177
1984,90,2013,29,2153516.205479452,6,266.5,12.37511
1984,91,2013,29,2154402.438356165,7,276.04169,12.812912
1984,92,2013,29,2155318.212328767,8,270.875,12.56775
1984,93,2013,29,2156233.98630137,9,248.95834,11.545979
1984,94,2013,29,2157120.219178082,10,244.20834,11.321035
1984,95,2013,29,2158035.993150685,11,274,12.69673
1984,96,2013,29,2158922.226027397,12,239.29167,11.083849
1984,97,2014,30,2159838,1,260.66666,12.068806
1984,98,2014,30,2161461.04109589,2,249.625,11.548902
1984,99,2014,30,2162927.01369863,3,246.41666,11.39274
1984,100,2014,30,2164550.054794521,4,266.875,12.329352
1984,101,2014,30,2166120.739726027,5,276,12.741672
1984,102,2014,30,2167743.780821918,6,259.66666,11.97866
1984,103,2014,30,2169314.465753425,7,259.29169,11.952702
1984,104,2014,30,2170937.506849315,8,279.75,12.886138
1984,105,2014,30,2172560.547945206,9,259.70834,11.954021
1984,106,2014,30,2174131.232876712,10,286.95831,13.198758
1984,107,2014,30,2175754.273972603,11,281.625,12.943787
1984,108,2014,30,2177324.95890411,12,272.83334,12.530667
1984,109,2015,31,2178948,1,271.45831,12.458228
1984,110,2015,31,2180901.25479452,2,270.625,12.408861
1984,111,2015,31,2182665.484931507,3,274.75,12.58782
1984,112,2015,31,2184618.739726027,4,285.08334,13.04957
1984,113,2015,31,2186508.98630137,5,308.375,14.103532
1984,114,2015,31,2188462.24109589,6,304.33331,13.906263
1984,115,2015,31,2190352.487671233,7,301.625,13.770615
1984,116,2015,31,2192305.742465753,8,312.375,14.248697
1984,117,2015,31,2194258.997260274,9,297.83331,13.573298
1984,118,2015,31,2196149.243835616,10,302.75,13.785493
1984,119,2015,31,2198102.498630137,11,307.125,13.972279
1984,120,2015,31,2199992.74520548,12,310.79166,14.12694
1984,121,2016,32,2201946,1,336.79166,15.295182
1984,122,2016,32,2203498.117486339,2,326.25,14.806004
1984,123,2016,32,2204950.098360656,3,357.70834,16.222967
1984,124,2016,32,2206502.215846995,4,336.625,15.256046
1984,125,2016,32,2208004.265027323,5,334.125,15.132443
1984,126,2016,32,2209556.382513661,6,333.95831,15.11427
1984,127,2016,32,2211058.431693989,7,377.70831,17.082693
1984,128,2016,32,2212610.549180328,8,366.625,16.569794
1984,129,2016,32,2214162.666666667,9,340.75,15.389565
1984,130,2016,32,2215664.715846995,10,349.33334,15.766525
1984,131,2016,32,2217216.833333333,11,334.625,15.092119
1984,132,2016,32,2218718.882513661,12,356.66669,16.075344
1984,133,2017,33,2220271,1,366.79166,16.52013
1984,134,2017,33,2221480.594520548,2,353.125,15.89593
1984,135,2017,33,2222573.13150685,3,354.04169,15.92936
1984,136,2017,33,2223782.726027397,4,380.125,17.093622
1984,137,2017,33,2224953.301369863,5,380.25,17.090246
1984,138,2017,33,2226162.895890411,6,383.875,17.243797
1984,139,2017,33,2227333.471232877,7,386.20831,17.339493
1984,140,2017,33,2228543.065753425,8,387.75,17.39926
1984,141,2017,33,2229752.660273973,9,382.5,17.154369
1984,142,2017,33,2230923.235616439,10,365.58334,16.387087
1984,143,2017,33,2232132.830136986,11,374.5,16.777676
1984,144,2017,33,2233303.405479452,12,355.66669,15.925588
1984,145,2018,34,2234513,1,367.24997,16.435347
1984,146,2018,34,2234966.789041096,2,330.875,14.804471
1984,147,2018,34,2235376.663013699,3,373,16.686226
1984,148,2018,34,2235830.452054794,4,327.75,14.658982
1984,149,2018,34,2236269.602739726,5,366.875,16.40567
1984,150,2018,34,2236723.391780822,6,373.08331,16.679903
1984,151,2018,34,2237162.542465753,7,403.41669,18.032516
1984,152,2018,34,2237616.331506849,8,389.25,17.395744
1984,153,2018,34,2238070.120547945,9,373.54169,16.690348
1984,154,2018,34,2238509.271232876,10,326.70834,14.594907
1984,155,2018,34,2238963.060273972,11,343.5,15.341924
1984,156,2018,34,2239402.210958904,12,384.875,17.186506
1984,157,2019,35,2239856,1,368.87497,16.468691
1984,158,2019,35,2240711.939726028,2,346.125,15.4471
1984,159,2019,35,2241485.046575342,3,377.66669,16.848949
1984,160,2019,35,2242340.98630137,4,357.75,15.954309
1984,161,2019,35,2243169.315068493,5,415.875,18.539618
1984,162,2019,35,2244025.25479452,6,414.04166,18.450846
1984,163,2019,35,2244853.583561644,7,405.04169,18.043123
1984,164,2019,35,2245709.523287671,8,411.125,18.307131
1984,165,2019,35,2246565.463013698,9,389.875,17.354269
1984,166,2019,35,2247393.791780822,10,392.83334,17.479506
1984,167,2019,35,2248249.731506849,11,381,16.946516
1984,168,2019,35,2249078.060273972,12,447.95834,19.917421
1984,169,2020,36,2249934,1,452.625,20.117256
1984,170,2020,36,2249653.983606557,2,384.5,17.091516
1984,171,2020,36,2249392.032786885,3,471.875,20.97789
1984,172,2020,36,2249112.016393443,4,497.16669,22.105021
1984,173,2020,36,2248841.032786885,5,554.625,24.662704
1984,174,2020,36,2248561.016393443,6,511.41663,22.744173
1984,175,2020,36,2248290.032786885,7,588.41663,26.17174
1984,176,2020,36,2248010.016393443,8,535.875,23.837749
1984,177,2020,36,2247730,9,492.5,21.910995
1984,178,2020,36,2247459.016393443,10,495.375,22.041559
1984,179,2020,36,2247179,11,515.125,22.923185
1984,180,2020,36,2246908.016393443,12,547.04163,24.346418
1984,181,2021,37,2246628,1,611.41669,27.214861
1984,182,2021,37,2246736.839726028,2,508.875,22.649515
1984,183,2021,37,2246835.146575342,3,537.91669,23.941084
1984,184,2021,37,2246943.98630137,4,523.79169,23.311293
1984,185,2021,37,2247049.315068493,5,599.125,26.662745
1984,186,2021,37,2247158.154794521,6,583.375,25.960567
1984,187,2021,37,2247263.483561644,7,559.83331,24.911779
1984,188,2021,37,2247372.323287671,8,696.75,31.002874
1984,189,2021,37,2247481.163013699,9,749.16663,33.333611
1984,190,2021,37,2247586.491780822,10,631.125,28.08012
1984,191,2021,37,2247695.331506849,11,633,28.16218
1984,192,2021,37,2247800.660273973,12,641.79163,28.551981
1985,1,2006,21,2188187.5,1,246.20833,11.251701
1985,2,2006,21,2187498.280821918,2,209.125,9.5600071
1985,3,2006,21,2186875.760273973,3,267.70834,12.241589
1985,4,2006,21,2186186.541095891,4,273.125,12.493216
1985,5,2006,21,2185519.554794521,5,268.25,12.27397
1985,6,2006,21,2184830.335616439,6,291.79166,13.355347
1985,7,2006,21,2184163.349315069,7,312.66669,14.315169
1985,8,2006,21,2183474.130136986,8,288.625,13.218614
1985,9,2006,21,2182784.910958904,9,258.54166,11.844578
1985,10,2006,21,2182117.924657534,10,258.875,11.863474
1985,11,2006,21,2181428.705479452,11,255.125,11.695317
1985,12,2006,21,2180761.719178082,12,251.79166,11.546041
1985,13,2007,22,2180072.5,1,273.16666,12.530164
1985,14,2007,22,2179187.980821918,2,219.375,10.066823
1985,15,2007,22,2178389.060273972,3,274.375,12.595317
1985,16,2007,22,2177504.54109589,4,292.16669,13.4175
1985,17,2007,22,2176648.55479452,5,287.125,13.191151
1985,18,2007,22,2175764.035616438,6,276.79166,12.721584
1985,19,2007,22,2174908.049315068,7,317.95831,14.619391
1985,20,2007,22,2174023.530136986,8,296.875,13.655556
1985,21,2007,22,2173139.010958904,9,270.16669,12.432095
1985,22,2007,22,2172283.024657534,10,260.70831,12.001581
1985,23,2007,22,2171398.505479452,11,272,12.526489
1985,24,2007,22,2170542.519178082,12,224.54167,10.344956
1985,25,2008,23,2169658,1,226.79167,10.452876
1985,26,2008,23,2169045.538251366,2,246.125,11.347157
1985,27,2008,23,2168472.590163935,3,255.91667,11.801702
1985,28,2008,23,2167860.128415301,4,238.00002,10.978569
1985,29,2008,23,2167267.423497268,5,266.5,12.296591
1985,30,2008,23,2166654.961748634,6,269.95831,12.459682
1985,31,2008,23,2166062.256830601,7,269,12.418849
1985,32,2008,23,2165449.795081967,8,289.75,13.380592
1985,33,2008,23,2164837.333333333,9,256.04166,11.827293
1985,34,2008,23,2164244.628415301,10,250.125,11.55715
1985,35,2008,23,2163632.166666667,11,258.25,11.935947
1985,36,2008,23,2163039.461748634,12,274.95834,12.711665
1985,37,2009,24,2162427,1,224.37498,10.376072
1985,38,2009,24,2162896.331506849,2,222.375,10.281353
1985,39,2009,24,2163320.243835616,3,235.66667,10.893748
1985,40,2009,24,2163789.575342466,4,233.25,10.779699
1985,41,2009,24,2164243.767123288,5,242.5,11.204838
1985,42,2009,24,2164713.098630137,6,232.75,10.752002
1985,43,2009,24,2165167.290410959,7,250.125,11.552225
1985,44,2009,24,2165636.621917808,8,275.625,12.727204
1985,45,2009,24,2166105.953424658,9,265.5,12.257018
1985,46,2009,24,2166560.14520548,10,236.08333,10.896689
1985,47,2009,24,2167029.476712329,11,225.5,10.40595
1985,48,2009,24,2167483.668493151,12,250.29167,11.547569
1985,49,2010,25,2167953,1,211.25,9.744215
1985,50,2010,25,2168175.180821918,2,197.375,9.1032772
1985,51,2010,25,2168375.860273973,3,233.75,10.779958
1985,52,2010,25,2168598.04109589,4,253,11.666524
1985,53,2010,25,2168813.054794521,5,261.375,12.051523
1985,54,2010,25,2169035.235616438,6,230.66666,10.634528
1985,55,2010,25,2169250.249315069,7,274.54169,12.656063
1985,56,2010,25,2169472.430136986,8,252.375,11.633013
1985,57,2010,25,2169694.610958904,9,241.54167,11.13252
1985,58,2010,25,2169909.624657534,10,253.5,11.682514
1985,59,2010,25,2170131.805479452,11,249.375,11.491238
1985,60,2010,25,2170346.819178082,12,256.75,11.829906
1985,61,2011,26,2170569,1,238.29166,10.978304
1985,62,2011,26,2171141.098630137,2,227.125,10.461089
1985,63,2011,26,2171657.832876713,3,236.16666,10.874948
1985,64,2011,26,2172229.931506849,4,251.625,11.583718
1985,65,2011,26,2172783.575342466,5,244.75,11.264353
1985,66,2011,26,2173355.673972603,6,262.04166,12.057008
1985,67,2011,26,2173909.317808219,7,291.95831,13.430105
1985,68,2011,26,2174481.416438356,8,253.125,11.640706
1985,69,2011,26,2175053.515068493,9,225.58334,10.371393
1985,70,2011,26,2175607.15890411,10,237.29167,10.906918
1985,71,2011,26,2176179.257534246,11,246.25,11.315703
1985,72,2011,26,2176732.901369863,12,249.29167,11.452561
1985,73,2012,27,2177305,1,234.45833,10.768281
1985,74,2012,27,2177546.393442623,2,204.125,9.3740826
1985,75,2012,27,2177772.213114754,3,250.75,11.51406
1985,76,2012,27,2178013.606557377,4,245.625,11.277478
1985,77,2012,27,2178247.213114754,5,268.5,12.326425
1985,78,2012,27,2178488.606557377,6,274.66666,12.60813
1985,79,2012,27,2178722.213114754,7,292.70831,13.434861
1985,80,2012,27,2178963.606557377,8,255.5,11.725758
1985,81,2012,27,2179205,9,257.95834,11.837268
1985,82,2012,27,2179438.606557377,10,237.41667,10.893478
1985,83,2012,27,2179680,11,214,9.817955
1985,84,2012,27,2179913.606557377,12,249.25,11.433939
1985,85,2013,28,2180155,1,224.25,10.285966
1985,86,2013,28,2180706.8,2,213,9.7674751
1985,87,2013,28,2181205.2,3,255.16667,11.698426
1985,88,2013,28,2181757,4,260.08334,11.920821
1985,89,2013,28,2182291,5,256,11.730791
1985,90,2013,28,2182842.8,6,281.41666,12.892209
1985,91,2013,28,2183376.8,7,266.5,12.205864
1985,92,2013,28,2183928.6,8,273.875,12.540474
1985,93,2013,28,2184480.4,9,245.41667,11.234556
1985,94,2013,28,2185014.4,10,253.25,11.590313
1985,95,2013,28,2185566.2,11,246.625,11.284262
1985,96,2013,28,2186100.2,12,267.70831,12.245931
1985,97,2014,29,2186652,1,253.91666,11.61212
1985,98,2014,29,2187903.890410959,2,240.625,10.99797
1985,99,2014,29,2189034.630136986,3,245.29167,11.205472
1985,100,2014,29,2190286.520547945,4,278.125,12.698111
1985,101,2014,29,2191498.02739726,5,282.25,12.879318
1985,102,2014,29,2192749.917808219,6,270.41666,12.332307
1985,103,2014,29,2193961.424657534,7,252.66666,11.516459
1985,104,2014,29,2195213.315068493,8,270.125,12.305182
1985,105,2014,29,2196465.205479452,9,280.45834,12.768622
1985,106,2014,29,2197676.712328767,10,263.45834,11.988039
1985,107,2014,29,2198928.602739726,11,275.125,12.511775
1985,108,2014,29,2200140.109589041,12,289.25,13.14689
1985,109,2015,30,2201392,1,282.08334,12.813863
1985,110,2015,30,2203158.363013699,2,248.125,11.26224
1985,111,2015,30,2204753.787671233,3,291.91669,13.240331
1985,112,2015,30,2206520.150684931,4,294.125,13.329813
1985,113,2015,30,2208229.534246575,5,298.875,13.534598
1985,114,2015,30,2209995.897260274,6,307.79166,13.92725
1985,115,2015,30,2211705.280821918,7,319.08331,14.427027
1985,116,2015,30,2213471.643835616,8,299.75,13.542075
1985,117,2015,30,2215238.006849315,9,308.20834,13.913103
1985,118,2015,30,2216947.390410959,10,319.58334,14.415468
1985,119,2015,30,2218713.753424658,11,298.875,13.470643
1985,120,2015,30,2220423.136986301,12,317.70834,14.308459
1985,121,2016,31,2222189.5,1,308.83334,13.897705
1985,122,2016,31,2224214.198087431,2,309.125,13.898167
1985,123,2016,31,2226108.270491803,3,299.08334,13.435256
1985,124,2016,31,2228132.968579235,4,319.58334,14.343101
1985,125,2016,31,2230092.353825137,5,336.875,15.105877
1985,126,2016,31,2232117.051912569,6,336.25,15.064174
1985,127,2016,31,2234076.43715847,7,369.33331,16.531813
1985,128,2016,31,2236101.135245902,8,370.625,16.574608
1985,129,2016,31,2238125.833333333,9,321.29166,14.355389
1985,130,2016,31,2240085.218579235,10,339.66669,15.163115
1985,131,2016,31,2242109.916666667,11,330.5,14.74058
1985,132,2016,31,2244069.301912569,12,356.04166,15.865894
1985,133,2017,32,2246094,1,405.04166,18.033157
1985,134,2017,32,2247515.073972602,2,295.625,13.153416
1985,135,2017,32,2248798.624657534,3,339.83331,15.111772
1985,136,2017,32,2250219.698630137,4,361.08331,16.046581
1985,137,2017,32,2251594.931506849,5,385.25,17.110094
1985,138,2017,32,2253016.005479452,6,378.70831,16.808949
1985,139,2017,32,2254391.238356164,7,402.5,17.854044
1985,140,2017,32,2255812.312328767,8,388.25,17.211096
1985,141,2017,32,2257233.38630137,9,354.91669,15.723526
1985,142,2017,32,2258608.619178082,10,368.125,16.298752
1985,143,2017,32,2260029.693150685,11,358.25,15.851562
1985,144,2017,32,2261404.926027397,12,347.29166,15.357341
1985,145,2018,33,2262826,1,372.37497,16.45619
1985,146,2018,33,2264024.723287671,2,335.25,14.8077
1985,147,2018,33,2265107.44109589,3,357.125,15.76636
1985,148,2018,33,2266306.164383561,4,347.25,15.322289
1985,149,2018,33,2267466.219178082,5,375.5,16.560335
1985,150,2018,33,2268664.942465753,6,369.58331,16.290785
1985,151,2018,33,2269824.997260274,7,364.875,16.075027
1985,152,2018,33,2271023.720547945,8,367.625,16.187634
1985,153,2018,33,2272222.443835617,9,396.95831,17.470047
1985,154,2018,33,2273382.498630137,10,362.29166,15.936238
1985,155,2018,33,2274581.221917808,11,344.5,15.145645
1985,156,2018,33,2275741.276712329,12,342.83334,15.064689
1985,157,2019,34,2276940,1,342.70831,15.051267
1985,158,2019,34,2276962.379452055,2,357.875,15.717212
1985,159,2019,34,2276982.593150685,3,403,17.698862
1985,160,2019,34,2277004.97260274,4,338.79169,14.878829
1985,161,2019,34,2277026.630136986,5,407.5,17.896145
1985,162,2019,34,2277049.009589041,6,363.125,15.947175
1985,163,2019,34,2277070.667123288,7,409.54169,17.985462
1985,164,2019,34,2277093.046575343,8,401.625,17.637619
1985,165,2019,34,2277115.426027397,9,380.58331,16.713396
1985,166,2019,34,2277137.083561644,10,388.83334,17.075535
1985,167,2019,34,2277159.463013699,11,356.625,15.660958
1985,168,2019,34,2277181.120547945,12,383.83334,16.855635
1985,169,2020,35,2277203.5,1,398.41666,17.495874
1985,170,2020,35,2276962.233606557,2,394.625,17.331205
1985,171,2020,35,2276736.532786885,3,470.04169,20.645414
1985,172,2020,35,2276495.266393443,4,495.625,21.771404
1985,173,2020,35,2276261.782786885,5,536.75,23.580328
1985,174,2020,35,2276020.516393443,6,508.29166,22.332472
1985,175,2020,35,2275787.032786885,7,559.79169,24.597719
1985,176,2020,35,2275545.766393443,8,548,24.082134
1985,177,2020,35,2275304.5,9,479.16666,21.059452
1985,178,2020,35,2275071.016393443,10,496.54166,21.825325
1985,179,2020,35,2274829.75,11,502.125,22.07308
1985,180,2020,35,2274596.266393443,12,546.04169,24.006092
1985,181,2021,36,2274355,1,596.79163,26.240038
1985,182,2021,36,2274540.575342466,2,480.875,21.141632
1985,183,2021,36,2274708.191780822,3,559.66669,24.603889
1985,184,2021,36,2274893.767123288,4,547.66669,24.074385
1985,185,2021,36,2275073.356164384,5,582.25,25.592581
1985,186,2021,36,2275258.931506849,6,588.66663,25.872511
1985,187,2021,36,2275438.520547946,7,591.20837,25.982174
1985,188,2021,36,2275624.095890411,8,682.5,29.991772
1985,189,2021,36,2275809.671232877,9,706.20837,31.031082
1985,190,2021,36,2275989.260273973,10,644.91669,28.335665
1985,191,2021,36,2276174.835616439,11,628,27.590147
1985,192,2021,36,2276354.424657534,12,584.45837,25.675192
1986,1,2006,20,2187973,1,249.58333,11.407057
1986,2,2006,20,2187294.397260274,2,208.875,9.549469
1986,3,2006,20,2186681.465753424,3,227.875,10.421042
1986,4,2006,20,2186002.863013698,4,286.91669,13.125175
1986,5,2006,20,2185346.150684931,5,272.125,12.452261
1986,6,2006,20,2184667.547945205,6,275.45831,12.608706
1986,7,2006,20,2184010.835616438,7,289.875,13.272599
1986,8,2006,20,2183332.232876712,8,251.375,11.513365
1986,9,2006,20,2182653.630136986,9,256.54169,11.75366
1986,10,2006,20,2181996.917808219,10,259.91666,11.911871
1986,11,2006,20,2181318.315068493,11,219.75,10.074183
1986,12,2006,20,2180661.602739726,12,231.83334,10.63133
1986,13,2007,21,2179983,1,251.91666,11.5559
1986,14,2007,21,2179425.38219178,2,229.25,10.518827
1986,15,2007,21,2178921.72739726,3,263.45834,12.091226
1986,16,2007,21,2178364.109589041,4,267.5,12.279857
1986,17,2007,21,2177824.479452054,5,267.375,12.277161
1986,18,2007,21,2177266.861643835,6,271.16666,12.454452
1986,19,2007,21,2176727.231506849,7,288.70834,13.263414
1986,20,2007,21,2176169.61369863,8,264.375,12.14864
1986,21,2007,21,2175611.995890411,9,255,11.72084
1986,22,2007,21,2175072.365753424,10,265.125,12.18925
1986,23,2007,21,2174514.747945205,11,240.75,11.071436
1986,24,2007,21,2173975.117808219,12,240.25,11.051185
1986,25,2008,22,2173417.5,1,267.24997,12.296302
1986,26,2008,22,2172213.836065574,2,232,10.680348
1986,27,2008,22,2171087.827868852,3,258.25,11.894958
1986,28,2008,22,2169884.163934426,4,249.16669,11.482948
1986,29,2008,22,2168719.327868852,5,258.875,11.936769
1986,30,2008,22,2167515.663934426,6,276.08331,12.737316
1986,31,2008,22,2166350.827868852,7,264.66666,12.217165
1986,32,2008,22,2165147.163934426,8,278.875,12.880187
1986,33,2008,22,2163943.5,9,277.45831,12.821883
1986,34,2008,22,2162778.663934426,10,252.79167,11.688282
1986,35,2008,22,2161575,11,256.375,11.860564
1986,36,2008,22,2160410.163934426,12,223.29166,10.335614
1986,37,2009,23,2159206.5,1,233.24998,10.802579
1986,38,2009,23,2158867.410958904,2,228.75,10.595834
1986,39,2009,23,2158561.136986301,3,224.04167,10.379213
1986,40,2009,23,2158222.047945205,4,229.58334,10.637614
1986,41,2009,23,2157893.897260274,5,256.875,11.903968
1986,42,2009,23,2157554.808219178,6,252.20831,11.689544
1986,43,2009,23,2157226.657534246,7,241.125,11.177546
1986,44,2009,23,2156887.568493151,8,256.375,11.88634
1986,45,2009,23,2156548.479452054,9,237.04166,10.991714
1986,46,2009,23,2156220.328767123,10,233.75,10.840729
1986,47,2009,23,2155881.239726027,11,215.25,9.9843159
1986,48,2009,23,2155553.089041096,12,199.20833,9.2416344
1986,49,2010,24,2155214,1,239.5,11.112586
1986,50,2010,24,2155609.016438356,2,200.625,9.3071146
1986,51,2010,24,2155965.805479452,3,242.375,11.242062
1986,52,2010,24,2156360.821917808,4,246.58334,11.435162
1986,53,2010,24,2156743.095890411,5,252.625,11.713264
1986,54,2010,24,2157138.112328767,6,226.58333,10.503886
1986,55,2010,24,2157520.38630137,7,267.95834,12.419736
1986,56,2010,24,2157915.402739726,8,253.25,11.735864
1986,57,2010,24,2158310.419178082,9,237.33334,10.996256
1986,58,2010,24,2158692.693150685,10,253.375,11.737428
1986,59,2010,24,2159087.709589041,11,228,10.560016
1986,60,2010,24,2159469.983561644,12,214.83334,9.9484291
1986,61,2011,25,2159865,1,222.5,10.30157
1986,62,2011,25,2160423.297260274,2,209.125,9.6798162
1986,63,2011,25,2160927.565753425,3,238.20834,11.02343
1986,64,2011,25,2161485.863013699,4,239.54167,11.082269
1986,65,2011,25,2162026.150684931,5,247.625,11.453377
1986,66,2011,25,2162584.447945205,6,249.20833,11.523635
1986,67,2011,25,2163124.735616438,7,282.375,13.054032
1986,68,2011,25,2163683.032876712,8,259.875,12.010771
1986,69,2011,25,2164241.330136986,9,232.79166,10.75627
1986,70,2011,25,2164781.617808219,10,244.5,11.294442
1986,71,2011,25,2165339.915068493,11,226.75,10.471797
1986,72,2011,25,2165880.202739726,12,231.79167,10.701962
1986,73,2012,26,2166438.5,1,222.91667,10.289545
1986,74,2012,26,2166913.367486339,2,203,9.3681641
1986,75,2012,26,2167357.598360656,3,242.66666,11.196429
1986,76,2012,26,2167832.465846994,4,260.25,12.005079
1986,77,2012,26,2168292.015027322,5,265.375,12.238895
1986,78,2012,26,2168766.882513661,6,253.625,11.694433
1986,79,2012,26,2169226.431693989,7,267.375,12.325823
1986,80,2012,26,2169701.299180328,8,276.125,12.726406
1986,81,2012,26,2170176.166666667,9,260.625,12.009394
1986,82,2012,26,2170635.715846994,10,239.625,11.039392
1986,83,2012,26,2171110.583333333,11,240.125,11.060008
1986,84,2012,26,2171570.132513661,12,246.08334,11.332047
1986,85,2013,27,2172045,1,252.20833,11.611561
1986,86,2013,27,2172396.956164383,2,219.75,10.115555
1986,87,2013,27,2172714.852054794,3,247.625,11.397032
1986,88,2013,27,2173066.808219178,4,250.375,11.521735
1986,89,2013,27,2173407.410958904,5,262.375,12.072058
1986,90,2013,27,2173759.367123288,6,270.5,12.44388
1986,91,2013,27,2174099.969863014,7,276.33334,12.710241
1986,92,2013,27,2174451.926027397,8,263.75,12.129494
1986,93,2013,27,2174803.882191781,9,244.58334,11.246225
1986,94,2013,27,2175144.484931507,10,248.29166,11.41495
1986,95,2013,27,2175496.44109589,11,256,11.767429
1986,96,2013,27,2175837.043835616,12,257.5,11.834526
1986,97,2014,28,2176189,1,273.70831,12.577415
1986,98,2014,28,2176999.756164384,2,244.375,11.225311
1986,99,2014,28,2177732.052054795,3,233.75,10.733644
1986,100,2014,28,2178542.808219178,4,257.25,11.808352
1986,101,2014,28,2179327.410958904,5,268.125,12.303108
1986,102,2014,28,2180138.167123288,6,271.58331,12.457161
1986,103,2014,28,2180922.769863014,7,246.29166,11.293002
1986,104,2014,28,2181733.526027397,8,270.5,12.398397
1986,105,2014,28,2182544.282191781,9,281.04169,12.876792
1986,106,2014,28,2183328.884931507,10,249.875,11.44468
1986,107,2014,28,2184139.641095891,11,279.25,12.785355
1986,108,2014,28,2184924.243835616,12,244,11.167436
1986,109,2015,29,2185735,1,283.66666,12.97809
1986,110,2015,29,2187051.310958904,2,252.25,11.533794
1986,111,2015,29,2188240.236986301,3,303.41666,13.865784
1986,112,2015,29,2189556.547945206,4,290.83334,13.282751
1986,113,2015,29,2190830.397260274,5,296.875,13.550797
1986,114,2015,29,2192146.708219178,6,301.41669,13.749841
1986,115,2015,29,2193420.557534247,7,310.58334,14.159772
1986,116,2015,29,2194736.868493151,8,280.375,12.77488
1986,117,2015,29,2196053.179452055,9,290.75,13.239661
1986,118,2015,29,2197327.028767123,10,301.25,13.709839
1986,119,2015,29,2198643.339726028,11,283.125,12.877259
1986,120,2015,29,2199917.189041096,12,308.41666,14.019466
1986,121,2016,30,2201233.5,1,303.83331,13.802866
1986,122,2016,30,2203014.136612022,2,323.25,14.673079
1986,123,2016,30,2204679.893442623,3,322.25,14.616634
1986,124,2016,30,2206460.530054645,4,297,13.460472
1986,125,2016,30,2208183.726775956,5,333,15.080267
1986,126,2016,30,2209964.363387978,6,334.08331,15.117136
1986,127,2016,30,2211687.560109289,7,343.95834,15.55185
1986,128,2016,30,2213468.196721312,8,356.625,16.111593
1986,129,2016,30,2215248.833333333,9,320.375,14.462258
1986,130,2016,30,2216972.030054645,10,351.45834,15.85308
1986,131,2016,30,2218752.666666667,11,323.875,14.597165
1986,132,2016,30,2220475.863387978,12,321.5,14.478878
1986,133,2017,31,2222256.5,1,337.62497,15.192889
1986,134,2017,31,2224199.987671233,2,319.125,14.347856
1986,135,2017,31,2225955.395890411,3,338.20834,15.193851
1986,136,2017,31,2227898.883561644,4,321.75,14.441858
1986,137,2017,31,2229779.678082191,5,351.75,15.775101
1986,138,2017,31,2231723.165753425,6,358.875,16.080624
1986,139,2017,31,2233603.960273973,7,382.70831,17.134117
1986,140,2017,31,2235547.447945205,8,381.5,17.06517
1986,141,2017,31,2237490.935616438,9,343.58334,15.355742
1986,142,2017,31,2239371.730136986,10,343.875,15.355869
1986,143,2017,31,2241315.217808219,11,372.5,16.619705
1986,144,2017,31,2243196.012328767,12,326.875,14.571843
1986,145,2018,32,2245139.5,1,357.41666,15.919575
1986,146,2018,32,2246556.369863014,2,320.25,14.255151
1986,147,2018,32,2247836.123287671,3,366.5,16.304569
1986,148,2018,32,2249252.993150685,4,334.54169,14.873458
1986,149,2018,32,2250624.157534246,5,358.25,15.917807
1986,150,2018,32,2252041.02739726,6,352.5,15.652468
1986,151,2018,32,2253412.191780822,7,360,15.975772
1986,152,2018,32,2254829.061643836,8,366.625,16.259548
1986,153,2018,32,2256245.931506849,9,355.70831,15.765493
1986,154,2018,32,2257617.095890411,10,351.25,15.55844
1986,155,2018,32,2259033.965753424,11,320.5,14.18748
1986,156,2018,32,2260405.130136986,12,347.70834,15.382567
1986,157,2019,33,2261822,1,335.25,14.822122
1986,158,2019,33,2262964.583561644,2,331.75,14.659973
1986,159,2019,33,2263996.594520548,3,389.875,17.220654
1986,160,2019,33,2265139.178082192,4,359.45834,15.86915
1986,161,2019,33,2266244.904109589,5,368.875,16.276926
1986,162,2019,33,2267387.487671233,6,376.83331,16.619715
1986,163,2019,33,2268493.21369863,7,372.45831,16.418755
1986,164,2019,33,2269635.797260274,8,376.375,16.583057
1986,165,2019,33,2270778.380821918,9,382.83334,16.859123
1986,166,2019,33,2271884.106849315,10,355.54169,15.64964
1986,167,2019,33,2273026.690410959,11,366.125,16.107378
1986,168,2019,33,2274132.416438356,12,378.125,16.62722
1986,169,2020,34,2275275,1,406.95834,17.886116
1986,170,2020,34,2275091.159836065,2,395,17.361942
1986,171,2020,34,2274919.180327869,3,426.83334,18.762571
1986,172,2020,34,2274735.340163935,4,483.54169,21.257053
1986,173,2020,34,2274557.430327869,5,527,23.169342
1986,174,2020,34,2274373.590163935,6,513.29163,22.568483
1986,175,2020,34,2274195.680327869,7,538.29169,23.66954
1986,176,2020,34,2274011.840163935,8,530.625,23.334311
1986,177,2020,34,2273828,9,474.45831,20.86606
1986,178,2020,34,2273650.090163935,10,498.79169,21.937927
1986,179,2020,34,2273466.25,11,505.25,22.223774
1986,180,2020,34,2273288.340163935,12,494.25,21.741632
1986,181,2021,35,2273104.5,1,568.33331,25.002516
1986,182,2021,35,2273393.012328767,2,485.125,21.339249
1986,183,2021,35,2273653.604109589,3,525.70831,23.121742
1986,184,2021,35,2273942.116438356,4,522.75,22.988712
1986,185,2021,35,2274221.321917808,5,575.25,25.294373
1986,186,2021,35,2274509.834246575,6,568.25,24.983404
1986,187,2021,35,2274789.039726027,7,594.29163,26.125132
1986,188,2021,35,2275077.552054795,8,673,29.581409
1986,189,2021,35,2275366.064383562,9,696.08337,30.59215
1986,190,2021,35,2275645.269863014,10,595,26.146431
1986,191,2021,35,2275933.782191781,11,516.75,22.704966
1986,192,2021,35,2276212.987671233,12,622.25,27.337072
1987,1,2006,19,2201767,1,216.16666,9.817872
1987,2,2006,19,2201569.789041096,2,199,9.0390053
1987,3,2006,19,2201391.663013699,3,242.33334,11.008188
1987,4,2006,19,2201194.452054794,4,240.66669,10.933458
1987,5,2006,19,2201003.602739726,5,271.75,12.346641
1987,6,2006,19,2200806.391780822,6,253.99998,11.541224
1987,7,2006,19,2200615.542465753,7,270.54169,12.29391
1987,8,2006,19,2200418.331506849,8,221.625,10.071948
1987,9,2006,19,2200221.120547945,9,245.95834,11.178802
1987,10,2006,19,2200030.271232877,10,233.5,10.61349
1987,11,2006,19,2199833.060273973,11,213.25,9.6939173
1987,12,2006,19,2199642.210958904,12,208.95833,9.499651
1987,13,2007,20,2199445,1,204.375,9.2921171
1987,14,2007,20,2198625.326027397,2,184,8.368866
1987,15,2007,20,2197884.975342466,3,232.875,10.595413
1987,16,2007,20,2197065.301369863,4,240.54167,10.948317
1987,17,2007,20,2196272.068493151,5,251.375,11.445531
1987,18,2007,20,2195452.394520548,6,271.75,12.377859
1987,19,2007,20,2194659.161643836,7,272.25,12.405115
1987,20,2007,20,2193839.487671233,8,267.875,12.210328
1987,21,2007,20,2193019.81369863,9,253.58334,11.563204
1987,22,2007,20,2192226.580821917,10,221.875,10.120989
1987,23,2007,20,2191406.906849315,11,218.5,9.9707632
1987,24,2007,20,2190613.673972602,12,256.33331,11.701439
1987,25,2008,21,2189794,1,250.375,11.433723
1987,26,2008,21,2188871.834699453,2,222.5,10.165053
1987,27,2008,21,2188009.163934426,3,226.875,10.369015
1987,28,2008,21,2187086.998633879,4,227.125,10.384818
1987,29,2008,21,2186194.580601092,5,255.75,11.69841
1987,30,2008,21,2185272.415300546,6,273.16666,12.500348
1987,31,2008,21,2184379.997267759,7,266.95834,12.221241
1987,32,2008,21,2183457.831967213,8,266.625,12.211136
1987,33,2008,21,2182535.666666667,9,251.04166,11.502294
1987,34,2008,21,2181643.248633879,10,253.79167,11.633051
1987,35,2008,21,2180721.083333333,11,232.375,10.655879
1987,36,2008,21,2179828.665300546,12,235.375,10.797867
1987,37,2009,22,2178906.5,1,238.49998,10.945857
1987,38,2009,22,2178042.873972603,2,206.875,9.4982061
1987,39,2009,22,2177262.824657534,3,232.375,10.672804
1987,40,2009,22,2176399.198630137,4,233.91669,10.747876
1987,41,2009,22,2175563.431506849,5,258.125,11.864742
1987,42,2009,22,2174699.805479452,6,250.95833,11.539907
1987,43,2009,22,2173864.038356164,7,259.20834,11.923853
1987,44,2009,22,2173000.412328767,8,264.125,12.154853
1987,45,2009,22,2172136.78630137,9,227.375,10.467803
1987,46,2009,22,2171301.019178082,10,240.54167,11.078228
1987,47,2009,22,2170437.393150685,11,237.625,10.948254
1987,48,2009,22,2169601.626027397,12,243,11.200212
1987,49,2010,23,2168738,1,226.625,10.449626
1987,50,2010,23,2169339.569863014,2,203.25,9.3692112
1987,51,2010,23,2169882.923287671,3,221.41667,10.204083
1987,52,2010,23,2170484.493150685,4,228.66669,10.535283
1987,53,2010,23,2171066.657534246,5,244.875,11.279018
1987,54,2010,23,2171668.22739726,6,238.875,10.999608
1987,55,2010,23,2172250.391780822,7,263.08331,12.111095
1987,56,2010,23,2172851.961643836,8,263.375,12.121166
1987,57,2010,23,2173453.531506849,9,231.45833,10.649334
1987,58,2010,23,2174035.695890411,10,232.625,10.700147
1987,59,2010,23,2174637.265753425,11,222.25,10.220096
1987,60,2010,23,2175219.430136986,12,232.16666,10.673252
1987,61,2011,24,2175821,1,233.91667,10.750731
1987,62,2011,24,2176484.782191781,2,226.375,10.400946
1987,63,2011,24,2177084.32739726,3,254.45833,11.688033
1987,64,2011,24,2177748.109589041,4,242.70834,11.144922
1987,65,2011,24,2178390.479452055,5,248.375,11.401767
1987,66,2011,24,2179054.261643835,6,231.125,10.606666
1987,67,2011,24,2179696.631506849,7,273.25,12.536148
1987,68,2011,24,2180360.41369863,8,252.5,11.580654
1987,69,2011,24,2181024.195890411,9,249.45834,11.43767
1987,70,2011,24,2181666.565753425,10,262.83331,12.047364
1987,71,2011,24,2182330.347945205,11,233.625,10.705299
1987,72,2011,24,2182972.717808219,12,235.79166,10.801402
1987,73,2012,25,2183636.5,1,242.91666,11.124409
1987,74,2012,25,2183958.781420765,2,194.375,8.9001226
1987,75,2012,25,2184260.270491804,3,231.875,10.615722
1987,76,2012,25,2184582.551912569,4,235.5,10.780091
1987,77,2012,25,2184894.43715847,5,257.5,11.785466
1987,78,2012,25,2185216.718579235,6,247.70833,11.335641
1987,79,2012,25,2185528.603825137,7,247.79167,11.337837
1987,80,2012,25,2185850.885245902,8,259,11.848932
1987,81,2012,25,2186173.166666667,9,269.33334,12.319854
1987,82,2012,25,2186485.051912569,10,249.29166,11.40148
1987,83,2012,25,2186807.333333333,11,244,11.157819
1987,84,2012,25,2187119.218579235,12,228.75,10.458963
1987,85,2013,26,2187441.5,1,234.375,10.714572
1987,86,2013,26,2188045.320547945,2,218.25,9.9746561
1987,87,2013,26,2188590.706849315,3,234.33333,10.707042
1987,88,2013,26,2189194.52739726,4,236.41667,10.799253
1987,89,2013,26,2189778.869863014,5,267,12.193012
1987,90,2013,26,2190382.690410959,6,252.54166,11.529568
1987,91,2013,26,2190967.032876712,7,270.79169,12.35946
1987,92,2013,26,2191570.853424658,8,270.125,12.325634
1987,93,2013,26,2192174.673972603,9,247.54167,11.29206
1987,94,2013,26,2192759.016438356,10,236.5,10.785499
1987,95,2013,26,2193362.836986301,11,239.625,10.925005
1987,96,2013,26,2193947.179452055,12,245.5,11.189878
1987,97,2014,27,2194551,1,242.91666,11.069082
1987,98,2014,27,2195052.138356165,2,237.875,10.836872
1987,99,2014,27,2195504.779452055,3,232.125,10.57274
1987,100,2014,27,2196005.917808219,4,250.08334,11.3881
1987,101,2014,27,2196490.890410959,5,265.5,12.087461
1987,102,2014,27,2196992.028767123,6,268.125,12.204186
1987,103,2014,27,2197477.001369863,7,258.625,11.769179
1987,104,2014,27,2197978.139726027,8,272.5,12.397758
1987,105,2014,27,2198479.278082192,9,260.58334,11.852891
1987,106,2014,27,2198964.250684931,10,251.16666,11.422044
1987,107,2014,27,2199465.389041096,11,287,13.048625
1987,108,2014,27,2199950.361643835,12,287.04166,13.047643
1987,109,2015,28,2200451.5,1,276.08334,12.546668
1987,110,2015,28,2201188.493150685,2,226.5,10.289896
1987,111,2015,28,2201854.164383561,3,298.75,13.56811
1987,112,2015,28,2202591.157534246,4,285.08334,12.943089
1987,113,2015,28,2203304.376712329,5,286,12.980503
1987,114,2015,28,2204041.369863014,6,298.125,13.526289
1987,115,2015,28,2204754.589041096,7,291.58331,13.225205
1987,116,2015,28,2205491.582191781,8,292.25,13.251014
1987,117,2015,28,2206228.575342466,9,306.08334,13.873601
1987,118,2015,28,2206941.794520548,10,298.95831,13.546271
1987,119,2015,28,2207678.787671233,11,256.5,11.618538
1987,120,2015,28,2208392.006849315,12,288.83334,13.078898
1987,121,2016,29,2209129,1,276.45831,12.514359
1987,122,2016,29,2210360.06420765,2,315.875,14.290658
1987,123,2016,29,2211511.704918033,3,316.125,14.29452
1987,124,2016,29,2212742.769125683,4,288.45834,13.036235
1987,125,2016,29,2213934.121584699,5,341.75,15.436322
1987,126,2016,29,2215165.18579235,6,324.125,14.632092
1987,127,2016,29,2216356.538251366,7,352.08331,15.88568
1987,128,2016,29,2217587.602459016,8,350.5,15.805464
1987,129,2016,29,2218818.666666667,9,352.04166,15.866176
1987,130,2016,29,2220010.019125683,10,397.75,17.916586
1987,131,2016,29,2221241.083333333,11,339.625,15.289876
1987,132,2016,29,2222432.43579235,12,323.83334,14.571122
1987,133,2017,30,2223663.5,1,350.49997,15.762276
1987,134,2017,30,2225333.465753425,2,261.875,11.7679
1987,135,2017,30,2226841.821917808,3,328.33334,14.744349
1987,136,2017,30,2228511.787671233,4,331.83334,14.890356
1987,137,2017,30,2230127.883561644,5,357.75,16.041681
1987,138,2017,30,2231797.849315069,6,355.375,15.923261
1987,139,2017,30,2233413.945205479,7,347.125,15.54235
1987,140,2017,30,2235083.910958904,8,367,16.419966
1987,141,2017,30,2236753.876712329,9,367.08331,16.41143
1987,142,2017,30,2238369.97260274,10,329.875,14.737287
1987,143,2017,30,2240039.938356164,11,337.375,15.061115
1987,144,2017,30,2241656.034246575,12,345.16666,15.397842
1987,145,2018,31,2243326,1,343.83331,15.326943
1987,146,2018,31,2245351.191780822,2,299.75,13.349805
1987,147,2018,31,2247180.397260274,3,359.91666,16.016367
1987,148,2018,31,2249205.589041096,4,325.375,14.466219
1987,149,2018,31,2251165.452054794,5,358.5,15.925084
1987,150,2018,31,2253190.643835616,6,362.83331,16.10309
1987,151,2018,31,2255150.506849315,7,381.29169,16.907595
1987,152,2018,31,2257175.698630137,8,369.875,16.386629
1987,153,2018,31,2259200.890410959,9,355.54166,15.737496
1987,154,2018,31,2261160.753424658,10,359.25,15.887857
1987,155,2018,31,2263185.945205479,11,314.375,13.890816
1987,156,2018,31,2265145.808219178,12,341.29166,15.067095
1987,157,2019,32,2267171,1,318.625,14.053859
1987,158,2019,32,2268385.987671233,2,301.75,13.30241
1987,159,2019,32,2269483.395890411,3,336.04169,14.806969
1987,160,2019,32,2270698.383561644,4,349.20834,15.378896
1987,161,2019,32,2271874.178082192,5,376.625,16.577723
1987,162,2019,32,2273089.165753425,6,386.375,16.997793
1987,163,2019,32,2274264.960273973,7,386.83331,17.009157
1987,164,2019,32,2275479.947945205,8,369.75,16.249319
1987,165,2019,32,2276694.935616438,9,364.16666,15.995409
1987,166,2019,32,2277870.730136986,10,363.625,15.963373
1987,167,2019,32,2279085.71780822,11,361,15.839685
1987,168,2019,32,2280261.512328767,12,409.625,17.963949
1987,169,2020,33,2281476.5,1,382.875,16.781895
1987,170,2020,33,2281331.833333333,2,409.375,17.944561
1987,171,2020,33,2281196.5,3,392.625,17.211363
1987,172,2020,33,2281051.833333333,4,472.12503,20.697689
1987,173,2020,33,2280911.833333333,5,518.125,22.715696
1987,174,2020,33,2280767.166666667,6,508.66663,22.302435
1987,175,2020,33,2280627.166666667,7,511.08334,22.409771
1987,176,2020,33,2280482.5,8,531.125,23.290028
1987,177,2020,33,2280337.833333333,9,481.5,21.115292
1987,178,2020,33,2280197.833333333,10,464.95831,20.39114
1987,179,2020,33,2280053.166666667,11,473.625,20.772541
1987,180,2020,33,2279913.166666667,12,503.5,22.084175
1987,181,2021,34,2279768.5,1,553.04163,24.258675
1987,182,2021,34,2280165.979452055,2,471.875,20.694765
1987,183,2021,34,2280524.993150685,3,498.875,21.875446
1987,184,2021,34,2280922.47260274,4,492.91669,21.610409
1987,185,2021,34,2281307.130136986,5,559.375,24.519934
1987,186,2021,34,2281704.609589041,6,544.95831,23.883823
1987,187,2021,34,2282089.267123288,7,553.375,24.248613
1987,188,2021,34,2282486.746575342,8,675,29.573008
1987,189,2021,34,2282884.226027397,9,652.95831,28.602341
1987,190,2021,34,2283268.883561644,10,591.875,25.922264
1987,191,2021,34,2283666.363013699,11,557.875,24.428919
1987,192,2021,34,2284051.020547945,12,574.16663,25.138083
1988,1,2006,18,2221918,1,195.41666,8.7949533
1988,2,2006,18,2223589.324657534,2,176.875,7.9544816
1988,3,2006,18,2225098.908219178,3,187.58333,8.430337
1988,4,2006,18,2226770.232876712,4,216.04167,9.7020187
1988,5,2006,18,2228387.643835616,5,222,9.9623604
1988,6,2006,18,2230058.968493151,6,200.95833,9.0113459
1988,7,2006,18,2231676.379452055,7,219.375,9.8300543
1988,8,2006,18,2233347.704109589,8,190.5,8.5297956
1988,9,2006,18,2235019.028767123,9,196.375,8.7862787
1988,10,2006,18,2236636.439726027,10,186.41667,8.3346882
1988,11,2006,18,2238307.764383561,11,165.75,7.405148
1988,12,2006,18,2239925.175342466,12,142.83333,6.3767009
1988,13,2007,19,2241596.5,1,212.625,9.4854269
1988,14,2007,19,2241052.046575343,2,197.25,8.8016701
1988,15,2007,19,2240560.282191781,3,235.625,10.516343
1988,16,2007,19,2240015.828767124,4,237.29169,10.593304
1988,17,2007,19,2239488.938356164,5,245.375,10.956741
1988,18,2007,19,2238944.484931507,6,243.375,10.870077
1988,19,2007,19,2238417.594520548,7,257.125,11.486909
1988,20,2007,19,2237873.141095891,8,251,11.216006
1988,21,2007,19,2237328.687671233,9,216.16667,9.6618204
1988,22,2007,19,2236801.797260274,10,211.58334,9.4591904
1988,23,2007,19,2236257.343835616,11,210.75,9.4242287
1988,24,2007,19,2235730.453424658,12,205.25,9.1804447
1988,25,2008,20,2235186,1,256.41666,11.471827
1988,26,2008,20,2234029.513661202,2,206.5,9.2433872
1988,27,2008,20,2232947.639344262,3,229.41666,10.274162
1988,28,2008,20,2231791.153005464,4,214.70834,9.62045
1988,29,2008,20,2230671.972677596,5,235.125,10.540545
1988,30,2008,20,2229515.486338798,6,257.70831,11.558938
1988,31,2008,20,2228396.306010929,7,267.66666,12.011627
1988,32,2008,20,2227239.819672131,8,239.625,10.758832
1988,33,2008,20,2226083.333333333,9,232.16667,10.429379
1988,34,2008,20,2224964.153005464,10,219.95833,9.8859272
1988,35,2008,20,2223807.666666667,11,229.875,10.337
1988,36,2008,20,2222688.486338798,12,238.875,10.74712
1988,37,2009,21,2221532,1,226.87498,10.212546
1988,38,2009,21,2220899.769863014,2,212.375,9.5625658
1988,39,2009,21,2220328.723287671,3,247.33333,11.139491
1988,40,2009,21,2219696.493150685,4,235.45834,10.607682
1988,41,2009,21,2219084.657534247,5,256.875,11.575719
1988,42,2009,21,2218452.42739726,6,236.29166,10.651194
1988,43,2009,21,2217840.591780822,7,249.83334,11.264711
1988,44,2009,21,2217208.361643836,8,256.75,11.579877
1988,45,2009,21,2216576.13150685,9,225.75,10.184627
1988,46,2009,21,2215964.295890411,10,229.33333,10.349144
1988,47,2009,21,2215332.065753425,11,198.125,8.9433546
1988,48,2009,21,2214720.230136986,12,199,8.9853334
1988,49,2010,22,2214088,1,196.08333,8.8561668
1988,50,2010,22,2214776.539726027,2,192.125,8.6746902
1988,51,2010,22,2215398.446575342,3,230.91667,10.423257
1988,52,2010,22,2216086.98630137,4,221.54167,9.9969759
1988,53,2010,22,2216753.315068493,5,259.875,11.723226
1988,54,2010,22,2217441.85479452,6,248.375,11.20097
1988,55,2010,22,2218108.183561644,7,276.45834,12.463699
1988,56,2010,22,2218796.723287671,8,277.125,12.489878
1988,57,2010,22,2219485.263013699,9,219.375,9.8840485
1988,58,2010,22,2220151.591780822,10,229.375,10.331502
1988,59,2010,22,2220840.131506849,11,232.5,10.469011
1988,60,2010,22,2221506.460273973,12,220.54167,9.9275732
1988,61,2011,23,2222195,1,231.625,10.423253
1988,62,2011,23,2223132.091780822,2,237,10.660635
1988,63,2011,23,2223978.497260274,3,244.54167,10.995685
1988,64,2011,23,2224915.589041096,4,260.75,11.719545
1988,65,2011,23,2225822.452054794,5,258.25,11.602453
1988,66,2011,23,2226759.543835617,6,246.08331,11.051185
1988,67,2011,23,2227666.406849315,7,283.04166,12.705747
1988,68,2011,23,2228603.498630137,8,254.5,11.419707
1988,69,2011,23,2229540.590410959,9,276.95834,12.422215
1988,70,2011,23,2230447.453424658,10,261.45834,11.722238
1988,71,2011,23,2231384.545205479,11,235.875,10.570791
1988,72,2011,23,2232291.408219178,12,247.5,11.087262
1988,73,2012,24,2233228.5,1,218.20833,9.7709808
1988,74,2012,24,2233653.733606557,2,228,10.207491
1988,75,2012,24,2234051.532786885,3,241.5,10.809957
1988,76,2012,24,2234476.766393443,4,222.04167,9.9370766
1988,77,2012,24,2234888.282786885,5,253.625,11.348442
1988,78,2012,24,2235313.516393443,6,252.95831,11.316458
1988,79,2012,24,2235725.032786885,7,261.29166,11.687111
1988,80,2012,24,2236150.266393443,8,250.25,11.191109
1988,81,2012,24,2236575.5,9,255.58333,11.427441
1988,82,2012,24,2236987.016393443,10,230.625,10.309627
1988,83,2012,24,2237412.25,11,222.125,9.9277639
1988,84,2012,24,2237823.766393443,12,260.58334,11.644498
1988,85,2013,25,2238249,1,243.33333,10.871593
1988,86,2013,25,2238578.279452055,2,216.375,9.6657333
1988,87,2013,25,2238875.693150685,3,250.33334,11.181208
1988,88,2013,25,2239204.97260274,4,224.41667,10.022159
1988,89,2013,25,2239523.630136986,5,264.125,11.793803
1988,90,2013,25,2239852.909589041,6,252.75,11.284224
1988,91,2013,25,2240171.567123288,7,261.91666,11.691813
1988,92,2013,25,2240500.846575343,8,254.875,11.375805
1988,93,2013,25,2240830.126027397,9,250.41666,11.175174
1988,94,2013,25,2241148.783561644,10,255.375,11.394826
1988,95,2013,25,2241478.063013698,11,250.125,11.158932
1988,96,2013,25,2241796.720547945,12,215.29167,9.6035318
1988,97,2014,26,2242126,1,218.20833,9.7322063
1988,98,2014,26,2242897.984931507,2,227.875,10.159847
1988,99,2014,26,2243595.261643836,3,238.16667,10.615402
1988,100,2014,26,2244367.246575342,4,243.29169,10.840101
1988,101,2014,26,2245114.328767124,5,284.875,12.688663
1988,102,2014,26,2245886.31369863,6,268.41666,11.95148
1988,103,2014,26,2246633.395890411,7,277.5,12.351815
1988,104,2014,26,2247405.380821918,8,267.25,11.891491
1988,105,2014,26,2248177.365753425,9,257.25,11.442602
1988,106,2014,26,2248924.447945205,10,276.54166,12.296618
1988,107,2014,26,2249696.432876713,11,263.5,11.712691
1988,108,2014,26,2250443.515068493,12,287.08334,12.756745
1988,109,2015,27,2251215.5,1,276.58331,12.285954
1988,110,2015,27,2251561.553424657,2,227.875,10.120753
1988,111,2015,27,2251874.117808219,3,278.125,12.350823
1988,112,2015,27,2252220.171232877,4,274.5,12.187974
1988,113,2015,27,2252555.061643836,5,296.75,13.173929
1988,114,2015,27,2252901.115068493,6,306.375,13.599133
1988,115,2015,27,2253236.005479452,7,297.45831,13.201383
1988,116,2015,27,2253582.05890411,8,293.75,13.034803
1988,117,2015,27,2253928.112328767,9,292.625,12.98289
1988,118,2015,27,2254263.002739726,10,298.41666,13.237881
1988,119,2015,27,2254609.056164383,11,268.75,11.920027
1988,120,2015,27,2254943.946575342,12,272.66666,12.091949
1988,121,2016,28,2255290,1,264.04166,11.707659
1988,122,2016,28,2255824.919398907,2,302.375,13.404187
1988,123,2016,28,2256325.327868852,3,345.95834,15.332822
1988,124,2016,28,2256860.247267759,4,310.75,13.769129
1988,125,2016,28,2257377.911202186,5,339,15.017424
1988,126,2016,28,2257912.830601093,6,331.29166,14.672473
1988,127,2016,28,2258430.494535519,7,362.91669,16.06942
1988,128,2016,28,2258965.413934426,8,335.75,14.862999
1988,129,2016,28,2259500.333333333,9,332.83331,14.730394
1988,130,2016,28,2260017.997267759,10,367.04169,16.240654
1988,131,2016,28,2260552.916666667,11,328.875,14.548431
1988,132,2016,28,2261070.580601093,12,351.79166,15.558632
1988,133,2017,29,2261605.5,1,317.08331,14.020275
1988,134,2017,29,2262669.097260274,2,298.25,13.181335
1988,135,2017,29,2263629.765753425,3,362.29166,16.004898
1988,136,2017,29,2264693.363013699,4,330.25,14.582548
1988,137,2017,29,2265722.650684932,5,368.75,16.27516
1988,138,2017,29,2266786.247945205,6,380.375,16.780365
1988,139,2017,29,2267815.535616438,7,362.5,15.984545
1988,140,2017,29,2268879.132876712,8,359.75,15.855846
1988,141,2017,29,2269942.730136986,9,383.375,16.889193
1988,142,2017,29,2270972.017808219,10,343.04169,15.1055
1988,143,2017,29,2272035.615068493,11,332,14.612447
1988,144,2017,29,2273064.902739726,12,312.45834,13.746125
1988,145,2018,30,2274128.5,1,340.12497,14.956278
1988,146,2018,30,2275864.032876712,2,289.75,12.731428
1988,147,2018,30,2277431.610958904,3,366.20834,16.079884
1988,148,2018,30,2279167.143835616,4,345.41669,15.155391
1988,149,2018,30,2280846.691780822,5,371.75,16.298773
1988,150,2018,30,2282582.224657534,6,353.83331,15.501449
1988,151,2018,30,2284261.77260274,7,374.83331,16.409386
1988,152,2018,30,2285997.305479452,8,356.75,15.60588
1988,153,2018,30,2287732.838356164,9,356.91669,15.601327
1988,154,2018,30,2289412.38630137,10,340.83334,14.887372
1988,155,2018,30,2291147.919178082,11,342,14.927015
1988,156,2018,30,2292827.467123288,12,323.75,14.12012
1988,157,2019,31,2294563,1,332.875,14.50712
1988,158,2019,31,2296036.816438356,2,302.5,13.174876
1988,159,2019,31,2297368.005479452,3,333.29166,14.507544
1988,160,2019,31,2298841.821917809,4,349.70834,15.212371
1988,161,2019,31,2300268.095890411,5,359.25,15.617744
1988,162,2019,31,2301741.912328767,6,357.70831,15.540766
1988,163,2019,31,2303168.18630137,7,398.5,17.302254
1988,164,2019,31,2304642.002739726,8,381.25,16.5427
1988,165,2019,31,2306115.819178082,9,375.125,16.266529
1988,166,2019,31,2307542.093150685,10,351.375,15.227242
1988,167,2019,31,2309015.909589041,11,335.5,14.53
1988,168,2019,31,2310442.183561644,12,391.83331,16.959234
1988,169,2020,32,2311916,1,381.45831,16.499662
1988,170,2020,32,2311811.43852459,2,365.25,15.799299
1988,171,2020,32,2311713.62295082,3,395.625,17.113928
1988,172,2020,32,2311609.06147541,4,459.12503,19.861708
1988,173,2020,32,2311507.87295082,5,515.5,22.30146
1988,174,2020,32,2311403.31147541,6,504.125,21.810343
1988,175,2020,32,2311302.12295082,7,518.16669,22.418821
1988,176,2020,32,2311197.56147541,8,517,22.369356
1988,177,2020,32,2311093,9,487.125,21.07769
1988,178,2020,32,2310991.81147541,10,456,19.731789
1988,179,2020,32,2310887.25,11,461.125,19.954456
1988,180,2020,32,2310786.06147541,12,529.875,22.93051
1988,181,2021,33,2310681.5,1,553.04163,23.934135
1988,182,2021,33,2311168.921917808,2,468.875,20.287354
1988,183,2021,33,2311609.173972603,3,448.33334,19.394859
1988,184,2021,33,2312096.595890411,4,527,22.793165
1988,185,2021,33,2312568.294520548,5,529.75,22.907431
1988,186,2021,33,2313055.716438356,6,526.33331,22.75489
1988,187,2021,33,2313527.415068493,7,567.91663,24.547651
1988,188,2021,33,2314014.836986301,8,666.125,28.786549
1988,189,2021,33,2314502.25890411,9,599.29169,25.892897
1988,190,2021,33,2314973.957534247,10,633.79169,27.377918
1988,191,2021,33,2315461.379452055,11,521.375,22.517111
1988,192,2021,33,2315933.078082192,12,569.125,24.574327
1989,1,2006,17,2273345,1,156.75,6.8951259
1989,2,2006,17,2275161.557534247,2,118.875,5.2249036
1989,3,2006,17,2276802.319178082,3,137.58334,6.0428324
1989,4,2006,17,2278618.876712329,4,158.04167,6.9358535
1989,5,2006,17,2280376.835616438,5,167.875,7.361722
1989,6,2006,17,2282193.393150685,6,156.16666,6.8428321
1989,7,2006,17,2283951.352054794,7,153.58334,6.7244577
1989,8,2006,17,2285767.909589041,8,143.25,6.2670403
1989,9,2006,17,2287584.467123288,9,124.16667,5.4278507
1989,10,2006,17,2289342.426027397,10,157.79166,6.8924446
1989,11,2006,17,2291158.983561644,11,125.75,5.4884887
1989,12,2006,17,2292916.942465753,12,112.20834,4.8936939
1989,13,2007,18,2294733.5,1,202.375,8.8191071
1989,14,2007,18,2296247.021917808,2,184.375,8.0294065
1989,15,2007,18,2297614.073972603,3,204.41667,8.8969107
1989,16,2007,18,2299127.595890411,4,214.08334,9.3115034
1989,17,2007,18,2300592.294520548,5,205.75,8.9433489
1989,18,2007,18,2302105.816438356,6,189.04166,8.2116842
1989,19,2007,18,2303570.515068493,7,208.95834,9.071063
1989,20,2007,18,2305084.036986301,8,198,8.5897083
1989,21,2007,18,2306597.55890411,9,160.625,6.9637203
1989,22,2007,18,2308062.257534246,10,153.41666,6.6469893
1989,23,2007,18,2309575.779452055,11,154.875,6.7057772
1989,24,2007,18,2311040.478082192,12,132.08334,5.7153192
1989,25,2008,19,2312554,1,196.83333,8.5115128
1989,26,2008,19,2311557.510928961,2,210.625,9.1118221
1989,27,2008,19,2310625.31147541,3,208.66667,9.0307446
1989,28,2008,19,2309628.822404372,4,221.66669,9.5975027
1989,29,2008,19,2308664.478142077,5,227.5,9.8541822
1989,30,2008,19,2307667.989071038,6,224.125,9.7121859
1989,31,2008,19,2306703.644808743,7,246.125,10.669988
1989,32,2008,19,2305707.155737705,8,234.375,10.164994
1989,33,2008,19,2304710.666666667,9,210.45834,9.1316605
1989,34,2008,19,2303746.322404372,10,198.33333,8.6091652
1989,35,2008,19,2302749.833333333,11,206.375,8.9621115
1989,36,2008,19,2301785.489071038,12,205.45834,8.9260426
1989,37,2009,20,2300789,1,222.79166,9.6832724
1989,38,2009,20,2299543.691780822,2,203.875,8.8658895
1989,39,2009,20,2298418.897260274,3,233.08334,10.141029
1989,40,2009,20,2297173.589041096,4,222.58334,9.6894436
1989,41,2009,20,2295968.452054794,5,252.875,11.013871
1989,42,2009,20,2294723.143835616,6,221.41666,9.6489487
1989,43,2009,20,2293518.006849315,7,234.125,10.208117
1989,44,2009,20,2292272.698630137,8,227.125,9.908289
1989,45,2009,20,2291027.390410959,9,197.79166,8.633317
1989,46,2009,20,2289822.253424658,10,207.79167,9.0745764
1989,47,2009,20,2288576.945205479,11,195.5,8.5424261
1989,48,2009,20,2287371.808219178,12,198.91667,8.6962986
1989,49,2010,21,2286126.5,1,219.99998,9.6232643
1989,50,2010,21,2287029.746575342,2,197.625,8.6411209
1989,51,2010,21,2287845.582191781,3,250.375,10.943702
1989,52,2010,21,2288748.828767124,4,220.91667,9.6522903
1989,53,2010,21,2289622.938356164,5,260.75,11.388338
1989,54,2010,21,2290526.184931507,6,233.04166,10.174153
1989,55,2010,21,2291400.294520548,7,257.75,11.24858
1989,56,2010,21,2292303.541095891,8,245.75,10.720657
1989,57,2010,21,2293206.787671233,9,215,9.3755169
1989,58,2010,21,2294080.897260274,10,238.70833,10.405401
1989,59,2010,21,2294984.143835616,11,205.125,8.9379702
1989,60,2010,21,2295858.253424658,12,191.25,8.3302183
1989,61,2011,22,2296761.5,1,223.33333,9.7238359
1989,62,2011,22,2297767.25890411,2,192.5,8.3776979
1989,63,2011,22,2298675.68630137,3,254.25,11.060717
1989,64,2011,22,2299681.445205479,4,256.25,11.142848
1989,65,2011,22,2300654.760273973,5,262.25,11.398929
1989,66,2011,22,2301660.519178082,6,244.70831,10.631816
1989,67,2011,22,2302633.834246575,7,283.58331,12.315606
1989,68,2011,22,2303639.593150685,8,250.125,10.857819
1989,69,2011,22,2304645.352054794,9,256.25,11.118848
1989,70,2011,22,2305618.667123288,10,264.75,11.482819
1989,71,2011,22,2306624.426027397,11,252.625,10.952151
1989,72,2011,22,2307597.74109589,12,234.58334,10.165695
1989,73,2012,23,2308603.5,1,223.29166,9.6721525
1989,74,2012,23,2309400.818306011,2,202.25,8.7576828
1989,75,2012,23,2310146.696721312,3,253.08334,10.955294
1989,76,2012,23,2310944.015027322,4,222.54169,9.6299038
1989,77,2012,23,2311715.613387978,5,252.75,10.933438
1989,78,2012,23,2312512.931693989,6,249.75,10.799939
1989,79,2012,23,2313284.530054645,7,278.125,12.022948
1989,80,2012,23,2314081.848360656,8,281.5,12.164652
1989,81,2012,23,2314879.166666667,9,263.58334,11.386484
1989,82,2012,23,2315650.765027322,10,244,10.536995
1989,83,2012,23,2316448.083333333,11,247,10.662876
1989,84,2012,23,2317219.681693989,12,268.70831,11.596152
1989,85,2013,24,2318017,1,250.49998,10.80665
1989,86,2013,24,2318401.315068493,2,193.625,8.3516598
1989,87,2013,24,2318748.438356164,3,268.20834,11.566944
1989,88,2013,24,2319132.753424658,4,240.29169,10.361274
1989,89,2013,24,2319504.671232877,5,262.125,11.300904
1989,90,2013,24,2319888.98630137,6,263.04166,11.338545
1989,91,2013,24,2320260.904109589,7,271.29166,11.692291
1989,92,2013,24,2320645.219178082,8,264.125,11.381533
1989,93,2013,24,2321029.534246575,9,253.83334,10.936239
1989,94,2013,24,2321401.452054794,10,239.625,10.322429
1989,95,2013,24,2321785.767123288,11,246.75,10.627596
1989,96,2013,24,2322157.684931507,12,273.41666,11.77425
1989,97,2014,25,2322542,1,223.29166,9.6141062
1989,98,2014,25,2322939.564383562,2,258.125,11.111999
1989,99,2014,25,2323298.654794521,3,223.5,9.6199427
1989,100,2014,25,2323696.219178082,4,243.70834,10.487961
1989,101,2014,25,2324080.958904109,5,282.375,12.149964
1989,102,2014,25,2324478.523287671,6,260.25,11.196059
1989,103,2014,25,2324863.263013699,7,278.66669,11.986369
1989,104,2014,25,2325260.82739726,8,260.625,11.20842
1989,105,2014,25,2325658.391780822,9,285.91669,12.29401
1989,106,2014,25,2326043.131506849,10,283.79169,12.20062
1989,107,2014,25,2326440.695890411,11,273.125,11.740037
1989,108,2014,25,2326825.435616438,12,293.70834,12.622706
1989,109,2015,26,2327223,1,243.79166,10.475647
1989,110,2015,26,2327903.938356164,2,219,9.4076042
1989,111,2015,26,2328518.979452054,3,287.5,12.346904
1989,112,2015,26,2329199.917808219,4,272.125,11.683196
1989,113,2015,26,2329858.890410959,5,286.375,12.291517
1989,114,2015,26,2330539.828767123,6,295.91666,12.697344
1989,115,2015,26,2331198.801369863,7,314.33334,13.483764
1989,116,2015,26,2331879.739726027,8,315.125,13.513776
1989,117,2015,26,2332560.678082191,9,295.75,12.679198
1989,118,2015,26,2333219.650684931,10,328.08331,14.061399
1989,119,2015,26,2333900.589041096,11,298.125,12.773681
1989,120,2015,26,2334559.561643836,12,271.04166,11.60997
1989,121,2016,27,2335240.5,1,266.58331,11.415668
1989,122,2016,27,2335292.25136612,2,305.875,13.097933
1989,123,2016,27,2335340.663934426,3,338.04166,14.475047
1989,124,2016,27,2335392.415300547,4,315.58334,13.513076
1989,125,2016,27,2335442.497267759,5,319.5,13.680491
1989,126,2016,27,2335494.24863388,6,324.83331,13.908546
1989,127,2016,27,2335544.330601093,7,347.91666,14.896598
1989,128,2016,27,2335596.081967213,8,331,14.171971
1989,129,2016,27,2335647.833333333,9,324.95834,13.912986
1989,130,2016,27,2335697.915300547,10,353.625,15.140015
1989,131,2016,27,2335749.666666667,11,320,13.700098
1989,132,2016,27,2335799.74863388,12,322.33334,13.7997
1989,133,2017,28,2335851.5,1,342.625,14.668098
1989,134,2017,28,2336084.679452055,2,315.5,13.505504
1989,135,2017,28,2336295.293150685,3,361,15.451814
1989,136,2017,28,2336528.472602739,4,305.125,13.058904
1989,137,2017,28,2336754.130136986,5,355.5,15.21341
1989,138,2017,28,2336987.309589041,6,390.125,16.693501
1989,139,2017,28,2337212.967123288,7,362.20831,15.497446
1989,140,2017,28,2337446.146575342,8,373.375,15.97363
1989,141,2017,28,2337679.326027397,9,350.58334,14.997067
1989,142,2017,28,2337904.983561644,10,333.54166,14.26669
1989,143,2017,28,2338138.163013699,11,381.875,16.332439
1989,144,2017,28,2338363.820547945,12,328.25,14.037593
1989,145,2018,29,2338597,1,342.79166,14.658005
1989,146,2018,29,2339670.789041096,2,282.625,12.079691
1989,147,2018,29,2340640.663013699,3,346.95831,14.82322
1989,148,2018,29,2341714.452054794,4,331.95834,14.175868
1989,149,2018,29,2342753.602739726,5,352.875,15.062404
1989,150,2018,29,2343827.391780822,6,365.16666,15.579929
1989,151,2018,29,2344866.542465753,7,386.91669,16.500584
1989,152,2018,29,2345940.331506849,8,339.375,14.46648
1989,153,2018,29,2347014.120547945,9,339.83334,14.479391
1989,154,2018,29,2348053.271232876,10,357.95834,15.244899
1989,155,2018,29,2349127.060273972,11,348.625,14.840619
1989,156,2018,29,2350166.210958904,12,318.20834,13.539823
1989,157,2019,30,2351240,1,330.70834,14.065274
1989,158,2019,30,2352393.964383562,2,317.75,13.507516
1989,159,2019,30,2353436.25479452,3,372.29169,15.819068
1989,160,2019,30,2354590.219178082,4,335.79169,14.261152
1989,161,2019,30,2355706.95890411,5,362.875,15.40408
1989,162,2019,30,2356860.923287671,6,364.33331,15.458414
1989,163,2019,30,2357977.663013699,7,379.29169,16.085466
1989,164,2019,30,2359131.62739726,8,363.125,15.392316
1989,165,2019,30,2360285.591780822,9,375.91666,15.926744
1989,166,2019,30,2361402.331506849,10,384.20834,16.270346
1989,167,2019,30,2362556.295890411,11,364.375,15.422913
1989,168,2019,30,2363673.035616438,12,391,16.542051
1989,169,2020,31,2364827,1,415.58331,17.573519
1989,170,2020,31,2364753.819672131,2,373.625,15.799742
1989,171,2020,31,2364685.360655738,3,398.20834,16.839802
1989,172,2020,31,2364612.180327869,4,468.45837,19.811214
1989,173,2020,31,2364541.360655738,5,506.125,21.404785
1989,174,2020,31,2364468.180327869,6,505.79166,21.39135
1989,175,2020,31,2364397.360655738,7,539.29163,22.80884
1989,176,2020,31,2364324.180327869,8,517.625,21.893148
1989,177,2020,31,2364251,9,475.25,20.101503
1989,178,2020,31,2364180.180327869,10,483.70834,20.459877
1989,179,2020,31,2364107,11,496.75,21.012163
1989,180,2020,31,2364036.180327869,12,468.70831,19.826612
1989,181,2021,32,2363963,1,530.70831,22.449942
1989,182,2021,32,2364518.112328767,2,450.125,19.036648
1989,183,2021,32,2365019.504109589,3,509.45834,21.541401
1989,184,2021,32,2365574.616438356,4,507.37503,21.448278
1989,185,2021,32,2366111.821917808,5,530,22.399618
1989,186,2021,32,2366666.934246575,6,525.33337,22.197182
1989,187,2021,32,2367204.139726027,7,578.33337,24.431072
1989,188,2021,32,2367759.252054795,8,642.125,27.119522
1989,189,2021,32,2368314.364383562,9,600.58331,25.359104
1989,190,2021,32,2368851.569863014,10,576.70837,24.345484
1989,191,2021,32,2369406.682191781,11,511.5,21.587683
1989,192,2021,32,2369943.887671233,12,587.20837,24.777311
1990,1,2006,16,2287801.5,1,103.66666,4.5312786
1990,2,2006,16,2289542.468493151,2,106,4.629746
1990,3,2006,16,2291114.956164383,3,93.833336,4.0955315
1990,4,2006,16,2292855.924657534,4,112.95834,4.9265347
1990,5,2006,16,2294540.732876712,5,118.375,5.1589847
1990,6,2006,16,2296281.701369863,6,117.16666,5.1024513
1990,7,2006,16,2297966.509589041,7,116.16667,5.0551944
1990,8,2006,16,2299707.478082192,8,87.375,3.7993963
1990,9,2006,16,2301448.446575343,9,78.625,3.4163268
1990,10,2006,16,2303133.25479452,10,93.625,4.0651145
1990,11,2006,16,2304874.223287671,11,80.75,3.5034449
1990,12,2006,16,2306559.031506849,12,77.458328,3.3581767
1990,13,2007,17,2308300,1,162.875,7.0560584
1990,14,2007,17,2310027.591780822,2,126.5,5.4761252
1990,15,2007,17,2311587.997260274,3,141.29167,6.1123209
1990,16,2007,17,2313315.589041096,4,142.58334,6.1635923
1990,17,2007,17,2314987.452054794,5,147.625,6.3769245
1990,18,2007,17,2316715.043835617,6,151.58333,6.5430288
1990,19,2007,17,2318386.906849315,7,158.79166,6.8492303
1990,20,2007,17,2320114.498630137,8,144.5,6.2281408
1990,21,2007,17,2321842.090410959,9,107.16667,4.6155882
1990,22,2007,17,2323513.953424658,10,120.58334,5.1896973
1990,23,2007,17,2325241.545205479,11,105.875,4.5532904
1990,24,2007,17,2326913.408219178,12,103.125,4.4318366
1990,25,2008,18,2328641,1,190.95833,8.2004194
1990,26,2008,18,2329842.673497268,2,160.375,6.883512
1990,27,2008,18,2330966.819672131,3,182.04167,7.8097067
1990,28,2008,18,2332168.493169399,4,180.04167,7.7199254
1990,29,2008,18,2333331.403005464,5,191.125,8.1910782
1990,30,2008,18,2334533.076502732,6,181.45833,7.772789
1990,31,2008,18,2335695.986338798,7,193.08333,8.2666292
1990,32,2008,18,2336897.659836066,8,188.75,8.0769472
1990,33,2008,18,2338099.333333333,9,154.54167,6.6097136
1990,34,2008,18,2339262.243169399,10,168.875,7.2191563
1990,35,2008,18,2340463.916666667,11,143.5,6.1312633
1990,36,2008,18,2341626.826502732,12,149.375,6.3791122
1990,37,2009,19,2342828.5,1,194.08333,8.2841454
1990,38,2009,19,2342041.439726027,2,172.5,7.3653693
1990,39,2009,19,2341330.546575342,3,196.75,8.4033413
1990,40,2009,19,2340543.48630137,4,218.45834,9.3336592
1990,41,2009,19,2339781.815068493,5,232,9.9154549
1990,42,2009,19,2338994.75479452,6,207.29166,8.8624249
1990,43,2009,19,2338233.083561643,7,228.54166,9.7741175
1990,44,2009,19,2337446.023287671,8,212.625,9.096467
1990,45,2009,19,2336658.963013698,9,179.91667,7.6997404
1990,46,2009,19,2335897.291780822,10,178.45834,7.6398196
1990,47,2009,19,2335110.231506849,11,176.75,7.5692358
1990,48,2009,19,2334348.560273972,12,165.45833,7.0879874
1990,49,2010,20,2333561.5,1,196.24998,8.4098911
1990,50,2010,20,2334627.093150685,2,178.75,7.6564689
1990,51,2010,20,2335589.564383562,3,207.91666,8.9021063
1990,52,2010,20,2336655.157534246,4,223.33334,9.5578222
1990,53,2010,20,2337686.376712329,5,243.875,10.432323
1990,54,2010,20,2338751.969863014,6,203.83333,8.7154741
1990,55,2010,20,2339783.189041096,7,231.375,9.8887367
1990,56,2010,20,2340848.782191781,8,214.625,9.1686831
1990,57,2010,20,2341914.375342466,9,221.375,9.4527369
1990,58,2010,20,2342945.594520548,10,218.83333,9.3400946
1990,59,2010,20,2344011.187671233,11,193.125,8.2390814
1990,60,2010,20,2345042.406849315,12,181.375,7.7344017
1990,61,2011,21,2346108,1,229.70833,9.7910385
1990,62,2011,21,2347384.180821918,2,174,7.4125061
1990,63,2011,21,2348536.860273973,3,231.04166,9.8376846
1990,64,2011,21,2349813.04109589,4,225.66667,9.6036015
1990,65,2011,21,2351048.05479452,5,255.625,10.87281
1990,66,2011,21,2352324.235616438,6,229,9.7350521
1990,67,2011,21,2353559.249315068,7,263.83334,11.209972
1990,68,2011,21,2354835.430136986,8,241.75,10.26611
1990,69,2011,21,2356111.610958904,9,214.25,9.0933723
1990,70,2011,21,2357346.624657534,10,224.83333,9.5375595
1990,71,2011,21,2358622.805479452,11,225.25,9.5500641
1990,72,2011,21,2359857.819178082,12,220.58333,9.3473139
1990,73,2012,22,2361134,1,230.79166,9.7746105
1990,74,2012,22,2361924.415300546,2,219.125,9.2773924
1990,75,2012,22,2362663.836065574,3,259.75,10.993947
1990,76,2012,22,2363454.25136612,4,247.45834,10.470199
1990,77,2012,22,2364219.169398907,5,254.75,10.775228
1990,78,2012,22,2365009.584699454,6,264,11.162745
1990,79,2012,22,2365774.502732241,7,277.95834,11.749147
1990,80,2012,22,2366564.918032787,8,263.625,11.139564
1990,81,2012,22,2367355.333333333,9,226.79166,9.579958
1990,82,2012,22,2368120.25136612,10,238.70834,10.080077
1990,83,2012,22,2368910.666666667,11,209.875,8.8595572
1990,84,2012,22,2369675.584699454,12,235.45834,9.9363117
1990,85,2013,23,2370466,1,238.87498,10.077132
1990,86,2013,23,2371315.909589041,2,213.25,8.992897
1990,87,2013,23,2372083.569863014,3,279.45834,11.781134
1990,88,2013,23,2372933.479452055,4,243.33334,10.254537
1990,89,2013,23,2373755.97260274,5,237.5,10.00524
1990,90,2013,23,2374605.882191781,6,266.54166,11.224669
1990,91,2013,23,2375428.375342466,7,274.58331,11.559318
1990,92,2013,23,2376278.284931507,8,266.75,11.225537
1990,93,2013,23,2377128.194520548,9,242.25,10.190868
1990,94,2013,23,2377950.687671233,10,222.125,9.3410263
1990,95,2013,23,2378800.597260274,11,245.125,10.304563
1990,96,2013,23,2379623.090410959,12,251.08333,10.551391
1990,97,2014,24,2380473,1,230.87498,9.6987019
1990,98,2014,24,2380903.9,2,227.625,9.5604448
1990,99,2014,24,2381293.1,3,253.66666,10.652475
1990,100,2014,24,2381724,4,238.91669,10.03125
1990,101,2014,24,2382141,5,265.875,11.161179
1990,102,2014,24,2382571.9,6,266.16666,11.171401
1990,103,2014,24,2382988.9,7,271.20834,11.381016
1990,104,2014,24,2383419.8,8,259.25,10.877228
1990,105,2014,24,2383850.7,9,269.375,11.299994
1990,106,2014,24,2384267.7,10,278.45834,11.678988
1990,107,2014,24,2384698.6,11,266.25,11.164933
1990,108,2014,24,2385115.6,12,271.95831,11.402311
1990,109,2015,25,2385546.5,1,240.79166,10.093773
1990,110,2015,25,2385772.035616438,2,258.125,10.819349
1990,111,2015,25,2385975.745205479,3,275.91669,11.564103
1990,112,2015,25,2386201.280821918,4,284.95834,11.941924
1990,113,2015,25,2386419.54109589,5,276.375,11.581158
1990,114,2015,25,2386645.076712328,6,296.08331,12.405838
1990,115,2015,25,2386863.336986301,7,326.83331,13.693005
1990,116,2015,25,2387088.872602739,8,325.75,13.646329
1990,117,2015,25,2387314.408219178,9,269.83331,11.302797
1990,118,2015,25,2387532.66849315,10,313.83334,13.144672
1990,119,2015,25,2387758.204109589,11,281,11.768361
1990,120,2015,25,2387976.464383562,12,299.75,12.552468
1990,121,2016,26,2388202,1,303.29166,12.699581
1990,122,2016,26,2388642.903005464,2,266.25,11.146497
1990,123,2016,26,2389055.360655738,3,320.5,13.415344
1990,124,2016,26,2389496.263661202,4,318.45834,13.327426
1990,125,2016,26,2389922.943989071,5,327,13.682449
1990,126,2016,26,2390363.846994536,6,319.04169,13.346992
1990,127,2016,26,2390790.527322405,7,343.04169,14.348463
1990,128,2016,26,2391231.430327869,8,355.25,14.856362
1990,129,2016,26,2391672.333333333,9,305.75,12.783942
1990,130,2016,26,2392099.013661202,10,361.70834,15.12096
1990,131,2016,26,2392539.916666667,11,332.125,13.881691
1990,132,2016,26,2392966.596994536,12,336.33331,14.055078
1990,133,2017,27,2393407.5,1,355.41666,14.849818
1990,134,2017,27,2393057.115068493,2,326,13.622742
1990,135,2017,27,2392740.638356165,3,318.625,13.31632
1990,136,2017,27,2392390.253424658,4,332.91669,13.915651
1990,137,2017,27,2392051.171232877,5,356.25,14.893076
1990,138,2017,27,2391700.78630137,6,368.54166,15.409187
1990,139,2017,27,2391361.704109589,7,362.08334,15.141304
1990,140,2017,27,2391011.319178082,8,374.5,15.662828
1990,141,2017,27,2390660.934246575,9,357.25,14.943566
1990,142,2017,27,2390321.852054794,10,338.70834,14.169989
1990,143,2017,27,2389971.467123288,11,345.25,14.445779
1990,144,2017,27,2389632.384931507,12,326.125,13.647496
1990,145,2018,28,2389282,1,339.25,14.198826
1990,146,2018,28,2389439.165753425,2,296.25,12.398307
1990,147,2018,28,2389581.121917808,3,344.25,14.406291
1990,148,2018,28,2389738.287671233,4,348.95834,14.602366
1990,149,2018,28,2389890.383561644,5,350.875,14.681636
1990,150,2018,28,2390047.549315068,6,384.25,16.077085
1990,151,2018,28,2390199.64520548,7,388.5,16.253872
1990,152,2018,28,2390356.810958904,8,352.375,14.741523
1990,153,2018,28,2390513.976712329,9,338.95831,14.179307
1990,154,2018,28,2390666.07260274,10,330.75,13.835056
1990,155,2018,28,2390823.238356164,11,304.375,12.73097
1990,156,2018,28,2390975.334246575,12,325.66666,13.620662
1990,157,2019,29,2391132.5,1,346.33331,14.484071
1990,158,2019,29,2391436.384931507,2,304.25,12.722479
1990,159,2019,29,2391710.861643835,3,346.54169,14.48928
1990,160,2019,29,2392014.746575342,4,344.125,14.386408
1990,161,2019,29,2392308.828767123,5,344.5,14.400314
1990,162,2019,29,2392612.71369863,6,366.41666,15.314499
1990,163,2019,29,2392906.795890411,7,379.70831,15.868078
1990,164,2019,29,2393210.680821918,8,381.25,15.930482
1990,165,2019,29,2393514.565753425,9,331.20831,13.83774
1990,166,2019,29,2393808.647945206,10,344.91669,14.408699
1990,167,2019,29,2394112.532876712,11,316.5,13.21993
1990,168,2019,29,2394406.615068493,12,348.83334,14.568676
1990,169,2020,30,2394710.5,1,426.375,17.804867
1990,170,2020,30,2394664,2,325.75,13.603161
1990,171,2020,30,2394620.5,3,393.58331,16.436146
1990,172,2020,30,2394574,4,441.29169,18.428818
1990,173,2020,30,2394529,5,497.75,20.786968
1990,174,2020,30,2394482.5,6,502.45831,20.984005
1990,175,2020,30,2394437.5,7,544.04169,22.721064
1990,176,2020,30,2394391,8,503.875,21.043974
1990,177,2020,30,2394344.5,9,454.41666,18.97875
1990,178,2020,30,2394299.5,10,464.875,19.415909
1990,179,2020,30,2394253,11,461.75,19.285765
1990,180,2020,30,2394208,12,462.16669,19.303532
1990,181,2021,31,2394161.5,1,524.375,21.902241
1990,182,2021,31,2394790.884931507,2,424.25,17.715534
1990,183,2021,31,2395359.361643836,3,479.91666,20.035267
1990,184,2021,31,2395988.746575342,4,503.33337,21.007334
1990,185,2021,31,2396597.828767124,5,519.875,21.692209
1990,186,2021,31,2397227.21369863,6,527,21.983732
1990,187,2021,31,2397836.295890411,7,537.79163,22.428204
1990,188,2021,31,2398465.680821918,8,603.25,25.151497
1990,189,2021,31,2399095.065753425,9,590.70831,24.622129
1990,190,2021,31,2399704.147945206,10,558.20831,23.261547
1990,191,2021,31,2400333.532876712,11,521.5,21.726147
1990,192,2021,31,2400942.615068493,12,526.66669,21.935829
1991,1,2006,15,2233041.5,1,72.249992,3.235497
1991,2,2006,15,2235472.452054794,2,68.625,3.0698209
1991,3,2006,15,2237668.150684931,3,72.375,3.2343938
1991,4,2006,15,2240099.102739726,4,66.708336,2.9779189
1991,5,2006,15,2242451.636986301,5,77.75,3.4671874
1991,6,2006,15,2244882.589041096,6,74.333328,3.3112345
1991,7,2006,15,2247235.123287671,7,73.958328,3.291081
1991,8,2006,15,2249666.075342466,8,56,2.4892583
1991,9,2006,15,2252097.02739726,9,54.833336,2.434768
1991,10,2006,15,2254449.561643836,10,62.958336,2.7926257
1991,11,2006,15,2256880.51369863,11,63.625,2.8191569
1991,12,2006,15,2259233.047945205,12,53.958332,2.3883474
1991,13,2007,16,2261664,1,113.41666,5.0147443
1991,14,2007,16,2263342.756164384,2,90.375,3.9929879
1991,15,2007,16,2264859.052054795,3,104.91667,4.6323709
1991,16,2007,16,2266537.808219178,4,97.75,4.3127451
1991,17,2007,16,2268162.410958904,5,90.875,4.0065475
1991,18,2007,16,2269841.167123288,6,121.83333,5.3674827
1991,19,2007,16,2271465.769863014,7,110.20833,4.8518596
1991,20,2007,16,2273144.526027397,8,98.125,4.3167076
1991,21,2007,16,2274823.282191781,9,69.333336,3.0478559
1991,22,2007,16,2276447.884931507,10,76.416664,3.3568377
1991,23,2007,16,2278126.641095891,11,77.25,3.390944
1991,24,2007,16,2279751.243835616,12,61.75,2.7086289
1991,25,2008,17,2281430,1,142.95833,6.2661719
1991,26,2008,17,2282990.333333333,2,115.125,5.0427284
1991,27,2008,17,2284450,3,122.95833,5.3824039
1991,28,2008,17,2286010.333333333,4,126.41667,5.5300131
1991,29,2008,17,2287520.333333333,5,123.875,5.4152522
1991,30,2008,17,2289080.666666667,6,137.66666,6.0140586
1991,31,2008,17,2290590.666666667,7,136.625,5.9646187
1991,32,2008,17,2292151,8,129.875,5.6660752
1991,33,2008,17,2293711.333333333,9,115.16667,5.0209751
1991,34,2008,17,2295221.333333333,10,120.04167,5.2300696
1991,35,2008,17,2296781.666666667,11,118.375,5.1539507
1991,36,2008,17,2298291.666666667,12,96.208328,4.18608
1991,37,2009,18,2299852,1,171.08333,7.4388843
1991,38,2009,18,2301678.154794521,2,149.75,6.5061226
1991,39,2009,18,2303327.584931507,3,164.04167,7.1219425
1991,40,2009,18,2305153.739726027,4,177.58334,7.7037525
1991,41,2009,18,2306920.98630137,5,188.125,8.154809
1991,42,2009,18,2308747.141095891,6,179.58333,7.778389
1991,43,2009,18,2310514.387671233,7,189.83334,8.2160645
1991,44,2009,18,2312340.542465754,8,166.875,7.2167139
1991,45,2009,18,2314166.697260274,9,134.5,5.8120275
1991,46,2009,18,2315933.943835617,10,137.95833,5.9569197
1991,47,2009,18,2317760.098630137,11,129.375,5.5818977
1991,48,2009,18,2319527.345205479,12,116.08334,5.0046115
1991,49,2010,19,2321353.5,1,178.99998,7.7110181
1991,50,2010,19,2322662.973972603,2,159.875,6.8832631
1991,51,2010,19,2323845.724657534,3,195.83334,8.4271231
1991,52,2010,19,2325155.198630137,4,203.54167,8.7538958
1991,53,2010,19,2326422.431506849,5,209.625,9.0106163
1991,54,2010,19,2327731.905479452,6,191.625,8.2322626
1991,55,2010,19,2328999.138356165,7,222.41667,9.5498819
1991,56,2010,19,2330308.612328767,8,214,9.1833334
1991,57,2010,19,2331618.08630137,9,189.29166,8.1184673
1991,58,2010,19,2332885.319178082,10,199.54167,8.5534286
1991,59,2010,19,2334194.793150685,11,170.125,7.2883806
1991,60,2010,19,2335462.026027397,12,165.66667,7.0935287
1991,61,2011,20,2336771.5,1,199.08333,8.5195894
1991,62,2011,20,2337941.94109589,2,168.375,7.2018471
1991,63,2011,20,2338999.113698631,3,198.04167,8.4669409
1991,64,2011,20,2340169.554794521,4,195.70834,8.362998
1991,65,2011,20,2341302.239726027,5,227,9.6954594
1991,66,2011,20,2342472.680821918,6,219.375,9.3651037
1991,67,2011,20,2343605.365753425,7,258.04166,11.010457
1991,68,2011,20,2344775.806849315,8,247.25,10.544718
1991,69,2011,20,2345946.247945206,9,204.125,8.7011795
1991,70,2011,20,2347078.932876713,10,208.45833,8.8816071
1991,71,2011,20,2348249.373972603,11,220.125,9.3740044
1991,72,2011,20,2349382.05890411,12,187.41667,7.9772754
1991,73,2012,21,2350552.5,1,247.95833,10.548938
1991,74,2012,21,2351537.258196721,2,222,9.4406328
1991,75,2012,21,2352458.483606557,3,242.08333,10.290652
1991,76,2012,21,2353443.241803279,4,234.29169,9.9552727
1991,77,2012,21,2354396.233606557,5,220.125,9.3495312
1991,78,2012,21,2355380.991803279,6,255.91666,10.865191
1991,79,2012,21,2356333.983606557,7,247.625,10.508909
1991,80,2012,21,2357318.741803279,8,232.375,9.8575974
1991,81,2012,21,2358303.5,9,230.95834,9.7934103
1991,82,2012,21,2359256.491803279,10,210.66666,8.9293661
1991,83,2012,21,2360241.25,11,183.875,7.7905173
1991,84,2012,21,2361194.241803279,12,226.33333,9.5855446
1991,85,2013,22,2362179,1,237.41666,10.050748
1991,86,2013,22,2362901.894520548,2,219,9.2682648
1991,87,2013,22,2363554.831506849,3,243.45834,10.300516
1991,88,2013,22,2364277.726027397,4,232.08334,9.816247
1991,89,2013,22,2364977.301369863,5,238.375,10.079378
1991,90,2013,22,2365700.195890411,6,261.125,11.037958
1991,91,2013,22,2366399.771232877,7,276.5,11.684416
1991,92,2013,22,2367122.665753425,8,254.375,10.746169
1991,93,2013,22,2367845.560273973,9,217.16666,9.1714878
1991,94,2013,22,2368545.135616438,10,239.58334,10.115211
1991,95,2013,22,2369268.030136986,11,209.125,8.8265657
1991,96,2013,22,2369967.605479452,12,245.20833,10.346484
1991,97,2014,23,2370690.5,1,250.33333,10.559511
1991,98,2014,23,2371648.060273973,2,205.5,8.6648607
1991,99,2014,23,2372512.953424658,3,257.70834,10.862252
1991,100,2014,23,2373470.51369863,4,235.70834,9.9309568
1991,101,2014,23,2374397.184931507,5,254.75,10.729039
1991,102,2014,23,2375354.74520548,6,271.95831,11.449166
1991,103,2014,23,2376281.416438356,7,265.29169,11.164153
1991,104,2014,23,2377238.976712329,8,253.125,10.647857
1991,105,2014,23,2378196.536986302,9,241.70834,10.163514
1991,106,2014,23,2379123.208219178,10,286.5,12.042252
1991,107,2014,23,2380080.768493151,11,245.75,10.32528
1991,108,2014,23,2381007.439726028,12,253.75,10.657253
1991,109,2015,24,2381965,1,281,11.796983
1991,110,2015,24,2382174.016438356,2,235.375,9.8806801
1991,111,2015,24,2382362.805479452,3,259.66669,10.899544
1991,112,2015,24,2382571.821917808,4,275.33334,11.55614
1991,113,2015,24,2382774.095890411,5,293.5,12.317575
1991,114,2015,24,2382983.112328767,6,292.25,12.26404
1991,115,2015,24,2383185.38630137,7,317.95831,13.341737
1991,116,2015,24,2383394.402739726,8,308.25,12.933235
1991,117,2015,24,2383603.419178082,9,271.875,11.40605
1991,118,2015,24,2383805.693150685,10,287.41666,12.057051
1991,119,2015,24,2384014.709589041,11,262.25,11.000352
1991,120,2015,24,2384216.983561644,12,281.83334,11.820792
1991,121,2016,25,2384426,1,309.95831,12.999284
1991,122,2016,25,2384288.024590164,2,286.75,12.026651
1991,123,2016,25,2384158.950819672,3,310.79169,13.035695
1991,124,2016,25,2384020.975409836,4,316.45834,13.274142
1991,125,2016,25,2383887.450819672,5,332.5,13.947806
1991,126,2016,25,2383749.475409836,6,314,13.172525
1991,127,2016,25,2383615.950819672,7,347.375,14.573446
1991,128,2016,25,2383477.975409836,8,371.125,15.570733
1991,129,2016,25,2383340,9,292.75,12.283182
1991,130,2016,25,2383206.475409836,10,329.16669,13.811925
1991,131,2016,25,2383068.5,11,314.75,13.207762
1991,132,2016,25,2382934.975409836,12,331.25,13.900925
1991,133,2017,26,2382797,1,320.62497,13.455824
1991,134,2017,26,2382916.795890411,2,321.375,13.486623
1991,135,2017,26,2383024.998630137,3,301.79169,12.664227
1991,136,2017,26,2383144.794520548,4,321.54169,13.492327
1991,137,2017,26,2383260.726027397,5,358.375,15.037171
1991,138,2017,26,2383380.521917808,6,348.29166,14.613347
1991,139,2017,26,2383496.453424657,7,363.70831,15.259444
1991,140,2017,26,2383616.249315068,8,350,14.683572
1991,141,2017,26,2383736.045205479,9,326.33334,13.689995
1991,142,2017,26,2383851.976712328,10,341,14.30458
1991,143,2017,26,2383971.77260274,11,297.875,12.494905
1991,144,2017,26,2384087.704109589,12,307.79166,12.910249
1991,145,2018,27,2384207.5,1,365.83331,15.344022
1991,146,2018,27,2383705.045205479,2,306.375,12.852891
1991,147,2018,27,2383251.215068493,3,338.16669,14.189301
1991,148,2018,27,2382748.760273973,4,348.45834,14.624217
1991,149,2018,27,2382262.51369863,5,332.875,13.973062
1991,150,2018,27,2381760.05890411,6,368.33331,15.464753
1991,151,2018,27,2381273.812328767,7,350.33334,14.712014
1991,152,2018,27,2380771.357534247,8,342.75,14.396595
1991,153,2018,27,2380268.902739726,9,342.41669,14.385631
1991,154,2018,27,2379782.656164384,10,322,13.530647
1991,155,2018,27,2379280.201369863,11,309.375,13.002882
1991,156,2018,27,2378793.954794521,12,288.625,12.133249
1991,157,2019,28,2378291.5,1,328.87497,13.828202
1991,158,2019,28,2378159.94109589,2,315.75,13.277072
1991,159,2019,28,2378041.11369863,3,356.66666,14.998339
1991,160,2019,28,2377909.554794521,4,336.75,14.161598
1991,161,2019,28,2377782.239726027,5,341.25,14.351608
1991,162,2019,28,2377650.680821918,6,350.16666,14.727423
1991,163,2019,28,2377523.365753425,7,360.33331,15.155827
1991,164,2019,28,2377391.806849315,8,366.875,15.431828
1991,165,2019,28,2377260.247945205,9,322.5,13.566037
1991,166,2019,28,2377132.932876712,10,341.5,14.366046
1991,167,2019,28,2377001.373972603,11,342.25,14.398393
1991,168,2019,28,2376874.05890411,12,294.29166,12.381457
1991,169,2020,29,2376742.5,1,365.5,15.378191
1991,170,2020,29,2376733.945355191,2,351.125,14.773425
1991,171,2020,29,2376725.942622951,3,375.70834,15.807811
1991,172,2020,29,2376717.387978142,4,429.87503,18.086922
1991,173,2020,29,2376709.109289618,5,482.625,20.30644
1991,174,2020,29,2376700.554644809,6,476.875,20.064581
1991,175,2020,29,2376692.275956284,7,498.54169,20.976282
1991,176,2020,29,2376683.721311476,8,447.5,18.828756
1991,177,2020,29,2376675.166666667,9,414.70831,17.449095
1991,178,2020,29,2376666.887978142,10,432.66666,18.204767
1991,179,2020,29,2376658.333333333,11,414,17.419416
1991,180,2020,29,2376650.054644809,12,449.54166,18.914928
1991,181,2021,30,2376641.5,1,531.04163,22.344204
1991,182,2021,30,2377349.65890411,2,431.125,18.134691
1991,183,2021,30,2377989.28630137,3,483.08334,20.314783
1991,184,2021,30,2378697.445205479,4,502.875,21.140772
1991,185,2021,30,2379382.760273973,5,484.375,20.35717
1991,186,2021,30,2380090.919178082,6,500.375,21.023357
1991,187,2021,30,2380776.234246575,7,497.33331,20.889545
1991,188,2021,30,2381484.393150685,8,596,25.026407
1991,189,2021,30,2382192.552054795,9,569.83337,23.920542
1991,190,2021,30,2382877.867123288,10,521.58331,21.888798
1991,191,2021,30,2383586.026027397,11,452.125,18.968269
1991,192,2021,30,2384271.34109589,12,455.95834,19.123592
1992,1,2006,14,2196049,1,54.5,2.4817297
1992,2,2006,14,2197315.328767124,2,51.375,2.3380804
1992,3,2006,14,2198459.109589041,3,50.791664,2.3103302
1992,4,2006,14,2199725.438356164,4,46.958336,2.1347363
1992,5,2006,14,2200950.917808219,5,56,2.5443547
1992,6,2006,14,2202217.246575342,6,45.083332,2.0471792
1992,7,2006,14,2203442.726027397,7,42.208332,1.915563
1992,8,2006,14,2204709.054794521,8,43.125,1.9560404
1992,9,2006,14,2205975.383561644,9,36.958336,1.6753739
1992,10,2006,14,2207200.863013699,10,32.875,1.4894431
1992,11,2006,14,2208467.191780822,11,39.25,1.7772508
1992,12,2006,14,2209692.671232877,12,34.791668,1.5745026
1992,13,2007,15,2210959,1,97.749992,4.4211578
1992,14,2007,15,2213472.71780822,2,55.75,2.5186667
1992,15,2007,15,2215743.17260274,3,72.583336,3.2758009
1992,16,2007,15,2218256.890410959,4,64.791672,2.9208372
1992,17,2007,15,2220689.520547945,5,61,2.7468946
1992,18,2007,15,2223203.238356165,6,92.208328,4.1475439
1992,19,2007,15,2225635.868493151,7,69.833336,3.1376803
1992,20,2007,15,2228149.58630137,8,62,2.782578
1992,21,2007,15,2230663.304109589,9,50.791664,2.2769759
1992,22,2007,15,2233095.934246575,10,55.708336,2.4946682
1992,23,2007,15,2235609.652054795,11,49.5,2.2141612
1992,24,2007,15,2238042.282191781,12,55.208332,2.4668136
1992,25,2008,16,2240556,1,116.83333,5.2144794
1992,26,2008,16,2242092.405737705,2,73.625,3.2837629
1992,27,2008,16,2243529.68852459,3,93.750008,4.1786838
1992,28,2008,16,2245066.094262295,4,97.791672,4.3558483
1992,29,2008,16,2246552.93852459,5,88.625,3.9449327
1992,30,2008,16,2248089.344262295,6,93.083328,4.140553
1992,31,2008,16,2249576.18852459,7,91.625,4.0729895
1992,32,2008,16,2251112.594262295,8,93.625,4.1590543
1992,33,2008,16,2252649,9,74.416672,3.3035183
1992,34,2008,16,2254135.844262295,10,71.791672,3.1848867
1992,35,2008,16,2255672.25,11,69.625,3.086663
1992,36,2008,16,2257159.094262295,12,73.875,3.2729194
1992,37,2009,17,2258695.5,1,125.16666,5.5415468
1992,38,2009,17,2260561.275342465,2,109.875,4.8605185
1992,39,2009,17,2262246.491780822,3,123.33334,5.451808
1992,40,2009,17,2264112.267123288,4,108.95834,4.8124089
1992,41,2009,17,2265917.856164384,5,127.625,5.6323752
1992,42,2009,17,2267783.631506849,6,137.91666,6.0815616
1992,43,2009,17,2269589.220547945,7,137.29166,6.0491853
1992,44,2009,17,2271454.995890411,8,114.75,5.0518279
1992,45,2009,17,2273320.771232877,9,106.375,4.6792779
1992,46,2009,17,2275126.360273973,10,99.708336,4.3825407
1992,47,2009,17,2276992.135616438,11,88,3.8647478
1992,48,2009,17,2278797.724657534,12,84.291664,3.6989534
1992,49,2010,18,2280663.5,1,176.12498,7.7225327
1992,50,2010,18,2282267.643835616,2,134.5,5.8932614
1992,51,2010,18,2283716.547945206,3,165.41667,7.24331
1992,52,2010,18,2285320.691780822,4,163.45833,7.1525335
1992,53,2010,18,2286873.089041096,5,176.625,7.7234282
1992,54,2010,18,2288477.232876712,6,164.79166,7.2009306
1992,55,2010,18,2290029.630136986,7,180.25,7.8710771
1992,56,2010,18,2291633.773972603,8,162.625,7.0964656
1992,57,2010,18,2293237.917808219,9,138.16667,6.02496
1992,58,2010,18,2294790.315068493,10,146.125,6.3676844
1992,59,2010,18,2296394.458904109,11,115.375,5.0241804
1992,60,2010,18,2297946.856164384,12,100.79166,4.3861618
1992,61,2011,19,2299551,1,176.875,7.6917191
1992,62,2011,19,2300592.85479452,2,173.375,7.5361009
1992,63,2011,19,2301533.884931507,3,199.29167,8.6590805
1992,64,2011,19,2302575.739726027,4,176.54167,7.6671386
1992,65,2011,19,2303583.98630137,5,212.25,9.2139034
1992,66,2011,19,2304625.84109589,6,197,8.5480251
1992,67,2011,19,2305634.087671233,7,223.375,9.6882238
1992,68,2011,19,2306675.942465753,8,204.75,8.8764095
1992,69,2011,19,2307717.797260274,9,168.875,7.3178358
1992,70,2011,19,2308726.043835617,10,189.58334,8.2115993
1992,71,2011,19,2309767.898630137,11,178,7.7064018
1992,72,2011,19,2310776.14520548,12,152.45833,6.5977106
1992,73,2012,20,2311818,1,223.66666,9.6749249
1992,74,2012,20,2312555.351092896,2,181.75,7.8592715
1992,75,2012,20,2313245.131147541,3,193.625,8.3702755
1992,76,2012,20,2313982.482240437,4,219.54167,9.4876118
1992,77,2012,20,2314696.047814208,5,197.125,8.5162373
1992,78,2012,20,2315433.398907104,6,221.83333,9.5806398
1992,79,2012,20,2316146.964480874,7,219.95834,9.4967356
1992,80,2012,20,2316884.315573771,8,212.25,9.1610098
1992,81,2012,20,2317621.666666667,9,208.125,8.9801111
1992,82,2012,20,2318335.232240437,10,187.375,8.0823078
1992,83,2012,20,2319072.583333333,11,180.125,7.7671137
1992,84,2012,20,2319786.148907104,12,174.25,7.5114684
1992,85,2013,21,2320523.5,1,267.5,11.527572
1992,86,2013,21,2321422.882191781,2,194.625,8.3838663
1992,87,2013,21,2322235.22739726,3,226.45834,9.7517405
1992,88,2013,21,2323134.609589041,4,188.08334,8.0961018
1992,89,2013,21,2324004.979452055,5,235.375,10.127991
1992,90,2013,21,2324904.361643836,6,230.37498,9.909009
1992,91,2013,21,2325774.73150685,7,261.41669,11.239984
1992,92,2013,21,2326674.11369863,8,231.625,9.9551973
1992,93,2013,21,2327573.495890411,9,206.875,8.8880119
1992,94,2013,21,2328443.865753425,10,189.58333,8.1420612
1992,95,2013,21,2329343.247945205,11,180.375,7.7435989
1992,96,2013,21,2330213.617808219,12,198.04167,8.4988632
1992,97,2014,22,2331113,1,234.20833,10.04706
1992,98,2014,22,2331874.028767123,2,217.125,9.3111801
1992,99,2014,22,2332561.409589041,3,248.16666,10.639234
1992,100,2014,22,2333322.438356164,4,240.91669,10.325049
1992,101,2014,22,2334058.917808219,5,244,10.453892
1992,102,2014,22,2334819.946575343,6,246.29166,10.548636
1992,103,2014,22,2335556.426027398,7,266.79166,11.423045
1992,104,2014,22,2336317.454794521,8,240.25,10.283278
1992,105,2014,22,2337078.483561644,9,215.875,9.2369595
1992,106,2014,22,2337814.963013699,10,222.5,9.5174341
1992,107,2014,22,2338575.991780822,11,241.25,10.316107
1992,108,2014,22,2339312.471232877,12,234.79167,10.036781
1992,109,2015,23,2340073.5,1,258.16666,11.032416
1992,110,2015,23,2340877.971232877,2,217.625,9.2967253
1992,111,2015,23,2341604.590410959,3,240.29166,10.261837
1992,112,2015,23,2342409.061643836,4,264,11.270448
1992,113,2015,23,2343187.582191781,5,289.625,12.360299
1992,114,2015,23,2343992.053424657,6,278.91666,11.899215
1992,115,2015,23,2344770.573972602,7,289.79169,12.359063
1992,116,2015,23,2345575.045205479,8,280.625,11.964017
1992,117,2015,23,2346379.516438356,9,268.79166,11.455591
1992,118,2015,23,2347158.036986301,10,281.20834,11.980802
1992,119,2015,23,2347962.508219178,11,253.875,10.812566
1992,120,2015,23,2348741.028767123,12,237.875,10.127767
1992,121,2016,24,2349545.5,1,306.20834,13.032662
1992,122,2016,24,2349350.818306011,2,268.25,11.418048
1992,123,2016,24,2349168.696721311,3,310,13.196157
1992,124,2016,24,2348974.015027322,4,298.33334,12.700581
1992,125,2016,24,2348785.613387978,5,301.5,12.836421
1992,126,2016,24,2348590.931693989,6,299.16666,12.738133
1992,127,2016,24,2348402.530054645,7,321.08331,13.672414
1992,128,2016,24,2348207.848360655,8,346.125,14.739964
1992,129,2016,24,2348013.166666667,9,309.41666,13.177808
1992,130,2016,24,2347824.765027322,10,308.125,13.12385
1992,131,2016,24,2347630.083333333,11,304.125,12.954554
1992,132,2016,24,2347441.681693989,12,296.5,12.630772
1992,133,2017,25,2347247,1,355.62497,15.150726
1992,134,2017,25,2346707.982191781,2,284.875,12.139346
1992,135,2017,25,2346221.127397261,3,302.04169,12.873539
1992,136,2017,25,2345682.109589041,4,313.625,13.370312
1992,137,2017,25,2345160.479452055,5,333.75,14.231436
1992,138,2017,25,2344621.461643836,6,315.83331,13.470546
1992,139,2017,25,2344099.831506849,7,350.66669,14.959546
1992,140,2017,25,2343560.81369863,8,324.875,13.862453
1992,141,2017,25,2343021.795890411,9,313.54169,13.381936
1992,142,2017,25,2342500.165753425,10,333.08334,14.219138
1992,143,2017,25,2341961.147945206,11,301.625,12.879164
1992,144,2017,25,2341439.517808219,12,266.75,11.392564
1992,145,2018,26,2340900.5,1,316.20831,13.507977
1992,146,2018,26,2340925.130136986,2,268,11.448465
1992,147,2018,26,2340947.376712329,3,294.29166,12.571477
1992,148,2018,26,2340972.006849315,4,309.83334,13.235244
1992,149,2018,26,2340995.842465753,5,336.25,14.363545
1992,150,2018,26,2341020.472602739,6,324.25,13.850798
1992,151,2018,26,2341044.308219178,7,310.33331,13.256191
1992,152,2018,26,2341068.938356164,8,317.5,13.562181
1992,153,2018,26,2341093.568493151,9,316.79169,13.531782
1992,154,2018,26,2341117.404109589,10,295.875,12.638196
1992,155,2018,26,2341142.034246575,11,259.375,11.078995
1992,156,2018,26,2341165.869863014,12,302.33334,12.913795
1992,157,2019,27,2341190.5,1,280.87497,11.9971
1992,158,2019,27,2340931.968493151,2,285.125,12.179978
1992,159,2019,27,2340698.456164383,3,338.79169,14.473957
1992,160,2019,27,2340439.924657534,4,322.83334,13.793703
1992,161,2019,27,2340189.732876712,5,313,13.374984
1992,162,2019,27,2339931.201369863,6,309.625,13.232226
1992,163,2019,27,2339681.009589041,7,345.79169,14.779437
1992,164,2019,27,2339422.478082192,8,340.75,14.56556
1992,165,2019,27,2339163.946575342,9,326.70834,13.966886
1992,166,2019,27,2338913.75479452,10,316.29166,13.523015
1992,167,2019,27,2338655.223287671,11,300.625,12.854609
1992,168,2019,27,2338405.031506849,12,327.45834,14.003491
1992,169,2020,28,2338146.5,1,352.875,15.092083
1992,170,2020,28,2338171.020491803,2,342.375,14.642856
1992,171,2020,28,2338193.959016393,3,381.20834,16.303537
1992,172,2020,28,2338218.479508196,4,452.08337,19.334522
1992,173,2020,28,2338242.209016393,5,452.5,19.352144
1992,174,2020,28,2338266.729508196,6,440.95831,18.858341
1992,175,2020,28,2338290.459016393,7,457.16669,19.551321
1992,176,2020,28,2338314.979508196,8,455.125,19.463802
1992,177,2020,28,2338339.5,9,385.41666,16.482494
1992,178,2020,28,2338363.229508196,10,410.16669,17.54076
1992,179,2020,28,2338387.75,11,366,15.65181
1992,180,2020,28,2338411.479508196,12,414.5,17.725708
1992,181,2021,29,2338436,1,486.04166,20.784903
1992,182,2021,29,2339208.876712329,2,416.25,17.794477
1992,183,2021,29,2339906.95890411,3,445.91666,19.057026
1992,184,2021,29,2340679.835616439,4,468.45834,20.013773
1992,185,2021,29,2341427.780821918,5,486.375,20.772581
1992,186,2021,29,2342200.657534246,6,487.04166,20.794189
1992,187,2021,29,2342948.602739726,7,469.25,20.028181
1992,188,2021,29,2343721.479452055,8,540.75,23.072281
1992,189,2021,29,2344494.356164384,9,504.5,21.518499
1992,190,2021,29,2345242.301369863,10,482.70834,20.582451
1992,191,2021,29,2346015.178082192,11,416.625,17.758837
1992,192,2021,29,2346763.123287671,12,476.95831,20.324093
1993,1,2006,13,2167543,1,42.166664,1.9453669
1993,2,2006,13,2167744.882191781,2,44,2.0297592
1993,3,2006,13,2167927.22739726,3,46.041668,2.1237645
1993,4,2006,13,2168129.109589041,4,36.75,1.6950097
1993,5,2006,13,2168324.479452055,5,43.875,2.0234518
1993,6,2006,13,2168526.361643836,6,36.958336,1.7043065
1993,7,2006,13,2168721.73150685,7,37.375,1.7233654
1993,8,2006,13,2168923.61369863,8,40.875,1.8845754
1993,9,2006,13,2169125.495890411,9,26.333334,1.2140069
1993,10,2006,13,2169320.865753425,10,20.458332,.94307542
1993,11,2006,13,2169522.747945206,11,25.5,1.1753737
1993,12,2006,13,2169718.117808219,12,21.541668,.99283254
1993,13,2007,14,2169920,1,45.791664,2.1102927
1993,14,2007,14,2171178.769863014,2,39.25,1.8077737
1993,15,2007,14,2172315.723287671,3,49.291668,2.269084
1993,16,2007,14,2173574.493150685,4,49.125004,2.260102
1993,17,2007,14,2174792.657534246,5,51.875,2.3852849
1993,18,2007,14,2176051.42739726,6,55.791664,2.5638945
1993,19,2007,14,2177269.591780822,7,50.5,2.3194189
1993,20,2007,14,2178528.361643835,8,46.25,2.1229928
1993,21,2007,14,2179787.131506849,9,42.75,1.9612007
1993,22,2007,14,2181005.295890411,10,34.791664,1.5952122
1993,23,2007,14,2182264.065753425,11,42.5,1.9475187
1993,24,2007,14,2183482.230136986,12,34.875,1.5972193
1993,25,2008,15,2184741,1,66.166664,3.0285816
1993,26,2008,15,2187261.528688525,2,67.25,3.074621
1993,27,2008,15,2189619.442622951,3,66.25,3.02564
1993,28,2008,15,2192139.971311475,4,64.541672,2.9442313
1993,29,2008,15,2194579.192622951,5,70.625,3.2181568
1993,30,2008,15,2197099.721311475,6,58.666664,2.6701868
1993,31,2008,15,2199538.942622951,7,58,2.6369162
1993,32,2008,15,2202059.471311475,8,63.875,2.9006937
1993,33,2008,15,2204580,9,39.75,1.8030646
1993,34,2008,15,2207019.221311475,10,47.75,2.1635516
1993,35,2008,15,2209539.75,11,56.875,2.5740654
1993,36,2008,15,2211978.971311475,12,47.125,2.1304452
1993,37,2009,16,2214499.5,1,82.916664,3.744262
1993,38,2009,16,2216293.805479452,2,84.375,3.8070314
1993,39,2009,16,2217914.468493151,3,91.125,4.1085896
1993,40,2009,16,2219708.773972603,4,90.583336,4.0808659
1993,41,2009,16,2221445.198630137,5,89.75,4.0401626
1993,42,2009,16,2223239.504109589,6,92.833328,4.1755881
1993,43,2009,16,2224975.928767123,7,87,3.9101546
1993,44,2009,16,2226770.234246575,8,75.875,3.4074013
1993,45,2009,16,2228564.539726027,9,79.333336,3.5598402
1993,46,2009,16,2230300.964383562,10,68.25,3.0601251
1993,47,2009,16,2232095.269863014,11,63.75,2.856061
1993,48,2009,16,2233831.694520548,12,49.458336,2.2140584
1993,49,2010,17,2235626,1,108.91666,4.8718643
1993,50,2010,17,2237172.9,2,104.75,4.6822486
1993,51,2010,17,2238570.1,3,106.66667,4.7649465
1993,52,2010,17,2240117,4,107.83334,4.8137369
1993,53,2010,17,2241614,5,132.375,5.9053431
1993,54,2010,17,2243160.9,6,118.04166,5.262291
1993,55,2010,17,2244657.9,7,120.20834,5.3553076
1993,56,2010,17,2246204.8,8,116.25,5.1753964
1993,57,2010,17,2247751.7,9,96.791672,4.3061552
1993,58,2010,17,2249248.7,10,109.25,4.8571773
1993,59,2010,17,2250795.6,11,95.75,4.2540512
1993,60,2010,17,2252292.6,12,95.125,4.2234745
1993,61,2011,18,2253839.5,1,148.58333,6.592454
1993,62,2011,18,2255266.009589041,2,135.25,5.9970751
1993,63,2011,18,2256554.469863013,3,175.04167,7.7570329
1993,64,2011,18,2257980.979452055,4,157.54167,6.9771037
1993,65,2011,18,2259361.472602739,5,169.75,7.5131845
1993,66,2011,18,2260787.982191781,6,156.04166,6.9020915
1993,67,2011,18,2262168.475342466,7,162.45834,7.1815314
1993,68,2011,18,2263594.984931507,8,138.875,6.1351523
1993,69,2011,18,2265021.494520548,9,124.95833,5.5168715
1993,70,2011,18,2266401.987671233,10,128,5.6477184
1993,71,2011,18,2267828.497260274,11,126.5,5.5780234
1993,72,2011,18,2269208.990410959,12,117.45834,5.1761799
1993,73,2012,19,2270635.5,1,213.125,9.3861389
1993,74,2012,19,2271300.729508197,2,143.375,6.3124623
1993,75,2012,19,2271923.040983607,3,189.33334,8.3336163
1993,76,2012,19,2272588.270491803,4,175,7.7004709
1993,77,2012,19,2273232.040983607,5,184.125,8.0997009
1993,78,2012,19,2273897.270491803,6,190.375,8.3721905
1993,79,2012,19,2274541.040983607,7,201,8.8369474
1993,80,2012,19,2275206.270491803,8,174.625,7.6751285
1993,81,2012,19,2275871.5,9,185.79166,8.1635389
1993,82,2012,19,2276515.270491803,10,177.45834,7.7951746
1993,83,2012,19,2277180.5,11,170.375,7.4818401
1993,84,2012,19,2277824.270491803,12,163.375,7.1724148
1993,85,2013,20,2278489.5,1,208.45833,9.1489706
1993,86,2013,20,2279077.226027397,2,166,7.2836494
1993,87,2013,20,2279608.075342466,3,210.91666,9.2523212
1993,88,2013,20,2280195.801369863,4,177.20834,7.7716284
1993,89,2013,20,2280764.568493151,5,206.75,9.0649424
1993,90,2013,20,2281352.294520548,6,215.33333,9.4388456
1993,91,2013,20,2281921.061643836,7,203.91666,8.9361839
1993,92,2013,20,2282508.787671233,8,210.625,9.2277851
1993,93,2013,20,2283096.51369863,9,175.54166,7.6887531
1993,94,2013,20,2283665.280821918,10,170.25,7.4551206
1993,95,2013,20,2284253.006849315,11,168.25,7.3656464
1993,96,2013,20,2284821.773972603,12,173,7.5717068
1993,97,2014,21,2285409.5,1,214.75,9.3965654
1993,98,2014,21,2286394.365753425,2,216.5,9.469058
1993,99,2014,21,2287283.921917808,3,234.58334,10.255979
1993,100,2014,21,2288268.787671233,4,205.54167,8.9824095
1993,101,2014,21,2289221.883561644,5,222.875,9.7358408
1993,102,2014,21,2290206.749315069,6,214.75,9.3768826
1993,103,2014,21,2291159.845205479,7,227.20833,9.9167385
1993,104,2014,21,2292144.710958904,8,233.75,10.197873
1993,105,2014,21,2293129.576712329,9,204.45833,8.9161263
1993,106,2014,21,2294082.67260274,10,199.45833,8.6944704
1993,107,2014,21,2295067.538356164,11,216.5,9.4332733
1993,108,2014,21,2296020.634246576,12,207.16666,9.0228567
1993,109,2015,22,2297005.5,1,259.58331,11.300944
1993,110,2015,22,2297574.201369863,2,218.375,9.50459
1993,111,2015,22,2298087.867123288,3,278.04169,12.098827
1993,112,2015,22,2298656.568493151,4,254.66669,11.078936
1993,113,2015,22,2299206.924657534,5,263.25,11.4496
1993,114,2015,22,2299775.626027397,6,262.875,11.430463
1993,115,2015,22,2300325.982191781,7,267.20831,11.616106
1993,116,2015,22,2300894.683561644,8,275.25,11.962738
1993,117,2015,22,2301463.384931507,9,244.45833,10.621864
1993,118,2015,22,2302013.74109589,10,248.54166,10.796706
1993,119,2015,22,2302582.442465753,11,234.625,10.189646
1993,120,2015,22,2303132.798630137,12,255.16667,11.079112
1993,121,2016,23,2303701.5,1,242.16666,10.512068
1993,122,2016,23,2304147.527322405,2,253.25,10.99105
1993,123,2016,23,2304564.778688525,3,301.875,13.099003
1993,124,2016,23,2305010.806010929,4,279.41669,12.122142
1993,125,2016,23,2305442.445355191,5,300.625,13.039797
1993,126,2016,23,2305888.472677595,6,291.5,12.641548
1993,127,2016,23,2306320.112021858,7,295.125,12.796359
1993,128,2016,23,2306766.139344262,8,290.625,12.598806
1993,129,2016,23,2307212.166666667,9,283,12.265885
1993,130,2016,23,2307643.806010929,10,286.79166,12.427899
1993,131,2016,23,2308089.833333333,11,263.625,11.421782
1993,132,2016,23,2308521.472677595,12,290.20834,12.571178
1993,133,2017,24,2308967.5,1,300.62497,13.019887
1993,134,2017,24,2308341.512328767,2,255.625,11.073968
1993,135,2017,24,2307776.104109589,3,308.08331,13.349792
1993,136,2017,24,2307150.116438356,4,292.79169,12.690621
1993,137,2017,24,2306544.321917808,5,325.75,14.122859
1993,138,2017,24,2305918.334246575,6,304.54169,13.206959
1993,139,2017,24,2305312.539726027,7,306.91666,13.313451
1993,140,2017,24,2304686.552054795,8,312.625,13.564752
1993,141,2017,24,2304060.564383562,9,281,12.19586
1993,142,2017,24,2303454.769863014,10,273.20831,11.860806
1993,143,2017,24,2302828.782191781,11,256.625,11.143903
1993,144,2017,24,2302222.987671233,12,287.04169,12.468022
1993,145,2018,25,2301597,1,320.04166,13.9052
1993,146,2018,25,2300912.409589041,2,272.25,11.832263
1993,147,2018,25,2300294.069863013,3,284.41669,12.364362
1993,148,2018,25,2299609.479452054,4,290.58334,12.636204
1993,149,2018,25,2298946.972602739,5,330.375,14.370709
1993,150,2018,25,2298262.38219178,6,312.125,13.580913
1993,151,2018,25,2297599.875342465,7,287.125,12.496737
1993,152,2018,25,2296915.284931506,8,300,13.060995
1993,153,2018,25,2296230.694520548,9,305.29166,13.295339
1993,154,2018,25,2295568.187671233,10,292.95831,12.761909
1993,155,2018,25,2294883.597260274,11,223.125,9.7227154
1993,156,2018,25,2294221.090410959,12,250.29166,10.909657
1993,157,2019,26,2293536.5,1,299.29166,13.049353
1993,158,2019,26,2293816.816438356,2,275,11.988751
1993,159,2019,26,2294070.005479452,3,314.41669,13.705627
1993,160,2019,26,2294350.321917808,4,312.125,13.604069
1993,161,2019,26,2294621.595890411,5,277.375,12.08805
1993,162,2019,26,2294901.912328767,6,304.16666,13.254016
1993,163,2019,26,2295173.18630137,7,331.125,14.427016
1993,164,2019,26,2295453.502739726,8,328.25,14.300007
1993,165,2019,26,2295733.819178083,9,295.125,12.855367
1993,166,2019,26,2296005.093150685,10,303.45834,13.216798
1993,167,2019,26,2296285.409589041,11,293.125,12.765182
1993,168,2019,26,2296556.683561644,12,288.75,12.573171
1993,169,2020,27,2296837,1,325.70834,14.180734
1993,170,2020,27,2296911.535519126,2,321.125,13.98073
1993,171,2020,27,2296981.262295082,3,355.5,15.476835
1993,172,2020,27,2297055.797814208,4,371.75,16.18376
1993,173,2020,27,2297127.928961749,5,399.375,17.385841
1993,174,2020,27,2297202.464480875,6,429.95831,18.716604
1993,175,2020,27,2297274.595628416,7,442.20831,19.249258
1993,176,2020,27,2297349.131147541,8,436.875,19.016483
1993,177,2020,27,2297423.666666667,9,369.79169,16.09593
1993,178,2020,27,2297495.797814208,10,379.08331,16.499847
1993,179,2020,27,2297570.333333333,11,371.375,16.163815
1993,180,2020,27,2297642.464480875,12,363.16666,15.806056
1993,181,2021,28,2297717,1,482.41666,20.995478
1993,182,2021,28,2298496.968493151,2,398.875,17.353731
1993,183,2021,28,2299201.456164383,3,415.25,18.060617
1993,184,2021,28,2299981.424657534,4,414,18.000145
1993,185,2021,28,2300736.232876712,5,452.875,19.683916
1993,186,2021,28,2301516.201369863,6,423.29163,18.391859
1993,187,2021,28,2302271.009589041,7,463.16669,20.117817
1993,188,2021,28,2303050.978082192,8,498.375,21.639772
1993,189,2021,28,2303830.946575343,9,491.33331,21.326796
1993,190,2021,28,2304585.75479452,10,454.41666,19.717932
1993,191,2021,28,2305365.723287671,11,389.375,16.889944
1993,192,2021,28,2306120.531506849,12,432.95834,18.774315
1994,1,2006,12,2135201.5,1,23,1.0771817
1994,2,2006,12,2136527.408219178,2,22.625,1.0589614
1994,3,2006,12,2137725.002739726,3,31.208334,1.4598854
1994,4,2006,12,2139050.910958904,4,26.916666,1.2583462
1994,5,2006,12,2140334.047945206,5,35,1.6352588
1994,6,2006,12,2141659.956164383,6,39.416664,1.8404726
1994,7,2006,12,2142943.093150685,7,36,1.6799326
1994,8,2006,12,2144269.001369863,8,33.875,1.5797925
1994,9,2006,12,2145594.909589041,9,23.291666,1.0855575
1994,10,2006,12,2146878.046575342,10,22.958332,1.0693822
1994,11,2006,12,2148203.954794521,11,15.25,.70989537
1994,12,2006,12,2149487.091780822,12,36.333332,1.6903256
1994,13,2007,13,2150813,1,39.958332,1.8578246
1994,14,2007,13,2150882.81369863,2,34.25,1.5923694
1994,15,2007,13,2150945.871232877,3,35.041668,1.6291283
1994,16,2007,13,2151015.684931507,4,29.708336,1.3811306
1994,17,2007,13,2151083.246575342,5,40.5,1.8827723
1994,18,2007,13,2151153.060273973,6,34.875,1.6212236
1994,19,2007,13,2151220.621917808,7,43.375,2.0162971
1994,20,2007,13,2151290.435616439,8,35.25,1.6385515
1994,21,2007,13,2151360.249315069,9,40.291664,1.872846
1994,22,2007,13,2151427.810958904,10,27.625,1.284031
1994,23,2007,13,2151497.624657535,11,21.875,1.0167336
1994,24,2007,13,2151565.18630137,12,28.25,1.3129976
1994,25,2008,14,2151635,1,46.374996,2.1553376
1994,26,2008,14,2152828.203551913,2,40.75,1.8928589
1994,27,2008,14,2153944.426229508,3,50.541668,2.3464704
1994,28,2008,14,2155137.629781421,4,42.833336,1.9874989
1994,29,2008,14,2156292.342896175,5,43.625,2.0231488
1994,30,2008,14,2157485.546448087,6,48.166664,2.232537
1994,31,2008,14,2158640.259562842,7,39.958336,1.8510883
1994,32,2008,14,2159833.463114754,8,39.875,1.8462071
1994,33,2008,14,2161026.666666667,9,34.541668,1.5983915
1994,34,2008,14,2162181.379781421,10,36.083336,1.6688395
1994,35,2008,14,2163374.583333333,11,37.625,1.739181
1994,36,2008,14,2164529.296448087,12,35.458332,1.6381544
1994,37,2009,15,2165722.5,1,79.375,3.6650586
1994,38,2009,15,2168163.091780822,2,56.625,2.6116579
1994,39,2009,15,2170367.497260274,3,60.208336,2.7741079
1994,40,2009,15,2172808.089041096,4,53.041668,2.4411576
1994,41,2009,15,2175169.952054794,5,57.625,2.6492183
1994,42,2009,15,2177610.543835617,6,57.083328,2.6213746
1994,43,2009,15,2179972.406849315,7,57.958336,2.6586728
1994,44,2009,15,2182412.998630137,8,52,2.3826838
1994,45,2009,15,2184853.590410959,9,51.583336,2.3609517
1994,46,2009,15,2187215.453424658,10,50.125,2.2917266
1994,47,2009,15,2189656.045205479,11,40.875,1.8667315
1994,48,2009,15,2192017.908219178,12,40.333332,1.8400092
1994,49,2010,16,2194458.5,1,83.041664,3.7841527
1994,50,2010,16,2195894.182191781,2,65.5,2.9828396
1994,51,2010,16,2197190.92739726,3,83.583336,3.8040998
1994,52,2010,16,2198626.609589041,4,77.208336,3.511662
1994,53,2010,16,2200015.979452055,5,82.125,3.7329273
1994,54,2010,16,2201451.661643836,6,90.208328,4.0976748
1994,55,2010,16,2202841.031506849,7,77.666664,3.5257499
1994,56,2010,16,2204276.71369863,8,88,3.9922392
1994,57,2010,16,2205712.395890411,9,68.291672,3.0961277
1994,58,2010,16,2207101.765753425,10,63.416668,2.8733006
1994,59,2010,16,2208537.447945205,11,52,2.3544993
1994,60,2010,16,2209926.817808219,12,57.625,2.6075525
1994,61,2011,17,2211362.5,1,92.5,4.1829414
1994,62,2011,17,2212763.402739726,2,92.875,4.1972404
1994,63,2011,17,2214028.734246575,3,112.83334,5.0962906
1994,64,2011,17,2215429.636986301,4,110.66667,4.9952693
1994,65,2011,17,2216785.349315069,5,113.25,5.1087489
1994,66,2011,17,2218186.252054795,6,118.41666,5.3384452
1994,67,2011,17,2219541.964383562,7,117.79167,5.3070259
1994,68,2011,17,2220942.867123288,8,102.875,4.6320419
1994,69,2011,17,2222343.769863014,9,88.916672,4.0010314
1994,70,2011,17,2223699.482191781,10,91.625,4.1203861
1994,71,2011,17,2225100.384931507,11,83.25,3.7414043
1994,72,2011,17,2226456.097260274,12,84.375,3.7896547
1994,73,2012,18,2227857,1,145.58333,6.5346799
1994,74,2012,18,2229198.851092896,2,128.25,5.7531881
1994,75,2012,18,2230454.131147541,3,154.00002,6.9044242
1994,76,2012,18,2231795.982240437,4,141.08334,6.321516
1994,77,2012,18,2233094.547814208,5,149,6.6723552
1994,78,2012,18,2234436.398907104,6,142.625,6.3830414
1994,79,2012,18,2235734.964480874,7,160.20833,7.1658015
1994,80,2012,18,2237076.815573771,8,132.625,5.9284954
1994,81,2012,18,2238418.666666667,9,136.66666,6.1055002
1994,82,2012,18,2239717.232240437,10,129.29166,5.7726779
1994,83,2012,18,2241059.083333333,11,113.875,5.0813031
1994,84,2012,18,2242357.648907104,12,87.291672,3.8928523
1994,85,2013,19,2243699.5,1,171.54166,7.6454825
1994,86,2013,19,2244179.447945205,2,130.125,5.7983332
1994,87,2013,19,2244612.949315068,3,191.12502,8.5148315
1994,88,2013,19,2245092.897260274,4,157.20834,7.0023088
1994,89,2013,19,2245557.363013699,5,167.625,7.4647393
1994,90,2013,19,2246037.310958904,6,189.45833,8.4352264
1994,91,2013,19,2246501.776712329,7,162.41666,7.2297587
1994,92,2013,19,2246981.724657534,8,173.75,7.732595
1994,93,2013,19,2247461.67260274,9,156.625,6.9689732
1994,94,2013,19,2247926.138356164,10,161.08333,7.165864
1994,95,2013,19,2248406.08630137,11,140.75,6.2599902
1994,96,2013,19,2248870.552054795,12,138.45833,6.1567941
1994,97,2014,20,2249350.5,1,186.375,8.2857256
1994,98,2014,20,2249900.68630137,2,152.75,6.7891884
1994,99,2014,20,2250397.628767123,3,190.20833,8.4522095
1994,100,2014,20,2250947.815068493,4,183.54167,8.1539726
1994,101,2014,20,2251480.253424658,5,209.375,9.2994375
1994,102,2014,20,2252030.439726027,6,199.04166,8.8383198
1994,103,2014,20,2252562.878082192,7,188.83334,8.3830442
1994,104,2014,20,2253113.064383562,8,204.25,9.0652351
1994,105,2014,20,2253663.250684931,9,178.91666,7.9389257
1994,106,2014,20,2254195.689041096,10,178.20834,7.9056287
1994,107,2014,20,2254745.875342466,11,190.25,8.4377584
1994,108,2014,20,2255278.31369863,12,178.20834,7.901834
1994,109,2015,21,2255828.5,1,204.25,9.0543232
1994,110,2015,21,2256631.4,2,187.5,8.3088446
1994,111,2015,21,2257356.6,3,235.04167,10.412252
1994,112,2015,21,2258159.5,4,220.04167,9.7442923
1994,113,2015,21,2258936.5,5,238.125,10.541465
1994,114,2015,21,2259739.4,6,246.99998,10.930463
1994,115,2015,21,2260516.4,7,260.75,11.534975
1994,116,2015,21,2261319.3,8,254.625,11.260019
1994,117,2015,21,2262122.2,9,205.54166,9.0862312
1994,118,2015,21,2262899.2,10,215.45834,9.5213404
1994,119,2015,21,2263702.1,11,199.625,8.8185186
1994,120,2015,21,2264479.1,12,199.45833,8.8081331
1994,121,2016,22,2265282,1,245.29167,10.828306
1994,122,2016,22,2265409.176229508,2,277.625,12.25496
1994,123,2016,22,2265528.147540983,3,269.75,11.906716
1994,124,2016,22,2265655.323770492,4,261.29169,11.532721
1994,125,2016,22,2265778.397540983,5,282.625,12.473639
1994,126,2016,22,2265905.573770492,6,272.16666,12.011386
1994,127,2016,22,2266028.647540983,7,291.54169,12.865755
1994,128,2016,22,2266155.823770492,8,272,12.002705
1994,129,2016,22,2266283,9,273.95834,12.088444
1994,130,2016,22,2266406.073770492,10,252.70834,11.15018
1994,131,2016,22,2266533.25,11,282.5,12.463969
1994,132,2016,22,2266656.323770492,12,273.70834,12.075423
1994,133,2017,23,2266783.5,1,290.99997,12.837572
1994,134,2017,23,2266870.512328767,2,250.25,11.039449
1994,135,2017,23,2266949.104109589,3,297.45834,13.121528
1994,136,2017,23,2267036.116438356,4,268.58334,11.847334
1994,137,2017,23,2267120.321917808,5,305.25,13.464217
1994,138,2017,23,2267207.334246575,6,278.79166,12.296699
1994,139,2017,23,2267291.539726027,7,278.41666,12.279702
1994,140,2017,23,2267378.552054795,8,279.375,12.321498
1994,141,2017,23,2267465.564383562,9,259.91666,11.462872
1994,142,2017,23,2267549.769863014,10,278.58334,12.285655
1994,143,2017,23,2267636.782191781,11,251.75,11.101866
1994,144,2017,23,2267720.987671233,12,281.29166,12.404157
1994,145,2018,24,2267808,1,296.87497,13.090834
1994,146,2018,24,2267052.491780822,2,247.875,10.933801
1994,147,2018,24,2266370.097260274,3,280.79169,12.389489
1994,148,2018,24,2265614.589041096,4,277.70834,12.257528
1994,149,2018,24,2264883.452054794,5,297.375,13.129815
1994,150,2018,24,2264127.943835617,6,296.375,13.090029
1994,151,2018,24,2263396.806849315,7,292.20831,12.910168
1994,152,2018,24,2262641.298630137,8,279.625,12.358344
1994,153,2018,24,2261885.790410959,9,279.5,12.356946
1994,154,2018,24,2261154.653424657,10,283.70834,12.547056
1994,155,2018,24,2260399.14520548,11,243.5,10.772433
1994,156,2018,24,2259668.008219178,12,250.875,11.102295
1994,157,2019,25,2258912.5,1,259.75,11.498896
1994,158,2019,25,2258597.828767123,2,243.625,10.786559
1994,159,2019,25,2258313.609589041,3,285.33334,12.634797
1994,160,2019,25,2257998.938356164,4,278.41669,12.33024
1994,161,2019,25,2257694.417808219,5,284,12.579205
1994,162,2019,25,2257379.746575342,6,297.125,13.162384
1994,163,2019,25,2257075.226027397,7,311.125,13.784432
1994,164,2019,25,2256760.554794521,8,311.125,13.786354
1994,165,2019,25,2256445.883561644,9,255.79166,11.336042
1994,166,2019,25,2256141.363013699,10,277.45834,12.297915
1994,167,2019,25,2255826.691780822,11,290.375,12.872221
1994,168,2019,25,2255522.171232877,12,276.45834,12.256955
1994,169,2020,26,2255207.5,1,295.20831,13.090074
1994,170,2020,26,2255314.56010929,2,300.625,13.329626
1994,171,2020,26,2255414.713114754,3,324.91666,14.406072
1994,172,2020,26,2255521.773224044,4,359.58334,15.942357
1994,173,2020,26,2255625.379781421,5,366.125,16.23164
1994,174,2020,26,2255732.439890711,6,402,17.821262
1994,175,2020,26,2255836.046448088,7,393.875,17.460268
1994,176,2020,26,2255943.106557377,8,396.5,17.575798
1994,177,2020,26,2256050.166666667,9,351.83334,15.595103
1994,178,2020,26,2256153.773224044,10,361.70834,16.032078
1994,179,2020,26,2256260.833333333,11,358.125,15.8725
1994,180,2020,26,2256364.439890711,12,362.91669,16.084135
1994,181,2021,27,2256471.5,1,377.875,16.746279
1994,182,2021,27,2257240.852054794,2,358.375,15.876684
1994,183,2021,27,2257935.750684931,3,397.66669,17.611958
1994,184,2021,27,2258705.102739726,4,392.04169,17.356922
1994,185,2021,27,2259449.636986301,5,419.125,18.549871
1994,186,2021,27,2260218.989041096,6,396.16666,17.5278
1994,187,2021,27,2260963.523287671,7,424.91666,18.79361
1994,188,2021,27,2261732.875342466,8,473.125,20.918695
1994,189,2021,27,2262502.22739726,9,463.41669,20.482485
1994,190,2021,27,2263246.761643836,10,414.16666,18.299669
1994,191,2021,27,2264016.11369863,11,354.5,15.658016
1994,192,2021,27,2264760.647945206,12,362,15.984029
1995,1,2006,11,2115108.5,1,23.25,1.0992343
1995,2,2006,11,2115878.446575343,2,20,.94523388
1995,3,2006,11,2116573.882191781,3,31.583334,1.4921914
1995,4,2006,11,2117343.828767123,4,29.916668,1.4129338
1995,5,2006,11,2118088.938356164,5,35.125,1.6583345
1995,6,2006,11,2118858.884931507,6,29.875,1.4099571
1995,7,2006,11,2119603.994520548,7,30.583334,1.4428796
1995,8,2006,11,2120373.94109589,8,27.75,1.3087314
1995,9,2006,11,2121143.887671233,9,19.458334,.91735095
1995,10,2006,11,2121888.997260274,10,19.25,.90721053
1995,11,2006,11,2122658.943835617,11,15.75,.7419939
1995,12,2006,11,2123404.053424657,12,27.416668,1.2911658
1995,13,2007,12,2124174,1,16.25,.76500326
1995,14,2007,12,2125506.447945205,2,34.75,1.6349045
1995,15,2007,12,2126709.949315068,3,23.125,1.0873603
1995,16,2007,12,2128042.397260274,4,26.958334,1.2668138
1995,17,2007,12,2129331.863013699,5,30.375,1.4265038
1995,18,2007,12,2130664.310958904,6,30.458332,1.4295228
1995,19,2007,12,2131953.776712329,7,34.416668,1.6143253
1995,20,2007,12,2133286.224657534,8,28.75,1.3476861
1995,21,2007,12,2134618.67260274,9,33.625,1.5752228
1995,22,2007,12,2135908.138356165,10,22.25,1.0417114
1995,23,2007,12,2137240.58630137,11,27.75,1.2984031
1995,24,2007,12,2138530.052054795,12,25.125,1.1748724
1995,25,2008,13,2139862.5,1,31.708332,1.4817929
1995,26,2008,13,2139764.756830601,2,37.125,1.7350038
1995,27,2008,13,2139673.319672131,3,41.666668,1.9473379
1995,28,2008,13,2139575.576502732,4,40.583336,1.8967937
1995,29,2008,13,2139480.986338797,5,31.875,1.4898473
1995,30,2008,13,2139383.243169399,6,35,1.6359855
1995,31,2008,13,2139288.653005464,7,34,1.5893134
1995,32,2008,13,2139190.909836065,8,32,1.4958926
1995,33,2008,13,2139093.166666667,9,32.458332,1.5173875
1995,34,2008,13,2138998.576502732,10,31.625,1.4784956
1995,35,2008,13,2138900.833333333,11,28,1.3090836
1995,36,2008,13,2138806.243169399,12,23.5,1.0987438
1995,37,2009,14,2138708.5,1,41.625,1.9462681
1995,38,2009,14,2139529.405479452,2,38.5,1.7994611
1995,39,2009,14,2140270.868493151,3,40.125,1.8747627
1995,40,2009,14,2141091.773972603,4,38.958336,1.8195547
1995,41,2009,14,2141886.198630137,5,50.875,2.3752429
1995,42,2009,14,2142707.104109589,6,40.25,1.8784648
1995,43,2009,14,2143501.528767123,7,46.041664,2.147965
1995,44,2009,14,2144322.434246575,8,41.625,1.9411726
1995,45,2009,14,2145143.339726028,9,34.791664,1.6218807
1995,46,2009,14,2145937.764383561,10,42.25,1.9688362
1995,47,2009,14,2146758.669863014,11,31.875,1.4847966
1995,48,2009,14,2147553.094520548,12,31.375,1.460965
1995,49,2010,15,2148374,1,59.875,2.7869914
1995,50,2010,15,2149601.939726027,2,45.125,2.0992258
1995,51,2010,15,2150711.046575342,3,44.416668,2.0652084
1995,52,2010,15,2151938.98630137,4,47.500004,2.2073119
1995,53,2010,15,2153127.315068493,5,58.75,2.7285893
1995,54,2010,15,2154355.25479452,6,66.333328,3.0790339
1995,55,2010,15,2155543.583561644,7,56.5,2.6211486
1995,56,2010,15,2156771.523287671,8,64.75,3.0021725
1995,57,2010,15,2157999.463013698,9,46.125,2.1373963
1995,58,2010,15,2159187.791780822,10,45.875,2.1246414
1995,59,2010,15,2160415.731506849,11,46,2.1292198
1995,60,2010,15,2161604.060273972,12,39.708336,1.8369848
1995,61,2011,16,2162832,1,80.375,3.7161925
1995,62,2011,16,2164219.950684932,2,72.875,3.367264
1995,63,2011,16,2165473.583561644,3,71.333336,3.2941217
1995,64,2011,16,2166861.534246575,4,76.916672,3.5496809
1995,65,2011,16,2168204.712328767,5,77.75,3.585916
1995,66,2011,16,2169592.663013699,6,86.875,4.0042081
1995,67,2011,16,2170935.84109589,7,85.458328,3.9364741
1995,68,2011,16,2172323.791780822,8,73.125,3.3662109
1995,69,2011,16,2173711.742465753,9,61.291668,2.8196778
1995,70,2011,16,2175054.920547945,10,65.416664,3.0075867
1995,71,2011,16,2176442.871232877,11,61.375,2.8199685
1995,72,2011,16,2177786.049315068,12,40.833336,1.874993
1995,73,2012,17,2179174,1,111.25,5.1051455
1995,74,2012,17,2180511.446721311,2,99.25,4.5516844
1995,75,2012,17,2181762.606557377,3,107.66667,4.9348483
1995,76,2012,17,2183100.053278688,4,93.875,4.3000779
1995,77,2012,17,2184394.356557377,5,90.875,4.160192
1995,78,2012,17,2185731.803278688,6,104,4.758132
1995,79,2012,17,2187026.106557377,7,116.04166,5.3059111
1995,80,2012,17,2188363.553278688,8,89.875,4.1069503
1995,81,2012,17,2189701,9,102.41667,4.6771989
1995,82,2012,17,2190995.303278688,10,82.166664,3.7501981
1995,83,2012,17,2192332.75,11,84.125,3.8372369
1995,84,2012,17,2193627.053278688,12,81.125,3.6982129
1995,85,2013,18,2194964.5,1,137.25,6.2529483
1995,86,2013,18,2196318.180821918,2,118.125,5.3783193
1995,87,2013,18,2197540.860273973,3,140.16667,6.3783422
1995,88,2013,18,2198894.541095891,4,124.58334,5.6657257
1995,89,2013,18,2200204.554794521,5,131.875,5.9937611
1995,90,2013,18,2201558.235616439,6,141.08333,6.4083395
1995,91,2013,18,2202868.249315069,7,142.45834,6.466948
1995,92,2013,18,2204221.930136987,8,129.375,5.8694181
1995,93,2013,18,2205575.610958904,9,128.5,5.8261433
1995,94,2013,18,2206885.624657534,10,103.58333,4.6936426
1995,95,2013,18,2208239.305479452,11,109.875,4.9756837
1995,96,2013,18,2209549.319178082,12,98.666664,4.4654655
1995,97,2014,19,2210903,1,193.125,8.7351189
1995,98,2014,19,2211224.763013699,2,120.125,5.4325099
1995,99,2014,19,2211515.387671233,3,166.79167,7.5419631
1995,100,2014,19,2211837.150684931,4,167.45834,7.5710068
1995,101,2014,19,2212148.534246575,5,170.125,7.6904874
1995,102,2014,19,2212470.297260274,6,183.75,8.3051958
1995,103,2014,19,2212781.680821918,7,189.70833,8.5732965
1995,104,2014,19,2213103.443835617,8,170.125,7.6871691
1995,105,2014,19,2213425.206849315,9,144.91667,6.5471683
1995,106,2014,19,2213736.590410959,10,171.41666,7.7433176
1995,107,2014,19,2214058.353424658,11,164.25,7.4185038
1995,108,2014,19,2214369.736986301,12,147.29166,6.651629
1995,109,2015,20,2214691.5,1,209.375,9.4539127
1995,110,2015,20,2214937.419178082,2,147.625,6.6649737
1995,111,2015,20,2215159.539726027,3,191.83333,8.6600227
1995,112,2015,20,2215405.458904109,4,187.79167,8.4766273
1995,113,2015,20,2215643.445205479,5,222.375,10.036588
1995,114,2015,20,2215889.364383562,6,205.58333,9.277689
1995,115,2015,20,2216127.350684932,7,234.70833,10.590922
1995,116,2015,20,2216373.269863014,8,225,10.15172
1995,117,2015,20,2216619.189041096,9,182.375,8.2276201
1995,118,2015,20,2216857.175342466,10,194.75,8.7849588
1995,119,2015,20,2217103.094520548,11,207.25,9.347784
1995,120,2015,20,2217341.080821918,12,196.04167,8.8412952
1995,121,2016,21,2217587,1,226.70833,10.223199
1995,122,2016,21,2218027.098360656,2,235.5,10.617544
1995,123,2016,21,2218438.803278688,3,256.04169,11.541526
1995,124,2016,21,2218878.901639344,4,245.375,11.058513
1995,125,2016,21,2219304.803278688,5,242.875,10.943743
1995,126,2016,21,2219744.901639344,6,252.875,11.392075
1995,127,2016,21,2220170.803278688,7,275.20831,12.395817
1995,128,2016,21,2220610.901639344,8,256.875,11.567762
1995,129,2016,21,2221051,9,242,10.895742
1995,130,2016,21,2221476.901639344,10,239.45833,10.77924
1995,131,2016,21,2221917,11,200.25,9.0124874
1995,132,2016,21,2222342.901639344,12,206.875,9.3088694
1995,133,2017,22,2222783,1,267.74997,12.045709
1995,134,2017,22,2222487.226027397,2,230.125,10.35439
1995,135,2017,22,2222220.075342466,3,231.16667,10.402511
1995,136,2017,22,2221924.301369863,4,257.16669,11.574053
1995,137,2017,22,2221638.068493151,5,268.25,12.074424
1995,138,2017,22,2221342.294520548,6,252.20831,11.353869
1995,139,2017,22,2221056.061643836,7,260.79169,11.741788
1995,140,2017,22,2220760.287671233,8,243.5,10.964713
1995,141,2017,22,2220464.51369863,9,259.125,11.669855
1995,142,2017,22,2220178.280821918,10,241.25,10.866244
1995,143,2017,22,2219882.506849315,11,217.875,9.8147087
1995,144,2017,22,2219596.273972603,12,224.45834,10.112576
1995,145,2018,23,2219300.5,1,269.54166,12.145343
1995,146,2018,23,2219336.171232877,2,211.75,9.5411415
1995,147,2018,23,2219368.390410959,3,263.08334,11.853973
1995,148,2018,23,2219404.061643836,4,238.62502,10.75176
1995,149,2018,23,2219438.582191781,5,276.625,12.463737
1995,150,2018,23,2219474.253424658,6,263.75,11.883445
1995,151,2018,23,2219508.773972603,7,284.29169,12.808766
1995,152,2018,23,2219544.445205479,8,266.625,12.0126
1995,153,2018,23,2219580.116438356,9,244.91666,11.034369
1995,154,2018,23,2219614.636986301,10,275.45834,12.410188
1995,155,2018,23,2219650.308219178,11,242.625,10.930776
1995,156,2018,23,2219684.828767123,12,222.25,10.012683
1995,157,2019,24,2219720.5,1,252.04166,11.354657
1995,158,2019,24,2219088.736986301,2,219.25,9.8801813
1995,159,2019,24,2218518.112328767,3,244.54167,11.022749
1995,160,2019,24,2217886.349315068,4,240.66669,10.851173
1995,161,2019,24,2217274.965753424,5,263.375,11.87832
1995,162,2019,24,2216643.202739726,6,269.125,12.141106
1995,163,2019,24,2216031.819178082,7,292.375,13.193628
1995,164,2019,24,2215400.056164383,8,279.625,12.621874
1995,165,2019,24,2214768.293150685,9,264.125,11.925627
1995,166,2019,24,2214156.909589041,10,260.70831,11.774609
1995,167,2019,24,2213525.146575342,11,237.5,10.729492
1995,168,2019,24,2212913.763013699,12,265.45834,11.995873
1995,169,2020,25,2212282,1,277.58331,12.547375
1995,170,2020,25,2212412.775956284,2,292.125,13.203911
1995,171,2020,25,2212535.114754098,3,315.54169,14.261545
1995,172,2020,25,2212665.890710383,4,356.04169,16.091074
1995,173,2020,25,2212792.448087432,5,345.125,15.596808
1995,174,2020,25,2212923.224043716,6,367.29166,16.597578
1995,175,2020,25,2213049.781420765,7,387.75,17.52107
1995,176,2020,25,2213180.557377049,8,373.5,16.876165
1995,177,2020,25,2213311.333333333,9,338.91669,15.312654
1995,178,2020,25,2213437.890710383,10,336.83334,15.217655
1995,179,2020,25,2213568.666666667,11,306.125,13.829478
1995,180,2020,25,2213695.224043716,12,328.5,14.839441
1995,181,2021,26,2213826,1,396.25,17.898878
1995,182,2021,26,2214666.736986301,2,323.875,14.624097
1995,183,2021,26,2215426.112328767,3,382.29169,17.255899
1995,184,2021,26,2216266.849315069,4,372.70834,16.816944
1995,185,2021,26,2217080.465753424,5,404.375,18.239077
1995,186,2021,26,2217921.202739726,6,395.08331,17.813227
1995,187,2021,26,2218734.819178082,7,387.20831,17.451761
1995,188,2021,26,2219575.556164383,8,454.375,20.471256
1995,189,2021,26,2220416.293150685,9,430.16669,19.373245
1995,190,2021,26,2221229.909589041,10,374.91669,16.878788
1995,191,2021,26,2222070.646575342,11,340.375,15.31792
1995,192,2021,26,2222884.263013699,12,329.29166,14.813711
1996,1,2006,10,2051774.5,1,28.666666,1.3971646
1996,2,2006,10,2055195.710958904,2,19.875,.96706116
1996,3,2006,10,2058285.836986301,3,27.708334,1.346185
1996,4,2006,10,2061707.047945205,4,20.291668,.98421681
1996,5,2006,10,2065017.897260274,5,27.375,1.3256544
1996,6,2006,10,2068439.108219178,6,24.541666,1.1864824
1996,7,2006,10,2071749.957534247,7,27.625,1.3334138
1996,8,2006,10,2075171.168493151,8,30.125,1.4516875
1996,9,2006,10,2078592.379452055,9,24.375,1.1726686
1996,10,2006,10,2081903.228767123,10,20.375,.97867179
1996,11,2006,10,2085324.439726027,11,17.75,.85118651
1996,12,2006,10,2088635.289041096,12,15.5,.74211138
1996,13,2007,11,2092056.5,1,22.083332,1.0555801
1996,14,2007,11,2092759.690410959,2,25,1.1945949
1996,15,2007,11,2093394.830136986,3,33.125,1.582358
1996,16,2007,11,2094098.020547945,4,24.041668,1.148068
1996,17,2007,11,2094778.52739726,5,27.125,1.2948864
1996,18,2007,11,2095481.717808219,6,27.791666,1.3262662
1996,19,2007,11,2096162.224657534,7,33.416668,1.5941833
1996,20,2007,11,2096865.415068493,8,24.25,1.1564882
1996,21,2007,11,2097568.605479452,9,27.458332,1.3090552
1996,22,2007,11,2098249.112328767,10,22.583334,1.0762942
1996,23,2007,11,2098952.302739726,11,20.25,.96476704
1996,24,2007,11,2099632.809589041,12,29.791668,1.4188989
1996,25,2008,12,2100336,1,24.916666,1.186318
1996,26,2008,12,2101645.580601093,2,24.25,1.1538577
1996,27,2008,12,2102870.672131148,3,28.583334,1.359253
1996,28,2008,12,2104180.252732241,4,35.583336,1.6910783
1996,29,2008,12,2105447.588797814,5,25.125,1.1933329
1996,30,2008,12,2106757.169398907,6,25.666666,1.218302
1996,31,2008,12,2108024.505464481,7,32.375,1.5357981
1996,32,2008,12,2109334.086065574,8,25.125,1.1911342
1996,33,2008,12,2110643.666666667,9,19.666668,.93178535
1996,34,2008,12,2111911.002732241,10,25.458332,1.2054642
1996,35,2008,12,2113220.583333333,11,19.125,.90501672
1996,36,2008,12,2114487.919398907,12,18.208334,.86112261
1996,37,2009,13,2115797.5,1,32.75,1.5478797
1996,38,2009,13,2115836.143835616,2,27.125,1.2819991
1996,39,2009,13,2115871.047945206,3,31.75,1.500564
1996,40,2009,13,2115909.691780822,4,30.208334,1.427676
1996,41,2009,13,2115947.089041096,5,41.125,1.9435741
1996,42,2009,13,2115985.732876712,6,31.041666,1.4670074
1996,43,2009,13,2116023.130136986,7,37.75,1.784007
1996,44,2009,13,2116061.773972603,8,39,1.8430464
1996,45,2009,13,2116100.417808219,9,26.041668,1.2306442
1996,46,2009,13,2116137.815068493,10,37.833336,1.7878484
1996,47,2009,13,2116176.458904109,11,24,1.1341209
1996,48,2009,13,2116213.856164384,12,18.541668,.87617177
1996,49,2010,14,2116252.5,1,33.958332,1.6046447
1996,50,2010,14,2117297.709589041,2,25.75,1.2161728
1996,51,2010,14,2118241.769863014,3,43.291668,2.0437548
1996,52,2010,14,2119286.979452055,4,37.541668,1.7714292
1996,53,2010,14,2120298.47260274,5,47,2.2166691
1996,54,2010,14,2121343.682191781,6,44.875,2.1154046
1996,55,2010,14,2122355.175342466,7,41.25,1.9435955
1996,56,2010,14,2123400.384931507,8,36.75,1.7307146
1996,57,2010,14,2124445.594520548,9,23.708334,1.1159774
1996,58,2010,14,2125457.087671233,10,30.541666,1.4369458
1996,59,2010,14,2126502.297260274,11,33.75,1.5871133
1996,60,2010,14,2127513.790410959,12,35.166664,1.6529465
1996,61,2011,15,2128559,1,65.041664,3.0556664
1996,62,2011,15,2129776.493150685,2,38.125,1.7900939
1996,63,2011,15,2130876.164383562,3,46,2.1587365
1996,64,2011,15,2132093.657534247,4,46.791668,2.1946347
1996,65,2011,15,2133271.876712329,5,48.75,2.2852221
1996,66,2011,15,2134489.369863014,6,53.25,2.4947419
1996,67,2011,15,2135667.589041096,7,55.041664,2.5772581
1996,68,2011,15,2136885.082191781,8,54.375,2.5445917
1996,69,2011,15,2138102.575342466,9,47.625,2.2274423
1996,70,2011,15,2139280.794520548,10,42.583332,1.9905443
1996,71,2011,15,2140498.287671233,11,53.75,2.5110974
1996,72,2011,15,2141676.506849315,12,33.25,1.5525221
1996,73,2012,16,2142894,1,70.791664,3.3035541
1996,74,2012,16,2144295.267759562,2,75.75,3.5326293
1996,75,2012,16,2145606.131147541,3,71.416672,3.3285079
1996,76,2012,16,2147007.398907104,4,72,3.3535049
1996,77,2012,16,2148363.464480874,5,63.375,2.9499199
1996,78,2012,16,2149764.732240437,6,81.375,3.7852979
1996,79,2012,16,2151120.797814208,7,84.291672,3.9185002
1996,80,2012,16,2152522.065573771,8,72.375,3.362335
1996,81,2012,16,2153923.333333333,9,67.666664,3.1415539
1996,82,2012,16,2155279.398907104,10,67.458328,3.1299109
1996,83,2012,16,2156680.666666667,11,48.625,2.2546222
1996,84,2012,16,2158036.732240437,12,47.458332,2.1991439
1996,85,2013,17,2159438,1,118.58334,5.4913979
1996,86,2013,17,2160772.019178082,2,77,3.5635412
1996,87,2013,17,2161976.939726027,3,109.66667,5.0725179
1996,88,2013,17,2163310.958904109,4,95,4.3914165
1996,89,2013,17,2164601.945205479,5,100.375,4.6371112
1996,90,2013,17,2165935.964383562,6,104.375,4.818933
1996,91,2013,17,2167226.950684932,7,105,4.8449011
1996,92,2013,17,2168560.969863014,8,95.875,4.4211345
1996,93,2013,17,2169894.989041096,9,88.958328,4.0996604
1996,94,2013,17,2171185.975342466,10,72.375,3.3334317
1996,95,2013,17,2172519.994520548,11,85.875,3.9527829
1996,96,2013,17,2173810.980821918,12,71.125,3.2719035
1996,97,2014,18,2175145,1,147.20833,6.7677479
1996,98,2014,18,2176494.306849315,2,99.125,4.5543423
1996,99,2014,18,2177713.035616438,3,136.375,6.2623034
1996,100,2014,18,2179062.342465754,4,125.04167,5.7383246
1996,101,2014,18,2180368.123287671,5,128.75,5.9049664
1996,102,2014,18,2181717.430136987,6,142.83333,6.5468297
1996,103,2014,18,2183023.210958904,7,144.33334,6.6116266
1996,104,2014,18,2184372.517808219,8,148.125,6.7811236
1996,105,2014,18,2185721.824657534,9,115.875,5.3014522
1996,106,2014,18,2187027.605479452,10,115.58333,5.2849507
1996,107,2014,18,2188376.912328767,11,118.125,5.3978362
1996,108,2014,18,2189682.693150685,12,115.33334,5.2671256
1996,109,2015,19,2191032,1,194.70833,8.8866034
1996,110,2015,19,2190934.243835616,2,136,6.2073975
1996,111,2015,19,2190845.947945205,3,151.58334,6.918941
1996,112,2015,19,2190748.191780822,4,167.16667,7.6305742
1996,113,2015,19,2190653.589041096,5,179.125,8.1767836
1996,114,2015,19,2190555.832876712,6,167.41666,7.6426563
1996,115,2015,19,2190461.230136986,7,191.70834,8.7519627
1996,116,2015,19,2190363.473972603,8,187.25,8.5488091
1996,117,2015,19,2190265.717808219,9,158.16667,7.2213464
1996,118,2015,19,2190171.115068493,10,173.58334,7.925561
1996,119,2015,19,2190073.358904109,11,152.125,6.9461145
1996,120,2015,19,2189978.756164384,12,157.66667,7.1994615
1996,121,2016,20,2189881,1,174.66667,7.9760804
1996,122,2016,20,2189682.676229508,2,199.875,9.1280346
1996,123,2016,20,2189497.147540983,3,214.91666,9.8157997
1996,124,2016,20,2189298.823770492,4,201.79167,9.2171831
1996,125,2016,20,2189106.897540983,5,209.5,9.5701132
1996,126,2016,20,2188908.573770492,6,229.66666,10.49229
1996,127,2016,20,2188716.647540983,7,250.70834,11.454582
1996,128,2016,20,2188518.323770492,8,228.5,10.440854
1996,129,2016,20,2188320,9,194.70834,8.8976173
1996,130,2016,20,2188128.073770492,10,211.875,9.6829338
1996,131,2016,20,2187929.75,11,216.875,9.9123383
1996,132,2016,20,2187737.823770492,12,175.25,8.0105581
1996,133,2017,21,2187539.5,1,260.04166,11.887403
1996,134,2017,21,2187622.265753425,2,219.625,10.039439
1996,135,2017,21,2187697.021917808,3,237.20834,10.842834
1996,136,2017,21,2187779.787671233,4,228.04167,10.423429
1996,137,2017,21,2187859.883561644,5,251.625,11.500965
1996,138,2017,21,2187942.649315068,6,252.33333,11.532904
1996,139,2017,21,2188022.74520548,7,238.20834,10.886923
1996,140,2017,21,2188105.510958904,8,238,10.876989
1996,141,2017,21,2188188.276712329,9,227.41666,10.39292
1996,142,2017,21,2188268.37260274,10,207.83333,9.4976158
1996,143,2017,21,2188351.138356165,11,236.625,10.812936
1996,144,2017,21,2188431.234246575,12,200.91666,9.1808529
1996,145,2018,22,2188514,1,237.37498,10.8464
1996,146,2018,22,2188103.18630137,2,208.875,9.5459394
1996,147,2018,22,2187732.128767123,3,260.375,11.901594
1996,148,2018,22,2187321.315068493,4,227.12502,10.383706
1996,149,2018,22,2186923.753424658,5,256.625,11.73452
1996,150,2018,22,2186512.939726027,6,251.70833,11.511861
1996,151,2018,22,2186115.378082192,7,267.75,12.247752
1996,152,2018,22,2185704.564383562,8,240.875,11.020473
1996,153,2018,22,2185293.750684931,9,222.25,10.170258
1996,154,2018,22,2184896.189041096,10,232.83333,10.656494
1996,155,2018,22,2184485.375342465,11,231.5,10.597462
1996,156,2018,22,2184087.81369863,12,232.5,10.645176
1996,157,2019,23,2183677,1,207.95833,9.5233097
1996,158,2019,23,2183765.795890411,2,213.25,9.7652416
1996,159,2019,23,2183845.998630137,3,254.875,11.670923
1996,160,2019,23,2183934.794520548,4,231.79167,10.613488
1996,161,2019,23,2184020.726027397,5,253.625,11.612756
1996,162,2019,23,2184109.521917808,6,240.83331,11.026613
1996,163,2019,23,2184195.453424657,7,278.375,12.744967
1996,164,2019,23,2184284.249315068,8,267.5,12.246574
1996,165,2019,23,2184373.045205479,9,263.5,12.062958
1996,166,2019,23,2184458.976712328,10,249.29167,11.412056
1996,167,2019,23,2184547.77260274,11,249.25,11.409684
1996,168,2019,23,2184633.704109589,12,255.41667,11.69151
1996,169,2020,24,2184722.5,1,289.125,13.233946
1996,170,2020,24,2184884.233606557,2,248.375,11.367879
1996,171,2020,24,2185035.532786885,3,302.70834,13.853703
1996,172,2020,24,2185197.266393443,4,334.66669,15.31517
1996,173,2020,24,2185353.782786885,5,316.75,14.494221
1996,174,2020,24,2185515.516393443,6,347.83331,15.91539
1996,175,2020,24,2185672.032786885,7,386.95831,17.704317
1996,176,2020,24,2185833.766393443,8,356,16.286692
1996,177,2020,24,2185995.5,9,318.29166,14.56049
1996,178,2020,24,2186152.016393443,10,321.5,14.706205
1996,179,2020,24,2186313.75,11,313,14.316335
1996,180,2020,24,2186470.266393443,12,319.33331,14.604969
1996,181,2021,25,2186632,1,355.16666,16.242636
1996,182,2021,25,2187547.943835616,2,304.125,13.902553
1996,183,2021,25,2188375.247945205,3,362.83331,16.580032
1996,184,2021,25,2189291.191780822,4,351.20834,16.042103
1996,185,2021,25,2190177.589041096,5,380.5,17.37302
1996,186,2021,25,2191093.532876712,6,365.41666,16.677364
1996,187,2021,25,2191979.930136986,7,363.95834,16.604092
1996,188,2021,25,2192895.873972603,8,394.75,18.00131
1996,189,2021,25,2193811.817808219,9,377.375,17.201794
1996,190,2021,25,2194698.215068493,10,377.29169,17.191051
1996,191,2021,25,2195614.15890411,11,323.25,14.722532
1996,192,2021,25,2196500.556164383,12,321.29169,14.627435
1997,1,2006,9,1982762,1,21,1.0591286
1997,2,2006,9,1987509.58630137,2,19.375,.97483808
1997,3,2006,9,1991797.728767123,3,21.708334,1.0898864
1997,4,2006,9,1996545.315068493,4,25.666668,1.2855539
1997,5,2006,9,2001139.753424658,5,29.5,1.47416
1997,6,2006,9,2005887.339726028,6,26.75,1.3335744
1997,7,2006,9,2010481.778082192,7,26.291666,1.3077296
1997,8,2006,9,2015229.364383562,8,25.125,1.2467563
1997,9,2006,9,2019976.950684932,9,20.625,1.0210513
1997,10,2006,9,2024571.389041096,10,22.583334,1.1154624
1997,11,2006,9,2029318.975342466,11,17.125,.84387916
1997,12,2006,9,2033913.41369863,12,25.541666,1.2557893
1997,13,2007,10,2038661,1,24,1.1772434
1997,14,2007,10,2042458.117808219,2,18.625,.9118914
1997,15,2007,10,2045887.77260274,3,25.583334,1.2504759
1997,16,2007,10,2049684.890410959,4,27.541668,1.3437026
1997,17,2007,10,2053359.520547945,5,29.375,1.4305824
1997,18,2007,10,2057156.638356165,6,25.833332,1.2557786
1997,19,2007,10,2060831.268493151,7,30.958332,1.5022255
1997,20,2007,10,2064628.38630137,8,24.5,1.1866542
1997,21,2007,10,2068425.504109589,9,16.791668,.81180918
1997,22,2007,10,2072100.134246575,10,18.25,.88074893
1997,23,2007,10,2075897.252054795,11,20.75,.99956775
1997,24,2007,10,2079571.882191781,12,29.041666,1.3965213
1997,25,2008,11,2083369,1,23.208332,1.1139809
1997,26,2008,11,2083968.629781421,2,25.375,1.2176287
1997,27,2008,11,2084529.573770492,3,25.75,1.2352906
1997,28,2008,11,2085129.203551912,4,20,.9591732
1997,29,2008,11,2085709.490437158,5,18.125,.86900884
1997,30,2008,11,2086309.120218579,6,29.083332,1.3940088
1997,31,2008,11,2086889.407103825,7,30.458332,1.4595087
1997,32,2008,11,2087489.036885246,8,19.125,.9161725
1997,33,2008,11,2088088.666666667,9,24.208332,1.1593536
1997,34,2008,11,2088668.953551912,10,23.208334,1.1111542
1997,35,2008,11,2089268.583333333,11,21.5,1.0290682
1997,36,2008,11,2089848.870218579,12,18,.86130631
1997,37,2009,12,2090448.5,1,27.083334,1.2955753
1997,38,2009,12,2091876.878082192,2,22,1.0516871
1997,39,2009,12,2093167.026027397,3,25.75,1.2301933
1997,40,2009,12,2094595.404109589,4,23.916668,1.1418276
1997,41,2009,12,2095977.705479452,5,29.125,1.3895663
1997,42,2009,12,2097406.083561644,6,25.833332,1.23168
1997,43,2009,12,2098788.384931507,7,37.166664,1.7708628
1997,44,2009,12,2100216.763013699,8,27.75,1.3212922
1997,45,2009,12,2101645.14109589,9,17.625,.83862871
1997,46,2009,12,2103027.442465753,10,30.666666,1.4582152
1997,47,2009,12,2104455.820547945,11,26.5,1.2592329
1997,48,2009,12,2105838.121917808,12,28.541666,1.355359
1997,49,2010,13,2107266.5,1,32.708332,1.5521687
1997,50,2010,13,2108475.287671233,2,28.5,1.3516877
1997,51,2010,13,2109567.095890411,3,31.125,1.4754212
1997,52,2010,13,2110775.883561644,4,32.541668,1.5416923
1997,53,2010,13,2111945.678082192,5,36,1.7045892
1997,54,2010,13,2113154.465753425,6,31.749998,1.502493
1997,55,2010,13,2114324.260273973,7,30.833332,1.4583067
1997,56,2010,13,2115533.047945206,8,29.625,1.4003563
1997,57,2010,13,2116741.835616439,9,28.333334,1.3385352
1997,58,2010,13,2117911.630136986,10,28.583334,1.3496
1997,59,2010,13,2119120.417808219,11,25.875,1.2210255
1997,60,2010,13,2120290.212328767,12,22.541666,1.0631406
1997,61,2011,14,2121499,1,42.291664,1.9934803
1997,62,2011,14,2122325.723287671,2,43.75,2.0614178
1997,63,2011,14,2123072.44109589,3,43.5,2.0489173
1997,64,2011,14,2123899.164383562,4,37.25,1.7538497
1997,65,2011,14,2124699.219178082,5,37.75,1.7767221
1997,66,2011,14,2125525.942465753,6,45.875,2.1582894
1997,67,2011,14,2126325.997260274,7,35.75,1.6813039
1997,68,2011,14,2127152.720547945,8,41,1.9274591
1997,69,2011,14,2127979.443835617,9,34.375,1.6153822
1997,70,2011,14,2128779.498630137,10,44.333336,2.0825706
1997,71,2011,14,2129606.221917808,11,29.375,1.3793629
1997,72,2011,14,2130406.276712329,12,32.041668,1.5040168
1997,73,2012,15,2131233,1,64.958336,3.0479228
1997,74,2012,15,2132490.913934426,2,45.25,2.1219316
1997,75,2012,15,2133667.672131148,3,51.916664,2.4332123
1997,76,2012,15,2134925.586065574,4,54.416668,2.5488789
1997,77,2012,15,2136142.922131148,5,49.5,2.3172607
1997,78,2012,15,2137400.836065574,6,59,2.7603619
1997,79,2012,15,2138618.172131148,7,60.708332,2.838671
1997,80,2012,15,2139876.086065574,8,52.625,2.4592545
1997,81,2012,15,2141134,9,46.791664,2.1853683
1997,82,2012,15,2142351.336065574,10,42.25,1.9721322
1997,83,2012,15,2143609.25,11,46.625,2.1750698
1997,84,2012,15,2144826.586065574,12,35.458332,1.6532028
1997,85,2013,16,2146084.5,1,84.625,3.9432278
1997,86,2013,16,2147572.457534247,2,74,3.445751
1997,87,2013,16,2148916.419178082,3,73.833336,3.4358404
1997,88,2013,16,2150404.376712329,4,60.708336,2.8231125
1997,89,2013,16,2151844.335616439,5,64.75,3.0090466
1997,90,2013,16,2153332.293150685,6,84.291664,3.9144754
1997,91,2013,16,2154772.252054795,7,70.541664,3.273741
1997,92,2013,16,2156260.209589041,8,77.5,3.5941858
1997,93,2013,16,2157748.167123288,9,58.583336,2.7150218
1997,94,2013,16,2159188.126027397,10,61.666664,2.8560116
1997,95,2013,16,2160676.083561644,11,57.625,2.6669893
1997,96,2013,16,2162116.042465753,12,60.416668,2.7943306
1997,97,2014,17,2163604,1,83.25,3.8477466
1997,98,2014,17,2164905.108219178,2,88.375,4.0821652
1997,99,2014,17,2166080.302739726,3,89.333336,4.1241932
1997,100,2014,17,2167381.410958904,4,88.125,4.0659666
1997,101,2014,17,2168640.547945206,5,103.375,4.7668114
1997,102,2014,17,2169941.656164384,6,98.666664,4.5469732
1997,103,2014,17,2171200.793150685,7,98.041664,4.5155501
1997,104,2014,17,2172501.901369863,8,111.625,5.1380854
1997,105,2014,17,2173803.009589041,9,86.041664,3.958117
1997,106,2014,17,2175062.146575342,10,101,4.6435456
1997,107,2014,17,2176363.25479452,11,101.5,4.6637435
1997,108,2014,17,2177622.391780822,12,86.208328,3.9588282
1997,109,2015,18,2178923.5,1,184.91666,8.4866066
1997,110,2015,18,2180084.428767123,2,120,5.504374
1997,111,2015,18,2181133.009589041,3,124.33334,5.7004013
1997,112,2015,18,2182293.938356164,4,131.625,6.0314975
1997,113,2015,18,2183417.417808219,5,142.125,6.5092912
1997,114,2015,18,2184578.346575342,6,145.5,6.6603241
1997,115,2015,18,2185701.826027397,7,146,6.6797767
1997,116,2015,18,2186862.75479452,8,153.125,7.0020399
1997,117,2015,18,2188023.683561644,9,118.83333,5.4310803
1997,118,2015,18,2189147.163013699,10,127.04166,5.8032494
1997,119,2015,18,2190308.091780822,11,112.5,5.1362638
1997,120,2015,18,2191431.571232877,12,132.04167,6.0253615
1997,121,2016,19,2192592.5,1,188.33333,8.5895271
1997,122,2016,19,2192009.979508196,2,166.5,7.5957685
1997,123,2016,19,2191465.040983607,3,184.25,8.4076176
1997,124,2016,19,2190882.520491803,4,183.20834,8.3623075
1997,125,2016,19,2190318.790983607,5,204.375,9.3308334
1997,126,2016,19,2189736.270491803,6,197.45833,9.0174475
1997,127,2016,19,2189172.540983607,7,209.5,9.5698261
1997,128,2016,19,2188590.020491803,8,184.875,8.4472189
1997,129,2016,19,2188007.5,9,165.41667,7.5601511
1997,130,2016,19,2187443.770491803,10,189.95833,8.6840324
1997,131,2016,19,2186861.25,11,187.75,8.5853643
1997,132,2016,19,2186297.520491803,12,181.66666,8.309329
1997,133,2017,20,2185715,1,214.16666,9.7984715
1997,134,2017,20,2185089.097260274,2,185.625,8.4950771
1997,135,2017,20,2184523.765753425,3,198.33334,9.0790195
1997,136,2017,20,2183897.863013699,4,224.54167,10.281693
1997,137,2017,20,2183292.150684932,5,228.25,10.454395
1997,138,2017,20,2182666.247945206,6,236.54166,10.83728
1997,139,2017,20,2182060.535616438,7,242.04167,11.092344
1997,140,2017,20,2181434.632876712,8,230.375,10.560711
1997,141,2017,20,2180808.730136986,9,209.04167,9.5855112
1997,142,2017,20,2180203.017808219,10,215.45833,9.8824892
1997,143,2017,20,2179577.115068493,11,182.25,8.3617134
1997,144,2017,20,2178971.402739726,12,186.58334,8.5629091
1997,145,2018,21,2178345.5,1,266.41666,12.230229
1997,146,2018,21,2178319.680821917,2,199,9.1354818
1997,147,2018,21,2178296.360273973,3,215.41667,9.8892269
1997,148,2018,21,2178270.54109589,4,215.66669,9.9008217
1997,149,2018,21,2178245.554794521,5,224.125,10.289244
1997,150,2018,21,2178219.735616438,6,216.45831,9.937396
1997,151,2018,21,2178194.749315069,7,239,10.972389
1997,152,2018,21,2178168.930136986,8,221.375,10.163353
1997,153,2018,21,2178143.110958904,9,226.20833,10.385375
1997,154,2018,21,2178118.124657534,10,206.95834,9.5017042
1997,155,2018,21,2178092.305479452,11,199.375,9.1536522
1997,156,2018,21,2178067.319178082,12,184.125,8.4535952
1997,157,2019,22,2178041.5,1,229.70833,10.546555
1997,158,2019,22,2177882.890410959,2,208,9.550559
1997,159,2019,22,2177739.630136986,3,241.125,11.07226
1997,160,2019,22,2177581.020547945,4,222.83334,10.233068
1997,161,2019,22,2177427.52739726,5,261.25,11.998103
1997,162,2019,22,2177268.917808219,6,225.70833,10.36658
1997,163,2019,22,2177115.424657534,7,269.95831,12.399817
1997,164,2019,22,2176956.815068493,8,251.5,11.552824
1997,165,2019,22,2176798.205479452,9,248.66666,11.423505
1997,166,2019,22,2176644.712328767,10,251.75,11.565967
1997,167,2019,22,2176486.102739726,11,232.75,10.693843
1997,168,2019,22,2176332.609589041,12,273.20831,12.55361
1997,169,2020,23,2176174,1,245.08333,11.26212
1997,170,2020,23,2176332.260928961,2,231.125,10.619932
1997,171,2020,23,2176480.31147541,3,273.125,12.54893
1997,172,2020,23,2176638.572404372,4,303.54169,13.945434
1997,173,2020,23,2176791.728142077,5,331.875,15.246061
1997,174,2020,23,2176949.989071038,6,328.75,15.101403
1997,175,2020,23,2177103.144808743,7,367.83331,16.895538
1997,176,2020,23,2177261.405737705,8,347.5,15.960417
1997,177,2020,23,2177419.666666667,9,301.79166,13.86006
1997,178,2020,23,2177572.822404372,10,289.70831,13.304185
1997,179,2020,23,2177731.083333333,11,295.75,13.580648
1997,180,2020,23,2177884.239071038,12,294.08334,13.503167
1997,181,2021,24,2178042.5,1,335.45834,15.401827
1997,182,2021,24,2178967.404109589,2,268.75,12.333824
1997,183,2021,24,2179802.801369863,3,322.16669,14.779625
1997,184,2021,24,2180727.705479452,4,329.45834,15.107725
1997,185,2021,24,2181622.773972603,5,353.875,16.220724
1997,186,2021,24,2182547.678082192,6,355.25,16.27685
1997,187,2021,24,2183442.746575342,7,347,15.892333
1997,188,2021,24,2184367.650684931,8,355.375,16.269011
1997,189,2021,24,2185292.554794521,9,337.75,15.455597
1997,190,2021,24,2186187.623287671,10,342.79166,15.679883
1997,191,2021,24,2187112.52739726,11,305.25,13.956758
1997,192,2021,24,2188007.595890411,12,296.08331,13.532097
1998,1,2006,8,1968580,1,20.875,1.0604091
1998,2,2006,8,1969964.765753425,2,21.375,1.0850447
1998,3,2006,8,1971215.521917808,3,31.166668,1.5810888
1998,4,2006,8,1972600.287671233,4,34.375,1.7426237
1998,5,2006,8,1973940.383561644,5,29,1.4691427
1998,6,2006,8,1975325.149315068,6,31.833332,1.611549
1998,7,2006,8,1976665.24520548,7,24.541668,1.2415693
1998,8,2006,8,1978050.010958904,8,24.125,1.2196355
1998,9,2006,8,1979434.776712329,9,18.708334,.94513518
1998,10,2006,8,1980774.87260274,10,20.625,1.0412592
1998,11,2006,8,1982159.638356165,11,22.25,1.1225131
1998,12,2006,8,1983499.734246576,12,26,1.3108144
1998,13,2007,9,1984884.5,1,23.625,1.1902456
1998,14,2007,9,1990258.15890411,2,22.75,1.1430678
1998,15,2007,9,1995111.78630137,3,25.041666,1.255151
1998,16,2007,9,2000485.44520548,4,24.583332,1.2288684
1998,17,2007,9,2005685.760273973,5,27,1.346173
1998,18,2007,9,2011059.419178082,6,28.916666,1.4378822
1998,19,2007,9,2016259.734246576,7,26.625,1.3205144
1998,20,2007,9,2021633.393150685,8,24.125,1.193342
1998,21,2007,9,2027007.052054795,9,16.541668,.81606364
1998,22,2007,9,2032207.367123288,10,12.25,.6027928
1998,23,2007,9,2037581.026027397,11,29.75,1.4600646
1998,24,2007,9,2042781.34109589,12,28.041666,1.3727199
1998,25,2008,10,2048155,1,27.791666,1.3569123
1998,26,2008,10,2052291.424863388,2,21.75,1.059791
1998,27,2008,10,2056160.983606557,3,20.166666,.98079216
1998,28,2008,10,2060297.408469946,4,20,.97073364
1998,29,2008,10,2064300.400273224,5,18.5,.89618742
1998,30,2008,10,2068436.825136612,6,25.708332,1.242887
1998,31,2008,10,2072439.816939891,7,30,1.4475691
1998,32,2008,10,2076576.241803279,8,19.25,.92700666
1998,33,2008,10,2080712.666666667,9,22.333332,1.0733501
1998,34,2008,10,2084715.658469946,10,18.25,.87541914
1998,35,2008,10,2088852.083333333,11,16.75,.80187583
1998,36,2008,10,2092855.075136612,12,20.875,.99744123
1998,37,2009,11,2096991.5,1,28.708332,1.3690248
1998,38,2009,11,2097862.6,2,28.5,1.3585256
1998,39,2009,11,2098649.4,3,20.583334,.98078954
1998,40,2009,11,2099520.5,4,28.375,1.3514991
1998,41,2009,11,2100363.5,5,29.875,1.4223728
1998,42,2009,11,2101234.6,6,28.458332,1.3543625
1998,43,2009,11,2102077.6,7,29.791668,1.4172487
1998,44,2009,11,2102948.7,8,21,.9985978
1998,45,2009,11,2103819.8,9,12.875,.61198205
1998,46,2009,11,2104662.8,10,22.666666,1.0769738
1998,47,2009,11,2105533.9,11,27.875,1.3238922
1998,48,2009,11,2106376.9,12,12.708334,.60332668
1998,49,2010,12,2107248,1,25.958332,1.2318593
1998,50,2010,12,2108692.005479452,2,12.5,.59278452
1998,51,2010,12,2109996.268493151,3,24.833332,1.1769372
1998,52,2010,12,2111440.273972603,4,27.25,1.2905883
1998,53,2010,12,2112837.698630137,5,23.75,1.1240807
1998,54,2010,12,2114281.704109589,6,25.666666,1.2139663
1998,55,2010,12,2115679.128767123,7,31.166666,1.4731282
1998,56,2010,12,2117123.134246576,8,26.75,1.263507
1998,57,2010,12,2118567.139726027,9,22.375,1.0561384
1998,58,2010,12,2119964.564383562,10,25.833334,1.2185738
1998,59,2010,12,2121408.569863014,11,20.625,.97223139
1998,60,2010,12,2122805.994520548,12,28.708334,1.3523767
1998,61,2011,13,2124250,1,26.125,1.2298459
1998,62,2011,13,2125247.902739726,2,27.5,1.2939667
1998,63,2011,13,2126149.234246575,3,32.958336,1.5501422
1998,64,2011,13,2127147.136986301,4,31.541668,1.4828155
1998,65,2011,13,2128112.849315069,5,29.875,1.4038259
1998,66,2011,13,2129110.752054795,6,35.5,1.6673628
1998,67,2011,13,2130076.464383562,7,35.166668,1.6509581
1998,68,2011,13,2131074.367123288,8,26.875,1.261101
1998,69,2011,13,2132072.269863014,9,26.458332,1.2409679
1998,70,2011,13,2133037.982191781,10,27.791666,1.3029147
1998,71,2011,13,2134035.884931507,11,33.875,1.5873679
1998,72,2011,13,2135001.597260274,12,22.416666,1.0499601
1998,73,2012,14,2135999.5,1,40.374996,1.8902156
1998,74,2012,14,2136641.098360656,2,39.125,1.8311452
1998,75,2012,14,2137241.303278688,3,40.250004,1.8832691
1998,76,2012,14,2137882.901639344,4,48.333336,2.2608037
1998,77,2012,14,2138503.803278688,5,37.125,1.7360269
1998,78,2012,14,2139145.401639344,6,44.166664,2.0646873
1998,79,2012,14,2139766.303278688,7,46.583332,2.1770289
1998,80,2012,14,2140407.901639344,8,36,1.6819224
1998,81,2012,14,2141049.5,9,37.333336,1.7436932
1998,82,2012,14,2141670.401639344,10,28.875,1.3482467
1998,83,2012,14,2142312,11,25.125,1.1727984
1998,84,2012,14,2142932.901639344,12,29.25,1.3649517
1998,85,2013,15,2143574.5,1,52.416664,2.4452925
1998,86,2013,15,2144951.02739726,2,49.5,2.307745
1998,87,2013,15,2146194.342465754,3,55.291668,2.5762656
1998,88,2013,15,2147570.869863014,4,54.458336,2.5358109
1998,89,2013,15,2148902.993150685,5,44.125,2.0533733
1998,90,2013,15,2150279.520547945,6,58.416664,2.716701
1998,91,2013,15,2151611.643835616,7,57.291664,2.6627326
1998,92,2013,15,2152988.171232877,8,56.125,2.606842
1998,93,2013,15,2154364.698630137,9,39.666668,1.8412235
1998,94,2013,15,2155696.821917808,10,40.208332,1.8652128
1998,95,2013,15,2157073.349315069,11,54,2.503392
1998,96,2013,15,2158405.47260274,12,42.75,1.9806287
1998,97,2014,16,2159782,1,87.75,4.0629101
1998,98,2014,16,2161297.432876712,2,54.5,2.5216334
1998,99,2014,16,2162666.210958904,3,61.708336,2.8533454
1998,100,2014,16,2164181.643835616,4,62.291672,2.8783014
1998,101,2014,16,2165648.191780822,5,71.625,3.3073239
1998,102,2014,16,2167163.624657534,6,75.791664,3.4972746
1998,103,2014,16,2168630.17260274,7,76.75,3.5391004
1998,104,2014,16,2170145.605479452,8,80.875,3.7267084
1998,105,2014,16,2171661.038356164,9,55.75,2.5671594
1998,106,2014,16,2173127.58630137,10,66.166664,3.0447667
1998,107,2014,16,2174643.019178082,11,57.125,2.626868
1998,108,2014,16,2176109.567123288,12,56.25,2.5848882
1998,109,2015,17,2177625,1,112.41666,5.1623516
1998,110,2015,17,2178847.334246575,2,101.125,4.6412153
1998,111,2015,17,2179951.378082192,3,97.541664,4.4744883
1998,112,2015,17,2181173.712328767,4,104.95834,4.8120117
1998,113,2015,17,2182356.616438356,5,107,4.9029565
1998,114,2015,17,2183578.950684932,6,104.91666,4.8048024
1998,115,2015,17,2184761.85479452,7,108.83333,4.9814734
1998,116,2015,17,2185984.189041096,8,118,5.3980265
1998,117,2015,17,2187206.523287671,9,94.666672,4.3281999
1998,118,2015,17,2188389.42739726,10,93.041664,4.2516046
1998,119,2015,17,2189611.761643835,11,81.75,3.7335386
1998,120,2015,17,2190794.665753425,12,75.416664,3.4424341
1998,121,2016,18,2192017,1,148.625,6.7802849
1998,122,2016,18,2192939.165300546,2,131.625,6.0022187
1998,123,2016,18,2193801.836065574,3,155.62502,7.0938501
1998,124,2016,18,2194724.00136612,4,148.83334,6.781415
1998,125,2016,18,2195616.419398907,5,174.875,7.9647336
1998,126,2016,18,2196538.584699454,6,154.75,7.0451756
1998,127,2016,18,2197431.002732241,7,156,7.0991988
1998,128,2016,18,2198353.168032787,8,149.375,6.7948589
1998,129,2016,18,2199275.333333333,9,122.16667,5.5548601
1998,130,2016,18,2200167.75136612,10,138.5,6.2949743
1998,131,2016,18,2201089.916666667,11,122.625,5.5711036
1998,132,2016,18,2201982.334699454,12,125.45834,5.6975179
1998,133,2017,19,2202904.5,1,193.70833,8.7933149
1998,134,2017,19,2201794.530136987,2,160.625,7.2951856
1998,135,2017,19,2200791.976712329,3,186.375,8.4685421
1998,136,2017,19,2199682.006849315,4,183.87502,8.3591633
1998,137,2017,19,2198607.842465754,5,209.125,9.5117006
1998,138,2017,19,2197497.87260274,6,196.41666,8.9381952
1998,139,2017,19,2196423.708219178,7,220.91667,10.058017
1998,140,2017,19,2195313.738356165,8,196.5,8.9508848
1998,141,2017,19,2194203.768493151,9,179.375,8.1749468
1998,142,2017,19,2193129.604109589,10,191.29167,8.7223148
1998,143,2017,19,2192019.634246576,11,170.5,7.7782149
1998,144,2017,19,2190945.469863014,12,176.41666,8.0520792
1998,145,2018,20,2189835.5,1,205.625,9.3899746
1998,146,2018,20,2188974.889041096,2,182.5,8.3372355
1998,147,2018,20,2188197.563013698,3,191.95833,8.7724409
1998,148,2018,20,2187336.952054794,4,184.83334,8.4501543
1998,149,2018,20,2186504.102739726,5,205,9.3756971
1998,150,2018,20,2185643.491780822,6,187.625,8.5844288
1998,151,2018,20,2184810.642465753,7,192.08333,8.7917604
1998,152,2018,20,2183950.031506849,8,199.25,9.1233768
1998,153,2018,20,2183089.420547945,9,203.08334,9.3025665
1998,154,2018,20,2182256.571232877,10,194.29166,8.903245
1998,155,2018,20,2181395.960273973,11,181,8.2974386
1998,156,2018,20,2180563.110958904,12,161.875,7.4235411
1998,157,2019,21,2179702.5,1,222.5,10.207815
1998,158,2019,21,2179683.687671233,2,202.375,9.2846041
1998,159,2019,21,2179666.695890411,3,229,10.506193
1998,160,2019,21,2179647.883561644,4,207.45834,9.5179749
1998,161,2019,21,2179629.678082191,5,255.875,11.73938
1998,162,2019,21,2179610.865753424,6,225.91666,10.365
1998,163,2019,21,2179592.660273972,7,234.75,10.770361
1998,164,2019,21,2179573.847945205,8,212.25,9.738142
1998,165,2019,21,2179555.035616438,9,231.25,10.609963
1998,166,2019,21,2179536.830136986,10,206.29167,9.4649315
1998,167,2019,21,2179518.017808219,11,224.75,10.311913
1998,168,2019,21,2179499.812328767,12,215.54167,9.8895016
1998,169,2020,22,2179481,1,224.20833,10.287235
1998,170,2020,22,2179594.963114754,2,235.875,10.821965
1998,171,2020,22,2179701.573770492,3,261.20834,11.983675
1998,172,2020,22,2179815.536885246,4,280.08334,12.848947
1998,173,2020,22,2179925.823770492,5,322.875,14.811284
1998,174,2020,22,2180039.786885246,6,311.20831,14.275351
1998,175,2020,22,2180150.073770492,7,337.83334,15.495875
1998,176,2020,22,2180264.036885246,8,329.125,15.095649
1998,177,2020,22,2180378,9,315.70831,14.479522
1998,178,2020,22,2180488.286885246,10,327.91669,15.038681
1998,179,2020,22,2180602.25,11,287.75,13.195896
1998,180,2020,22,2180712.536885246,12,281.5,12.908625
1998,181,2021,23,2180826.5,1,321.75,14.753581
1998,182,2021,23,2181737.984931507,2,260,11.917105
1998,183,2021,23,2182561.261643835,3,294.375,13.487594
1998,184,2021,23,2183472.746575342,4,307.16669,14.067805
1998,185,2021,23,2184354.828767123,5,329.5,15.084545
1998,186,2021,23,2185266.31369863,6,339.33331,15.528236
1998,187,2021,23,2186148.395890411,7,349.16666,15.971773
1998,188,2021,23,2187059.880821918,8,345.75,15.808895
1998,189,2021,23,2187971.365753424,9,348.125,15.910857
1998,190,2021,23,2188853.447945205,10,317.95834,14.526251
1998,191,2021,23,2189764.932876712,11,304.75,13.917019
1998,192,2021,23,2190647.015068493,12,310.33334,14.166287
1999,1,2006,7,1978185,1,18.166666,.91835022
1999,2,2006,7,1979038.773972603,2,17.375,.87795144
1999,3,2006,7,1979809.924657534,3,28.833334,1.4563688
1999,4,2006,7,1980663.698630137,4,27.416668,1.3842162
1999,5,2006,7,1981489.931506849,5,26.625,1.3436859
1999,6,2006,7,1982343.705479452,6,31.25,1.5764169
1999,7,2006,7,1983169.938356164,7,22.291668,1.1240423
1999,8,2006,7,1984023.712328767,8,27.25,1.3734715
1999,9,2006,7,1984877.48630137,9,21.833332,1.0999838
1999,10,2006,7,1985703.719178082,10,19.208332,.96733123
1999,11,2006,7,1986557.493150685,11,20.375,1.0256436
1999,12,2006,7,1987383.726027397,12,18.333334,.92248589
1999,13,2007,8,1988237.5,1,15.291667,.76910669
1999,14,2007,8,1989788.094520548,2,21.75,1.0930812
1999,15,2007,8,1991188.631506849,3,29.208334,1.4668792
1999,16,2007,8,1992739.226027397,4,26,1.3047367
1999,17,2007,8,1994239.801369863,5,22.375,1.1219814
1999,18,2007,8,1995790.395890411,6,26.333332,1.3194438
1999,19,2007,8,1997290.971232877,7,29.083332,1.456139
1999,20,2007,8,1998841.565753425,8,23.625,1.1819346
1999,21,2007,8,2000392.160273972,9,27.208332,1.3601499
1999,22,2007,8,2001892.735616438,10,20.5,1.0240309
1999,23,2007,8,2003443.330136986,11,18.75,.93588871
1999,24,2007,8,2004943.905479452,12,23.208334,1.1575552
1999,25,2008,9,2006494.5,1,23,1.1462778
1999,26,2008,9,2012493.465846994,2,27.25,1.3540417
1999,27,2008,9,2018105.401639344,3,19.291668,.95592964
1999,28,2008,9,2024104.367486339,4,22.625,1.1177783
1999,29,2008,9,2029909.818306011,5,17.5,.86210728
1999,30,2008,9,2035908.784153005,6,23.916666,1.1747415
1999,31,2008,9,2041714.234972678,7,33.791668,1.6550635
1999,32,2008,9,2047713.200819672,8,17.5,.85461187
1999,33,2008,9,2053712.166666667,9,21.416668,1.0428271
1999,34,2008,9,2059517.617486339,10,15.416666,.74855715
1999,35,2008,9,2065516.583333333,11,18.625,.90171146
1999,36,2008,9,2071322.034153005,12,20.041666,.96757847
1999,37,2009,10,2077321,1,21.999998,1.0590563
1999,38,2009,10,2081446.802739726,2,25.125,1.2070931
1999,39,2009,10,2085173.334246575,3,20.25,.97114229
1999,40,2009,10,2089299.136986301,4,22.583334,1.0809047
1999,41,2009,10,2093291.849315068,5,23.125,1.1047194
1999,42,2009,10,2097417.652054794,6,25.333332,1.2078344
1999,43,2009,10,2101410.364383562,7,22,1.0469159
1999,44,2009,10,2105536.167123287,8,22.25,1.056738
1999,45,2009,10,2109661.969863013,9,24.041666,1.139598
1999,46,2009,10,2113654.682191781,10,22.583334,1.0684495
1999,47,2009,10,2117780.484931507,11,34.125,1.6113569
1999,48,2009,10,2121773.197260274,12,14.875,.70106459
1999,49,2010,11,2125899,1,25.124998,1.1818528
1999,50,2010,11,2127411.078082192,2,22.5,1.0576235
1999,51,2010,11,2128776.826027398,3,26.125002,1.2272307
1999,52,2010,11,2130288.904109589,4,21.541668,1.0112088
1999,53,2010,11,2131752.205479452,5,18.875,.88542187
1999,54,2010,11,2133264.283561644,6,24.499998,1.1484746
1999,55,2010,11,2134727.584931507,7,27.583332,1.2921243
1999,56,2010,11,2136239.663013699,8,19.875,.93037313
1999,57,2010,11,2137751.74109589,9,19.416666,.90827507
1999,58,2010,11,2139215.042465753,10,17.875,.83558685
1999,59,2010,11,2140727.120547945,11,17.375,.81164008
1999,60,2010,11,2142190.421917808,12,21.333334,.99586546
1999,61,2011,12,2143702.5,1,28.541666,1.3314192
1999,62,2011,12,2145161.793150685,2,25,1.1654133
1999,63,2011,12,2146479.864383562,3,26.5,1.2345794
1999,64,2011,12,2147939.157534246,4,26.25,1.2221017
1999,65,2011,12,2149351.376712329,5,23.75,1.1049845
1999,66,2011,12,2150810.669863014,6,33.125,1.5401169
1999,67,2011,12,2152222.889041096,7,35.375,1.6436495
1999,68,2011,12,2153682.182191781,8,23.875,1.1085665
1999,69,2011,12,2155141.475342466,9,22.166668,1.0285481
1999,70,2011,12,2156553.694520548,10,24.583334,1.1399361
1999,71,2011,12,2158012.987671233,11,19.25,.89202428
1999,72,2011,12,2159425.206849315,12,26.791668,1.2406851
1999,73,2012,13,2160884.5,1,25.833332,1.1954981
1999,74,2012,13,2161690.24590164,2,30.75,1.422498
1999,75,2012,13,2162444.008196721,3,26.625,1.2312458
1999,76,2012,13,2163249.754098361,4,34.666668,1.6025273
1999,77,2012,13,2164029.508196721,5,28.25,1.3054351
1999,78,2012,13,2164835.254098361,6,31.458332,1.4531513
1999,79,2012,13,2165615.008196721,7,34.958336,1.6142452
1999,80,2012,13,2166420.754098361,8,29.25,1.3501532
1999,81,2012,13,2167226.5,9,26.5,1.222761
1999,82,2012,13,2168006.254098361,10,23.833334,1.0993203
1999,83,2012,13,2168812,11,22,1.0143802
1999,84,2012,13,2169591.754098361,12,36.666664,1.6900259
1999,85,2013,14,2170397.5,1,38.541668,1.7757884
1999,86,2013,14,2170924.967123288,2,25.125,1.1573408
1999,87,2013,14,2171401.389041096,3,42.083332,1.9380724
1999,88,2013,14,2171928.856164384,4,37.5,1.7265759
1999,89,2013,14,2172439.308219178,5,39.875,1.8354943
1999,90,2013,14,2172966.775342466,6,39.541664,1.8197086
1999,91,2013,14,2173477.22739726,7,49.583332,2.2812905
1999,92,2013,14,2174004.694520548,8,34.125,1.5696838
1999,93,2013,14,2174532.161643836,9,39.958336,1.8375602
1999,94,2013,14,2175042.61369863,10,29.458334,1.3543797
1999,95,2013,14,2175570.080821918,11,28.625,1.3157471
1999,96,2013,14,2176080.532876712,12,28.583332,1.3135237
1999,97,2014,15,2176608,1,58.291664,2.6780965
1999,98,2014,15,2178037.184931507,2,45.375,2.0832977
1999,99,2014,15,2179328.061643836,3,50.083336,2.2981091
1999,100,2014,15,2180757.246575342,4,45.416668,2.0826099
1999,101,2014,15,2182140.328767123,5,46.875,2.1481204
1999,102,2014,15,2183569.51369863,6,50.291664,2.3031859
1999,103,2014,15,2184952.595890411,7,52.708332,2.412333
1999,104,2014,15,2186381.780821918,8,51.75,2.3669243
1999,105,2014,15,2187810.965753424,9,40.625,1.8568789
1999,106,2014,15,2189194.047945206,10,43.541668,1.9889359
1999,107,2014,15,2190623.232876712,11,44,2.0085609
1999,108,2014,15,2192006.315068493,12,44.458332,2.0282028
1999,109,2015,16,2193435.5,1,75.333328,3.4344902
1999,110,2015,16,2194992.549315068,2,64.75,2.9498961
1999,111,2015,16,2196398.916438356,3,83.875,3.8187509
1999,112,2015,16,2197955.965753425,4,66.583336,3.0293298
1999,113,2015,16,2199462.787671233,5,82.5,3.750916
1999,114,2015,16,2201019.836986301,6,73.125,3.3223236
1999,115,2015,16,2202526.65890411,7,82.458336,3.7438066
1999,116,2015,16,2204083.708219178,8,73.625,3.3403904
1999,117,2015,16,2205640.757534247,9,64.5,2.9243202
1999,118,2015,16,2207147.579452055,10,75.125,3.4037144
1999,119,2015,16,2208704.628767123,11,52.625,2.3826182
1999,120,2015,16,2210211.450684932,12,57.666668,2.6091018
1999,121,2016,17,2211768.5,1,116.08334,5.2484398
1999,122,2016,17,2212801.74863388,2,105.875,4.784658
1999,123,2016,17,2213768.336065574,3,101,4.5623565
1999,124,2016,17,2214801.584699453,4,110.62501,4.9948044
1999,125,2016,17,2215801.502732241,5,118,5.325387
1999,126,2016,17,2216834.75136612,6,117.16666,5.2853136
1999,127,2016,17,2217834.669398907,7,109.625,4.9428844
1999,128,2016,17,2218867.918032787,8,103.75,4.675808
1999,129,2016,17,2219901.166666667,9,82.916672,3.7351515
1999,130,2016,17,2220901.084699453,10,103.83334,4.6752796
1999,131,2016,17,2221934.333333333,11,94.75,4.2643023
1999,132,2016,17,2222934.25136612,12,91.375,4.110558
1999,133,2017,18,2223967.5,1,161.91666,7.2805314
1999,134,2017,18,2224567.541095891,2,143,6.4282155
1999,135,2017,18,2225109.51369863,3,157.08333,7.0595775
1999,136,2017,18,2225709.554794521,4,131.5,5.9082284
1999,137,2017,18,2226290.239726027,5,152.25,6.8387308
1999,138,2017,18,2226890.280821918,6,156.75,7.0389638
1999,139,2017,18,2227470.965753425,7,156.83333,7.0408697
1999,140,2017,18,2228071.006849315,8,156.25,7.0127926
1999,141,2017,18,2228671.047945206,9,109.91667,4.9319377
1999,142,2017,18,2229251.732876712,10,134.125,6.016593
1999,143,2017,18,2229851.773972603,11,120.125,5.3871293
1999,144,2017,18,2230432.45890411,12,122.33334,5.484736
1999,145,2018,19,2231032.5,1,173.54167,7.7785363
1999,146,2018,19,2229529.552054795,2,163,7.3109593
1999,147,2018,19,2228172.050684932,3,165.04167,7.4070435
1999,148,2018,19,2226669.102739726,4,160.04167,7.1874924
1999,149,2018,19,2225214.636986301,5,202.75,9.1114807
1999,150,2018,19,2223711.689041096,6,181.125,8.1451654
1999,151,2018,19,2222257.223287671,7,176.95834,7.9629998
1999,152,2018,19,2220754.275342466,8,175.5,7.9027205
1999,153,2018,19,2219251.32739726,9,172.875,7.7897892
1999,154,2018,19,2217796.861643835,10,195.16667,8.800025
1999,155,2018,19,2216293.91369863,11,168.5,7.6027822
1999,156,2018,19,2214839.447945205,12,161,7.2691498
1999,157,2019,20,2213336.5,1,209.04166,9.4446392
1999,158,2019,20,2212342.461643836,2,162,7.3225551
1999,159,2019,20,2211444.620547946,3,205.83333,9.307641
1999,160,2019,20,2210450.582191781,4,179.625,8.1261711
1999,161,2019,20,2209488.609589041,5,210.5,9.527091
1999,162,2019,20,2208494.571232877,6,214,9.6898584
1999,163,2019,20,2207532.598630137,7,198.625,8.9976025
1999,164,2019,20,2206538.560273973,8,194.375,8.8090458
1999,165,2019,20,2205544.521917808,9,192,8.7053328
1999,166,2019,20,2204582.549315069,10,203.5,9.230773
1999,167,2019,20,2203588.510958904,11,198.625,9.0137062
1999,168,2019,20,2202626.538356164,12,200.54166,9.10466
1999,169,2020,21,2201632.5,1,228.75,10.390018
1999,170,2020,21,2201708.348360656,2,210.75,9.5721121
1999,171,2020,21,2201779.303278689,3,241.75,10.979756
1999,172,2020,21,2201855.151639344,4,259.875,11.802547
1999,173,2020,21,2201928.553278689,5,287.375,13.051059
1999,174,2020,21,2202004.401639344,6,289.16666,13.131974
1999,175,2020,21,2202077.803278689,7,309.66666,14.062476
1999,176,2020,21,2202153.651639344,8,289.625,13.151897
1999,177,2020,21,2202229.5,9,292.54169,13.283888
1999,178,2020,21,2202302.901639344,10,275.08331,12.490712
1999,179,2020,21,2202378.75,11,249.375,11.322985
1999,180,2020,21,2202452.151639344,12,271.41666,12.323385
1999,181,2021,22,2202528,1,293.29166,13.316137
1999,182,2021,22,2203437.78630137,2,256.125,11.623881
1999,183,2021,22,2204259.528767123,3,279.45834,12.678105
1999,184,2021,22,2205169.315068493,4,319.70834,14.498132
1999,185,2021,22,2206049.753424658,5,342,15.502824
1999,186,2021,22,2206959.539726027,6,301.66666,13.66888
1999,187,2021,22,2207839.978082192,7,323.375,14.646668
1999,188,2021,22,2208749.764383562,8,332.625,15.059424
1999,189,2021,22,2209659.550684932,9,324.125,14.66855
1999,190,2021,22,2210539.989041096,10,317.16666,14.347927
1999,191,2021,22,2211449.775342466,11,263,11.892651
1999,192,2021,22,2212330.21369863,12,275.54166,12.454816
2000,1,2006,6,2028749.5,1,22.499998,1.1090574
2000,2,2006,6,2029096.784931507,2,22.5,1.1088678
2000,3,2006,6,2029410.461643836,3,33.041668,1.6281412
2000,4,2006,6,2029757.746575342,4,29.791668,1.4677449
2000,5,2006,6,2030093.828767123,5,30.25,1.4900789
2000,6,2006,6,2030441.11369863,6,36.25,1.7853264
2000,7,2006,6,2030777.195890411,7,32.458336,1.5983208
2000,8,2006,6,2031124.480821918,8,31.75,1.5631735
2000,9,2006,6,2031471.765753425,9,23.708334,1.1670521
2000,10,2006,6,2031807.847945205,10,25.333332,1.246837
2000,11,2006,6,2032155.132876712,11,24.375,1.1994655
2000,12,2006,6,2032491.215068493,12,29.5,1.4514208
2000,13,2007,7,2032838.5,1,22.333332,1.0986279
2000,14,2007,7,2033802.6,2,26.25,1.2906858
2000,15,2007,7,2034673.4,3,29.166666,1.4334815
2000,16,2007,7,2035637.5,4,26,1.2772411
2000,17,2007,7,2036570.5,5,23,1.1293496
2000,18,2007,7,2037534.6,6,23.375,1.1472198
2000,19,2007,7,2038467.6,7,35.416668,1.7374163
2000,20,2007,7,2039431.7,8,26.5,1.2993816
2000,21,2007,7,2040395.8,9,30.291668,1.4845977
2000,22,2007,7,2041328.8,10,21.416666,1.0491532
2000,23,2007,7,2042292.9,11,20.5,1.0037737
2000,24,2007,7,2043225.9,12,25.875,1.2663798
2000,25,2008,8,2044190,1,22.833332,1.1169868
2000,26,2008,8,2045908.806010929,2,28.75,1.4052435
2000,27,2008,8,2047516.721311475,3,26.75,1.3064606
2000,28,2008,8,2049235.527322404,4,28.416668,1.3866961
2000,29,2008,8,2050898.887978142,5,24.125,1.1763135
2000,30,2008,8,2052617.693989071,6,26.833332,1.3072737
2000,31,2008,8,2054281.054644809,7,30.5,1.4847044
2000,32,2008,8,2055999.860655738,8,21.625,1.0517997
2000,33,2008,8,2057718.666666667,9,18.458332,.89702892
2000,34,2008,8,2059382.027322404,10,19.75,.95902556
2000,35,2008,8,2061100.833333333,11,14.625,.70957226
2000,36,2008,8,2062764.193989071,12,28.625,1.387701
2000,37,2009,9,2064483,1,21.916666,1.0616056
2000,38,2009,9,2069696.775342466,2,25,1.2079064
2000,39,2009,9,2074405.991780822,3,25.625,1.2352934
2000,40,2009,9,2079619.767123288,4,21.083332,1.0138071
2000,41,2009,9,2084665.356164384,5,21,1.0073559
2000,42,2009,9,2089879.131506849,6,22.375,1.070636
2000,43,2009,9,2094924.720547945,7,25.791668,1.2311502
2000,44,2009,9,2100138.495890411,8,19.875,.94636613
2000,45,2009,9,2105352.271232876,9,28.291666,1.3437972
2000,46,2009,9,2110397.860273973,10,18.25,.86476582
2000,47,2009,9,2115611.635616438,11,20.125,.95126152
2000,48,2009,9,2120657.224657534,12,21.708332,1.0236605
2000,49,2010,10,2125871,1,27.916666,1.3131872
2000,50,2010,10,2127211.983561644,2,18.5,.86968297
2000,51,2010,10,2128423.194520548,3,19,.89267963
2000,52,2010,10,2129764.178082192,4,19.166668,.89994317
2000,53,2010,10,2131061.904109589,5,22.625,1.0616773
2000,54,2010,10,2132402.887671233,6,20.291666,.9515869
2000,55,2010,10,2133700.61369863,7,21.916666,1.0271668
2000,56,2010,10,2135041.597260274,8,21.125,.98944211
2000,57,2010,10,2136382.580821918,9,15.75,.7372275
2000,58,2010,10,2137680.306849315,10,16.791668,.78550887
2000,59,2010,10,2139021.290410959,11,18.75,.87656909
2000,60,2010,10,2140319.016438356,12,23.875,1.1154879
2000,61,2011,11,2141660,1,17.833334,.83268744
2000,62,2011,11,2143413.963013698,2,30.375,1.4171318
2000,63,2011,11,2144998.187671233,3,17.833334,.83139157
2000,64,2011,11,2146752.150684931,4,20.25,.94328541
2000,65,2011,11,2148449.534246575,5,25,1.1636299
2000,66,2011,11,2150203.497260274,6,32.041664,1.4901689
2000,67,2011,11,2151900.880821918,7,31.291668,1.4541408
2000,68,2011,11,2153654.843835616,8,22.5,1.0447357
2000,69,2011,11,2155408.806849315,9,20.291666,.94143003
2000,70,2011,11,2157106.190410959,10,21.041668,.97545815
2000,71,2011,11,2158860.153424657,11,26.625,1.2332897
2000,72,2011,11,2160557.536986301,12,17.416666,.80611908
2000,73,2012,12,2162311.5,1,21.791666,1.007795
2000,74,2012,12,2163771.718579235,2,15.75,.72789562
2000,75,2012,12,2165137.729508197,3,27.75,1.2816737
2000,76,2012,12,2166597.948087431,4,28.708334,1.325042
2000,77,2012,12,2168011.06284153,5,22.875,1.0551145
2000,78,2012,12,2169471.281420765,6,21.75,1.0025485
2000,79,2012,12,2170884.396174863,7,26.833332,1.2360554
2000,80,2012,12,2172344.614754098,8,23.875,1.0990429
2000,81,2012,12,2173804.833333333,9,21.583334,.99288279
2000,82,2012,12,2175217.948087431,10,24.583334,1.130155
2000,83,2012,12,2176678.166666667,11,19.375,.89011782
2000,84,2012,12,2178091.281420765,12,29.333334,1.3467449
2000,85,2013,13,2179551.5,1,28.208332,1.2942264
2000,86,2013,13,2180211.502739726,2,25.875,1.1868114
2000,87,2013,13,2180807.634246575,3,30.166668,1.3832797
2000,88,2013,13,2181467.636986301,4,29,1.3293803
2000,89,2013,13,2182106.349315069,5,35.75,1.6383253
2000,90,2013,13,2182766.352054794,6,38.083332,1.7447278
2000,91,2013,13,2183405.064383562,7,34.166668,1.5648341
2000,92,2013,13,2184065.067123288,8,28.25,1.2934597
2000,93,2013,13,2184725.069863014,9,29.958332,1.3712633
2000,94,2013,13,2185363.782191781,10,21.666668,.99144447
2000,95,2013,13,2186023.784931507,11,20.625,.94349384
2000,96,2013,13,2186662.497260274,12,26.083334,1.1928377
2000,97,2014,14,2187322.5,1,41.625,1.9030116
2000,98,2014,14,2187679,2,52.75,2.4112313
2000,99,2014,14,2188001,3,38.583332,1.7634056
2000,100,2014,14,2188357.5,4,40.208336,1.837375
2000,101,2014,14,2188702.5,5,37.375,1.7076327
2000,102,2014,14,2189059,6,41.375,1.8900815
2000,103,2014,14,2189404,7,40.208336,1.8364968
2000,104,2014,14,2189760.5,8,41.5,1.8951844
2000,105,2014,14,2190117,9,35.166664,1.605698
2000,106,2014,14,2190462,10,34.458332,1.573108
2000,107,2014,14,2190818.5,11,30.75,1.403585
2000,108,2014,14,2191163.5,12,33.458336,1.5269667
2000,109,2015,15,2191520,1,59.375,2.7093067
2000,110,2015,15,2192994.793150685,2,47,2.143188
2000,111,2015,15,2194326.864383562,3,50.291668,2.2918949
2000,112,2015,15,2195801.657534246,4,61.583336,2.8045948
2000,113,2015,15,2197228.876712329,5,63.75,2.901382
2000,114,2015,15,2198703.669863014,6,61.791664,2.8103681
2000,115,2015,15,2200130.889041096,7,64.5,2.9316437
2000,116,2015,15,2201605.682191781,8,52.875,2.4016562
2000,117,2015,15,2203080.475342466,9,48.333332,2.1938977
2000,118,2015,15,2204507.694520548,10,41.125,1.8654959
2000,119,2015,15,2205982.487671233,11,53.375,2.4195569
2000,120,2015,15,2207409.706849315,12,43.583332,1.9744107
2000,121,2016,16,2208884.5,1,93.583328,4.2366781
2000,122,2016,16,2210345.099726776,2,87.5,3.9586577
2000,123,2016,16,2211711.467213115,3,94.75,4.2840128
2000,124,2016,16,2213172.066939891,4,65.125,2.9426091
2000,125,2016,16,2214585.550546448,5,85.875,3.8777008
2000,126,2016,16,2216046.150273224,6,94.833328,4.2793932
2000,127,2016,16,2217459.633879782,7,78.708328,3.5494819
2000,128,2016,16,2218920.233606557,8,77,3.4701562
2000,129,2016,16,2220380.833333333,9,55.291668,2.4901886
2000,130,2016,16,2221794.316939891,10,69.5,3.1281023
2000,131,2016,16,2223254.916666667,11,69.25,3.1148026
2000,132,2016,16,2224668.400273224,12,52.625,2.3655212
2000,133,2017,17,2226129,1,112.75,5.0648456
2000,134,2017,17,2226893.171232877,2,84.875,3.8113637
2000,135,2017,17,2227583.390410959,3,119.08334,5.3458533
2000,136,2017,17,2228347.561643836,4,117.45834,5.2710962
2000,137,2017,17,2229087.082191781,5,119.5,5.360939
2000,138,2017,17,2229851.253424658,6,132.33333,5.9346256
2000,139,2017,17,2230590.773972603,7,105.75,4.7408967
2000,140,2017,17,2231354.945205479,8,123.25,5.5235496
2000,141,2017,17,2232119.116438356,9,96.625,4.328846
2000,142,2017,17,2232858.636986301,10,104.375,4.6745009
2000,143,2017,17,2233622.808219178,11,95.5,4.2755651
2000,144,2017,17,2234362.328767123,12,101.79166,4.5557365
2000,145,2018,18,2235126.5,1,161.54166,7.2274055
2000,146,2018,18,2235467.5,2,144.625,6.469564
2000,147,2018,18,2235775.5,3,143.75,6.4295363
2000,148,2018,18,2236116.5,4,136.04167,6.0838366
2000,149,2018,18,2236446.5,5,159,7.1094928
2000,150,2018,18,2236787.5,6,147.625,6.5998669
2000,151,2018,18,2237117.5,7,154.375,6.9006209
2000,152,2018,18,2237458.5,8,131.125,5.8604441
2000,153,2018,18,2237799.5,9,136.66667,6.1071901
2000,154,2018,18,2238129.5,10,127.91666,5.7153378
2000,155,2018,18,2238470.5,11,112.75,5.0369215
2000,156,2018,18,2238800.5,12,123.625,5.5219302
2000,157,2019,19,2239141.5,1,163.45833,7.3000445
2000,158,2019,19,2237517.142465753,2,151.5,6.7708979
2000,159,2019,19,2236049.980821918,3,181.04167,8.0964947
2000,160,2019,19,2234425.623287671,4,173.75,7.7760477
2000,161,2019,19,2232853.664383561,5,186.875,8.3693352
2000,162,2019,19,2231229.306849315,6,191.54166,8.5845795
2000,163,2019,19,2229657.347945205,7,197.66667,8.8653383
2000,164,2019,19,2228032.990410958,8,172.125,7.7254243
2000,165,2019,19,2226408.632876712,9,173.04167,7.772233
2000,166,2019,19,2224836.673972602,10,178.29166,8.0136967
2000,167,2019,19,2223212.316438356,11,170.5,7.6690831
2000,168,2019,19,2221640.357534247,12,194.25,8.7435398
2000,169,2020,20,2220016,1,222.375,10.01682
2000,170,2020,20,2220131.487704918,2,185.875,8.3722515
2000,171,2020,20,2220239.524590164,3,230.125,10.364873
2000,172,2020,20,2220355.012295082,4,218.08334,9.8220034
2000,173,2020,20,2220466.774590164,5,248.75,11.2026
2000,174,2020,20,2220582.262295082,6,263.45831,11.86438
2000,175,2020,20,2220694.024590164,7,300.58334,13.535559
2000,176,2020,20,2220809.512295082,8,285.75,12.86693
2000,177,2020,20,2220925,9,265.125,11.937593
2000,178,2020,20,2221036.762295082,10,235.83334,10.618165
2000,179,2020,20,2221152.25,11,239.625,10.78832
2000,180,2020,20,2221264.012295082,12,243.20833,10.949096
2000,181,2021,21,2221379.5,1,297.66666,13.400082
2000,182,2021,21,2222293.702739726,2,228.625,10.287794
2000,183,2021,21,2223119.434246575,3,293.58334,13.205918
2000,184,2021,21,2224033.636986301,4,289.75,13.028131
2000,185,2021,21,2224918.349315069,5,322.125,14.47806
2000,186,2021,21,2225832.552054795,6,285.66666,12.834148
2000,187,2021,21,2226717.264383561,7,283.20834,12.718649
2000,188,2021,21,2227631.467123288,8,297,13.332546
2000,189,2021,21,2228545.669863014,9,274.875,12.334277
2000,190,2021,21,2229430.382191781,10,288.70834,12.94987
2000,191,2021,21,2230344.584931507,11,243.875,10.934409
2000,192,2021,21,2231229.297260274,12,241.41667,10.819895
2001,1,2006,5,2047908.5,1,34.041664,1.6622649
2001,2,2006,5,2048209.412328767,2,38.875,1.8979993
2001,3,2006,5,2048481.204109589,3,35.958336,1.7553657
2001,4,2006,5,2048782.116438356,4,39,1.9035699
2001,5,2006,5,2049073.321917808,5,28.25,1.378672
2001,6,2006,5,2049374.234246575,6,39.125,1.9091194
2001,7,2006,5,2049665.439726027,7,40.833332,1.992195
2001,8,2006,5,2049966.352054795,8,34.625,1.6890521
2001,9,2006,5,2050267.264383562,9,28.25,1.3778691
2001,10,2006,5,2050558.469863014,10,37.291668,1.8186103
2001,11,2006,5,2050859.382191781,11,24.125,1.1763362
2001,12,2006,5,2051150.587671233,12,34.791664,1.6962023
2001,13,2007,6,2051451.5,1,30.041666,1.4644103
2001,14,2007,6,2051836.15479452,2,22.5,1.0965788
2001,15,2007,6,2052183.584931507,3,26.416668,1.2872468
2001,16,2007,6,2052568.239726027,4,27.458334,1.337755
2001,17,2007,6,2052940.48630137,5,24.125,1.1751437
2001,18,2007,6,2053325.14109589,6,26.375,1.2845019
2001,19,2007,6,2053697.387671233,7,35.125,1.7103299
2001,20,2007,6,2054082.042465753,8,24.875,1.2110032
2001,21,2007,6,2054466.697260274,9,29.291668,1.4257553
2001,22,2007,6,2054838.943835616,10,19.416666,.944924
2001,23,2007,6,2055223.598630137,11,23.625,1.1495099
2001,24,2007,6,2055595.84520548,12,44.208332,2.1506336
2001,25,2008,7,2055980.5,1,19.249998,.93629283
2001,26,2008,7,2057013.960382514,2,26.75,1.3004287
2001,27,2008,7,2057980.745901639,3,24.083334,1.170241
2001,28,2008,7,2059014.206284153,4,24.666668,1.1979843
2001,29,2008,7,2060014.329234973,5,31.375,1.5230477
2001,30,2008,7,2061047.789617486,6,26.708332,1.2958618
2001,31,2008,7,2062047.912568306,7,20.666668,1.0022399
2001,32,2008,7,2063081.37295082,8,23.125,1.1208962
2001,33,2008,7,2064114.833333333,9,14.875,.72064787
2001,34,2008,7,2065114.956284153,10,20.208334,.97855735
2001,35,2008,7,2066148.416666667,11,21.875,1.0587332
2001,36,2008,7,2067148.539617486,12,17.5,.84657681
2001,37,2009,8,2068182,1,20.583332,.99523795
2001,38,2009,8,2069291.375342466,2,17.625,.85174084
2001,39,2009,8,2070293.391780822,3,25.291668,1.2216465
2001,40,2009,8,2071402.767123288,4,18.666668,.90116072
2001,41,2009,8,2072476.356164383,5,26.875,1.2967578
2001,42,2009,8,2073585.731506849,6,24.458332,1.1795187
2001,43,2009,8,2074659.320547945,7,25.208332,1.2150589
2001,44,2009,8,2075768.695890411,8,23,1.1080233
2001,45,2009,8,2076878.071232877,9,18.791668,.90480363
2001,46,2009,8,2077951.660273972,10,21.75,1.0467038
2001,47,2009,8,2079061.035616438,11,18,.86577547
2001,48,2009,8,2080134.624657534,12,18.166668,.87334096
2001,49,2010,9,2081244,1,25.666666,1.2332368
2001,50,2010,9,2082145.717808219,2,14.625,.70240039
2001,51,2010,9,2082960.17260274,3,17.958334,.86215448
2001,52,2010,9,2083861.890410959,4,22.875,1.0977215
2001,53,2010,9,2084734.520547945,5,30.875,1.4810039
2001,54,2010,9,2085636.238356164,6,23.458332,1.1247567
2001,55,2010,9,2086508.868493151,7,29.125,1.3958724
2001,56,2010,9,2087410.58630137,8,24.875,1.1916678
2001,57,2010,9,2088312.304109589,9,23.208334,1.111344
2001,58,2010,9,2089184.934246575,10,14.625,.70003378
2001,59,2010,9,2090086.652054795,11,14.625,.69973177
2001,60,2010,9,2090959.282191781,12,19.208332,.91863734
2001,61,2011,10,2091861,1,14.416666,.68917894
2001,62,2011,10,2093592.41369863,2,18.125,.86573678
2001,63,2011,10,2095156.271232876,3,20.583334,.98242474
2001,64,2011,10,2096887.684931507,4,17.166668,.81867367
2001,65,2011,10,2098563.246575342,5,26.125,1.2448994
2001,66,2011,10,2100294.660273972,6,24.083332,1.1466645
2001,67,2011,10,2101970.221917808,7,24.666666,1.1735022
2001,68,2011,10,2103701.635616438,8,19.125,.9091118
2001,69,2011,10,2105433.049315068,9,19.291668,.91628027
2001,70,2011,10,2107108.610958904,10,14.458333,.68616933
2001,71,2011,10,2108840.024657534,11,20.125,.95431608
2001,72,2011,10,2110515.58630137,12,25.625,1.2141583
2001,73,2012,11,2112247,1,17.208332,.81469315
2001,74,2012,11,2114203.684426229,2,19.875,.94007027
2001,75,2012,11,2116034.131147541,3,23.625,1.1164753
2001,76,2012,11,2117990.815573771,4,23.041668,1.0879022
2001,77,2012,11,2119884.381147541,5,18.25,.86089599
2001,78,2012,11,2121841.065573771,6,29.583334,1.3942295
2001,79,2012,11,2123734.631147541,7,30.416668,1.4322255
2001,80,2012,11,2125691.315573771,8,16.375,.77033764
2001,81,2012,11,2127648,9,19.583334,.92042172
2001,82,2012,11,2129541.565573771,10,21.833332,1.0252597
2001,83,2012,11,2131498.25,11,19,.89139175
2001,84,2012,11,2133391.815573771,12,15.583334,.73044878
2001,85,2013,12,2135348.5,1,32.333332,1.5141946
2001,86,2013,12,2136845.502739726,2,24.875,1.1640991
2001,87,2013,12,2138197.634246576,3,26.166666,1.223772
2001,88,2013,12,2139694.636986301,4,26.958334,1.259915
2001,89,2013,12,2141143.349315069,5,27.5,1.2843605
2001,90,2013,12,2142640.352054794,6,27.375,1.2776293
2001,91,2013,12,2144089.064383562,7,23.916668,1.1154699
2001,92,2013,12,2145586.067123288,8,24,1.1185755
2001,93,2013,12,2147083.069863014,9,25,1.1643704
2001,94,2013,12,2148531.782191781,10,19.208332,.89402133
2001,95,2013,12,2150028.784931507,11,28.75,1.3371913
2001,96,2013,12,2151477.497260274,12,23.125,1.0748428
2001,97,2014,13,2152974.5,1,32.875,1.5269573
2001,98,2014,13,2153457.675342466,2,34.875,1.6194885
2001,99,2014,13,2153894.091780822,3,35.125,1.6307672
2001,100,2014,13,2154377.267123288,4,29.25,1.3577009
2001,101,2014,13,2154844.856164384,5,30.375,1.4096142
2001,102,2014,13,2155328.031506849,6,38.416664,1.7824045
2001,103,2014,13,2155795.620547945,7,29.416666,1.3645387
2001,104,2014,13,2156278.795890411,8,36.125,1.6753399
2001,105,2014,13,2156761.971232877,9,24.791668,1.1494856
2001,106,2014,13,2157229.560273973,10,26.666668,1.2361535
2001,107,2014,13,2157712.735616439,11,22,1.0195982
2001,108,2014,13,2158180.324657534,12,27.25,1.2626377
2001,109,2015,14,2158663.5,1,44.458332,2.0595305
2001,110,2015,14,2158832.428767123,2,34,1.5749254
2001,111,2015,14,2158985.009589041,3,38.541668,1.7851753
2001,112,2015,14,2159153.938356164,4,42.791668,1.9818721
2001,113,2015,14,2159317.417808219,5,46.125,2.1360917
2001,114,2015,14,2159486.346575343,6,48.375,2.2401161
2001,115,2015,14,2159649.826027397,7,41.125,1.9042439
2001,116,2015,14,2159818.75479452,8,42.875,1.9851203
2001,117,2015,14,2159987.683561644,9,29.708334,1.3753936
2001,118,2015,14,2160151.163013699,10,32.208332,1.4910221
2001,119,2015,14,2160320.091780822,11,26,1.2035253
2001,120,2015,14,2160483.571232877,12,29.583334,1.3692923
2001,121,2016,15,2160652.5,1,60.208332,2.786581
2001,122,2016,15,2162064.566939891,2,60.375,2.7924697
2001,123,2016,15,2163385.532786885,3,63.916668,2.9544742
2001,124,2016,15,2164797.599726776,4,56.000004,2.5868471
2001,125,2016,15,2166164.116120218,5,62,2.8622024
2001,126,2016,15,2167576.183060109,6,60,2.7680688
2001,127,2016,15,2168942.699453552,7,53.75,2.4781659
2001,128,2016,15,2170354.766393443,8,61.5,2.8336382
2001,129,2016,15,2171766.833333333,9,47.291664,2.1775663
2001,130,2016,15,2173133.349726776,10,50.916664,2.3430068
2001,131,2016,15,2174545.416666667,11,36.25,1.6670151
2001,132,2016,15,2175911.933060109,12,42.375,1.9474593
2001,133,2017,16,2177324,1,83.291664,3.8254144
2001,134,2017,16,2178620.182191781,2,68.625,3.1499295
2001,135,2017,16,2179790.92739726,3,86.708336,3.977828
2001,136,2017,16,2181087.109589041,4,93.208336,4.2734809
2001,137,2017,16,2182341.479452055,5,100.5,4.6051455
2001,138,2017,16,2183637.661643836,6,97.583328,4.4688425
2001,139,2017,16,2184892.031506849,7,76.833328,3.5165732
2001,140,2017,16,2186188.21369863,8,85.75,3.9223521
2001,141,2017,16,2187484.395890411,9,74.791672,3.4190722
2001,142,2017,16,2188738.765753425,10,59.625,2.7241716
2001,143,2017,16,2190034.947945205,11,74.625,3.4074798
2001,144,2017,16,2191289.317808219,12,60.75,2.7723405
2001,145,2018,17,2192585.5,1,126,5.7466402
2001,146,2018,17,2193147.491780822,2,109.125,4.9757257
2001,147,2018,17,2193655.097260274,3,111.66666,5.0904384
2001,148,2018,17,2194217.089041096,4,96.208336,4.3846316
2001,149,2018,17,2194760.952054794,5,123.5,5.6270366
2001,150,2018,17,2195322.943835617,6,110.54166,5.035326
2001,151,2018,17,2195866.806849315,7,115.29167,5.2503943
2001,152,2018,17,2196428.798630137,8,99,4.5073166
2001,153,2018,17,2196990.790410959,9,97.375,4.432199
2001,154,2018,17,2197534.653424657,10,92.583336,4.2130547
2001,155,2018,17,2198096.64520548,11,88.375,4.020524
2001,156,2018,17,2198640.508219178,12,76.958336,3.5002692
2001,157,2019,18,2199202.5,1,149.33333,6.7903399
2001,158,2019,18,2199315.331506849,2,123,5.5926495
2001,159,2019,18,2199417.243835616,3,138.66667,6.3047004
2001,160,2019,18,2199530.075342466,4,132.625,6.0296969
2001,161,2019,18,2199639.267123288,5,155.375,7.0636582
2001,162,2019,18,2199752.098630137,6,140.70833,6.396554
2001,163,2019,18,2199861.290410959,7,158.95833,7.2258344
2001,164,2019,18,2199974.121917808,8,134.625,6.11939
2001,165,2019,18,2200086.953424658,9,137,6.2270265
2001,166,2019,18,2200196.14520548,10,146.45833,6.6566033
2001,167,2019,18,2200308.976712329,11,135.5,6.158226
2001,168,2019,18,2200418.168493151,12,94.333336,4.2870641
2001,169,2020,19,2200531,1,207.25,9.4181814
2001,170,2020,19,2200718.355191257,2,170.25,7.7361102
2001,171,2020,19,2200893.62295082,3,196.29166,8.918725
2001,172,2020,19,2201080.978142077,4,185.83334,8.4428215
2001,173,2020,19,2201262.289617486,5,226,10.266836
2001,174,2020,19,2201449.644808743,6,243.66666,11.068463
2001,175,2020,19,2201630.956284153,7,250.5,11.377929
2001,176,2020,19,2201818.31147541,8,232.75,10.570808
2001,177,2020,19,2202005.666666667,9,217.91667,9.8962812
2001,178,2020,19,2202186.978142077,10,206.25,9.3656893
2001,179,2020,19,2202374.333333333,11,205.75,9.3421898
2001,180,2020,19,2202555.644808743,12,216.125,9.8124647
2001,181,2021,20,2202743,1,243.91666,11.073315
2001,182,2021,20,2203647.817808219,2,223.375,10.136601
2001,183,2021,20,2204465.07260274,3,255.45834,11.588223
2001,184,2021,20,2205369.890410959,4,261.45834,11.855533
2001,185,2021,20,2206245.520547945,5,278.5,12.623255
2001,186,2021,20,2207150.338356164,6,273.79166,12.404757
2001,187,2021,20,2208025.968493151,7,265.20834,12.011106
2001,188,2021,20,2208930.78630137,8,269,12.177837
2001,189,2021,20,2209835.604109589,9,258.58334,11.701474
2001,190,2021,20,2210711.234246575,10,281.79166,12.746652
2001,191,2021,20,2211616.052054795,11,242,10.942225
2001,192,2021,20,2212491.682191781,12,247.66666,11.194016
2002,1,2006,4,2027385.5,1,35.624996,1.757189
2002,2,2006,4,2028581.123287671,2,31.125,1.5343237
2002,3,2006,4,2029661.04109589,3,33.041668,1.6279402
2002,4,2006,4,2030856.664383562,4,39.583336,1.9490955
2002,5,2006,4,2032013.719178082,5,33.75,1.6609139
2002,6,2006,4,2033209.342465753,6,37.416664,1.840276
2002,7,2006,4,2034366.397260274,7,42.25,2.0768137
2002,8,2006,4,2035562.020547945,8,40.625,1.9957633
2002,9,2006,4,2036757.643835616,9,40.625,1.9945917
2002,10,2006,4,2037914.698630137,10,34.458332,1.6908623
2002,11,2006,4,2039110.321917808,11,45,2.2068448
2002,12,2006,4,2040267.376712329,12,38.833336,1.9033455
2002,13,2007,5,2041463,1,31.083332,1.5226008
2002,14,2007,5,2041791.557534246,2,33.5,1.640716
2002,15,2007,5,2042088.319178082,3,30.083334,1.4731652
2002,16,2007,5,2042416.876712329,4,33.625,1.6463338
2002,17,2007,5,2042734.835616438,5,28.625,1.4013077
2002,18,2007,5,2043063.393150685,6,30.291666,1.4826591
2002,19,2007,5,2043381.352054794,7,37.5,1.8351934
2002,20,2007,5,2043709.909589041,8,36.125,1.7676188
2002,21,2007,5,2044038.467123287,9,29,1.4187599
2002,22,2007,5,2044356.426027397,10,32.458332,1.5877042
2002,23,2007,5,2044684.983561644,11,24.875,1.2165688
2002,24,2007,5,2045002.942465753,12,25.833332,1.2632418
2002,25,2008,6,2045331.5,1,24.833332,1.2141471
2002,26,2008,6,2045730.307377049,2,26,1.2709397
2002,27,2008,6,2046103.385245902,3,31.791668,1.5537665
2002,28,2008,6,2046502.192622951,4,20.75,1.0139251
2002,29,2008,6,2046888.135245902,5,32.75,1.5999898
2002,30,2008,6,2047286.942622951,6,24.458332,1.1946704
2002,31,2008,6,2047672.885245902,7,26.208334,1.2799082
2002,32,2008,6,2048071.692622951,8,20.75,1.0131481
2002,33,2008,6,2048470.5,9,22.5,1.0983804
2002,34,2008,6,2048856.442622951,10,20,.97615427
2002,35,2008,6,2049255.25,11,20.375,.99426365
2002,36,2008,6,2049641.192622951,12,29.458334,1.4372435
2002,37,2009,7,2050040,1,33.583332,1.6381793
2002,38,2009,7,2050810.456164384,2,15.25,.74360847
2002,39,2009,7,2051506.352054795,3,15.833333,.77179056
2002,40,2009,7,2052276.808219178,4,27.083336,1.3196727
2002,41,2009,7,2053022.410958904,5,19.25,.93764198
2002,42,2009,7,2053792.867123288,6,28.666666,1.3957915
2002,43,2009,7,2054538.469863014,7,24.708334,1.2026221
2002,44,2009,7,2055308.926027397,8,24.125,1.1737895
2002,45,2009,7,2056079.382191781,9,20.666666,1.0051492
2002,46,2009,7,2056824.984931507,10,18.25,.88728988
2002,47,2009,7,2057595.44109589,11,25.875,1.2575358
2002,48,2009,7,2058341.043835616,12,28.541666,1.3866345
2002,49,2010,8,2059111.5,1,18.375,.89237517
2002,50,2010,8,2059709.163013699,2,13.125,.63722587
2002,51,2010,8,2060248.987671233,3,16.291668,.79076207
2002,52,2010,8,2060846.650684932,4,23.541668,1.1423299
2002,53,2010,8,2061425.034246575,5,23.75,1.1521156
2002,54,2010,8,2062022.697260274,6,27.208332,1.3194972
2002,55,2010,8,2062601.080821918,7,27.875,1.3514489
2002,56,2010,8,2063198.743835616,8,26.625,1.2904719
2002,57,2010,8,2063796.406849315,9,21.333334,1.0336937
2002,58,2010,8,2064374.790410959,10,20.333334,.9849633
2002,59,2010,8,2064972.453424657,11,20.125,.97458929
2002,60,2010,8,2065550.836986301,12,20.916668,1.0126436
2002,61,2011,9,2066148.5,1,24.291666,1.1756979
2002,62,2011,9,2067306.965753424,2,12.125,.58651185
2002,63,2011,9,2068353.321917808,3,17.541668,.84809822
2002,64,2011,9,2069511.787671233,4,24.666668,1.1919075
2002,65,2011,9,2070632.883561644,5,25.375,1.2254708
2002,66,2011,9,2071791.349315068,6,23.458332,1.132273
2002,67,2011,9,2072912.445205479,7,26.958334,1.3005052
2002,68,2011,9,2074070.910958904,8,22.375,1.0787963
2002,69,2011,9,2075229.376712329,9,19,.91556144
2002,70,2011,9,2076350.472602739,10,23.291668,1.1217599
2002,71,2011,9,2077508.938356164,11,18.125,.87243909
2002,72,2011,9,2078630.034246575,12,17.375,.83588707
2002,73,2012,10,2079788.5,1,21.749998,1.0457793
2002,74,2012,10,2081903.826502732,2,13.375,.6424408
2002,75,2012,10,2083882.680327869,3,25.166668,1.2076817
2002,76,2012,10,2085998.006830601,4,13.041667,.62520033
2002,77,2012,10,2088045.096994536,5,20.875,.99973893
2002,78,2012,10,2090160.423497268,6,35,1.6745126
2002,79,2012,10,2092207.513661202,7,27.416666,1.3104181
2002,80,2012,10,2094322.840163934,8,20.5,.97883666
2002,81,2012,10,2096438.166666667,9,14.041667,.66978687
2002,82,2012,10,2098485.256830601,10,17.041666,.81209368
2002,83,2012,10,2100600.583333333,11,25.125,1.1960865
2002,84,2012,10,2102647.673497268,12,17.875,.85011864
2002,85,2013,11,2104763,1,16.833332,.79977328
2002,86,2013,11,2106996.74109589,2,23.375,1.109399
2002,87,2013,11,2109014.31369863,3,23.208334,1.1004351
2002,88,2013,11,2111248.054794521,4,21.416668,1.014408
2002,89,2013,11,2113409.739726027,5,20,.946338
2002,90,2013,11,2115643.480821918,6,18.75,.8862552
2002,91,2013,11,2117805.165753425,7,21.916666,1.0348765
2002,92,2013,11,2120038.906849315,8,21,.99054784
2002,93,2013,11,2122272.647945206,9,21.458332,1.0111016
2002,94,2013,11,2124434.332876712,10,15.833333,.74529642
2002,95,2013,11,2126668.073972603,11,21.25,.99921566
2002,96,2013,11,2128829.75890411,12,21.083334,.990372
2002,97,2014,12,2131063.5,1,29.625,1.390151
2002,98,2014,12,2132601.991780822,2,19.875,.93196011
2002,99,2014,12,2133991.597260274,3,29.666668,1.3901961
2002,100,2014,12,2135530.089041096,4,22.375,1.0477493
2002,101,2014,12,2137018.952054794,5,25.25,1.1815524
2002,102,2014,12,2138557.443835617,6,29.333332,1.371641
2002,103,2014,12,2140046.306849315,7,28.958334,1.3531638
2002,104,2014,12,2141584.798630137,8,28.875,1.3483006
2002,105,2014,12,2143123.290410959,9,23.125,1.0790327
2002,106,2014,12,2144612.153424657,10,17.083332,.79656976
2002,107,2014,12,2146150.64520548,11,19.25,.89695472
2002,108,2014,12,2147639.508219178,12,21.25,.98945844
2002,109,2015,13,2149178,1,31.875,1.4831252
2002,110,2015,13,2149492.289041096,2,38.875,1.8085666
2002,111,2015,13,2149776.163013699,3,31.333332,1.4575161
2002,112,2015,13,2150090.452054794,4,32.375,1.5057507
2002,113,2015,13,2150394.602739726,5,38.25,1.7787433
2002,114,2015,13,2150708.891780822,6,35.166664,1.6351197
2002,115,2015,13,2151013.042465753,7,28.708334,1.3346425
2002,116,2015,13,2151327.331506849,8,25.5,1.1853148
2002,117,2015,13,2151641.620547945,9,22.291668,1.0360307
2002,118,2015,13,2151945.771232877,10,22.5,1.0455654
2002,119,2015,13,2152260.060273973,11,23.75,1.1034912
2002,120,2015,13,2152564.210958904,12,19.416666,.90202492
2002,121,2016,14,2152878.5,1,41.208332,1.914104
2002,122,2016,14,2152780.24863388,2,39.625,1.840643
2002,123,2016,14,2152688.336065574,3,35.333336,1.6413586
2002,124,2016,14,2152590.084699453,4,36.375,1.6898247
2002,125,2016,14,2152495.002732241,5,37.125,1.7247427
2002,126,2016,14,2152396.75136612,6,41.041664,1.9067889
2002,127,2016,14,2152301.669398907,7,43.791664,2.0346434
2002,128,2016,14,2152203.418032787,8,47.125,2.1896164
2002,129,2016,14,2152105.166666667,9,37.083336,1.7231191
2002,130,2016,14,2152010.084699453,10,29,1.3475773
2002,131,2016,14,2151911.833333333,11,37.25,1.7310189
2002,132,2016,14,2151816.75136612,12,37.208332,1.729159
2002,133,2017,15,2151718.5,1,65.833328,3.0595698
2002,134,2017,15,2153009.289041096,2,56.75,2.6358457
2002,135,2017,15,2154175.163013699,3,71.125,3.3017278
2002,136,2017,15,2155465.952054794,4,60.875,2.8242154
2002,137,2017,15,2156715.102739726,5,58.375,2.7066627
2002,138,2017,15,2158005.891780822,6,67.375,3.1220953
2002,139,2017,15,2159255.042465753,7,60.75,2.8134704
2002,140,2017,15,2160545.831506849,8,54.375,2.5167251
2002,141,2017,15,2161836.620547945,9,52.666668,2.4362001
2002,142,2017,15,2163085.771232876,10,48.208332,2.2286832
2002,143,2017,15,2164376.560273972,11,51.875,2.396764
2002,144,2017,15,2165625.710958904,12,55.166668,2.5473778
2002,145,2018,16,2166916.5,1,79.833328,3.6841903
2002,146,2018,16,2168109.108219178,2,74.75,3.4477048
2002,147,2018,16,2169186.302739726,3,74.166672,3.419101
2002,148,2018,16,2170378.910958904,4,67.666672,3.1177354
2002,149,2018,16,2171533.047945206,5,89.875,4.1387811
2002,150,2018,16,2172725.656164384,6,83.083328,3.8239217
2002,151,2018,16,2173879.793150685,7,92.791664,4.2684817
2002,152,2018,16,2175072.401369863,8,73,3.3562102
2002,153,2018,16,2176265.009589041,9,69,3.1705697
2002,154,2018,16,2177419.146575342,10,58.708332,2.6962347
2002,155,2018,16,2178611.75479452,11,62.375,2.8630617
2002,156,2018,16,2179765.891780822,12,68.291664,3.1329815
2002,157,2019,17,2180958.5,1,109.75,5.0321913
2002,158,2019,17,2181415.389041096,2,92,4.2174454
2002,159,2019,17,2181828.063013698,3,102.625,4.7036247
2002,160,2019,17,2182284.952054794,4,97.125008,4.4506106
2002,161,2019,17,2182727.102739726,5,104.875,4.804769
2002,162,2019,17,2183183.991780822,6,113.375,5.1931033
2002,163,2019,17,2183626.142465753,7,101.58333,4.6520476
2002,164,2019,17,2184083.031506849,8,102.5,4.6930451
2002,165,2019,17,2184539.920547945,9,97.5,4.4631824
2002,166,2019,17,2184982.071232877,10,90.125,4.1247478
2002,167,2019,17,2185438.960273973,11,86.375,3.9522953
2002,168,2019,17,2185881.110958904,12,91.916664,4.2050166
2002,169,2020,18,2186338,1,187.29166,8.5664549
2002,170,2020,18,2186579.732240437,2,158.875,7.265914
2002,171,2020,18,2186805.868852459,3,156.79167,7.1698942
2002,172,2020,18,2187047.601092896,4,150.54167,6.8833284
2002,173,2020,18,2187281.535519125,5,168.75,7.7150564
2002,174,2020,18,2187523.267759563,6,191.91666,8.7732391
2002,175,2020,18,2187757.202185792,7,187.625,8.5761347
2002,176,2020,18,2187998.934426229,8,167.25,7.643971
2002,177,2020,18,2188240.666666667,9,171.95833,7.8582916
2002,178,2020,18,2188474.601092896,10,151.70834,6.9321499
2002,179,2020,18,2188716.333333333,11,145,6.6248879
2002,180,2020,18,2188950.267759563,12,140.25,6.4071808
2002,181,2021,19,2189192,1,240.12498,10.968658
2002,182,2021,19,2190170.071232877,2,199.875,9.1260033
2002,183,2021,19,2191053.490410959,3,250.79166,11.446168
2002,184,2021,19,2192031.561643836,4,249.83334,11.397343
2002,185,2021,19,2192978.082191781,5,240,10.944022
2002,186,2021,19,2193956.153424657,6,259.91666,11.846939
2002,187,2021,19,2194902.673972603,7,234.91666,10.702828
2002,188,2021,19,2195880.74520548,8,234.875,10.696164
2002,189,2021,19,2196858.816438356,9,226.83334,10.325349
2002,190,2021,19,2197805.336986301,10,236.875,10.777797
2002,191,2021,19,2198783.408219178,11,220.125,10.011218
2002,192,2021,19,2199729.928767123,12,218.29167,9.9235668
2003,1,2006,3,2032137,1,49.999996,2.4604638
2003,2,2006,3,2033211.978082192,2,33.375,1.6414914
2003,3,2006,3,2034182.926027397,3,43.041668,2.1159194
2003,4,2006,3,2035257.904109589,4,45.083336,2.2151165
2003,5,2006,3,2036298.205479452,5,49.5,2.4308817
2003,6,2006,3,2037373.183561644,6,51.875,2.5461707
2003,7,2006,3,2038413.484931507,7,63.416668,3.1110797
2003,8,2006,3,2039488.463013699,8,51.5,2.5251429
2003,9,2006,3,2040563.44109589,9,54.208332,2.6565375
2003,10,2006,3,2041603.742465754,10,41.708336,2.0429201
2003,11,2006,3,2042678.720547945,11,55.875,2.7353787
2003,12,2006,3,2043719.021917808,12,50.5,2.4709854
2003,13,2007,4,2044794,1,33.083332,1.6179298
2003,14,2007,4,2046166.280821918,2,38.625,1.8876765
2003,15,2007,4,2047405.760273973,3,41.75,2.039166
2003,16,2007,4,2048778.041095891,4,40.875,1.9950917
2003,17,2007,4,2050106.054794521,5,34.5,1.6828398
2003,18,2007,4,2051478.335616438,6,38.041664,1.8543537
2003,19,2007,4,2052806.349315069,7,46.25,2.2530134
2003,20,2007,4,2054178.630136986,8,44,2.1419754
2003,21,2007,4,2055550.910958904,9,31.125,1.5141926
2003,22,2007,4,2056878.924657534,10,32.041668,1.557781
2003,23,2007,4,2058251.205479452,11,34.625,1.6822534
2003,24,2007,4,2059579.219178082,12,45.125,2.1909816
2003,25,2008,5,2060951.5,1,21.5,1.0432075
2003,26,2008,5,2061305.713114754,2,33,1.600927
2003,27,2008,5,2061637.073770492,3,32.25,1.5642909
2003,28,2008,5,2061991.286885246,4,28.208334,1.3680142
2003,29,2008,5,2062334.073770492,5,33.625,1.6304342
2003,30,2008,5,2062688.286885246,6,31.416666,1.5230932
2003,31,2008,5,2063031.073770492,7,34.541668,1.6743164
2003,32,2008,5,2063385.286885246,8,30,1.4539214
2003,33,2008,5,2063739.5,9,26,1.259849
2003,34,2008,5,2064082.286885246,10,34.25,1.6593331
2003,35,2008,5,2064436.5,11,23.5,1.1383252
2003,36,2008,5,2064779.286885246,12,25.208332,1.220873
2003,37,2009,6,2065133.5,1,24.125,1.1682054
2003,38,2009,6,2065672.050684931,2,17.5,.84718192
2003,39,2009,6,2066158.483561644,3,20.875,1.0103291
2003,40,2009,6,2066697.034246575,4,20.291668,.98184049
2003,41,2009,6,2067218.212328767,5,20.25,.9795773
2003,42,2009,6,2067756.763013699,6,29.791664,1.4407722
2003,43,2009,6,2068277.94109589,7,36.208332,1.7506511
2003,44,2009,6,2068816.491780822,8,20.5,.99090469
2003,45,2009,6,2069355.042465753,9,27.958334,1.3510652
2003,46,2009,6,2069876.220547945,10,27.291666,1.3185169
2003,47,2009,6,2070414.771232877,11,22.625,1.0927762
2003,48,2009,6,2070935.949315069,12,28.041666,1.3540577
2003,49,2010,7,2071474.5,1,26.708334,1.2893393
2003,50,2010,7,2072008.082191781,2,21.125,1.0195423
2003,51,2010,7,2072490.02739726,3,24.375,1.1761215
2003,52,2010,7,2073023.609589041,4,20,.96477437
2003,53,2010,7,2073539.979452055,5,16.875,.81382567
2003,54,2010,7,2074073.561643836,6,29.625,1.4283485
2003,55,2010,7,2074589.931506849,7,25.333334,1.2211249
2003,56,2010,7,2075123.51369863,8,22.625,1.0902965
2003,57,2010,7,2075657.095890411,9,19.708332,.94949847
2003,58,2010,7,2076173.465753424,10,13.291667,.6402002
2003,59,2010,7,2076707.047945205,11,17.5,.84268022
2003,60,2010,7,2077223.417808219,12,27.708332,1.333912
2003,61,2011,8,2077757,1,30.291666,1.4579022
2003,62,2011,8,2078425.241095891,2,13.625,.6555444
2003,63,2011,8,2079028.81369863,3,14.083333,.67739964
2003,64,2011,8,2079697.054794521,4,32.791668,1.5767522
2003,65,2011,8,2080343.739726027,5,21.375,1.0274744
2003,66,2011,8,2081011.980821918,6,21.708332,1.0431622
2003,67,2011,8,2081658.665753425,7,29.833332,1.433152
2003,68,2011,8,2082326.906849315,8,26.875,1.2906234
2003,69,2011,8,2082995.147945205,9,22.541668,1.0821757
2003,70,2011,8,2083641.832876712,10,22.833334,1.0958377
2003,71,2011,8,2084310.073972603,11,18,.86359513
2003,72,2011,8,2084956.75890411,12,17,.81536466
2003,73,2012,9,2085625,1,16.083332,.77115166
2003,74,2012,9,2087053.540983607,2,22,1.0541177
2003,75,2012,9,2088389.918032787,3,21.583334,1.0334916
2003,76,2012,9,2089818.459016393,4,17.708334,.84736234
2003,77,2012,9,2091200.918032787,5,19.75,.94443339
2003,78,2012,9,2092629.459016393,6,29.041666,1.3878074
2003,79,2012,9,2094011.918032787,7,25.875,1.2356663
2003,80,2012,9,2095440.459016393,8,18.75,.89479995
2003,81,2012,9,2096869,9,18.375,.87630653
2003,82,2012,9,2098251.459016393,10,17.583332,.83799928
2003,83,2012,9,2099680,11,23.375,1.1132649
2003,84,2012,9,2101062.459016393,12,18.958332,.90232122
2003,85,2013,10,2102491,1,13.458333,.64011371
2003,86,2013,10,2105083.534246575,2,19,.90257698
2003,87,2013,10,2107425.178082192,3,26.291666,1.2475729
2003,88,2013,10,2110017.712328767,4,22.625,1.0722659
2003,89,2013,10,2112526.616438356,5,20.75,.98223615
2003,90,2013,10,2115119.150684931,6,22.458332,1.0617999
2003,91,2013,10,2117628.054794521,7,23.166668,1.0939914
2003,92,2013,10,2120220.589041096,8,25.375,1.1968094
2003,93,2013,10,2122813.123287671,9,21.416668,1.0088814
2003,94,2013,10,2125322.02739726,10,16.583334,.78027391
2003,95,2013,10,2127914.561643836,11,19.125,.89876729
2003,96,2013,10,2130423.465753425,12,19.083332,.89575303
2003,97,2014,11,2133016,1,21,.98452145
2003,98,2014,11,2135541.650684931,2,18.625,.8721441
2003,99,2014,11,2137822.883561644,3,33.5,1.5670148
2003,100,2014,11,2140348.534246575,4,16,.74754179
2003,101,2014,11,2142792.712328767,5,24.75,1.1550348
2003,102,2014,11,2145318.363013699,6,22.25,1.0371422
2003,103,2014,11,2147762.54109589,7,28.583332,1.3308423
2003,104,2014,11,2150288.191780822,8,24.5,1.1393821
2003,105,2014,11,2152813.842465753,9,19.041666,.88450128
2003,106,2014,11,2155258.020547945,10,13.416667,.62250865
2003,107,2014,11,2157783.671232876,11,24.25,1.1238383
2003,108,2014,11,2160227.849315069,12,35.375,1.6375587
2003,109,2015,12,2162753.5,1,28.541666,1.3196912
2003,110,2015,12,2164351.061643836,2,24.25,1.1204282
2003,111,2015,12,2165794.020547946,3,25.833334,1.1927881
2003,112,2015,12,2167391.582191781,4,22.791668,1.0515712
2003,113,2015,12,2168937.609589041,5,21.625,.99703193
2003,114,2015,12,2170535.171232877,6,32.083332,1.47813
2003,115,2015,12,2172081.198630137,7,26.666668,1.2277012
2003,116,2015,12,2173678.760273973,8,21.75,1.0006078
2003,117,2015,12,2175276.321917809,9,20.583332,.94623989
2003,118,2015,12,2176822.349315069,10,19.208332,.88240236
2003,119,2015,12,2178419.910958904,11,24.875,1.1418827
2003,120,2015,12,2179965.938356165,12,17.083334,.78365141
2003,121,2016,13,2181563.5,1,23.5,1.0772091
2003,122,2016,13,2181607.289617487,2,22.75,1.0428091
2003,123,2016,13,2181648.254098361,3,28.791668,1.3197209
2003,124,2016,13,2181692.043715847,4,27.958336,1.2814978
2003,125,2016,13,2181734.420765027,5,27.125,1.243277
2003,126,2016,13,2181778.210382514,6,30.791666,1.4113106
2003,127,2016,13,2181820.587431694,7,37.25,1.7072898
2003,128,2016,13,2181864.377049181,8,37.375,1.7129846
2003,129,2016,13,2181908.166666667,9,22.375,1.0254785
2003,130,2016,13,2181950.543715847,10,22.416668,1.0273683
2003,131,2016,13,2181994.333333333,11,31,1.4207187
2003,132,2016,13,2182036.710382514,12,22.625,1.0368754
2003,133,2017,14,2182080.5,1,38.708332,1.7739186
2003,134,2017,14,2181650.321917808,2,39.875,1.8277448
2003,135,2017,14,2181261.773972603,3,43.75,2.0057199
2003,136,2017,14,2180831.595890411,4,44.541668,2.0424166
2003,137,2017,14,2180415.294520548,5,35.125,1.6109316
2003,138,2017,14,2179985.116438356,6,45,2.0642343
2003,139,2017,14,2179568.815068493,7,43.916664,2.0149245
2003,140,2017,14,2179138.636986301,8,37.5,1.7208635
2003,141,2017,14,2178708.45890411,9,35.25,1.617931
2003,142,2017,14,2178292.157534247,10,44.041668,2.0218439
2003,143,2017,14,2177861.979452055,11,44.625,2.0490279
2003,144,2017,14,2177445.678082192,12,34.875,1.6016473
2003,145,2018,15,2177015.5,1,75.458328,3.4661365
2003,146,2018,15,2178197.449315068,2,69.25,3.1792343
2003,147,2018,15,2179265.016438356,3,52.625,2.4148049
2003,148,2018,15,2180446.965753425,4,53.833336,2.4689128
2003,149,2018,15,2181590.787671233,5,57.375,2.6299615
2003,150,2018,15,2182772.736986301,6,65.5,3.0007706
2003,151,2018,15,2183916.55890411,7,67.125,3.0736065
2003,152,2018,15,2185098.508219178,8,52.875,2.4197993
2003,153,2018,15,2186280.457534247,9,56.333336,2.5766747
2003,154,2018,15,2187424.279452055,10,39.916668,1.8248252
2003,155,2018,15,2188606.228767123,11,50.25,2.2959819
2003,156,2018,15,2189750.050684932,12,44.041668,2.0112646
2003,157,2019,16,2190932,1,80.25,3.6628249
2003,158,2019,16,2191886.078082192,2,70.5,3.216408
2003,159,2019,16,2192747.826027397,3,80.791672,3.6844945
2003,160,2019,16,2193701.904109589,4,71.583336,3.2631295
2003,161,2019,16,2194625.205479452,5,91,4.1464939
2003,162,2019,16,2195579.283561644,6,93.916656,4.2775345
2003,163,2019,16,2196502.584931507,7,69.75,3.1755028
2003,164,2019,16,2197456.663013699,8,75.125,3.418725
2003,165,2019,16,2198410.74109589,9,74.958336,3.4096601
2003,166,2019,16,2199334.042465753,10,69.875,3.177098
2003,167,2019,16,2200288.120547945,11,63.375,2.8803046
2003,168,2019,16,2201211.421917808,12,54.625,2.4815881
2003,169,2020,17,2202165.5,1,123.33333,5.6005478
2003,170,2020,17,2202433.531420765,2,112.625,5.1136618
2003,171,2020,17,2202684.270491803,3,113.625,5.1584787
2003,172,2020,17,2202952.301912568,4,108.91667,4.9441228
2003,173,2020,17,2203211.68715847,5,129.5,5.8777828
2003,174,2020,17,2203479.718579235,6,133.66666,6.0661621
2003,175,2020,17,2203739.103825137,7,133.41667,6.0541048
2003,176,2020,17,2204007.135245902,8,130.625,5.9267049
2003,177,2020,17,2204275.166666667,9,121.04167,5.4912233
2003,178,2020,17,2204534.551912568,10,108.125,4.9046636
2003,179,2020,17,2204802.583333333,11,123.875,5.6184168
2003,180,2020,17,2205061.968579235,12,119.75,5.4306865
2003,181,2021,18,2205330,1,195.33333,8.8573284
2003,182,2021,18,2206358.265753425,2,159.25,7.2177763
2003,183,2021,18,2207287.021917808,3,199.91667,9.0571213
2003,184,2021,18,2208315.287671233,4,199.00002,9.0113955
2003,185,2021,18,2209310.383561644,5,190.75,8.6339159
2003,186,2021,18,2210338.649315068,6,214.08333,9.685544
2003,187,2021,18,2211333.74520548,7,188.70834,8.5336885
2003,188,2021,18,2212362.010958904,8,173.625,7.8479471
2003,189,2021,18,2213390.276712329,9,187.08334,8.452343
2003,190,2021,18,2214385.37260274,10,185.41667,8.3732796
2003,191,2021,18,2215413.638356165,11,140,6.3193617
2003,192,2021,18,2216408.734246575,12,145.125,6.5477543
2004,1,2006,2,2033641,1,51.874996,2.5508432
2004,2,2006,2,2034024.550684931,2,48.5,2.3844354
2004,3,2006,2,2034370.983561644,3,70.791664,3.4797814
2004,4,2006,2,2034754.534246575,4,62.875,3.0900533
2004,5,2006,2,2035125.712328767,5,70.125,3.4457331
2004,6,2006,2,2035509.263013699,6,67.791664,3.3304522
2004,7,2006,2,2035880.44109589,7,73.583328,3.6143246
2004,8,2006,2,2036263.991780822,8,76,3.7323256
2004,9,2006,2,2036647.542465753,9,73.583328,3.6129632
2004,10,2006,2,2037018.720547945,10,73.291664,3.5979867
2004,11,2006,2,2037402.271232877,11,64.875,3.1842017
2004,12,2006,2,2037773.449315068,12,73.041664,3.5843859
2004,13,2007,3,2038157,1,36.208332,1.7765232
2004,14,2007,3,2039403.879452055,2,49.125,2.408792
2004,15,2007,3,2040530.093150685,3,54.333336,2.6627069
2004,16,2007,3,2041776.97260274,4,46.5,2.2774279
2004,17,2007,3,2042983.630136986,5,46.75,2.2883198
2004,18,2007,3,2044230.509589041,6,47.666664,2.3317657
2004,19,2007,3,2045437.167123288,7,49.541664,2.4220574
2004,20,2007,3,2046684.046575342,8,57.75,2.8216374
2004,21,2007,3,2047930.926027397,9,43.333336,2.115957
2004,22,2007,3,2049137.583561644,10,46.041668,2.2468803
2004,23,2007,3,2050384.463013699,11,63.125,3.078691
2004,24,2007,3,2051591.120547945,12,63.25,3.082973
2004,25,2008,4,2052838,1,33,1.6075306
2004,26,2008,4,2054354.628415301,2,34.125,1.6611056
2004,27,2008,4,2055773.409836065,3,39.083336,1.90115
2004,28,2008,4,2057290.038251366,4,39.208336,1.9058244
2004,29,2008,4,2058757.743169399,5,37.5,1.8214868
2004,30,2008,4,2060274.371584699,6,44.041664,2.13766
2004,31,2008,4,2061742.076502732,7,35,1.6975936
2004,32,2008,4,2063258.704918033,8,47.25,2.2900667
2004,33,2008,4,2064775.333333333,9,43,2.082551
2004,34,2008,4,2066243.038251366,10,39.583336,1.9157153
2004,35,2008,4,2067759.666666667,11,41.5,2.0070031
2004,36,2008,4,2069227.371584699,12,37.458332,1.810257
2004,37,2009,5,2070744,1,27.208334,1.31394
2004,38,2009,5,2071376.017808219,2,21.875,1.0560613
2004,39,2009,5,2071946.87260274,3,29.25,1.4117157
2004,40,2009,5,2072578.890410959,4,25.375,1.2243201
2004,41,2009,5,2073190.520547945,5,26.25,1.2661644
2004,42,2009,5,2073822.538356164,6,31.041666,1.4968333
2004,43,2009,5,2074434.168493151,7,36.958336,1.7816105
2004,44,2009,5,2075066.18630137,8,24,1.1565896
2004,45,2009,5,2075698.204109589,9,25.75,1.2405465
2004,46,2009,5,2076309.834246575,10,35.541668,1.7117709
2004,47,2009,5,2076941.852054795,11,29,1.3962836
2004,48,2009,5,2077553.482191781,12,27.041668,1.3016112
2004,49,2010,6,2078185.5,1,19.958332,.96037298
2004,50,2010,6,2078680.820547945,2,21.625,1.0403233
2004,51,2010,6,2079128.206849315,3,23.458334,1.1282774
2004,52,2010,6,2079623.52739726,4,22.041668,1.0598874
2004,53,2010,6,2080102.869863014,5,26,1.2499381
2004,54,2010,6,2080598.190410959,6,25.708332,1.2356222
2004,55,2010,6,2081077.532876712,7,33.333336,1.6017344
2004,56,2010,6,2081572.853424657,8,20.625,.99083728
2004,57,2010,6,2082068.173972602,9,23.541666,1.1306866
2004,58,2010,6,2082547.516438356,10,16.541666,.7942996
2004,59,2010,6,2083042.836986301,11,26.625,1.2781782
2004,60,2010,6,2083522.179452055,12,13.625,.65394074
2004,61,2011,7,2084017.5,1,14.333333,.68777412
2004,62,2011,7,2084589.046575343,2,18,.86347955
2004,63,2011,7,2085105.282191781,3,22.625,1.085077
2004,64,2011,7,2085676.828767123,4,25.583334,1.2266202
2004,65,2011,7,2086229.938356164,5,25,1.1983339
2004,66,2011,7,2086801.484931507,6,19.916666,.95441115
2004,67,2011,7,2087354.594520548,7,27.458334,1.3154609
2004,68,2011,7,2087926.14109589,8,27.375,1.3111095
2004,69,2011,7,2088497.687671233,9,20.458334,.97957176
2004,70,2011,7,2089050.797260274,10,22,1.0531099
2004,71,2011,7,2089622.343835616,11,22.375,1.0707676
2004,72,2011,7,2090175.453424657,12,21.791666,1.042576
2004,73,2012,8,2090747,1,18.291666,.87488663
2004,74,2012,8,2091496.590163935,2,16.5,.78890878
2004,75,2012,8,2092197.819672131,3,21.25,1.0156783
2004,76,2012,8,2092947.409836065,4,18.166668,.86799449
2004,77,2012,8,2093672.819672131,5,20.625,.98511094
2004,78,2012,8,2094422.409836065,6,25.666666,1.2254771
2004,79,2012,8,2095147.819672131,7,26.208332,1.2509061
2004,80,2012,8,2095897.409836065,8,16.875,.80514437
2004,81,2012,8,2096647,9,15.333334,.73132646
2004,82,2012,8,2097372.409836065,10,27.5,1.3111644
2004,83,2012,8,2098122,11,25.625,1.2213303
2004,84,2012,8,2098847.409836065,12,29.541668,1.4075186
2004,85,2013,9,2099597,1,24.041666,1.145061
2004,86,2013,9,2101358.436986301,2,19.5,.92797112
2004,87,2013,9,2102949.412328767,3,31.25,1.4860082
2004,88,2013,9,2104710.849315069,4,27.541668,1.3085725
2004,89,2013,9,2106415.465753424,5,24.25,1.1512449
2004,90,2013,9,2108176.902739726,6,22.083332,1.0475085
2004,91,2013,9,2109881.519178082,7,21.75,1.0308635
2004,92,2013,9,2111642.956164383,8,24.875,1.1779927
2004,93,2013,9,2113404.393150685,9,16.333332,.77284461
2004,94,2013,9,2115109.009589041,10,24.125,1.1406032
2004,95,2013,9,2116870.446575343,11,13.75,.64954376
2004,96,2013,9,2118575.063013698,12,26.666668,1.2587078
2004,97,2014,10,2120336.5,1,21.25,1.0021994
2004,98,2014,10,2123405.967123288,2,17.125,.80648732
2004,99,2014,10,2126178.389041096,3,22.541666,1.0601964
2004,100,2014,10,2129247.856164384,4,17.166668,.80623156
2004,101,2014,10,2132218.308219178,5,24.875,1.1666254
2004,102,2014,10,2135287.775342466,6,19,.88980979
2004,103,2014,10,2138258.22739726,7,25.083334,1.1730732
2004,104,2014,10,2141327.694520548,8,32.375,1.5119125
2004,105,2014,10,2144397.161643836,9,15.583334,.72670001
2004,106,2014,10,2147367.61369863,10,16.958332,.78972656
2004,107,2014,10,2150437.080821918,11,23.25,1.0811756
2004,108,2014,10,2153407.532876712,12,19.708332,.91521609
2004,109,2015,11,2156477,1,18.25,.84628773
2004,110,2015,11,2159292.182191781,2,24.375,1.1288421
2004,111,2015,11,2161834.92739726,3,28.791668,1.3318162
2004,112,2015,11,2164650.109589041,4,15.583334,.71990085
2004,113,2015,11,2167374.479452055,5,21.375,.98621631
2004,114,2015,11,2170189.661643836,6,28.708332,1.322849
2004,115,2015,11,2172914.031506849,7,28.416666,1.3077676
2004,116,2015,11,2175729.21369863,8,22.75,1.0456264
2004,117,2015,11,2178544.395890411,9,19.291668,.88553017
2004,118,2015,11,2181268.765753425,10,18.208332,.83475876
2004,119,2015,11,2184083.947945205,11,25.875,1.1847072
2004,120,2015,11,2186808.317808219,12,26.583334,1.2156225
2004,121,2016,12,2189623.5,1,34.583332,1.5794191
2004,122,2016,12,2191167.825136612,2,21,.95839304
2004,123,2016,12,2192612.516393443,3,26.125002,1.1915011
2004,124,2016,12,2194156.841530055,4,21.541668,.98177427
2004,125,2016,12,2195651.349726776,5,23.25,1.0589113
2004,126,2016,12,2197195.674863388,6,29.75,1.3539987
2004,127,2016,12,2198690.18306011,7,25.208332,1.1465158
2004,128,2016,12,2200234.508196721,8,28.375,1.2896353
2004,129,2016,12,2201778.833333333,9,22.25,1.0105466
2004,130,2016,12,2203273.341530055,10,28.333332,1.2859653
2004,131,2016,12,2204817.666666667,11,23.875,1.0828559
2004,132,2016,12,2206312.174863388,12,20.083334,.91026711
2004,133,2017,13,2207856.5,1,32.041664,1.4512566
2004,134,2017,13,2207575.419178083,2,32.125,1.4552164
2004,135,2017,13,2207321.539726028,3,36.916668,1.6724645
2004,136,2017,13,2207040.45890411,4,38.666668,1.7519691
2004,137,2017,13,2206768.44520548,5,36.25,1.6426735
2004,138,2017,13,2206487.364383562,6,29.708332,1.3464085
2004,139,2017,13,2206215.350684932,7,32.541664,1.4749994
2004,140,2017,13,2205934.269863014,8,27.375,1.2409708
2004,141,2017,13,2205653.189041096,9,33.541668,1.5207136
2004,142,2017,13,2205381.175342466,10,35.875,1.6267029
2004,143,2017,13,2205100.094520548,11,37.875,1.717609
2004,144,2017,13,2204828.080821918,12,37.833332,1.7159312
2004,145,2018,14,2204547,1,61.625,2.7953589
2004,146,2018,14,2203765.417808219,2,42.25,1.9171731
2004,147,2018,14,2203059.472602739,3,49.166668,2.231745
2004,148,2018,14,2202277.890410959,4,34,1.543856
2004,149,2018,14,2201521.520547945,5,41.625,1.8907378
2004,150,2018,14,2200739.938356164,6,39.583332,1.7986374
2004,151,2018,14,2199983.56849315,7,46.041664,2.0928185
2004,152,2018,14,2199201.986301369,8,38,1.7278996
2004,153,2018,14,2198420.404109589,9,33.458332,1.521926
2004,154,2018,14,2197664.034246575,10,40.166668,1.8276982
2004,155,2018,14,2196882.452054794,11,36.75,1.6728251
2004,156,2018,14,2196126.082191781,12,29.583334,1.347069
2004,157,2019,15,2195344.5,1,62.291668,2.8374438
2004,158,2019,15,2196431.665753425,2,63.25,2.8796709
2004,159,2019,15,2197413.621917808,3,57.25,2.6053357
2004,160,2019,15,2198500.787671233,4,53.666668,2.4410574
2004,161,2019,15,2199552.883561644,5,66.125,3.0062928
2004,162,2019,15,2200640.049315068,6,54.791664,2.4898059
2004,163,2019,15,2201692.14520548,7,54.916668,2.4942937
2004,164,2019,15,2202779.310958904,8,58.75,2.6670852
2004,165,2019,15,2203866.476712329,9,49.458336,2.2441621
2004,166,2019,15,2204918.57260274,10,39.5,1.7914494
2004,167,2019,15,2206005.738356165,11,52.25,2.3685341
2004,168,2019,15,2207057.834246575,12,36.708336,1.6632249
2004,169,2020,16,2208145,1,84.291664,3.8173065
2004,170,2020,16,2208380.12568306,2,86.875,3.9338789
2004,171,2020,16,2208600.081967213,3,88.041672,3.9863112
2004,172,2020,16,2208835.207650273,4,89.375008,4.0462508
2004,173,2020,16,2209062.74863388,5,98.875,4.4758801
2004,174,2020,16,2209297.87431694,6,99.333328,4.4961491
2004,175,2020,16,2209525.415300547,7,100.125,4.5315161
2004,176,2020,16,2209760.540983607,8,103.375,4.6781087
2004,177,2020,16,2209995.666666667,9,83.75,3.7896001
2004,178,2020,16,2210223.207650273,10,81,3.6647882
2004,179,2020,16,2210458.333333333,11,77.375,3.5004053
2004,180,2020,16,2210685.87431694,12,86.416664,3.9090431
2004,181,2021,17,2210921,1,155.16666,7.0181909
2004,182,2021,17,2211834.565753425,2,120.375,5.4423146
2004,183,2021,17,2212659.721917808,3,145.25,6.5644979
2004,184,2021,17,2213573.287671233,4,147.79167,6.6766109
2004,185,2021,17,2214457.383561644,5,149.375,6.7454448
2004,186,2021,17,2215370.949315068,6,143.29166,6.4680662
2004,187,2021,17,2216255.045205479,7,146.79166,6.6234097
2004,188,2021,17,2217168.610958904,8,129.5,5.8407826
2004,189,2021,17,2218082.176712329,9,146.95834,6.6254687
2004,190,2021,17,2218966.27260274,10,129.08333,5.8172731
2004,191,2021,17,2219879.838356164,11,113.25,5.1016273
2004,192,2021,17,2220763.934246575,12,95.041672,4.2796836
2005,1,2006,1,2047701,1,144.83333,7.0729723
2005,2,2006,1,2046846.88630137,2,232.375,11.352828
2005,3,2006,1,2046075.428767123,3,367.125,17.942886
2005,4,2006,1,2045221.315068493,4,442.20834,21.62154
2005,5,2006,1,2044394.753424658,5,566.75,27.722141
2005,6,2006,1,2043540.639726027,6,663.20831,32.453884
2005,7,2006,1,2042714.078082192,7,752.58337,36.842327
2005,8,2006,1,2041859.964383562,8,865.5,42.387825
2005,9,2006,1,2041005.850684932,9,947.70831,46.433395
2005,10,2006,1,2040179.289041096,10,1054.75,51.698887
2005,11,2006,1,2039325.175342466,11,1175.5,57.641617
2005,12,2006,1,2038498.61369863,12,1358.1666,66.625832
2005,13,2007,2,2037644.5,1,64.333328,3.1572402
2005,14,2007,2,2038108.056164384,2,48.125,2.3612585
2005,15,2007,2,2038526.752054794,3,60.5,2.9678295
2005,16,2007,2,2038990.308219178,4,63.75,3.1265476
2005,17,2007,2,2039438.910958904,5,69.75,3.4200583
2005,18,2007,2,2039902.467123288,6,77.208328,3.7849028
2005,19,2007,2,2040351.069863014,7,73.291664,3.5921104
2005,20,2007,2,2040814.626027397,8,83.5,4.0915036
2005,21,2007,2,2041278.182191781,9,77.75,3.808888
2005,22,2007,2,2041726.784931507,10,73.75,3.6121385
2005,23,2007,2,2042190.34109589,11,87.125,4.2662525
2005,24,2007,2,2042638.943835616,12,75.5,3.6961989
2005,25,2008,3,2043102.5,1,34.375,1.6824902
2005,26,2008,3,2044493.942622951,2,42.875,2.097096
2005,27,2008,3,2045795.614754098,3,49.083336,2.3992298
2005,28,2008,3,2047187.057377049,4,48.458336,2.3670692
2005,29,2008,3,2048533.614754098,5,54,2.6360319
2005,30,2008,3,2049925.057377049,6,51.833332,2.5285478
2005,31,2008,3,2051271.614754098,7,45.291668,2.2079802
2005,32,2008,3,2052663.057377049,8,57.125,2.7829702
2005,33,2008,3,2054054.5,9,48.583336,2.3652408
2005,34,2008,3,2055401.057377049,10,49.5,2.4082892
2005,35,2008,3,2056792.5,11,69.375,3.3729703
2005,36,2008,3,2058139.057377049,12,49.5,2.4050853
2005,37,2009,4,2059530.5,1,32.208332,1.5638677
2005,38,2009,4,2061327.056164383,2,29.875,1.4493091
2005,39,2009,4,2062949.752054795,3,36.291668,1.7592124
2005,40,2009,4,2064746.308219178,4,37.166668,1.8000598
2005,41,2009,4,2066484.910958904,5,37.875,1.8328224
2005,42,2009,4,2068281.467123288,6,39.75,1.9218854
2005,43,2009,4,2070020.069863014,7,39.666668,1.9162456
2005,44,2009,4,2071816.626027397,8,38.25,1.8462058
2005,45,2009,4,2073613.182191781,9,36.75,1.7722688
2005,46,2009,4,2075351.784931507,10,29.875,1.439515
2005,47,2009,4,2077148.34109589,11,37,1.7812883
2005,48,2009,4,2078886.943835617,12,44.25,2.1285429
2005,49,2010,5,2080683.5,1,19.541666,.93919456
2005,50,2010,5,2081185.57260274,2,19.125,.91894734
2005,51,2010,5,2081639.057534247,3,29.833334,1.4331656
2005,52,2010,5,2082141.130136986,4,30.208336,1.4508303
2005,53,2010,5,2082627.006849315,5,34.875,1.6745677
2005,54,2010,5,2083129.079452055,6,29.875,1.4341406
2005,55,2010,5,2083614.956164384,7,36.458332,1.7497634
2005,56,2010,5,2084117.028767123,8,22.25,1.0675983
2005,57,2010,5,2084619.101369863,9,27.125,1.3011969
2005,58,2010,5,2085104.978082192,10,22.75,1.0910722
2005,59,2010,5,2085607.050684931,11,30.625,1.4683974
2005,60,2010,5,2086092.92739726,12,31.208332,1.4960183
2005,61,2011,6,2086595,1,22.166666,1.0623368
2005,62,2011,6,2087075.669863014,2,19.5,.93432164
2005,63,2011,6,2087509.823287671,3,26.875,1.2874191
2005,64,2011,6,2087990.493150685,4,27.291668,1.3070781
2005,65,2011,6,2088455.657534247,5,29.625,1.4185122
2005,66,2011,6,2088936.32739726,6,30.166668,1.4441162
2005,67,2011,6,2089401.491780822,7,33.5,1.6033299
2005,68,2011,6,2089882.161643836,8,25.125,1.2022209
2005,69,2011,6,2090362.831506849,9,17.583332,.84116173
2005,70,2011,6,2090827.995890411,10,21.208332,1.0143509
2005,71,2011,6,2091308.665753425,11,15.125,.72323138
2005,72,2011,6,2091773.830136986,12,24.875,1.189182
2005,73,2012,7,2092254.5,1,24.624998,1.17696
2005,74,2012,7,2092885.553278688,2,26,1.242304
2005,75,2012,7,2093475.893442623,3,24.541668,1.1722928
2005,76,2012,7,2094106.946721311,4,20.125,.96103019
2005,77,2012,7,2094717.643442623,5,24.5,1.1696087
2005,78,2012,7,2095348.696721311,6,28.166664,1.3442471
2005,79,2012,7,2095959.393442623,7,22.458332,1.071506
2005,80,2012,7,2096590.446721311,8,19.25,.9181574
2005,81,2012,7,2097221.5,9,15.833333,.75496715
2005,82,2012,7,2097832.196721312,10,17.333334,.82624978
2005,83,2012,7,2098463.25,11,15.5,.73863578
2005,84,2012,7,2099073.946721312,12,27.125,1.2922366
2005,85,2013,8,2099705,1,24.791666,1.1807214
2005,86,2013,8,2100594.615068493,2,22.25,1.0592239
2005,87,2013,8,2101398.138356165,3,18.25,.86846942
2005,88,2013,8,2102287.753424658,4,25.458332,1.2109823
2005,89,2013,8,2103148.671232877,5,25,1.1886939
2005,90,2013,8,2104038.28630137,6,19.166666,.91094667
2005,91,2013,8,2104899.204109589,7,23.875,1.1342586
2005,92,2013,8,2105788.819178082,8,24.875,1.1812675
2005,93,2013,8,2106678.434246575,9,15.416666,.73179966
2005,94,2013,8,2107539.352054794,10,19.666666,.93315774
2005,95,2013,8,2108428.967123288,11,22.625,1.0730739
2005,96,2013,8,2109289.884931507,12,18.375,.87114626
2005,97,2014,9,2110179.5,1,26.916666,1.2755629
2005,98,2014,9,2112275.991780822,2,23.375,1.1066263
2005,99,2014,9,2114169.597260274,3,18.458334,.87307727
2005,100,2014,9,2116266.089041096,4,18.541668,.87615013
2005,101,2014,9,2118294.952054795,5,24.5,1.1565906
2005,102,2014,9,2120391.443835617,6,21.75,1.025754
2005,103,2014,9,2122420.306849315,7,24.375,1.148453
2005,104,2014,9,2124516.798630137,8,28.625,1.3473651
2005,105,2014,9,2126613.290410959,9,16.416666,.77196294
2005,106,2014,9,2128642.153424658,10,21.166668,.99437416
2005,107,2014,9,2130738.64520548,11,16,.75091332
2005,108,2014,9,2132767.508219178,12,25.708334,1.2053978
2005,109,2015,10,2134864,1,23.75,1.112483
2005,110,2015,10,2138398.339726028,2,14.25,.6663866
2005,111,2015,10,2141590.646575343,3,26.75,1.2490716
2005,112,2015,10,2145124.98630137,4,16.708334,.77889794
2005,113,2015,10,2148545.315068493,5,23.125,1.0763097
2005,114,2015,10,2152079.654794521,6,26,1.2081337
2005,115,2015,10,2155499.983561644,7,30.291666,1.4053197
2005,116,2015,10,2159034.323287671,8,22,1.0189741
2005,117,2015,10,2162568.663013699,9,21.833332,1.0096018
2005,118,2015,10,2165988.991780822,10,17.208334,.79447931
2005,119,2015,10,2169523.331506849,11,20.75,.95643127
2005,120,2015,10,2172943.660273973,12,23.166666,1.0661421
2005,121,2016,11,2176478,1,24.958332,1.1467303
2005,122,2016,11,2179488.345628415,2,21.875,1.0036759
2005,123,2016,11,2182304.475409836,3,20.458334,.93746471
2005,124,2016,11,2185314.821038251,4,18.291668,.83702666
2005,125,2016,11,2188228.05874317,5,23.875,1.0910654
2005,126,2016,11,2191238.404371585,6,30.708332,1.4014145
2005,127,2016,11,2194151.642076503,7,20.375,.9286049
2005,128,2016,11,2197161.987704918,8,26.25,1.194723
2005,129,2016,11,2200172.333333333,9,19.041666,.86546248
2005,130,2016,11,2203085.571038251,10,23.666668,1.0742509
2005,131,2016,11,2206095.916666667,11,23.875,1.0822285
2005,132,2016,11,2209009.154371585,12,20,.90538329
2005,133,2017,12,2212019.5,1,32.791668,1.4824312
2005,134,2017,12,2213480.661643836,2,30.75,1.3892148
2005,135,2017,12,2214800.420547945,3,28.375,1.2811538
2005,136,2017,12,2216261.582191781,4,31.250002,1.4100322
2005,137,2017,12,2217675.609589041,5,31.625,1.4260427
2005,138,2017,12,2219136.771232877,6,25.166666,1.1340746
2005,139,2017,12,2220550.798630137,7,28.125,1.2665776
2005,140,2017,12,2222011.960273973,8,25.875,1.1644852
2005,141,2017,12,2223473.121917808,9,29.333334,1.3192574
2005,142,2017,12,2224887.149315068,10,25.291666,1.1367618
2005,143,2017,12,2226348.310958904,11,28.25,1.268894
2005,144,2017,12,2227762.338356164,12,31.291666,1.4046232
2005,145,2018,13,2229223.5,1,29.416666,1.3195925
2005,146,2018,13,2228583.626027397,2,35.625,1.5985489
2005,147,2018,13,2228005.675342466,3,27.416666,1.2305474
2005,148,2018,13,2227365.801369863,4,33.125,1.4871827
2005,149,2018,13,2226746.568493151,5,31,1.3921657
2005,150,2018,13,2226106.694520548,6,33.833332,1.5198432
2005,151,2018,13,2225487.461643836,7,28.541666,1.2824905
2005,152,2018,13,2224847.587671233,8,29.5,1.3259336
2005,153,2018,13,2224207.71369863,9,24.291668,1.0921493
2005,154,2018,13,2223588.480821918,10,31.5,1.4166291
2005,155,2018,13,2222948.606849315,11,36.75,1.6532096
2005,156,2018,13,2222329.373972603,12,34.75,1.5636746
2005,157,2019,14,2221689.5,1,45.666664,2.0554926
2005,158,2019,14,2221171.502739726,2,35.375,1.592628
2005,159,2019,14,2220703.634246575,3,41.75,1.8800348
2005,160,2019,14,2220185.636986301,4,44.5,2.0043368
2005,161,2019,14,2219684.349315069,5,47.5,2.1399438
2005,162,2019,14,2219166.352054794,6,38.458332,1.733008
2005,163,2019,14,2218665.064383562,7,43.166664,1.9456142
2005,164,2019,14,2218147.067123288,8,41.875,1.8878369
2005,165,2019,14,2217629.069863014,9,34.625,1.5613521
2005,166,2019,14,2217127.782191781,10,35.958336,1.6218432
2005,167,2019,14,2216609.784931507,11,24.75,1.11657
2005,168,2019,14,2216108.497260274,12,36,1.6244692
2005,169,2020,15,2215590.5,1,67.875,3.0635173
2005,170,2020,15,2215788.696721312,2,68.5,3.09145
2005,171,2020,15,2215974.106557377,3,52.333332,2.36164
2005,172,2020,15,2216172.303278688,4,60.750004,2.7412131
2005,173,2020,15,2216364.106557377,5,65.75,2.9665704
2005,174,2020,15,2216562.303278688,6,60.291664,2.7200527
2005,175,2020,15,2216754.106557377,7,82.458336,3.7197783
2005,176,2020,15,2216952.303278688,8,69,3.112381
2005,177,2020,15,2217150.5,9,65.083336,2.9354496
2005,178,2020,15,2217342.303278688,10,65.708328,2.9633822
2005,179,2020,15,2217540.5,11,71.875,3.2412035
2005,180,2020,15,2217732.303278688,12,51.458332,2.320313
2005,181,2021,16,2217930.5,1,111.54166,5.0290875
2005,182,2021,16,2218668.42739726,2,78,3.5156221
2005,183,2021,16,2219334.942465753,3,102.83334,4.6335201
2005,184,2021,16,2220072.869863014,4,96.666672,4.3542118
2005,185,2021,16,2220786.993150685,5,106.875,4.8124833
2005,186,2021,16,2221524.920547945,6,98.75,4.4451447
2005,187,2021,16,2222239.043835617,7,107.95833,4.858088
2005,188,2021,16,2222976.971232877,8,102.125,4.5940647
2005,189,2021,16,2223714.898630137,9,86.125,3.8730235
2005,190,2021,16,2224429.021917808,10,93.25,4.1920872
2005,191,2021,16,2225166.949315068,11,89.125,4.0053172
2005,192,2021,16,2225881.07260274,12,73.833328,3.3170383
2006,1,2006,0,1240831,1,1237.2083,99.708038
2006,2,2006,0,1312312.456164382,2,1093.75,83.345245
2006,3,2006,0,1376876.352054797,3,1127.3334,81.876152
2006,4,2006,0,1448357.80821918,4,932.87506,64.409157
2006,5,2006,0,1517533.410958901,5,848.75,55.929577
2006,6,2006,0,1589014.867123291,6,734.49994,46.223602
2006,7,2006,0,1658190.469863012,7,610.04163,36.7896
2006,8,2006,0,1729671.926027395,8,499.5,28.878309
2006,9,2006,0,1801153.382191785,9,380.62503,21.132294
2006,10,2006,0,1870328.984931506,10,273.12497,14.603045
2006,11,2006,0,1941810.441095889,11,166.75,8.587347
2006,12,2006,0,2010986.043835618,12,58.916695,2.9297416
2006,13,2007,1,2082467.5,1,127.33334,6.1145415
2006,14,2007,1,2081469.002739726,2,226.625,10.887743
2006,15,2007,1,2080567.134246575,3,377.79166,18.15811
2006,16,2007,1,2079568.636986301,4,462.125,22.222157
2006,17,2007,1,2078602.349315068,5,593.25,28.540813
2006,18,2007,1,2077603.852054794,6,651.95831,31.380301
2006,19,2007,1,2076637.564383561,7,783.625,37.735279
2006,20,2007,1,2075639.067123287,8,914.625,44.064743
2006,21,2007,1,2074640.569863013,9,971.16663,46.811321
2006,22,2007,1,2073674.282191781,10,1088.5834,52.495388
2006,23,2007,1,2072675.784931507,11,1198.625,57.829834
2006,24,2007,1,2071709.497260274,12,1322.7916,63.850246
2006,25,2008,2,2070711,1,67.291664,3.2496889
2006,26,2008,2,2071244.267759563,2,56.125,2.7097239
2006,27,2008,2,2071743.131147541,3,64.708328,3.1233761
2006,28,2008,2,2072276.398907104,4,67.458336,3.2552769
2006,29,2008,2,2072792.464480874,5,77.625,3.7449479
2006,30,2008,2,2073325.732240437,6,68.666664,3.3119092
2006,31,2008,2,2073841.797814208,7,70.791664,3.4135518
2006,32,2008,2,2074375.065573771,8,74.625,3.5974691
2006,33,2008,2,2074908.333333333,9,75.625,3.6447394
2006,34,2008,2,2075424.398907104,10,66.25,3.1921182
2006,35,2008,2,2075957.666666667,11,88.75,4.2751355
2006,36,2008,2,2076473.732240437,12,105.58334,5.0847421
2006,37,2009,3,2077007,1,38.041664,1.8315617
2006,38,2009,3,2078371.25479452,2,45,2.1651571
2006,39,2009,3,2079603.484931507,3,50,2.4043045
2006,40,2009,3,2080967.739726027,4,42.916668,2.0623419
2006,41,2009,3,2082287.98630137,5,49.875,2.3952019
2006,42,2009,3,2083652.24109589,6,50.333332,2.4156301
2006,43,2009,3,2084972.487671233,7,57.833336,2.7738178
2006,44,2009,3,2086336.742465753,8,50.625,2.4265018
2006,45,2009,3,2087700.997260274,9,54.041664,2.588573
2006,46,2009,3,2089021.243835616,10,42.25,2.0224783
2006,47,2009,3,2090385.498630137,11,47.625,2.2782879
2006,48,2009,3,2091705.745205479,12,36.375,1.7390113
2006,49,2010,4,2093070,1,32.041664,1.5308453
2006,50,2010,4,2093585.321917808,2,22,1.0508289
2006,51,2010,4,2094050.773972603,3,36.125,1.7251253
2006,52,2010,4,2094566.095890411,4,38.583336,1.8420682
2006,53,2010,4,2095064.794520548,5,40.125,1.9152153
2006,54,2010,4,2095580.116438356,6,49.458332,2.360126
2006,55,2010,4,2096078.815068493,7,31.666668,1.5107574
2006,56,2010,4,2096594.136986302,8,33.625,1.6037916
2006,57,2010,4,2097109.45890411,9,38.625,1.8418208
2006,58,2010,4,2097608.157534247,10,42.208336,2.0122125
2006,59,2010,4,2098123.479452055,11,34.5,1.6443264
2006,60,2010,4,2098622.178082192,12,42.541664,2.0271235
2006,61,2011,5,2099137.5,1,26,1.2386039
2006,62,2011,5,2099612.054794521,2,30.75,1.4645562
2006,63,2011,5,2100040.684931507,3,32.75,1.5594935
2006,64,2011,5,2100515.239726027,4,28.875,1.3746628
2006,65,2011,5,2100974.48630137,5,27.5,1.3089164
2006,66,2011,5,2101449.041095891,6,39.625,1.8856037
2006,67,2011,5,2101908.287671233,7,42.791668,2.0358484
2006,68,2011,5,2102382.842465754,8,32.125,1.5280281
2006,69,2011,5,2102857.397260274,9,24.083334,1.1452671
2006,70,2011,5,2103316.643835616,10,24.958334,1.186618
2006,71,2011,5,2103791.198630137,11,32.375,1.5388885
2006,72,2011,5,2104250.445205479,12,23.083334,1.0969861
2006,73,2012,6,2104725,1,16.333332,.77603167
2006,74,2012,6,2105220.153005464,2,19.625,.93220657
2006,75,2012,6,2105683.360655738,3,18.375,.87263834
2006,76,2012,6,2106178.513661203,4,20.333334,.96541363
2006,77,2012,6,2106657.693989071,5,28.25,1.3409867
2006,78,2012,6,2107152.846994536,6,28.291666,1.342649
2006,79,2012,6,2107632.027322405,7,26.875,1.2751278
2006,80,2012,6,2108127.180327869,8,22.5,1.0672981
2006,81,2012,6,2108622.333333333,9,26.916666,1.2765049
2006,82,2012,6,2109101.513661203,10,19.541666,.92653984
2006,83,2012,6,2109596.666666667,11,23.625,1.1198823
2006,84,2012,6,2110075.846994536,12,26.041666,1.2341578
2006,85,2013,7,2110571,1,20.333332,.9634043
2006,86,2013,7,2111327.569863013,2,17.5,.82886237
2006,87,2013,7,2112010.923287671,3,24.458334,1.1580591
2006,88,2013,7,2112767.493150685,4,25.5,1.2069478
2006,89,2013,7,2113499.657534246,5,21.875,1.0350132
2006,90,2013,7,2114256.22739726,6,16.541666,.78238702
2006,91,2013,7,2114988.391780822,7,30.708332,1.4519385
2006,92,2013,7,2115744.961643836,8,24.125,1.1402603
2006,93,2013,7,2116501.531506849,9,15.291667,.72249734
2006,94,2013,7,2117233.695890411,10,21.166668,.99973226
2006,95,2013,7,2117990.265753425,11,20.5,.96789867
2006,96,2013,7,2118722.430136986,12,25.666666,1.2114218
2006,97,2014,8,2119479,1,25.083332,1.1834669
2006,98,2014,8,2120499.579452055,2,12.25,.57769406
2006,99,2014,8,2121421.393150685,3,24.416666,1.1509578
2006,100,2014,8,2122441.97260274,4,15.583334,.73421723
2006,101,2014,8,2123429.630136986,5,25.875,1.2185476
2006,102,2014,8,2124450.209589041,6,24.083332,1.1336266
2006,103,2014,8,2125437.867123288,7,27.875,1.3114945
2006,104,2014,8,2126458.446575343,8,23.625,1.1110022
2006,105,2014,8,2127479.026027397,9,20.541666,.96554023
2006,106,2014,8,2128466.683561644,10,27.541668,1.2939675
2006,107,2014,8,2129487.263013699,11,21.125,.99202281
2006,108,2014,8,2130474.920547945,12,17.375,.81554586
2006,109,2015,9,2131495.5,1,18.166666,.85229671
2006,110,2015,9,2133912.735616438,2,23.625,1.1071212
2006,111,2015,9,2136096.045205479,3,21.375002,1.0006573
2006,112,2015,9,2138513.280821918,4,20.666668,.96640354
2006,113,2015,9,2140852.54109589,5,23.125,1.0801772
2006,114,2015,9,2143269.776712329,6,23.708332,1.1061758
2006,115,2015,9,2145609.036986302,7,29.083332,1.3554814
2006,116,2015,9,2148026.27260274,8,20.75,.96600306
2006,117,2015,9,2150443.508219178,9,25.833334,1.2013026
2006,118,2015,9,2152782.76849315,10,17,.78967559
2006,119,2015,9,2155200.004109589,11,18.25,.84678918
2006,120,2015,9,2157539.264383562,12,19.166666,.8883577
2006,121,2016,10,2159956.5,1,23.958334,1.1092044
2006,122,2016,10,2163895.151639344,2,27.125,1.2535266
2006,123,2016,10,2167579.696721311,3,26.208334,1.2091058
2006,124,2016,10,2171518.348360656,4,21.625,.99584699
2006,125,2016,10,2175329.946721311,5,23.625,1.0860422
2006,126,2016,10,2179268.598360656,6,24.333332,1.1165825
2006,127,2016,10,2183080.196721311,7,20.625,.94476604
2006,128,2016,10,2187018.848360656,8,22,1.0059355
2006,129,2016,10,2190957.5,9,17,.77591646
2006,130,2016,10,2194769.098360656,10,14.875,.67774785
2006,131,2016,10,2198707.75,11,21.375,.97216195
2006,132,2016,10,2202519.348360656,12,18.083334,.82102954
2006,133,2017,11,2206458,1,27.916666,1.2652254
2006,134,2017,11,2209653.378082192,2,17.875,.80895042
2006,135,2017,11,2212539.526027397,3,26.625,1.2033683
2006,136,2017,11,2215734.904109589,4,24.958336,1.1264135
2006,137,2017,11,2218827.205479452,5,25.625,1.1548893
2006,138,2017,11,2222022.583561644,6,25.75,1.1588541
2006,139,2017,11,2225114.884931507,7,26.166668,1.1759692
2006,140,2017,11,2228310.263013699,8,21.375,.95924705
2006,141,2017,11,2231505.641095891,9,19.916666,.89252144
2006,142,2017,11,2234597.942465754,10,19.041666,.8521294
2006,143,2017,11,2237793.320547945,11,24.375,1.0892427
2006,144,2017,11,2240885.621917808,12,27.166668,1.2123184
2006,145,2018,12,2244081,1,15.916666,.70927322
2006,146,2018,12,2245418.84109589,2,24.5,1.0911105
2006,147,2018,12,2246627.21369863,3,29,1.2908238
2006,148,2018,12,2247965.054794521,4,28.666668,1.2752274
2006,149,2018,12,2249259.739726027,5,27.25,1.2115097
2006,150,2018,12,2250597.580821918,6,29.124998,1.2941006
2006,151,2018,12,2251892.265753425,7,22.333334,.99175853
2006,152,2018,12,2253230.106849315,8,24.25,1.0762328
2006,153,2018,12,2254567.947945205,9,21.875,.97025239
2006,154,2018,12,2255862.632876712,10,22.666666,1.0047892
2006,155,2018,12,2257200.473972603,11,17.75,.7863723
2006,156,2018,12,2258495.15890411,12,20.625,.91321868
2006,157,2019,13,2259833,1,37.624996,1.6649458
2006,158,2019,13,2258929.710958904,2,24.5,1.0845845
2006,159,2019,13,2258113.836986301,3,33.875,1.5001458
2006,160,2019,13,2257210.547945206,4,36.291668,1.6078105
2006,161,2019,13,2256336.397260274,5,30.375,1.3462088
2006,162,2019,13,2255433.108219178,6,40.833332,1.810443
2006,163,2019,13,2254558.957534247,7,31.291668,1.3879286
2006,164,2019,13,2253655.668493151,8,31.5,1.397729
2006,165,2019,13,2252752.379452055,9,26.333334,1.1689404
2006,166,2019,13,2251878.228767123,10,29.875,1.3266703
2006,167,2019,13,2250974.939726028,11,28.875,1.2827775
2006,168,2019,13,2250100.789041096,12,24.5,1.0888401
2006,169,2020,14,2249197.5,1,63.916664,2.8417542
2006,170,2020,14,2249382.18715847,2,43.625,1.9394214
2006,171,2020,14,2249554.959016393,3,45.166668,2.0078046
2006,172,2020,14,2249739.646174863,4,43.916664,1.9520776
2006,173,2020,14,2249918.37568306,5,46.25,2.0556302
2006,174,2020,14,2250103.06284153,6,44.5,1.9776872
2006,175,2020,14,2250281.792349727,7,53.666664,2.3848865
2006,176,2020,14,2250466.479508197,8,52.125,2.3161864
2006,177,2020,14,2250651.166666667,9,50.375,2.2382412
2006,178,2020,14,2250829.896174863,10,53.5,2.3769011
2006,179,2020,14,2251014.583333333,11,43.125,1.9158028
2006,180,2020,14,2251193.31284153,12,33.708336,1.4973541
2006,181,2021,15,2251378,1,76.916664,3.4164259
2006,182,2021,15,2251974.983561644,2,57.125,2.5366623
2006,183,2021,15,2252514.194520548,3,65.916672,2.9263599
2006,184,2021,15,2253111.178082192,4,68.458336,3.0383914
2006,185,2021,15,2253688.904109589,5,75.25,3.3389702
2006,186,2021,15,2254285.887671233,6,74.333328,3.2974224
2006,187,2021,15,2254863.61369863,7,71.5,3.1709235
2006,188,2021,15,2255460.597260274,8,65.125,2.8874369
2006,189,2021,15,2256057.580821918,9,68.833336,3.0510452
2006,190,2021,15,2256635.306849315,10,60.083336,2.6625187
2006,191,2021,15,2257232.290410959,11,63.25,2.8021042
2006,192,2021,15,2257810.016438356,12,61.5,2.7238784
2007,13,2007,0,1279235.5,1,1341.6666,104.88035
2007,14,2007,0,1349156.594520546,2,1071.875,79.447784
2007,15,2007,0,1412311.131506845,3,1110.7084,78.644737
2007,16,2007,0,1482232.226027392,4,976.08337,65.852257
2007,17,2007,0,1549897.801369861,5,904.375,58.35062
2007,18,2007,0,1619818.895890407,6,701.99994,43.338173
2007,19,2007,0,1687484.471232876,7,627,37.155899
2007,20,2007,0,1757405.565753423,8,527.625,30.022951
2007,21,2007,0,1827326.660273969,9,389.08337,21.292492
2007,22,2007,0,1894992.235616438,10,282.08331,14.885724
2007,23,2007,0,1964913.330136985,11,169.625,8.6326962
2007,24,2007,0,2032578.905479446,12,57.375027,2.8227699
2007,25,2008,1,2102500,1,150.58333,7.1621084
2007,26,2008,1,2101382.390710383,2,254.25,12.099178
2007,27,2008,1,2100336.885245902,3,354.625,16.884195
2007,28,2008,1,2099219.275956284,4,440.70831,20.993916
2007,29,2008,1,2098137.718579235,5,577.25,27.512493
2007,30,2008,1,2097020.109289618,6,635.08331,30.285036
2007,31,2008,1,2095938.551912569,7,748,35.688068
2007,32,2008,1,2094820.942622951,8,890.25,42.497665
2007,33,2008,1,2093703.333333333,9,905.125,43.230816
2007,34,2008,1,2092621.775956284,10,1023.9583,48.931839
2007,35,2008,1,2091504.166666667,11,1147.125,54.846889
2007,36,2008,1,2090422.609289618,12,1225.4166,58.620522
2007,37,2009,2,2089305,1,62.708332,3.0013967
2007,38,2009,2,2089800.405479452,2,60.5,2.8950133
2007,39,2009,2,2090247.868493151,3,73.791664,3.530283
2007,40,2009,2,2090743.273972603,4,55.833336,2.6705017
2007,41,2009,2,2091222.698630137,5,66.375,3.1739805
2007,42,2009,2,2091718.104109589,6,75.5,3.609473
2007,43,2009,2,2092197.528767123,7,77.833328,3.7201712
2007,44,2009,2,2092692.934246575,8,67.125,3.2075896
2007,45,2009,2,2093188.339726027,9,63.958336,3.055546
2007,46,2009,2,2093667.764383562,10,71.333328,3.4070988
2007,47,2009,2,2094163.169863014,11,81.375,3.8858004
2007,48,2009,2,2094642.594520548,12,80.083328,3.8232455
2007,49,2010,3,2095138,1,34,1.6228048
2007,50,2010,3,2095700.034246576,2,36.25,1.7297323
2007,51,2010,3,2096207.678082192,3,50.708332,2.4190509
2007,52,2010,3,2096769.712328767,4,42.625,2.0328889
2007,53,2010,3,2097313.616438356,5,56.875,2.7118022
2007,54,2010,3,2097875.650684932,6,61.166664,2.9156477
2007,55,2010,3,2098419.554794521,7,58.875,2.8056829
2007,56,2010,3,2098981.589041096,8,48.125,2.2927785
2007,57,2010,3,2099543.623287671,9,49.375,2.3517015
2007,58,2010,3,2100087.527397261,10,39.083336,1.8610337
2007,59,2010,3,2100649.561643836,11,55.125,2.6241882
2007,60,2010,3,2101193.465753425,12,52.583332,2.5025461
2007,61,2011,4,2101755.5,1,26.791666,1.2747281
2007,62,2011,4,2102257.657534246,2,36.625,1.7421746
2007,63,2011,4,2102711.219178082,3,33.208336,1.5793103
2007,64,2011,4,2103213.376712329,4,37.125,1.7651561
2007,65,2011,4,2103699.335616438,5,34.75,1.651852
2007,66,2011,4,2104201.493150685,6,39.833332,1.8930379
2007,67,2011,4,2104687.452054794,7,44.375,2.1083891
2007,68,2011,4,2105189.609589041,8,39.5,1.8763156
2007,69,2011,4,2105691.767123288,9,29.125,1.3831559
2007,70,2011,4,2106177.726027397,10,31.541666,1.4975785
2007,71,2011,4,2106679.883561644,11,32.375,1.5367783
2007,72,2011,4,2107165.842465753,12,30.666666,1.4553514
2007,73,2012,5,2107668,1,24.208334,1.1485839
2007,74,2012,5,2108143.926229508,2,25.375,1.2036655
2007,75,2012,5,2108589.147540984,3,20.583334,.97616619
2007,76,2012,5,2109065.073770492,4,26.583334,1.2604321
2007,77,2012,5,2109525.647540984,5,29.875,1.4161952
2007,78,2012,5,2110001.573770492,6,37.875,1.7950224
2007,79,2012,5,2110462.147540984,7,36.958332,1.7511961
2007,80,2012,5,2110938.073770492,8,30.875,1.4626199
2007,81,2012,5,2111414,9,32.416668,1.5353061
2007,82,2012,5,2111874.573770492,10,28.916668,1.3692417
2007,83,2012,5,2112350.5,11,25.875,1.2249388
2007,84,2012,5,2112811.073770492,12,29.833334,1.4120209
2007,85,2013,6,2113287,1,27.999998,1.3249501
2007,86,2013,6,2113848.609589041,2,21.75,1.028929
2007,87,2013,6,2114355.869863014,3,28.125,1.3301923
2007,88,2013,6,2114917.479452055,4,20.5,.96930498
2007,89,2013,6,2115460.97260274,5,27.25,1.2881353
2007,90,2013,6,2116022.582191781,6,24.708334,1.1676782
2007,91,2013,6,2116566.075342466,7,25.958332,1.2264361
2007,92,2013,6,2117127.684931507,8,24.875,1.1749409
2007,93,2013,6,2117689.294520548,9,22.083332,1.0428032
2007,94,2013,6,2118232.787671233,10,26.75,1.2628452
2007,95,2013,6,2118794.397260274,11,23.5,1.1091213
2007,96,2013,6,2119337.890410959,12,22.166666,1.0459241
2007,97,2014,7,2119899.5,1,27.125,1.2795417
2007,98,2014,7,2120754.760273973,2,14.5,.68371886
2007,99,2014,7,2121527.253424658,3,24.541668,1.1567925
2007,100,2014,7,2122382.51369863,4,18.166668,.85595638
2007,101,2014,7,2123210.184931507,5,21,.98906833
2007,102,2014,7,2124065.445205479,6,26.666666,1.2554541
2007,103,2014,7,2124893.116438356,7,22.25,1.0471115
2007,104,2014,7,2125748.376712329,8,25.25,1.187817
2007,105,2014,7,2126603.636986301,9,24.125,1.134438
2007,106,2014,7,2127431.308219178,10,23.458334,1.1026599
2007,107,2014,7,2128286.568493151,11,23.75,1.1159211
2007,108,2014,7,2129114.239726027,12,25.625,1.2035521
2007,109,2015,8,2129969.5,1,22.124998,1.0387472
2007,110,2015,8,2131099.895890411,2,27.125,1.2728169
2007,111,2015,8,2132120.898630137,3,20.041668,.93998742
2007,112,2015,8,2133251.294520548,4,27.625,1.2949717
2007,113,2015,8,2134345.226027397,5,20,.93705553
2007,114,2015,8,2135475.621917808,6,22.833332,1.0692387
2007,115,2015,8,2136569.553424657,7,22.958332,1.0745418
2007,116,2015,8,2137699.949315068,8,15.625,.7309258
2007,117,2015,8,2138830.345205479,9,22.75,1.0636655
2007,118,2015,8,2139924.276712329,10,20.958334,.97939605
2007,119,2015,8,2141054.67260274,11,16.25,.75897175
2007,120,2015,8,2142148.604109589,12,24.75,1.155382
2007,121,2016,9,2143279,1,22.791666,1.0634017
2007,122,2016,9,2145963.506830601,2,20.625,.96110672
2007,123,2016,9,2148474.819672131,3,27.208332,1.2664022
2007,124,2016,9,2151159.326502732,4,26.541668,1.2338309
2007,125,2016,9,2153757.236338798,5,19.5,.90539449
2007,126,2016,9,2156441.743169399,6,25.5,1.1825036
2007,127,2016,9,2159039.653005464,7,25.791668,1.1945899
2007,128,2016,9,2161724.159836065,8,22.125,1.0234886
2007,129,2016,9,2164408.666666667,9,17,.78543395
2007,130,2016,9,2167006.576502732,10,25.666668,1.1844296
2007,131,2016,9,2169691.083333333,11,26.25,1.2098496
2007,132,2016,9,2172288.993169399,12,24.708332,1.1374331
2007,133,2017,10,2174973.5,1,25.625,1.1781753
2007,134,2017,10,2179272.138356164,2,35,1.6060408
2007,135,2017,10,2183154.779452055,3,28.166668,1.2901819
2007,136,2017,10,2187453.417808219,4,19.416668,.88763803
2007,137,2017,10,2191613.390410959,5,22.375,1.0209373
2007,138,2017,10,2195912.028767123,6,24.875,1.1327868
2007,139,2017,10,2200072.001369863,7,29.625,1.3465469
2007,140,2017,10,2204370.639726027,8,20.5,.92997062
2007,141,2017,10,2208669.278082191,9,15.583334,.70555305
2007,142,2017,10,2212829.250684931,10,20.375,.92076695
2007,143,2017,10,2217127.889041096,11,22.25,1.0035506
2007,144,2017,10,2221287.861643835,12,21.25,.95665222
2007,145,2018,11,2225586.5,1,14.291666,.64215279
2007,146,2018,11,2228899.338356164,2,14.625,.65615344
2007,147,2018,11,2231891.579452055,3,26.083334,1.1686649
2007,148,2018,11,2235204.417808219,4,23.583334,1.0550863
2007,149,2018,11,2238410.390410959,5,23.625,1.0554365
2007,150,2018,11,2241723.228767124,6,26.5,1.1821263
2007,151,2018,11,2244929.201369863,7,24.375,1.0857804
2007,152,2018,11,2248242.039726027,8,16.375,.72834682
2007,153,2018,11,2251554.878082192,9,17.458334,.77539009
2007,154,2018,11,2254760.850684932,10,22.583334,1.0015844
2007,155,2018,11,2258073.689041096,11,19.375,.85803223
2007,156,2018,11,2261279.661643836,12,15.208334,.67255431
2007,157,2019,12,2264592.5,1,28.916666,1.2769037
2007,158,2019,12,2265289.74520548,2,27.625,1.2194908
2007,159,2019,12,2265919.515068493,3,22.625,.99849087
2007,160,2019,12,2266616.760273973,4,32.041668,1.4136342
2007,161,2019,12,2267291.51369863,5,28.375,1.2514932
2007,162,2019,12,2267988.75890411,6,37.5,1.6534474
2007,163,2019,12,2268663.512328767,7,25.75,1.1350294
2007,164,2019,12,2269360.757534246,8,26.875,1.1842542
2007,165,2019,12,2270058.002739726,9,23.291666,1.0260384
2007,166,2019,12,2270732.756164384,10,30.375,1.3376739
2007,167,2019,12,2271430.001369863,11,32.625,1.4363198
2007,168,2019,12,2272104.75479452,12,38.375,1.6889626
2007,169,2020,13,2272802,1,38.333332,1.6866112
2007,170,2020,13,2272984.950819672,2,40,1.7598004
2007,171,2020,13,2273156.098360656,3,38.25,1.6826825
2007,172,2020,13,2273339.049180328,4,32.25,1.4186181
2007,173,2020,13,2273516.098360656,5,39.375,1.7318989
2007,174,2020,13,2273699.049180328,6,34.791664,1.5301789
2007,175,2020,13,2273876.098360656,7,34.125,1.5007414
2007,176,2020,13,2274059.049180328,8,36,1.5830723
2007,177,2020,13,2274242,9,36.083336,1.5866094
2007,178,2020,13,2274419.049180328,10,34.375,1.511375
2007,179,2020,13,2274602,11,29.375,1.2914348
2007,180,2020,13,2274779.049180328,12,36.833332,1.6192049
2007,181,2021,14,2274962,1,51.625,2.2692688
2007,182,2021,14,2275486.919178082,2,54.375,2.3895984
2007,183,2021,14,2275961.039726027,3,55.916668,2.4568377
2007,184,2021,14,2276485.958904109,4,49.166668,2.1597614
2007,185,2021,14,2276993.945205479,5,53,2.3276303
2007,186,2021,14,2277518.864383562,6,49.666664,2.1807356
2007,187,2021,14,2278026.850684932,7,48.5,2.1290355
2007,188,2021,14,2278551.769863014,8,52.125,2.2876372
2007,189,2021,14,2279076.689041096,9,53.708332,2.3565829
2007,190,2021,14,2279584.675342466,10,48.25,2.1166136
2007,191,2021,14,2280109.594520548,11,44.25,1.9406962
2007,192,2021,14,2280617.580821918,12,39.916668,1.750257
2008,25,2008,0,1284319.5,1,1325.375,103.19667
2008,26,2008,0,1350243.498633876,2,1130.5,83.725639
2008,27,2008,0,1411914.336065575,3,1064.7917,75.414757
2008,28,2008,0,1477838.334699452,4,889.66669,60.200542
2008,29,2008,0,1541635.75273224,5,866.25,56.190315
2008,30,2008,0,1607559.751366124,6,695.49994,43.264328
2008,31,2008,0,1671357.169398904,7,599.95831,35.896477
2008,32,2008,0,1737281.168032788,8,515.25,29.658411
2008,33,2008,0,1803205.166666664,9,362.25003,20.08923
2008,34,2008,0,1867002.584699452,10,265.62497,14.227348
2008,35,2008,0,1932926.583333336,11,162.25,8.3940077
2008,36,2008,0,1996724.001366124,12,53.083359,2.6585226
2008,37,2009,1,2062648,1,126.75,6.1450138
2008,38,2009,1,2061949.608219178,2,212.25,10.293656
2008,39,2009,1,2061318.802739726,3,336.58334,16.328545
2008,40,2009,1,2060620.410958904,4,438.375,21.273933
2008,41,2009,1,2059944.547945205,5,557.5,27.063835
2008,42,2009,1,2059246.156164384,6,604.20831,29.341238
2008,43,2009,1,2058570.293150685,7,698.54169,33.933342
2008,44,2009,1,2057871.901369863,8,830.625,40.3633
2008,45,2009,1,2057173.509589041,9,871.375,42.357876
2008,46,2009,1,2056497.646575342,10,1037.5,50.449852
2008,47,2009,1,2055799.25479452,11,1036.25,50.406185
2008,48,2009,1,2055123.391780822,12,1095.9166,53.326073
2008,49,2010,2,2054425,1,57.791668,2.8130338
2008,50,2010,2,2055026.569863014,2,42.25,2.0559344
2008,51,2010,2,2055569.923287671,3,64.75,3.1499779
2008,52,2010,2,2056171.493150685,4,64.166672,3.1206868
2008,53,2010,2,2056753.657534247,5,68.75,3.3426464
2008,54,2010,2,2057355.22739726,6,62.666664,3.0459816
2008,55,2010,2,2057937.391780822,7,90.416672,4.393558
2008,56,2010,2,2058538.961643836,8,68.625,3.3336751
2008,57,2010,2,2059140.531506849,9,69.708328,3.3853118
2008,58,2010,2,2059722.695890411,10,63.916668,3.1031685
2008,59,2010,2,2060324.265753425,11,66.75,3.2397814
2008,60,2010,2,2060906.430136986,12,72.166664,3.5016954
2008,61,2011,3,2061508,1,45.25,2.1949952
2008,62,2011,3,2062102.605479452,2,42.875,2.0791886
2008,63,2011,3,2062639.668493151,3,53.625,2.599824
2008,64,2011,3,2063234.273972603,4,53.75,2.6051331
2008,65,2011,3,2063809.698630137,5,49.5,2.3984768
2008,66,2011,3,2064404.304109589,6,53,2.5673265
2008,67,2011,3,2064979.728767123,7,58.166668,2.8168154
2008,68,2011,3,2065574.334246575,8,42.875,2.0756938
2008,69,2011,3,2066168.939726027,9,41.333332,2.0004818
2008,70,2011,3,2066744.364383562,10,46.458336,2.2478995
2008,71,2011,3,2067338.969863014,11,39,1.8864831
2008,72,2011,3,2067914.394520548,12,35.791668,1.7308099
2008,73,2012,4,2068509,1,29.375,1.420105
2008,74,2012,4,2069029.816939891,2,34.75,1.6795311
2008,75,2012,4,2069517.032786885,3,37.583336,1.8160439
2008,76,2012,4,2070037.849726776,4,31.791668,1.5358013
2008,77,2012,4,2070541.866120219,5,43,2.076751
2008,78,2012,4,2071062.683060109,6,45.541664,2.1989515
2008,79,2012,4,2071566.699453552,7,40.916668,1.9751557
2008,80,2012,4,2072087.516393443,8,36.25,1.7494435
2008,81,2012,4,2072608.333333333,9,40.083332,1.9339559
2008,82,2012,4,2073112.349726776,10,35.75,1.7244604
2008,83,2012,4,2073633.166666667,11,38.25,1.8445885
2008,84,2012,4,2074137.183060109,12,30,1.4463845
2008,85,2013,5,2074658,1,28.124998,1.3556451
2008,86,2013,5,2075181.602739726,2,28.25,1.3613267
2008,87,2013,5,2075654.534246575,3,23.083332,1.1120989
2008,88,2013,5,2076178.136986301,4,29.291668,1.4108456
2008,89,2013,5,2076684.849315068,5,30.625,1.4747062
2008,90,2013,5,2077208.452054794,6,36.833332,1.773213
2008,91,2013,5,2077715.164383562,7,30.833334,1.484002
2008,92,2013,5,2078238.767123288,8,32.875,1.5818683
2008,93,2013,5,2078762.369863014,9,30.666668,1.4752368
2008,94,2013,5,2079269.082191781,10,16.916668,.81358725
2008,95,2013,5,2079792.684931507,11,25.75,1.2381042
2008,96,2013,5,2080299.397260274,12,29.666668,1.4260769
2008,97,2014,6,2080823,1,29.625,1.4237155
2008,98,2014,6,2081437.394520548,2,18.125,.87079245
2008,99,2014,6,2081992.331506849,3,20.666668,.99263901
2008,100,2014,6,2082606.726027397,4,23.333334,1.1203908
2008,101,2014,6,2083201.301369863,5,20.125,.96606123
2008,102,2014,6,2083815.695890411,6,30.083332,1.4436656
2008,103,2014,6,2084410.271232877,7,24.833334,1.1913842
2008,104,2014,6,2085024.665753425,8,24.125,1.1570606
2008,105,2014,6,2085639.060273973,9,17.208332,.82508677
2008,106,2014,6,2086233.635616438,10,22.791668,1.0924792
2008,107,2014,6,2086848.030136986,11,27.5,1.3177768
2008,108,2014,6,2087442.605479452,12,19.291666,.92417705
2008,109,2015,7,2088057,1,24.999998,1.1972852
2008,110,2015,7,2088999.52739726,2,21.25,1.0172334
2008,111,2015,7,2089850.842465753,3,24.833332,1.1882825
2008,112,2015,7,2090793.369863014,4,19.625,.93863893
2008,113,2015,7,2091705.493150685,5,21.5,1.0278693
2008,114,2015,7,2092648.020547945,6,23.625,1.1289524
2008,115,2015,7,2093560.143835616,7,21.333334,1.0189979
2008,116,2015,7,2094502.671232877,8,23,1.0981127
2008,117,2015,7,2095445.198630137,9,18.875,.90076321
2008,118,2015,7,2096357.321917808,10,17.25,.82285589
2008,119,2015,7,2097299.849315069,11,22.125,1.0549278
2008,120,2015,7,2098211.97260274,12,25.958334,1.2371645
2008,121,2016,8,2099154.5,1,18.083334,.861458
2008,122,2016,8,2100320.81147541,2,18.5,.88081783
2008,123,2016,8,2101411.87704918,3,27.375,1.3026956
2008,124,2016,8,2102578.18852459,4,21.25,1.010664
2008,125,2016,8,2103706.87704918,5,21.625,1.0279474
2008,126,2016,8,2104873.18852459,6,30.625,1.454957
2008,127,2016,8,2106001.87704918,7,27.916668,1.3255765
2008,128,2016,8,2107168.18852459,8,26.5,1.257612
2008,129,2016,8,2108334.5,9,22.666666,1.0750982
2008,130,2016,8,2109463.18852459,10,18.708332,.88687646
2008,131,2016,8,2110629.5,11,19.125,.90612775
2008,132,2016,8,2111758.18852459,12,23.083334,1.093086
2008,133,2017,9,2112924.5,1,17,.80457205
2008,134,2017,9,2115788.263013699,2,14.5,.68532377
2008,135,2017,9,2118374.887671233,3,25.208334,1.1899846
2008,136,2017,9,2121238.650684931,4,18,.84856081
2008,137,2017,9,2124010.034246575,5,20.625,.97104061
2008,138,2017,9,2126873.797260274,6,20.458332,.96189684
2008,139,2017,9,2129645.180821918,7,29.916668,1.4047724
2008,140,2017,9,2132508.943835617,8,22,1.0316486
2008,141,2017,9,2135372.706849315,9,17.125,.80196774
2008,142,2017,9,2138144.090410959,10,21.791668,1.0191861
2008,143,2017,9,2141007.853424658,11,15.875,.7414732
2008,144,2017,9,2143779.236986301,12,21,.9795785
2008,145,2018,10,2146643,1,21.625,1.0073869
2008,146,2018,10,2151152.353424657,2,19.5,.90649086
2008,147,2018,10,2155225.317808219,3,17.083332,.79264712
2008,148,2018,10,2159734.671232876,4,23.833334,1.1035306
2008,149,2018,10,2164098.561643836,5,25,1.1552154
2008,150,2018,10,2168607.915068493,6,27.041664,1.2469596
2008,151,2018,10,2172971.805479452,7,20.291666,.93382096
2008,152,2018,10,2177481.158904109,8,19.875,.91275185
2008,153,2018,10,2181990.512328767,9,18.833332,.86312622
2008,154,2018,10,2186354.402739726,10,23.791666,1.0881889
2008,155,2018,10,2190863.756164383,11,16.5,.75312763
2008,156,2018,10,2195227.646575342,12,18.833332,.8579216
2008,157,2019,11,2199737,1,26.583334,1.2084779
2008,158,2019,11,2202540.631506849,2,24.875,1.1293776
2008,159,2019,11,2205072.943835616,3,26.041668,1.1809889
2008,160,2019,11,2207876.575342466,4,20.291668,.91905808
2008,161,2019,11,2210589.767123288,5,22.875,1.0347917
2008,162,2019,11,2213393.398630137,6,23.666666,1.0692481
2008,163,2019,11,2216106.590410959,7,27.875,1.2578366
2008,164,2019,11,2218910.221917808,8,22.5,1.0140113
2008,165,2019,11,2221713.853424658,9,31.5,1.4178244
2008,166,2019,11,2224427.045205479,10,19.916666,.8953616
2008,167,2019,11,2227230.676712329,11,29.5,1.3245147
2008,168,2019,11,2229943.868493151,12,30.375,1.362142
2008,169,2020,12,2232747.5,1,23.125,1.0357194
2008,170,2020,12,2232938.836065574,2,31.75,1.421893
2008,171,2020,12,2233117.827868852,3,24.416666,1.093389
2008,172,2020,12,2233309.163934426,4,28,1.253745
2008,173,2020,12,2233494.327868852,5,30.375,1.3599766
2008,174,2020,12,2233685.663934426,6,31.458332,1.4083599
2008,175,2020,12,2233870.827868852,7,30,1.3429604
2008,176,2020,12,2234062.163934426,8,23.875,1.0686811
2008,177,2020,12,2234253.5,9,30.583334,1.368839
2008,178,2020,12,2234438.663934426,10,23.666668,1.0591773
2008,179,2020,12,2234630,11,28,1.2530038
2008,180,2020,12,2234815.163934426,12,26.458334,1.183916
2008,181,2021,13,2235006.5,1,42.208332,1.8885105
2008,182,2021,13,2235515.834246575,2,28.375,1.269282
2008,183,2021,13,2235975.878082192,3,43.833332,1.960367
2008,184,2021,13,2236485.212328767,4,33.25,1.4867078
2008,185,2021,13,2236978.116438356,5,37.375,1.6707808
2008,186,2021,13,2237487.450684932,6,41.458332,1.8528967
2008,187,2021,13,2237980.35479452,7,37.583332,1.6793414
2008,188,2021,13,2238489.689041096,8,34,1.5188812
2008,189,2021,13,2238999.023287671,9,32.833336,1.4664292
2008,190,2021,13,2239491.92739726,10,35.916664,1.6037862
2008,191,2021,13,2240001.261643836,11,25.375,1.1328119
2008,192,2021,13,2240494.165753425,12,28.458332,1.2701811
2009,37,2009,0,1261952,1,1173.9583,93.027168
2009,38,2009,0,1326271.521917813,2,1050.875,79.235283
2009,39,2009,0,1384366.573972605,3,1002.25,72.397736
2009,40,2009,0,1448686.09589041,4,944.20837,65.17688
2009,41,2009,0,1510930.794520549,5,828.125,54.808929
2009,42,2009,0,1575250.316438355,6,653.24994,41.469597
2009,43,2009,0,1637495.015068494,7,557.33331,34.035725
2009,44,2009,0,1701814.536986299,8,481.5,28.293329
2009,45,2009,0,1766134.058904111,9,350.87503,19.86684
2009,46,2009,0,1828378.757534251,10,268.74997,14.698812
2009,47,2009,0,1892698.279452056,11,146.5,7.740272
2009,48,2009,0,1954942.978082195,12,47.500023,2.4297395
2009,49,2010,1,2019262.5,1,123.20833,6.1016498
2009,50,2010,1,2019827.124657534,2,200.375,9.9204035
2009,51,2010,1,2020337.108219178,3,309,15.294477
2009,52,2010,1,2020901.732876712,4,406.95831,20.137463
2009,53,2010,1,2021448.143835617,5,484.5,23.967966
2009,54,2010,1,2022012.768493151,6,551.00006,27.250078
2009,55,2010,1,2022559.179452055,7,646.95837,31.987118
2009,56,2010,1,2023123.804109589,8,770.5,38.084667
2009,57,2010,1,2023688.428767123,9,821.45831,40.592133
2009,58,2010,1,2024234.839726028,10,942.62506,46.566982
2009,59,2010,1,2024799.464383562,11,987.625,48.776436
2009,60,2010,1,2025345.875342466,12,1033.2499,51.015972
2009,61,2011,2,2025910.5,1,51.708332,2.5523503
2009,62,2011,2,2026589.909589041,2,56.75,2.8002706
2009,63,2011,2,2027203.569863014,3,61.833336,3.050179
2009,64,2011,2,2027882.979452055,4,63.833336,3.1477821
2009,65,2011,2,2028540.47260274,5,62.75,3.0933571
2009,66,2011,2,2029219.882191781,6,75.625,3.7268016
2009,67,2011,2,2029877.375342466,7,79.125,3.8980186
2009,68,2011,2,2030556.784931507,8,60.875,2.9979463
2009,69,2011,2,2031236.194520548,9,70.083328,3.4502797
2009,70,2011,2,2031893.687671233,10,77.708336,3.8244293
2009,71,2011,2,2032573.097260274,11,60.125,2.9580731
2009,72,2011,2,2033230.590410959,12,65.708328,3.2317204
2009,73,2012,3,2033910,1,38.624996,1.8990514
2009,74,2012,3,2034584.12295082,2,35.125,1.726397
2009,75,2012,3,2035214.754098361,3,42.25,2.075948
2009,76,2012,3,2035888.87704918,4,43.625,2.1427987
2009,77,2012,3,2036541.254098361,5,47.125,2.3139722
2009,78,2012,3,2037215.37704918,6,46.833332,2.2988896
2009,79,2012,3,2037867.754098361,7,51.916668,2.5475974
2009,80,2012,3,2038541.87704918,8,42,2.0602961
2009,81,2012,3,2039216,9,41.583336,2.0391824
2009,82,2012,3,2039868.37704918,10,44.916668,2.2019396
2009,83,2012,3,2040542.5,11,56.625,2.7749972
2009,84,2012,3,2041194.87704918,12,46.291664,2.2678709
2009,85,2013,4,2041869,1,31.333332,1.5345417
2009,86,2013,4,2042464.964383562,2,37.125,1.8176566
2009,87,2013,4,2043003.254794521,3,33.083336,1.6193482
2009,88,2013,4,2043599.219178082,4,30.875002,1.5108149
2009,89,2013,4,2044175.958904109,5,32.625,1.5959977
2009,90,2013,4,2044771.923287671,6,38.083332,1.8624734
2009,91,2013,4,2045348.663013699,7,46.5,2.2734511
2009,92,2013,4,2045944.62739726,8,32,1.5640697
2009,93,2013,4,2046540.591780822,9,30.875,1.5086434
2009,94,2013,4,2047117.331506849,10,26.666666,1.3026447
2009,95,2013,4,2047713.295890411,11,30.375,1.483362
2009,96,2013,4,2048290.035616438,12,34.791664,1.6985712
2009,97,2014,5,2048886,1,21.875,1.0676533
2009,98,2014,5,2049454.871232877,2,20.75,1.0124644
2009,99,2014,5,2049968.690410959,3,27.625,1.3475815
2009,100,2014,5,2050537.561643836,4,31.625,1.5422785
2009,101,2014,5,2051088.082191781,5,28.5,1.3895063
2009,102,2014,5,2051656.953424658,6,34.5,1.6815677
2009,103,2014,5,2052207.473972603,7,32.375,1.5775695
2009,104,2014,5,2052776.34520548,8,28.625,1.3944529
2009,105,2014,5,2053345.216438356,9,20.375,.99228323
2009,106,2014,5,2053895.736986301,10,28.541666,1.3896356
2009,107,2014,5,2054464.608219178,11,25.375,1.2351149
2009,108,2014,5,2055015.128767123,12,29.541668,1.4375402
2009,109,2015,6,2055584,1,24.999998,1.2161993
2009,110,2015,6,2056239.671232877,2,23.25,1.1307048
2009,111,2015,6,2056831.890410959,3,28.625,1.3917035
2009,112,2015,6,2057487.561643836,4,23.958334,1.1644461
2009,113,2015,6,2058122.082191781,5,26.25,1.2754345
2009,114,2015,6,2058777.753424658,6,26.125,1.2689568
2009,115,2015,6,2059412.273972603,7,25,1.2139386
2009,116,2015,6,2060067.945205479,8,28.375,1.3773818
2009,117,2015,6,2060723.616438356,9,30.041666,1.4578212
2009,118,2015,6,2061358.136986301,10,24.708332,1.1986433
2009,119,2015,6,2062013.808219178,11,27.375,1.3275857
2009,120,2015,6,2062648.328767123,12,21.208334,1.028209
2009,121,2016,7,2063304,1,20,.96931911
2009,122,2016,7,2064255.852459016,2,22.5,1.0899812
2009,123,2016,7,2065146.295081967,3,25.208334,1.220656
2009,124,2016,7,2066098.147540984,4,18.458334,.89339095
2009,125,2016,7,2067019.295081967,5,23.25,1.1248081
2009,126,2016,7,2067971.147540984,6,24.416666,1.1807063
2009,127,2016,7,2068892.295081967,7,30.791668,1.4883167
2009,128,2016,7,2069844.147540984,8,26.75,1.2923678
2009,129,2016,7,2070796,9,22.875,1.1046476
2009,130,2016,7,2071717.147540984,10,20.75,1.0015846
2009,131,2016,7,2072669,11,18,.86844546
2009,132,2016,7,2073590.147540984,12,22.041666,1.0629712
2009,133,2017,8,2074542,1,17.166666,.82749188
2009,134,2017,8,2075679.105479452,2,18.875,.90934092
2009,135,2017,8,2076706.168493151,3,27.25,1.3121741
2009,136,2017,8,2077843.273972603,4,20.625,.99261576
2009,137,2017,8,2078943.698630137,5,22.75,1.0943058
2009,138,2017,8,2080080.804109589,6,21.916666,1.0536449
2009,139,2017,8,2081181.228767123,7,31.166666,1.4975469
2009,140,2017,8,2082318.334246575,8,20.75,.99648547
2009,141,2017,8,2083455.439726027,9,11.625,.55796731
2009,142,2017,8,2084555.864383562,10,18.833332,.90346974
2009,143,2017,8,2085692.969863014,11,13.25,.63528049
2009,144,2017,8,2086793.394520548,12,29.625,1.4196422
2009,145,2018,9,2087930.5,1,35.333332,1.6922657
2009,146,2018,9,2090859.87260274,2,22.5,1.0761123
2009,147,2018,9,2093505.757534246,3,25.416668,1.214072
2009,148,2018,9,2096435.130136986,4,20.416668,.97387546
2009,149,2018,9,2099270.006849315,5,19.25,.91698545
2009,150,2018,9,2102199.379452055,6,19.083332,.90777934
2009,151,2018,9,2105034.256164384,7,19.083334,.9065569
2009,152,2018,9,2107963.628767123,8,22.75,1.0792407
2009,153,2018,9,2110893.001369863,9,17.166668,.81324196
2009,154,2018,9,2113727.878082192,10,26.375,1.2477955
2009,155,2018,9,2116657.250684931,11,16.875,.79724765
2009,156,2018,9,2119492.12739726,12,19,.89644116
2009,157,2019,10,2122421.5,1,17.333332,.81667715
2009,158,2019,10,2126279.004109589,2,23.625,1.1110959
2009,159,2019,10,2129763.201369863,3,27.5,1.2912234
2009,160,2019,10,2133620.705479452,4,18.666668,.87488222
2009,161,2019,10,2137353.773972603,5,22.5,1.0527036
2009,162,2019,10,2141211.278082192,6,15.458332,.72194332
2009,163,2019,10,2144944.346575343,7,27.125,1.2646016
2009,164,2019,10,2148801.850684932,8,18.5,.86094493
2009,165,2019,10,2152659.35479452,9,25.083334,1.1652254
2009,166,2019,10,2156392.423287671,10,23.333334,1.0820541
2009,167,2019,10,2160249.92739726,11,22,1.0184007
2009,168,2019,10,2163982.995890411,12,19.458332,.8991906
2009,169,2020,11,2167840.5,1,25.625,1.1820519
2009,170,2020,11,2168039.543715847,2,23.25,1.0723975
2009,171,2020,11,2168225.745901639,3,24.958334,1.1510948
2009,172,2020,11,2168424.789617486,4,25.083334,1.1567537
2009,173,2020,11,2168617.412568306,5,30.25,1.3948979
2009,174,2020,11,2168816.456284153,6,26.958332,1.2429974
2009,175,2020,11,2169009.079234973,7,25.666666,1.183336
2009,176,2020,11,2169208.12295082,8,22.625,1.0430074
2009,177,2020,11,2169407.166666667,9,25.041668,1.1543093
2009,178,2020,11,2169599.789617486,10,29.125,1.3424134
2009,179,2020,11,2169798.833333333,11,30.625,1.4114212
2009,180,2020,11,2169991.456284153,12,15.458334,.71236843
2009,181,2021,12,2170190.5,1,23.833334,1.0982139
2009,182,2021,12,2170731.004109589,2,23.625,1.088343
2009,183,2021,12,2171219.201369863,3,28.416668,1.3087885
2009,184,2021,12,2171759.705479452,4,25.208334,1.1607331
2009,185,2021,12,2172282.773972603,5,31,1.4270701
2009,186,2021,12,2172823.278082192,6,35.125,1.6165603
2009,187,2021,12,2173346.346575343,7,30.291666,1.39378
2009,188,2021,12,2173886.850684932,8,25.125,1.155764
2009,189,2021,12,2174427.35479452,9,29.125,1.3394331
2009,190,2021,12,2174950.423287671,10,21.125,.97128654
2009,191,2021,12,2175490.92739726,11,19.5,.89634943
2009,192,2021,12,2176013.995890411,12,23.208334,1.0665526
2010,49,2010,0,1259476,1,1158.625,91.992622
2010,50,2010,0,1324600.460273974,2,961.625,72.597366
2010,51,2010,0,1383422.553424656,3,936.54169,67.697441
2010,52,2010,0,1448547.01369863,4,814.58337,56.234512
2010,53,2010,0,1511570.684931509,5,729.375,48.252789
2010,54,2010,0,1576695.145205475,6,608.29163,38.580166
2010,55,2010,0,1639718.816438355,7,510.58331,31.138468
2010,56,2010,0,1704843.276712328,8,444.75,26.087442
2010,57,2010,0,1769967.736986302,9,329.00003,18.587912
2010,58,2010,0,1832991.408219174,10,244.16664,13.320664
2010,59,2010,0,1898115.868493147,11,139.875,7.3691497
2010,60,2010,0,1961139.539726026,12,44.791687,2.2839622
2010,61,2011,1,2026264,1,110.04166,5.4307666
2010,62,2011,1,2026858.010958904,2,190.875,9.417285
2010,63,2011,1,2027394.536986301,3,313.375,15.457031
2010,64,2011,1,2027988.547945206,4,387.75,19.11993
2010,65,2011,1,2028563.397260274,5,477.875,23.557312
2010,66,2011,1,2029157.408219178,6,551.29169,27.168503
2010,67,2011,1,2029732.257534247,7,601.12506,29.615978
2010,68,2011,1,2030326.268493151,8,772.25,38.035759
2010,69,2011,1,2030920.279452055,9,795.41663,39.165329
2010,70,2011,1,2031495.128767123,10,917.83331,45.180187
2010,71,2011,1,2032089.139726027,11,980,48.226231
2010,72,2011,1,2032663.989041096,12,1029.1666,50.63142
2010,73,2012,2,2033258,1,54.333332,2.67223
2010,74,2012,2,2034087.969945355,2,54,2.6547525
2010,75,2012,2,2034864.393442623,3,69.333328,3.4072702
2010,76,2012,2,2035694.363387978,4,57.583336,2.8286827
2010,77,2012,2,2036497.56010929,5,62.625,3.0751326
2010,78,2012,2,2037327.530054645,6,57.25,2.8100538
2010,79,2012,2,2038130.726775956,7,66.333336,3.2546163
2010,80,2012,2,2038960.696721311,8,57.5,2.8200641
2010,81,2012,2,2039790.666666667,9,71.458336,3.5032191
2010,82,2012,2,2040593.863387978,10,75.5,3.6999032
2010,83,2012,2,2041423.833333333,11,66.875,3.2758999
2010,84,2012,2,2042227.030054645,12,65.208336,3.1930013
2010,85,2013,3,2043057,1,39,1.9089042
2010,86,2013,3,2043873.573972603,2,39.625,1.9387207
2010,87,2013,3,2044611.124657534,3,43.916668,2.1479228
2010,88,2013,3,2045427.698630137,4,38.25,1.8700246
2010,89,2013,3,2046217.931506849,5,40,1.954826
2010,90,2013,3,2047034.505479452,6,49.833336,2.4344161
2010,91,2013,3,2047824.738356164,7,54.708336,2.6715341
2010,92,2013,3,2048641.312328767,8,39.625,1.9342088
2010,93,2013,3,2049457.88630137,9,39.208332,1.9131075
2010,94,2013,3,2050248.119178082,10,45.833336,2.235502
2010,95,2013,3,2051064.693150685,11,41.5,2.0233395
2010,96,2013,3,2051854.926027397,12,46.5,2.266242
2010,97,2014,4,2052671.5,1,41.791668,2.0359647
2010,98,2014,4,2053314.643835616,2,32.875,1.6010698
2010,99,2014,4,2053895.547945206,3,33.125,1.6127889
2010,100,2014,4,2054538.691780822,4,38,1.8495636
2010,101,2014,4,2055161.089041096,5,32.5,1.5813845
2010,102,2014,4,2055804.232876712,6,38.25,1.8605857
2010,103,2014,4,2056426.630136986,7,34.25,1.6655104
2010,104,2014,4,2057069.773972603,8,38.875,1.889824
2010,105,2014,4,2057712.917808219,9,25.125,1.2210158
2010,106,2014,4,2058335.315068493,10,33.958332,1.6497959
2010,107,2014,4,2058978.458904109,11,30.25,1.4691751
2010,108,2014,4,2059600.856164383,12,35.75,1.7357732
2010,109,2015,5,2060244,1,24.999998,1.2134484
2010,110,2015,5,2060843.871232877,2,24.5,1.1888334
2010,111,2015,5,2061385.690410959,3,31,1.5038428
2010,112,2015,5,2061985.561643836,4,21.625,1.0487465
2010,113,2015,5,2062566.082191781,5,31.875,1.545405
2010,114,2015,5,2063165.953424658,6,33.291664,1.6136203
2010,115,2015,5,2063746.473972603,7,33.125,1.6050906
2010,116,2015,5,2064346.34520548,8,28,1.3563615
2010,117,2015,5,2064946.216438356,9,30.75,1.4891429
2010,118,2015,5,2065526.736986301,10,29.375,1.4221554
2010,119,2015,5,2066126.608219178,11,18.375,.88934529
2010,120,2015,5,2066707.128767123,12,23.875,1.1552193
2010,121,2016,6,2067307,1,20.583332,.99565917
2010,122,2016,6,2067943.728142077,2,25.5,1.233109
2010,123,2016,6,2068539.37704918,3,25.375,1.226711
2010,124,2016,6,2069176.105191257,4,23.458334,1.1337041
2010,125,2016,6,2069792.293715847,5,25.875,1.2501254
2010,126,2016,6,2070429.021857924,6,21.291666,1.0283698
2010,127,2016,6,2071045.210382514,7,28.583332,1.3801404
2010,128,2016,6,2071681.93852459,8,27.875,1.345525
2010,129,2016,6,2072318.666666667,9,20.583332,.99325132
2010,130,2016,6,2072934.855191257,10,22,1.0612972
2010,131,2016,6,2073571.583333333,11,21.5,1.0368583
2010,132,2016,6,2074187.771857924,12,22,1.0606562
2010,133,2017,7,2074824.5,1,20.708334,.99807644
2010,134,2017,7,2075731.738356164,2,25.125,1.2104166
2010,135,2017,7,2076551.179452055,3,30.958334,1.4908534
2010,136,2017,7,2077458.417808219,4,24.083336,1.1592692
2010,137,2017,7,2078336.390410959,5,19.375,.93223602
2010,138,2017,7,2079243.628767123,6,18.416666,.88573873
2010,139,2017,7,2080121.601369863,7,30.291666,1.4562449
2010,140,2017,7,2081028.839726027,8,21.875,1.0511627
2010,141,2017,7,2081936.078082192,9,12.541666,.602404
2010,142,2017,7,2082814.050684931,10,17.208334,.82620597
2010,143,2017,7,2083721.289041096,11,17.375,.83384472
2010,144,2017,7,2084599.261643835,12,27.125,1.3012093
2010,145,2018,8,2085506.5,1,20.125,.96499342
2010,146,2018,8,2086585.3,2,18.75,.89859736
2010,147,2018,8,2087559.7,3,24.083334,1.1536597
2010,148,2018,8,2088638.5,4,17.833334,.85382581
2010,149,2018,8,2089682.5,5,18.75,.89726549
2010,150,2018,8,2090761.3,6,20.75,.99246144
2010,151,2018,8,2091805.3,7,21.625,1.0337961
2010,152,2018,8,2092884.1,8,25.125,1.2004964
2010,153,2018,8,2093962.9,9,17.416668,.83175629
2010,154,2018,8,2095006.9,10,20.666666,.98647243
2010,155,2018,8,2096085.7,11,19.625,.93626899
2010,156,2018,8,2097129.7,12,25.708334,1.2258819
2010,157,2019,9,2098208.5,1,24.874998,1.1855351
2010,158,2019,9,2100459.524657534,2,20.5,.97597688
2010,159,2019,9,2102492.708219178,3,17.791666,.84621775
2010,160,2019,9,2104743.732876712,4,15.041667,.71465552
2010,161,2019,9,2106922.143835616,5,25.375,1.2043635
2010,162,2019,9,2109173.168493151,6,21.041666,.9976263
2010,163,2019,9,2111351.579452055,7,20.833332,.98672962
2010,164,2019,9,2113602.604109589,8,17.625,.8338843
2010,165,2019,9,2115853.628767123,9,19.583334,.92555237
2010,166,2019,9,2118032.039726027,10,17.875,.84394377
2010,167,2019,9,2120283.064383562,11,22.75,1.0729699
2010,168,2019,9,2122461.475342466,12,27.625,1.3015548
2010,169,2020,10,2124712.5,1,17.5,.82364082
2010,170,2020,10,2124915.482240437,2,24,1.1294566
2010,171,2020,10,2125105.368852459,3,19.541666,.91956222
2010,172,2020,10,2125308.351092896,4,16.541668,.77831846
2010,173,2020,10,2125504.785519125,5,26.375,1.2408817
2010,174,2020,10,2125707.767759563,6,22.375,1.0525906
2010,175,2020,10,2125904.202185792,7,23.625,1.1112919
2010,176,2020,10,2126107.184426229,8,20.5,.96420348
2010,177,2020,10,2126310.166666667,9,20.875,.98174763
2010,178,2020,10,2126506.601092896,10,27.041666,1.2716475
2010,179,2020,10,2126709.583333333,11,16.125,.75821352
2010,180,2020,10,2126906.017759563,12,14.041666,.66019213
2010,181,2021,11,2127109,1,19.875,.93436676
2010,182,2021,11,2127679.569863014,2,20.375,.95761597
2010,183,2021,11,2128194.923287671,3,28.75,1.3509101
2010,184,2021,11,2128765.493150685,4,18.333334,.86121905
2010,185,2021,11,2129317.657534247,5,30.375,1.4265133
2010,186,2021,11,2129888.22739726,6,29.75,1.3967869
2010,187,2021,11,2130440.391780822,7,26.916668,1.2634321
2010,188,2021,11,2131010.961643836,8,25.125,1.1790179
2010,189,2021,11,2131581.531506849,9,24.333334,1.1415625
2010,190,2021,11,2132133.695890411,10,32.25,1.5125693
2010,191,2021,11,2132704.265753425,11,22.5,1.0549986
2010,192,2021,11,2133256.430136987,12,23.958334,1.1230874
2011,61,2011,0,1277791,1,1032.125,80.774162
2011,62,2011,0,1340852.813698627,2,956.375,71.325874
2011,63,2011,0,1397811.871232875,3,938.125,67.113823
2011,64,2011,0,1460873.684931509,4,807.50006,55.275146
2011,65,2011,0,1521901.246575341,5,703.75,46.241501
2011,66,2011,0,1584963.060273975,6,595.83331,37.592884
2011,67,2011,0,1645990.621917807,7,475.29166,28.875721
2011,68,2011,0,1709052.435616441,8,447.375,26.176786
2011,69,2011,0,1772114.249315068,9,317.91669,17.939966
2011,70,2011,0,1833141.810958907,10,236.87498,12.921803
2011,71,2011,0,1896203.624657534,11,138.875,7.3238444
2011,72,2011,0,1957231.186301373,12,44.625023,2.2800078
2011,73,2012,1,2020293,1,126.70833,6.27178
2011,74,2012,1,2021011.378415301,2,205.75,10.180547
2011,75,2012,1,2021683.409836065,3,289.91669,14.340361
2011,76,2012,1,2022401.788251366,4,390.41666,19.304604
2011,77,2012,1,2023096.993169399,5,475.25,23.491211
2011,78,2012,1,2023815.371584699,6,513.41669,25.368752
2011,79,2012,1,2024510.576502732,7,627.375,30.988972
2011,80,2012,1,2025228.954918033,8,710,35.057766
2011,81,2012,1,2025947.333333333,9,814.29163,40.19313
2011,82,2012,1,2026642.538251366,10,938.00006,46.283447
2011,83,2012,1,2027360.916666667,11,941.25,46.427353
2011,84,2012,1,2028056.121584699,12,1035.8333,51.075176
2011,85,2013,2,2028774.5,1,40.291668,1.9860102
2011,86,2013,2,2029788.115068493,2,52.5,2.5864768
2011,87,2013,2,2030703.638356165,3,64.375,3.1700835
2011,88,2013,2,2031717.253424658,4,57.708336,2.8403723
2011,89,2013,2,2032698.171232877,5,57.75,2.8410513
2011,90,2013,2,2033711.78630137,6,80.583328,3.9623771
2011,91,2013,2,2034692.704109589,7,69.458336,3.4137015
2011,92,2013,2,2035706.319178082,8,70.375,3.457031
2011,93,2013,2,2036719.934246575,9,67.083328,3.2936943
2011,94,2013,2,2037700.852054795,10,65.833336,3.2307656
2011,95,2013,2,2038714.467123288,11,57.875,2.8387988
2011,96,2013,2,2039695.384931507,12,75.75,3.7137899
2011,97,2014,3,2040709,1,37.583332,1.8416802
2011,98,2014,3,2041624.773972603,2,34.125,1.6714629
2011,99,2014,3,2042451.924657534,3,47.5,2.3256361
2011,100,2014,3,2043367.698630137,4,37.416668,1.8311275
2011,101,2014,3,2044253.931506849,5,39.875,1.9505894
2011,102,2014,3,2045169.705479452,6,43.708332,2.1371493
2011,103,2014,3,2046055.938356164,7,44.583336,2.1789892
2011,104,2014,3,2046971.712328767,8,50.5,2.4670589
2011,105,2014,3,2047887.48630137,9,33.791664,1.6500742
2011,106,2014,3,2048773.719178082,10,49.25,2.403877
2011,107,2014,3,2049689.493150685,11,42.375,2.0673864
2011,108,2014,3,2050575.726027397,12,39.833332,1.9425439
2011,109,2015,4,2051491.5,1,25.374998,1.2369049
2011,110,2015,4,2052167.724657534,2,23.875,1.163404
2011,111,2015,4,2052778.508219178,3,31.833334,1.5507437
2011,112,2015,4,2053454.732876712,4,28.875,1.4061669
2011,113,2015,4,2054109.143835616,5,40.25,1.959487
2011,114,2015,4,2054785.368493151,6,38.291664,1.863536
2011,115,2015,4,2055439.779452055,7,37.833332,1.8406441
2011,116,2015,4,2056116.004109589,8,43,2.0913217
2011,117,2015,4,2056792.228767123,9,29.708334,1.4444013
2011,118,2015,4,2057446.639726027,10,36.333332,1.7659428
2011,119,2015,4,2058122.864383562,11,31,1.5062269
2011,120,2015,4,2058777.275342466,12,39.333332,1.910519
2011,121,2016,5,2059453.5,1,33.583332,1.6306914
2011,122,2016,5,2060029.117486339,2,24.5,1.1893036
2011,123,2016,5,2060567.598360656,3,25.083334,1.2173022
2011,124,2016,5,2061143.215846995,4,27.291668,1.3241035
2011,125,2016,5,2061700.265027322,5,23.625,1.1458988
2011,126,2016,5,2062275.882513661,6,29.041668,1.4082339
2011,127,2016,5,2062832.931693989,7,32.666668,1.5835829
2011,128,2016,5,2063408.549180328,8,25.875,1.253993
2011,129,2016,5,2063984.166666667,9,20,.96899968
2011,130,2016,5,2064541.215846995,10,23.583332,1.1423038
2011,131,2016,5,2065116.833333333,11,32.5,1.5737609
2011,132,2016,5,2065673.882513661,12,21.041668,1.0186346
2011,133,2017,6,2066249.5,1,14.749999,.71385372
2011,134,2017,6,2066775.310958904,2,25.5,1.2338061
2011,135,2017,6,2067250.236986301,3,27.208332,1.3161606
2011,136,2017,6,2067776.047945205,4,18.75,.9067713
2011,137,2017,6,2068284.897260274,5,18.875,.91259187
2011,138,2017,6,2068810.708219178,6,18.041666,.87207913
2011,139,2017,6,2069319.557534246,7,30.166668,1.4578061
2011,140,2017,6,2069845.368493151,8,21.125,1.0206076
2011,141,2017,6,2070371.179452055,9,27.458334,1.3262517
2011,142,2017,6,2070880.028767123,10,24.916666,1.2031921
2011,143,2017,6,2071405.839726027,11,18.875,.91121691
2011,144,2017,6,2071914.689041096,12,26.041666,1.2568889
2011,145,2018,7,2072440.5,1,23.041666,1.1118132
2011,146,2018,7,2073286.205479452,2,18.25,.88024509
2011,147,2018,7,2074050.068493151,3,15.708334,.75737488
2011,148,2018,7,2074895.773972603,4,14.708334,.70887101
2011,149,2018,7,2075714.198630137,5,21.875,1.0538541
2011,150,2018,7,2076559.904109589,6,25.375,1.2219729
2011,151,2018,7,2077378.328767123,7,26.25,1.2636119
2011,152,2018,7,2078224.034246576,8,20.75,.99844867
2011,153,2018,7,2079069.739726027,9,17.291666,.83170205
2011,154,2018,7,2079888.164383562,10,14.25,.68513298
2011,155,2018,7,2080733.869863014,11,20,.96119934
2011,156,2018,7,2081552.294520548,12,14.5,.69659549
2011,157,2019,8,2082398,1,21.958332,1.0544734
2011,158,2019,8,2083066.920547945,2,16.875,.8101036
2011,159,2019,8,2083671.106849315,3,19.916668,.95584512
2011,160,2019,8,2084340.02739726,4,19.125,.91755664
2011,161,2019,8,2084987.369863014,5,20.375,.97722417
2011,162,2019,8,2085656.290410959,6,28.375,1.3604831
2011,163,2019,8,2086303.632876712,7,23.333334,1.1184055
2011,164,2019,8,2086972.553424658,8,16.75,.802598
2011,165,2019,8,2087641.473972603,9,16.166668,.77439868
2011,166,2019,8,2088288.816438356,10,16.791668,.80408746
2011,167,2019,8,2088957.736986301,11,18.625,.89159298
2011,168,2019,8,2089605.079452055,12,28,1.3399661
2011,169,2020,9,2090274,1,28.375,1.3574775
2011,170,2020,9,2090485.240437158,2,16.625,.79526991
2011,171,2020,9,2090682.852459016,3,14.416667,.68956739
2011,172,2020,9,2090894.092896175,4,13.875,.66359174
2011,173,2020,9,2091098.519125683,5,23.125,1.1058781
2011,174,2020,9,2091309.759562841,6,22.166666,1.0599418
2011,175,2020,9,2091514.18579235,7,27.708332,1.3247977
2011,176,2020,9,2091725.426229508,8,15.875,.75894284
2011,177,2020,9,2091936.666666667,9,15.75,.75289088
2011,178,2020,9,2092141.092896175,10,15.708333,.7508257
2011,179,2020,9,2092352.333333333,11,21,1.0036551
2011,180,2020,9,2092556.759562841,12,16.875,.80642974
2011,181,2021,10,2092768,1,17.333332,.8282491
2011,182,2021,10,2093344.047945206,2,16.125,.7702986
2011,183,2021,10,2093864.349315068,3,22.75,1.0865078
2011,184,2021,10,2094440.397260274,4,21.666666,1.0344847
2011,185,2021,10,2094997.863013699,5,20.25,.96658808
2011,186,2021,10,2095573.910958904,6,27.499998,1.3122896
2011,187,2021,10,2096131.376712329,7,23.833332,1.1370152
2011,188,2021,10,2096707.424657534,8,21.5,1.0254173
2011,189,2021,10,2097283.47260274,9,26.25,1.2516191
2011,190,2021,10,2097840.938356164,10,28.875,1.3764151
2011,191,2021,10,2098416.98630137,11,20.375,.97097003
2011,192,2021,10,2098974.452054794,12,22.083332,1.052101
2012,73,2012,0,1285997.5,1,1040.75,80.929398
2012,74,2012,0,1347398.88661202,2,938,69.615616
2012,75,2012,0,1404838.893442623,3,855,60.861073
2012,76,2012,0,1466240.280054644,4,817.41669,55.749165
2012,77,2012,0,1525660.976775959,5,711.875,46.660103
2012,78,2012,0,1587062.36338798,6,563.87494,35.529476
2012,79,2012,0,1646483.060109288,7,503.70831,30.592985
2012,80,2012,0,1707884.446721315,8,411.375,24.086817
2012,81,2012,0,1769285.833333336,9,325.20834,18.38077
2012,82,2012,0,1828706.530054644,10,242.29164,13.249345
2012,83,2012,0,1890107.916666672,11,133.25,7.0498619
2012,84,2012,0,1949528.61338798,12,44.916687,2.3039768
2012,85,2013,1,2010930,1,115.29166,5.7332511
2012,86,2013,1,2011759.101369863,2,177.5,8.8231239
2012,87,2013,1,2012507.967123288,3,312.5,15.527889
2012,88,2013,1,2013337.068493151,4,360.99997,17.930429
2012,89,2013,1,2014139.424657534,5,480.25,23.843931
2012,90,2013,1,2014968.526027397,6,565.125,28.046343
2012,91,2013,1,2015770.882191781,7,637.37506,31.619419
2012,92,2013,1,2016599.983561644,8,718.75,35.641674
2012,93,2013,1,2017429.084931507,9,806.58331,39.980751
2012,94,2013,1,2018231.44109589,10,901.25,44.655434
2012,95,2013,1,2019060.542465753,11,928.875,46.005306
2012,96,2013,1,2019862.898630137,12,1043,51.637169
2012,97,2014,2,2020692,1,53.166668,2.6311119
2012,98,2014,2,2021867.452054795,2,50.5,2.4976909
2012,99,2014,2,2022929.150684932,3,59.083332,2.9206822
2012,100,2014,2,2024104.602739726,4,44.166668,2.182035
2012,101,2014,2,2025242.136986302,5,58.5,2.8885436
2012,102,2014,2,2026417.589041096,6,59.958332,2.9588339
2012,103,2014,2,2027555.123287671,7,56.958336,2.8092127
2012,104,2014,2,2028730.575342466,8,53.75,2.6494401
2012,105,2014,2,2029906.027397261,9,55.416668,2.7300115
2012,106,2014,2,2031043.561643836,10,56.166664,2.7654092
2012,107,2014,2,2032219.01369863,11,58,2.854023
2012,108,2014,2,2033356.547945206,12,60.125,2.9569335
2012,109,2015,3,2034532,1,34.583332,1.6998175
2012,110,2015,3,2035528.968493151,2,44,2.1616004
2012,111,2015,3,2036429.456164384,3,37.291668,1.831228
2012,112,2015,3,2037426.424657534,4,37.416668,1.8364671
2012,113,2015,3,2038391.232876712,5,53.125,2.6062219
2012,114,2015,3,2039388.201369863,6,49.25,2.4149399
2012,115,2015,3,2040353.009589041,7,37.625,1.8440436
2012,116,2015,3,2041349.978082192,8,53.875,2.639185
2012,117,2015,3,2042346.946575343,9,34.958332,1.7116745
2012,118,2015,3,2043311.754794521,10,42.75,2.0921917
2012,119,2015,3,2044308.723287671,11,45.25,2.2134621
2012,120,2015,3,2045273.531506849,12,40,1.9557287
2012,121,2016,4,2046270.5,1,24.25,1.1850828
2012,122,2016,4,2046916.121584699,2,41.25,2.0152266
2012,123,2016,4,2047520.090163935,3,33.625,1.6422305
2012,124,2016,4,2048165.711748634,4,33.541668,1.6376443
2012,125,2016,4,2048790.506830601,5,36.5,1.781539
2012,126,2016,4,2049436.128415301,6,35.458332,1.7301506
2012,127,2016,4,2050060.923497268,7,43.25,2.1096933
2012,128,2016,4,2050706.545081967,8,35.875,1.749397
2012,129,2016,4,2051352.166666667,9,29.916666,1.4583876
2012,130,2016,4,2051976.961748634,10,34.291668,1.6711527
2012,131,2016,4,2052622.583333333,11,27.875,1.3580188
2012,132,2016,4,2053247.378415301,12,36.333332,1.7695545
2012,133,2017,5,2053893,1,31.916666,1.5539595
2012,134,2017,5,2054329.335616438,2,21.5,1.0465703
2012,135,2017,5,2054723.445205479,3,26.75,1.3018783
2012,136,2017,5,2055159.780821918,4,25.333334,1.2326698
2012,137,2017,5,2055582.04109589,5,20.75,1.0094465
2012,138,2017,5,2056018.376712329,6,26.291666,1.2787662
2012,139,2017,5,2056440.636986301,7,35.25,1.7141268
2012,140,2017,5,2056876.97260274,8,29.375,1.428136
2012,141,2017,5,2057313.308219178,9,28.75,1.3974537
2012,142,2017,5,2057735.568493151,10,23.041668,1.1197585
2012,143,2017,5,2058171.904109589,11,19.875,.96566278
2012,144,2017,5,2058594.164383562,12,28.875,1.4026563
2012,145,2018,6,2059030.5,1,24.125,1.1716679
2012,146,2018,6,2059456.856164384,2,26.25,1.2746079
2012,147,2018,6,2059841.952054795,3,25.583334,1.2420048
2012,148,2018,6,2060268.308219178,4,17.5,.84940392
2012,149,2018,6,2060680.910958904,5,26.5,1.2859827
2012,150,2018,6,2061107.267123288,6,28.375,1.3766872
2012,151,2018,6,2061519.869863014,7,30.625,1.4855545
2012,152,2018,6,2061946.226027397,8,20.125,.97601962
2012,153,2018,6,2062372.582191781,9,21.958334,1.0647123
2012,154,2018,6,2062785.184931507,10,17.75,.8604871
2012,155,2018,6,2063211.541095891,11,21.75,1.0541818
2012,156,2018,6,2063624.143835617,12,19.75,.95705414
2012,157,2019,7,2064050.5,1,21.208334,1.0275104
2012,158,2019,7,2064804.182191781,2,16.75,.81121492
2012,159,2019,7,2065484.92739726,3,28.291668,1.3697349
2012,160,2019,7,2066238.609589041,4,19.916666,.96390927
2012,161,2019,7,2066967.979452055,5,18.875,.91317332
2012,162,2019,7,2067721.661643836,6,28.624998,1.3843739
2012,163,2019,7,2068451.031506849,7,22.666666,1.0958281
2012,164,2019,7,2069204.71369863,8,16.625,.8034488
2012,165,2019,7,2069958.395890411,9,17.125,.82731134
2012,166,2019,7,2070687.765753425,10,18.583334,.89744741
2012,167,2019,7,2071441.447945205,11,20.625,.99568349
2012,168,2019,7,2072170.817808219,12,21.291668,1.0275054
2012,169,2020,8,2072924.5,1,14.333333,.69145465
2012,170,2020,8,2073143.99863388,2,14.875,.71750927
2012,171,2020,8,2073349.336065574,3,16.625,.80184269
2012,172,2020,8,2073568.834699454,4,18.625,.89820987
2012,173,2020,8,2073781.25273224,5,25,1.2055273
2012,174,2020,8,2074000.75136612,6,19.541666,.94222081
2012,175,2020,8,2074213.169398907,7,24.041666,1.1590741
2012,176,2020,8,2074432.668032787,8,19.625,.94604182
2012,177,2020,8,2074652.166666667,9,18.25,.87966555
2012,178,2020,8,2074864.584699454,10,12.208333,.58839178
2012,179,2020,8,2075084.083333333,11,18.5,.89153016
2012,180,2020,8,2075296.50136612,12,17.958334,.86533821
2012,181,2021,9,2075516,1,24.833332,1.1964896
2012,182,2021,9,2076104.915068493,2,16.875,.8128202
2012,183,2021,9,2076636.838356164,3,17.166666,.82665712
2012,184,2021,9,2077225.753424658,4,15.708334,.756217
2012,185,2021,9,2077795.671232877,5,20.5,.98662251
2012,186,2021,9,2078384.58630137,6,23.291666,1.120662
2012,187,2021,9,2078954.504109589,7,19.833332,.95400512
2012,188,2021,9,2079543.419178082,8,25,1.2021869
2012,189,2021,9,2080132.334246575,9,20.208332,.97149259
2012,190,2021,9,2080702.252054794,10,17.5,.84106219
2012,191,2021,9,2081291.167123287,11,24.375,1.1711481
2012,192,2021,9,2081861.084931507,12,26.791668,1.2869095
2013,85,2013,0,1304691,1,1108.7916,84.985001
2013,86,2013,0,1365369.04109589,2,856.625,62.739449
2013,87,2013,0,1420175.01369863,3,886.66669,62.43362
2013,88,2013,0,1480853.05479452,4,749.41669,50.607094
2013,89,2013,0,1539573.739726029,5,718.125,46.644405
2013,90,2013,0,1600251.780821919,6,604.49994,37.775303
2013,91,2013,0,1658972.465753429,7,508.29166,30.638945
2013,92,2013,0,1719650.506849319,8,412.125,23.965626
2013,93,2013,0,1780328.547945209,9,322.87503,18.135698
2013,94,2013,0,1839049.232876711,10,233.33331,12.687715
2013,95,2013,0,1899727.273972601,11,131.625,6.9286261
2013,96,2013,0,1958447.95890411,12,45.208355,2.3083766
2013,97,2014,1,2019126,1,143.83333,7.1235437
2013,98,2014,1,2020043.132876712,2,179.875,8.9045124
2013,99,2014,1,2020871.510958904,3,272,13.459539
2013,100,2014,1,2021788.643835616,4,368.5,18.226435
2013,101,2014,1,2022676.191780822,5,470.875,23.279802
2013,102,2014,1,2023593.324657534,6,520.75,25.733925
2013,103,2014,1,2024480.87260274,7,632.37506,31.236406
2013,104,2014,1,2025398.005479452,8,714.875,35.295532
2013,105,2014,1,2026315.138356164,9,771.33331,38.065811
2013,106,2014,1,2027202.68630137,10,878.75,43.347912
2013,107,2014,1,2028119.819178082,11,929.75,45.842953
2013,108,2014,1,2029007.367123288,12,1006.875,49.62402
2013,109,2015,2,2029924.5,1,49.458332,2.4364617
2013,110,2015,2,2031221.404109589,2,47.75,2.3508024
2013,111,2015,2,2032392.801369863,3,52.875,2.6016133
2013,112,2015,2,2033689.705479452,4,68.75,3.3805552
2013,113,2015,2,2034944.773972603,5,66,3.2433312
2013,114,2015,2,2036241.678082192,6,67.25,3.3026531
2013,115,2015,2,2037496.746575342,7,59.583336,2.9243402
2013,116,2015,2,2038793.650684932,8,68.125,3.3414366
2013,117,2015,2,2040090.554794521,9,54,2.6469414
2013,118,2015,2,2041345.623287671,10,62.208336,3.0474181
2013,119,2015,2,2042642.527397261,11,68.875,3.3718576
2013,120,2015,2,2043897.595890411,12,68.749992,3.3636711
2013,121,2016,3,2045194.5,1,30.625,1.4974126
2013,122,2016,3,2046186.118852459,2,35.375,1.7288262
2013,123,2016,3,2047113.762295082,3,37.458332,1.8298119
2013,124,2016,3,2048105.381147541,4,50.791668,2.4799342
2013,125,2016,3,2049065.012295082,5,56,2.7329538
2013,126,2016,3,2050056.631147541,6,40.125,1.957263
2013,127,2016,3,2051016.262295082,7,61.166668,2.9822614
2013,128,2016,3,2052007.881147541,8,45.5,2.2173405
2013,129,2016,3,2052999.5,9,41.083332,2.001137
2013,130,2016,3,2053959.131147541,10,41.75,2.0326598
2013,131,2016,3,2054950.75,11,44.5,2.1655021
2013,132,2016,3,2055910.381147541,12,45.625,2.2192116
2013,133,2017,4,2056902,1,30.25,1.4706583
2013,134,2017,4,2057422.290410959,2,19.75,.95993906
2013,135,2017,4,2057892.230136986,3,24.708334,1.2006621
2013,136,2017,4,2058412.520547945,4,31.583334,1.534354
2013,137,2017,4,2058916.02739726,5,29.625,1.4388639
2013,138,2017,4,2059436.317808219,6,39.541664,1.9200237
2013,139,2017,4,2059939.824657534,7,41.25,2.0024858
2013,140,2017,4,2060460.115068493,8,45,2.1839783
2013,141,2017,4,2060980.405479452,9,31.958332,1.5506374
2013,142,2017,4,2061483.912328767,10,32.291668,1.5664283
2013,143,2017,4,2062004.202739726,11,40.125,1.9459224
2013,144,2017,4,2062507.709589041,12,35.708336,1.7313068
2013,145,2018,5,2063028,1,26.958334,1.3067362
2013,146,2018,5,2063354.391780822,2,21.25,1.0298764
2013,147,2018,5,2063649.197260274,3,25.041666,1.2134652
2013,148,2018,5,2063975.589041096,4,23.666668,1.1466545
2013,149,2018,5,2064291.452054794,5,34.625,1.677331
2013,150,2018,5,2064617.843835616,6,29.999998,1.4530534
2013,151,2018,5,2064933.706849315,7,33.083336,1.6021501
2013,152,2018,5,2065260.098630137,8,28.875,1.398129
2013,153,2018,5,2065586.490410959,9,31.083332,1.5048187
2013,154,2018,5,2065902.353424658,10,24.541668,1.1879394
2013,155,2018,5,2066228.745205479,11,22,1.0647417
2013,156,2018,5,2066544.608219178,12,26.708334,1.292415
2013,157,2019,6,2066871,1,25.875,1.2518923
2013,158,2019,6,2067550.706849315,2,21.625,1.0459236
2013,159,2019,6,2068164.635616438,3,21.75,1.0516571
2013,160,2019,6,2068844.342465754,4,23.208336,1.121802
2013,161,2019,6,2069502.123287671,5,26.75,1.2925814
2013,162,2019,6,2070181.830136986,6,25.166666,1.2156742
2013,163,2019,6,2070839.610958904,7,26.041668,1.2575415
2013,164,2019,6,2071519.317808219,8,19.5,.94133806
2013,165,2019,6,2072199.024657534,9,25.791666,1.2446519
2013,166,2019,6,2072856.805479452,10,19,.91660941
2013,167,2019,6,2073536.512328767,11,23.625,1.1393578
2013,168,2019,6,2074194.293150685,12,34.416664,1.6592788
2013,169,2020,7,2074874,1,21.749998,1.0482563
2013,170,2020,7,2075097.733606557,2,21.625,1.0421196
2013,171,2020,7,2075307.032786885,3,19,.91552716
2013,172,2020,7,2075530.766393443,4,22.666668,1.0920902
2013,173,2020,7,2075747.282786885,5,20.5,.98759615
2013,174,2020,7,2075971.016393443,6,25.416666,1.2243266
2013,175,2020,7,2076187.532786885,7,23.333334,1.1238549
2013,176,2020,7,2076411.266393443,8,19.25,.92708033
2013,177,2020,7,2076635,9,23.541666,1.1336448
2013,178,2020,7,2076851.516393443,10,19.916668,.95898372
2013,179,2020,7,2077075.25,11,20.625,.9929828
2013,180,2020,7,2077291.766393443,12,16.083334,.77424532
2013,181,2021,8,2077515.5,1,20.875,1.0048059
2013,182,2021,8,2078127.728767123,2,15.875,.76390874
2013,183,2021,8,2078680.709589041,3,16.083334,.77372795
2013,184,2021,8,2079292.938356164,4,18.208334,.87569833
2013,185,2021,8,2079885.417808219,5,23.75,1.1418898
2013,186,2021,8,2080497.646575342,6,23.708332,1.139551
2013,187,2021,8,2081090.126027397,7,19.625,.9430154
2013,188,2021,8,2081702.354794521,8,29.25,1.4051
2013,189,2021,8,2082314.583561644,9,18.416666,.88443244
2013,190,2021,8,2082907.063013699,10,15.791667,.75815517
2013,191,2021,8,2083519.291780822,11,25.875,1.2418891
2013,192,2021,8,2084111.771232877,12,24.125,1.1575675
2014,97,2014,0,1325303.5,1,1037.875,78.312248
2014,98,2014,0,1385382.009589039,2,885.5,63.917389
2014,99,2014,0,1439646.469863012,3,832.04169,57.794861
2014,100,2014,0,1499724.979452051,4,784.83337,52.331821
2014,101,2014,0,1557865.47260274,5,705.625,45.294346
2014,102,2014,0,1617943.982191779,6,572.54163,35.386986
2014,103,2014,0,1676084.475342467,7,511.04166,30.49021
2014,104,2014,0,1736162.984931506,8,417,24.018482
2014,105,2014,0,1796241.494520545,9,310.04169,17.26058
2014,106,2014,0,1854381.987671234,10,228.12498,12.301941
2014,107,2014,0,1914460.497260273,11,131.75,6.8818345
2014,108,2014,0,1972600.990410961,12,43.666687,2.2136605
2014,109,2015,1,2032679.5,1,125.95833,6.1966643
2014,110,2015,1,2033641.349315069,2,191.875,9.4350462
2014,111,2015,1,2034510.116438356,3,296.5,14.573533
2014,112,2015,1,2035471.965753425,4,397.79169,19.542971
2014,113,2015,1,2036402.787671233,5,458.125,22.496777
2014,114,2015,1,2037364.636986302,6,540.375,26.523235
2014,115,2015,1,2038295.45890411,7,635.45837,31.17597
2014,116,2015,1,2039257.308219178,8,709.75,34.804337
2014,117,2015,1,2040219.157534247,9,796.25,39.027672
2014,118,2015,1,2041149.979452055,10,853.125,41.796291
2014,119,2015,1,2042111.828767123,11,900.625,44.102631
2014,120,2015,1,2043042.650684932,12,1083.9166,53.054039
2014,121,2016,2,2044004.5,1,46.125,2.2565997
2014,122,2016,2,2045339.490437158,2,34.75,1.6989845
2014,123,2016,2,2046588.352459016,3,49.875,2.4369824
2014,124,2016,2,2047923.342896175,4,66.125,3.2288806
2014,125,2016,2,2049215.269125683,5,63.375,3.0926473
2014,126,2016,2,2050550.259562842,6,58.291664,2.8427327
2014,127,2016,2,2051842.18579235,7,74,3.6065152
2014,128,2016,2,2053177.176229508,8,70.125,3.4154384
2014,129,2016,2,2054512.166666667,9,59.583336,2.900121
2014,130,2016,2,2055804.092896175,10,58.041668,2.8233073
2014,131,2016,2,2057139.083333333,11,67.125,3.2630267
2014,132,2016,2,2058431.009562842,12,70.916664,3.4451804
2014,133,2017,3,2059766,1,36.041668,1.7497942
2014,134,2017,3,2060687.124657534,2,33.625,1.6317372
2014,135,2017,3,2061519.108219178,3,39.166668,1.8998935
2014,136,2017,3,2062440.232876712,4,36.5,1.7697482
2014,137,2017,3,2063331.643835616,5,42.25,2.0476592
2014,138,2017,3,2064252.768493151,6,57.5,2.7855115
2014,139,2017,3,2065144.179452055,7,54.291664,2.6289527
2014,140,2017,3,2066065.304109589,8,50.375,2.4382095
2014,141,2017,3,2066986.428767123,9,46.75,2.2617469
2014,142,2017,3,2067877.839726027,10,36.583336,1.7691246
2014,143,2017,3,2068798.964383562,11,40.375,1.9516155
2014,144,2017,3,2069690.375342465,12,47.5,2.2950292
2014,145,2018,4,2070611.5,1,26.791666,1.2939012
2014,146,2018,4,2071029.150684931,2,24.75,1.195058
2014,147,2018,4,2071406.383561644,3,31.708334,1.5307635
2014,148,2018,4,2071824.034246575,4,22.375,1.0799662
2014,149,2018,4,2072228.212328767,5,44.375,2.1414146
2014,150,2018,4,2072645.863013698,6,35.5,1.7127866
2014,151,2018,4,2073050.04109589,7,36.708332,1.7707403
2014,152,2018,4,2073467.691780822,8,32.375,1.561394
2014,153,2018,4,2073885.342465753,9,36.833332,1.7760544
2014,154,2018,4,2074289.520547945,10,27.583334,1.3297726
2014,155,2018,4,2074707.171232877,11,31.625,1.5243115
2014,156,2018,4,2075111.349315068,12,41.375,1.9938689
2014,157,2019,5,2075529,1,22.916666,1.1041361
2014,158,2019,5,2075969.32739726,2,18.375,.88512868
2014,159,2019,5,2076367.042465753,3,31,1.4929923
2014,160,2019,5,2076807.369863014,4,18.375,.88477153
2014,161,2019,5,2077233.493150685,5,24.375,1.1734357
2014,162,2019,5,2077673.820547945,6,27.583332,1.3276064
2014,163,2019,5,2078099.943835617,7,33.083336,1.5919993
2014,164,2019,5,2078540.271232877,8,29.125,1.4012238
2014,165,2019,5,2078980.598630137,9,22.625,1.0882738
2014,166,2019,5,2079406.721917808,10,24.541668,1.1802245
2014,167,2019,5,2079847.049315068,11,23.125,1.1118606
2014,168,2019,5,2080273.17260274,12,34.041664,1.6364036
2014,169,2020,6,2080713.5,1,16.166666,.77697706
2014,170,2020,6,2080944.983606557,2,25.75,1.2374185
2014,171,2020,6,2081161.532786885,3,20.25,.97301435
2014,172,2020,6,2081393.016393443,4,20.208332,.97090417
2014,173,2020,6,2081617.032786885,5,21.25,1.020841
2014,174,2020,6,2081848.516393443,6,32.541664,1.5631139
2014,175,2020,6,2082072.532786885,7,25.916666,1.2447532
2014,176,2020,6,2082304.016393443,8,19.5,.9364627
2014,177,2020,6,2082535.5,9,24.291668,1.1664468
2014,178,2020,6,2082759.516393443,10,28.333332,1.3603747
2014,179,2020,6,2082991,11,24.5,1.1761932
2014,180,2020,6,2083215.016393443,12,17.916668,.86004889
2014,181,2021,7,2083446.5,1,18,.86395305
2014,182,2021,7,2084071.34109589,2,16.125,.77372593
2014,183,2021,7,2084635.71369863,3,23.791666,1.1412865
2014,184,2021,7,2085260.554794521,4,26,1.2468466
2014,185,2021,7,2085865.239726027,5,25.75,1.2344997
2014,186,2021,7,2086490.080821918,6,21.916666,1.0504084
2014,187,2021,7,2087094.765753425,7,30.75,1.4733399
2014,188,2021,7,2087719.606849315,8,25.625,1.2274158
2014,189,2021,7,2088344.447945205,9,23.25,1.1133221
2014,190,2021,7,2088949.132876712,10,17.583332,.84173101
2014,191,2021,7,2089573.973972603,11,22.5,1.0767745
2014,192,2021,7,2090178.65890411,12,34.541664,1.6525699
2015,109,2015,0,1347958,1,1067.5833,79.200035
2015,110,2015,0,1406128.098630138,2,889.875,63.285484
2015,111,2015,0,1458668.832876712,3,889.04169,60.948837
2015,112,2015,0,1516838.93150685,4,782.00006,51.554588
2015,113,2015,0,1573132.575342469,5,684.375,43.503963
2015,114,2015,0,1631302.673972607,6,589.33331,36.126545
2015,115,2015,0,1687596.317808218,7,507.83331,30.092108
2015,116,2015,0,1745766.416438356,8,408.75,23.413786
2015,117,2015,0,1803936.515068494,9,320.54169,17.769012
2015,118,2015,0,1860230.158904113,10,220.83331,11.87129
2015,119,2015,0,1918400.257534251,11,127.375,6.6396465
2015,120,2015,0,1974693.901369862,12,47.000023,2.3801169
2015,121,2016,1,2032864,1,115.25,5.6693416
2015,122,2016,1,2033818.096994536,2,186.75,9.1822367
2015,123,2016,1,2034710.639344262,3,287.66666,14.137964
2015,124,2016,1,2035664.736338798,4,360.41666,17.705109
2015,125,2016,1,2036588.056010929,5,454.875,22.33515
2015,126,2016,1,2037542.153005464,6,526.375,25.833822
2015,127,2016,1,2038465.472677595,7,608.62506,29.857021
2015,128,2016,1,2039419.569672131,8,732.125,35.898693
2015,129,2016,1,2040373.666666667,9,761.58331,37.32568
2015,130,2016,1,2041296.986338798,10,893.25006,43.758945
2015,131,2016,1,2042251.083333333,11,938.875,45.972553
2015,132,2016,1,2043174.403005464,12,1022.6666,50.05283
2015,133,2017,2,2044128.5,1,38.041664,1.8610212
2015,134,2017,2,2045442.135616438,2,48.375,2.3650143
2015,135,2017,2,2046628.645205479,3,58.958336,2.880754
2015,136,2017,2,2047942.280821918,4,54.333336,2.6530697
2015,137,2017,2,2049213.54109589,5,65.75,3.2085481
2015,138,2017,2,2050527.176712329,6,71.333328,3.47878
2015,139,2017,2,2051798.436986301,7,70.041664,3.4136717
2015,140,2017,2,2053112.07260274,8,57.5,2.8006265
2015,141,2017,2,2054425.708219178,9,59.791668,2.9103835
2015,142,2017,2,2055696.968493151,10,66.291672,3.2247784
2015,143,2017,2,2057010.604109589,11,60.125,2.922931
2015,144,2017,2,2058281.864383562,12,75.791664,3.6822782
2015,145,2018,3,2059595.5,1,44.708332,2.1707337
2015,146,2018,3,2060466.175342466,2,37.375,1.8139099
2015,147,2018,3,2061252.591780822,3,46.375,2.2498455
2015,148,2018,3,2062123.267123288,4,37.083336,1.7983084
2015,149,2018,3,2062965.856164383,5,52.5,2.5448797
2015,150,2018,3,2063836.531506849,6,49.333332,2.3903701
2015,151,2018,3,2064679.120547945,7,53.083336,2.5710211
2015,152,2018,3,2065549.795890411,8,50.125,2.4267147
2015,153,2018,3,2066420.471232877,9,49.333336,2.3873813
2015,154,2018,3,2067263.060273972,10,39.083332,1.8905834
2015,155,2018,3,2068133.735616438,11,51.375,2.4841237
2015,156,2018,3,2068976.324657534,12,29.541666,1.4278398
2015,157,2019,4,2069847,1,21.541666,1.0407372
2015,158,2019,4,2070059.795890411,2,15.875,.76688606
2015,159,2019,4,2070251.998630137,3,17,.82115608
2015,160,2019,4,2070464.794520548,4,28.125,1.3583907
2015,161,2019,4,2070670.726027397,5,33.875,1.6359433
2015,162,2019,4,2070883.521917808,6,36.666664,1.7705806
2015,163,2019,4,2071089.453424658,7,34,1.6416481
2015,164,2019,4,2071302.249315069,8,32.75,1.5811309
2015,165,2019,4,2071515.045205479,9,24.25,1.1706408
2015,166,2019,4,2071720.976712329,10,38.666664,1.8664031
2015,167,2019,4,2071933.77260274,11,23.875,1.1523051
2015,168,2019,4,2072139.704109589,12,34.958332,1.6870644
2015,169,2020,5,2072352.5,1,20.25,.97715038
2015,170,2020,5,2072595.121584699,2,24.75,1.1941551
2015,171,2020,5,2072822.090163935,3,26.666668,1.2864909
2015,172,2020,5,2073064.711748634,4,28,1.3506573
2015,173,2020,5,2073299.506830601,5,29.375,1.4168237
2015,174,2020,5,2073542.128415301,6,31.541666,1.521149
2015,175,2020,5,2073776.923497268,7,28.25,1.3622488
2015,176,2020,5,2074019.545081967,8,17.875,.861853
2015,177,2020,5,2074262.166666667,9,23.291666,1.1228892
2015,178,2020,5,2074496.961748634,10,28.416668,1.3698101
2015,179,2020,5,2074739.583333333,11,18,.86757874
2015,180,2020,5,2074974.378415301,12,29.5,1.4217043
2015,181,2021,6,2075217,1,18.041666,.86938697
2015,182,2021,6,2075861.884931507,2,23,1.1079736
2015,183,2021,6,2076444.361643836,3,23.416668,1.1277292
2015,184,2021,6,2077089.246575342,4,27.166668,1.3079201
2015,185,2021,6,2077713.328767123,5,27.75,1.3356029
2015,186,2021,6,2078358.21369863,6,25.75,1.2389587
2015,187,2021,6,2078982.295890411,7,37.916668,1.823809
2015,188,2021,6,2079627.180821918,8,24.875,1.1961279
2015,189,2021,6,2080272.065753425,9,24.291668,1.1677159
2015,190,2021,6,2080896.147945206,10,25.916668,1.2454571
2015,191,2021,6,2081541.032876713,11,22,1.0569093
2015,192,2021,6,2082165.115068493,12,29.25,1.4047878
2016,121,2016,0,1354666.5,1,1063.75,78.524864
2016,122,2016,0,1409843.493169397,2,933.625,66.221886
2016,123,2016,0,1461460.68032787,3,864.5,59.153149
2016,124,2016,0,1516637.673497267,4,735.95837,48.525654
2016,125,2016,0,1570034.763661206,5,670.625,42.714024
2016,126,2016,0,1625211.756830603,6,574.70831,35.362057
2016,127,2016,0,1678608.846994534,7,486.29166,28.969921
2016,128,2016,0,1733785.840163939,8,420.375,24.246075
2016,129,2016,0,1788962.833333336,9,305.66669,17.086252
2016,130,2016,0,1842359.923497267,10,231.66664,12.57445
2016,131,2016,0,1897536.916666672,11,132.875,7.0024986
2016,132,2016,0,1950934.006830603,12,44.333355,2.2724168
2016,133,2017,1,2006111,1,103.75,5.1716981
2016,134,2017,1,2006975.942465753,2,184.625,9.1991634
2016,135,2017,1,2007757.180821918,3,272.125,13.55368
2016,136,2017,1,2008622.123287671,4,369.83331,18.412289
2016,137,2017,1,2009459.164383562,5,454.375,22.611805
2016,138,2017,1,2010324.106849315,6,550.25,27.371208
2016,139,2017,1,2011161.147945205,7,591.66669,29.419159
2016,140,2017,1,2012026.090410959,8,703.875,34.983395
2016,141,2017,1,2012891.032876712,9,764.95831,38.002968
2016,142,2017,1,2013728.073972603,10,836.37506,41.533665
2016,143,2017,1,2014593.016438356,11,871.5,43.259357
2016,144,2017,1,2015430.057534247,12,954.83331,47.376156
2016,145,2018,2,2016295,1,39.958332,1.9817702
2016,146,2018,2,2017628.721917808,2,44.375,2.1993639
2016,147,2018,2,2018833.373972603,3,63,3.1206141
2016,148,2018,2,2020167.095890411,4,50.791668,2.514231
2016,149,2018,2,2021457.794520548,5,71,3.5123167
2016,150,2018,2,2022791.516438356,6,58.916664,2.9126415
2016,151,2018,2,2024082.215068493,7,73.125,3.6127486
2016,152,2018,2,2025415.936986302,8,67.25,3.3203056
2016,153,2018,2,2026749.65890411,9,59.666664,2.9439583
2016,154,2018,2,2028040.357534247,10,56.25,2.7736135
2016,155,2018,2,2029374.079452055,11,68.875,3.3939035
2016,156,2018,2,2030664.778082192,12,63.5,3.1270547
2016,157,2019,3,2031998.5,1,34.458332,1.6957853
2016,158,2019,3,2032517.728767123,2,30,1.4760019
2016,159,2019,3,2032986.709589041,3,36.208332,1.7810413
2016,160,2019,3,2033505.938356164,4,35.333336,1.7375575
2016,161,2019,3,2034008.417808219,5,36.125,1.7760497
2016,162,2019,3,2034527.646575342,6,48.791664,2.3981814
2016,163,2019,3,2035030.126027397,7,44.291668,2.1764624
2016,164,2019,3,2035549.35479452,8,40.125,1.9712124
2016,165,2019,3,2036068.583561644,9,31.666666,1.5552849
2016,166,2019,3,2036571.063013698,10,39.625,1.9456724
2016,167,2019,3,2037090.291780822,11,21.375,1.0492908
2016,168,2019,3,2037592.771232877,12,47.458336,2.3291373
2016,169,2020,4,2038112,1,26.208332,1.2859123
2016,170,2020,4,2038364.150273224,2,30.875,1.514695
2016,171,2020,4,2038600.032786885,3,33.833332,1.6596357
2016,172,2020,4,2038852.183060109,4,28.875,1.4162381
2016,173,2020,4,2039096.199453552,5,30.125,1.4773703
2016,174,2020,4,2039348.349726776,6,30.541666,1.4976189
2016,175,2020,4,2039592.366120219,7,39.125,1.9182755
2016,176,2020,4,2039844.516393443,8,23.5,1.1520486
2016,177,2020,4,2040096.666666667,9,27.958334,1.3704417
2016,178,2020,4,2040340.683060109,10,38.291668,1.8767291
2016,179,2020,4,2040592.833333333,11,29.25,1.4334069
2016,180,2020,4,2040836.849726776,12,27.125,1.3291116
2016,181,2021,5,2041089,1,19.499998,.95537227
2016,182,2021,5,2041771.552054795,2,16.875,.82648814
2016,183,2021,5,2042388.050684931,3,25.625,1.2546587
2016,184,2021,5,2043070.602739726,4,30.000002,1.4683782
2016,185,2021,5,2043731.136986301,5,29.375,1.4373221
2016,186,2021,5,2044413.689041096,6,33.125,1.6202689
2016,187,2021,5,2045074.223287671,7,41.333332,2.0211165
2016,188,2021,5,2045756.775342466,8,27.875,1.3625765
2016,189,2021,5,2046439.32739726,9,24,1.1727687
2016,190,2021,5,2047099.861643836,10,31.166668,1.5224792
2016,191,2021,5,2047782.41369863,11,15.875,.77522886
2016,192,2021,5,2048442.947945205,12,28.041666,1.3689259
2017,133,2017,0,1345784.5,1,1019.6666,75.767448
2017,134,2017,0,1398773.776712328,2,851.375,60.86581
2017,135,2017,0,1446635.058904104,3,811.45837,56.092819
2017,136,2017,0,1499624.33561644,4,765.70837,51.060013
2017,137,2017,0,1550904.280821912,5,671.875,43.321499
2017,138,2017,0,1603893.557534248,6,599.08331,37.351814
2017,139,2017,0,1655173.50273972,7,471.16666,28.466301
2017,140,2017,0,1708162.779452056,8,408.375,23.907265
2017,141,2017,0,1761152.056164384,9,307.41669,17.455431
2017,142,2017,0,1812432.001369864,10,216.04164,11.919986
2017,143,2017,0,1865421.278082192,11,123.375,6.6137877
2017,144,2017,0,1916701.223287672,12,41.375019,2.1586578
2017,145,2018,1,1969690.5,1,126.83333,6.4392519
2017,146,2018,1,1970554.126027397,2,181.875,9.2296371
2017,147,2018,1,1971334.175342466,3,269.45831,13.66883
2017,148,2018,1,1972197.801369863,4,330.375,16.751616
2017,149,2018,1,1973033.568493151,5,434.625,22.028261
2017,150,2018,1,1973897.194520548,6,471.125,23.867758
2017,151,2018,1,1974732.961643836,7,589.16669,29.835258
2017,152,2018,1,1975596.587671233,8,664.75,33.648064
2017,153,2018,1,1976460.21369863,9,738.45831,37.362671
2017,154,2018,1,1977295.980821918,10,838.20837,42.391647
2017,155,2018,1,1978159.606849315,11,854.125,43.177761
2017,156,2018,1,1978995.373972603,12,978.29163,49.43375
2017,157,2019,2,1979859,1,45.875,2.3170843
2017,158,2019,2,1980842.506849315,2,42.5,2.1455517
2017,159,2019,2,1981730.835616438,3,42.208336,2.1298723
2017,160,2019,2,1982714.342465753,4,62.083336,3.1312294
2017,161,2019,2,1983666.123287671,5,56.125,2.8293571
2017,162,2019,2,1984649.630136986,6,59.375,2.9917119
2017,163,2019,2,1985601.410958904,7,66,3.32393
2017,164,2019,2,1986584.917808219,8,50.625,2.5483432
2017,165,2019,2,1987568.424657534,9,63.75,3.2074368
2017,166,2019,2,1988520.205479452,10,58,2.9167418
2017,167,2019,2,1989503.712328767,11,58.625,2.9467149
2017,168,2019,2,1990455.493150685,12,76.75,3.8559012
2017,169,2020,3,1991439,1,31.499998,1.5817707
2017,170,2020,3,1991697.206284153,2,37.5,1.8828163
2017,171,2020,3,1991938.754098361,3,37.833336,1.8993223
2017,172,2020,3,1992196.960382514,4,31.583334,1.5853519
2017,173,2020,3,1992446.837431694,5,47,2.3589087
2017,174,2020,3,1992705.043715847,6,43.291664,2.1725073
2017,175,2020,3,1992954.920765027,7,51.416664,2.579921
2017,176,2020,3,1993213.12704918,8,44.875,2.25139
2017,177,2020,3,1993471.333333333,9,39.208332,1.966837
2017,178,2020,3,1993721.210382514,10,31.5,1.5799601
2017,179,2020,3,1993979.416666667,11,30.125,1.510798
2017,180,2020,3,1994229.293715847,12,38.5,1.9305704
2017,181,2021,4,1994487.5,1,30.916666,1.5501058
2017,182,2021,4,1995213.579452055,2,24.375,1.2216737
2017,183,2021,4,1995869.393150685,3,28.208334,1.4133357
2017,184,2021,4,1996595.47260274,4,31.166668,1.5609906
2017,185,2021,4,1997298.130136986,5,37.5,1.8775364
2017,186,2021,4,1998024.209589041,6,40.75,2.0395148
2017,187,2021,4,1998726.867123288,7,47.708336,2.3869362
2017,188,2021,4,1999452.946575342,8,35.25,1.7629822
2017,189,2021,4,2000179.026027397,9,34.625,1.7310951
2017,190,2021,4,2000881.683561644,10,30.416666,1.5201632
2017,191,2021,4,2001607.763013699,11,27.25,1.3614056
2017,192,2021,4,2002310.420547945,12,36.625,1.829137
2018,145,2018,0,1340668.5,1,1043.625,77.843628
2018,146,2018,0,1391297.487671234,2,813.75,58.488571
2018,147,2018,0,1437026.895890415,3,834.41669,58.065487
2018,148,2018,0,1487655.883561648,4,699.12506,46.995079
2018,149,2018,0,1536651.678082198,5,640,41.648994
2018,150,2018,0,1587280.665753432,6,518.37494,32.658051
2018,151,2018,0,1636276.460273974,7,467.49997,28.570965
2018,152,2018,0,1686905.447945207,8,382.875,22.696886
2018,153,2018,0,1737534.435616441,9,296.62503,17.071606
2018,154,2018,0,1786530.230136991,10,217.29164,12.162774
2018,155,2018,0,1837159.217808224,11,120.75,6.5726476
2018,156,2018,0,1886155.012328774,12,42.416687,2.2488441
2018,157,2019,1,1936784,1,104.79167,5.4106021
2018,158,2019,1,1937594.331506849,2,186.25,9.6124353
2018,159,2019,1,1938326.243835616,3,257.41666,13.280357
2018,160,2019,1,1939136.575342466,4,317,16.347483
2018,161,2019,1,1939920.767123288,5,439.125,22.636234
2018,162,2019,1,1940731.098630137,6,508.79166,26.216494
2018,163,2019,1,1941515.290410959,7,575.87506,29.661114
2018,164,2019,1,1942325.621917808,8,637.125,32.802174
2018,165,2019,1,1943135.953424658,9,707.83331,36.427368
2018,166,2019,1,1943920.14520548,10,741.45837,38.142429
2018,167,2019,1,1944730.476712329,11,839.25,43.155079
2018,168,2019,1,1945514.668493151,12,952,48.933067
2018,169,2020,2,1946325,1,43.958332,2.2585299
2018,170,2020,2,1946588.669398907,2,44.5,2.2860506
2018,171,2020,2,1946835.327868853,3,50.375,2.5875328
2018,172,2020,2,1947098.99726776,4,37.958336,1.9494816
2018,173,2020,2,1947354.161202186,5,58.25,2.9912381
2018,174,2020,2,1947617.830601093,6,62.666664,3.2176058
2018,175,2020,2,1947872.994535519,7,60.875,3.1252038
2018,176,2020,2,1948136.663934426,8,56.875,2.9194565
2018,177,2020,2,1948400.333333333,9,59.291668,3.0430946
2018,178,2020,2,1948655.49726776,10,59.083336,3.0320053
2018,179,2020,2,1948919.166666667,11,63.25,3.2453885
2018,180,2020,2,1949174.330601093,12,46.666664,2.394176
2018,181,2021,3,1949438,1,29.25,1.5004325
2018,182,2021,3,1950199.665753425,2,34,1.7434112
2018,183,2021,3,1950887.621917808,3,31.291668,1.6039708
2018,184,2021,3,1951649.287671233,4,37.791668,1.9363965
2018,185,2021,3,1952386.383561644,5,48.875,2.5033467
2018,186,2021,3,1953148.049315068,6,50.875,2.6047692
2018,187,2021,3,1953885.14520548,7,42.416664,2.1708884
2018,188,2021,3,1954646.810958904,8,47.75,2.4428966
2018,189,2021,3,1955408.476712329,9,47.5,2.4291599
2018,190,2021,3,1956145.57260274,10,39.5,2.0192771
2018,191,2021,3,1956907.238356164,11,38.625,1.9737778
2018,192,2021,3,1957644.334246575,12,47.541668,2.428514
2019,157,2019,0,1330621.5,1,955.45831,71.80542
2019,158,2019,0,1379647.575342461,2,807.625,58.538502
2019,159,2019,0,1423929.19178082,3,791.66669,55.597336
2019,160,2019,0,1472955.267123282,4,646.00006,43.85741
2019,161,2019,0,1520399.856164381,5,650.625,42.793018
2019,162,2019,0,1569425.931506842,6,562.24994,35.825199
2019,163,2019,0,1616870.520547941,7,457.41666,28.290247
2019,164,2019,0,1665896.59589041,8,370.125,22.217766
2019,165,2019,0,1714922.671232872,9,282.33334,16.463327
2019,166,2019,0,1762367.260273971,10,191.66664,10.875522
2019,167,2019,0,1811393.335616432,11,118.75,6.555727
2019,168,2019,0,1858837.924657531,12,41.250019,2.2191293
2019,169,2020,1,1907864,1,103.04167,5.4008918
2019,170,2020,1,1908112.12704918,2,174.625,9.1517162
2019,171,2020,1,1908344.245901639,3,262.25,13.742279
2019,172,2020,1,1908592.37295082,4,296.16666,15.517544
2019,173,2020,1,1908832.495901639,5,412.25,21.596972
2019,174,2020,1,1909080.62295082,6,457.04166,23.940407
2019,175,2020,1,1909320.745901639,7,530.29169,27.77384
2019,176,2020,1,1909568.87295082,8,566.75,29.679474
2019,177,2020,1,1909817,9,671.625,35.166981
2019,178,2020,1,1910057.12295082,10,702.70831,36.789909
2019,179,2020,1,1910305.25,11,750.5,39.286915
2019,180,2020,1,1910545.37295082,12,839.54163,43.942513
2019,181,2021,2,1910793.5,1,35.333332,1.8491445
2019,182,2021,2,1911580.475342466,2,36,1.8832585
2019,183,2021,2,1912291.291780822,3,42.916668,2.2442536
2019,184,2021,2,1913078.267123288,4,51.666668,2.7007086
2019,185,2021,2,1913839.856164383,5,54.875,2.8672724
2019,186,2021,2,1914626.831506849,6,59.458328,3.1054788
2019,187,2021,2,1915388.420547945,7,52.791668,2.756186
2019,188,2021,2,1916175.395890411,8,63,3.2877991
2019,189,2021,2,1916962.371232877,9,72.25,3.7689838
2019,190,2021,2,1917723.960273973,10,62.583336,3.2634172
2019,191,2021,2,1918510.935616438,11,81.125,4.2285399
2019,192,2021,2,1919272.524657534,12,80.583328,4.1986394
2020,169,2020,0,1323062,1,915.20831,69.1735
2020,170,2020,0,1368683.243169397,2,799.75,58.432076
2020,171,2020,0,1411361.180327866,3,737.83337,52.278141
2020,172,2020,0,1456982.423497267,4,633.25006,43.463123
2020,173,2020,0,1501132.013661202,5,606.875,40.427822
2020,174,2020,0,1546753.256830599,6,497.24997,32.147984
2020,175,2020,0,1590902.846994534,7,423.49997,26.620102
2020,176,2020,0,1636524.090163931,8,327,19.981375
2020,177,2020,0,1682145.333333332,9,268.62503,15.969193
2020,178,2020,0,1726294.923497267,10,181.24998,10.499364
2020,179,2020,0,1771916.166666664,11,106,5.9822245
2020,180,2020,0,1816065.756830599,12,36.416683,2.0052514
2020,181,2021,1,1861687,1,79.541672,4.2725587
2020,182,2021,1,1862477.117808219,2,144.125,7.7383499
2020,183,2021,1,1863190.77260274,3,232.54166,12.480829
2020,184,2021,1,1863980.890410959,4,295.16666,15.835283
2020,185,2021,1,1864745.520547945,5,399.875,21.443945
2020,186,2021,1,1865535.638356165,6,445,23.853739
2020,187,2021,1,1866300.268493151,7,539.875,28.927553
2020,188,2021,1,1867090.38630137,8,611.5,32.751495
2020,189,2021,1,1867880.504109589,9,661.83331,35.432316
2020,190,2021,1,1868645.134246575,10,748.83337,40.073601
2020,191,2021,1,1869435.252054795,11,804.5,43.034386
2020,192,2021,1,1870199.882191781,12,948.33331,50.707592
2021,181,2021,0,1286166,1,881.66663,68.549988
2021,182,2021,0,1334635.689041093,2,702.625,52.645454
2021,183,2021,0,1378414.763013698,3,721.20837,52.321579
2021,184,2021,0,1426884.452054791,4,608.45837,42.642441
2021,185,2021,0,1473790.602739722,5,595.625,40.414494
2021,186,2021,0,1522260.291780822,6,487.49997,32.024746
2021,187,2021,0,1569166.442465752,7,430.83331,27.45619
2021,188,2021,0,1617636.131506845,8,351.375,21.72151
2021,189,2021,0,1666105.820547946,9,262.79169,15.772809
2021,190,2021,0,1713011.971232876,10,193.33331,11.286162
2021,191,2021,0,1761481.660273969,11,113.375,6.4363427
2021,192,2021,0,1808387.8109589,12,41.083351,2.271822
