cohort,cumu_month,year,age,newpop,monthdth,tot_deaths_app,mort_rate
1916,1,2006,90,770038.5,1,22761.584,2955.9021
1916,2,2006,90,,2,19164.125,
1916,3,2006,90,,3,19796.75,
1916,4,2006,90,,4,15810.793,
1916,5,2006,90,,5,13670,
1916,6,2006,90,,6,11416.541,
1916,7,2006,90,,7,10429.125,
1916,8,2006,90,,8,8946.5,
1916,9,2006,90,,9,7626.875,
1916,10,2006,90,,10,6962.708,
1916,11,2006,90,,11,5596.5,
1916,12,2006,90,,12,4364.667,
1917,1,2006,89,344799,1,3737.0415,1083.8319
1917,2,2006,89,383018.305479452,2,3524.125,920.09308
1917,3,2006,89,417538.9684931487,3,3819.625,914.79486
1917,4,2006,89,455758.2739726007,4,3397.875,745.54321
1917,5,2006,89,492744.6986301355,5,3300.125,669.74341
1917,6,2006,89,530964.0041095875,6,3049.125,574.26208
1917,7,2006,89,567950.4287671223,7,3154.2085,555.36688
1917,8,2006,89,606169.7342465743,8,3090.875,509.90256
1917,9,2006,89,644389.0397260264,9,3067.5,476.03232
1917,10,2006,89,681375.4643835612,10,3453.4167,506.83023
1917,11,2006,89,719594.7698630132,11,3572.75,496.49472
1917,12,2006,89,756581.194520548,12,3720.25,491.71854
1917,13,2007,90,794800.5,1,23239.498,2923.9412
1917,14,2007,90,,2,19838.375,
1917,15,2007,90,,3,19401.793,
1917,16,2007,90,,4,16071.167,
1917,17,2007,90,,5,13879.5,
1917,18,2007,90,,6,11471.541,
1917,19,2007,90,,7,10341.375,
1917,20,2007,90,,8,9032,
1917,21,2007,90,,9,7843.1255,
1917,22,2007,90,,10,6860.6665,
1917,23,2007,90,,11,5613.875,
1917,24,2007,90,,12,4510.167,
1918,1,2006,88,392467.5,1,3881.875,989.09467
1918,2,2006,88,388881.7342465753,2,3423.75,880.40906
1918,3,2006,88,385642.9780821917,3,3933.4585,1019.9741
1918,4,2006,88,382057.2123287669,4,3481.625,911.28369
1918,5,2006,88,378587.116438356,5,3332.25,880.18048
1918,6,2006,88,375001.3506849313,6,3134.2915,835.80804
1918,7,2006,88,371531.2547945203,7,3234.4165,870.56378
1918,8,2006,88,367945.4890410958,8,3095.75,841.36102
1918,9,2006,88,364359.7232876711,9,3102.375,851.45935
1918,10,2006,88,360889.6273972602,10,3381.875,937.09399
1918,11,2006,88,357303.8616438354,11,3378.125,945.44879
1918,12,2006,88,353833.7657534245,12,3810.375,1076.8828
1918,13,2007,89,350248,1,3670,1047.829
1918,14,2007,89,389283.200000003,2,3575.125,918.38666
1918,15,2007,89,424540.8000000007,3,3660.3333,862.18646
1918,16,2007,89,463576,4,3392.3335,731.77502
1918,17,2007,89,501352,5,3320.625,662.33405
1918,18,2007,89,540387.200000003,6,3049.8333,564.37927
1918,19,2007,89,578163.200000003,7,3106.8333,537.36267
1918,20,2007,89,617198.4000000022,8,3058,495.46466
1918,21,2007,89,656233.6000000015,9,3104.75,473.11658
1918,22,2007,89,694009.6000000015,10,3243.625,467.37466
1918,23,2007,89,733044.8000000007,11,3343.875,456.16245
1918,24,2007,89,770820.8000000007,12,3704.6667,480.61322
1918,25,2008,90,809856,1,23820.625,2941.3408
1918,26,2008,90,,2,22786.625,
1918,27,2008,90,,3,22508.043,
1918,28,2008,90,,4,16968.334,
1918,29,2008,90,,5,14429.375,
1918,30,2008,90,,6,11754.082,
1918,31,2008,90,,7,10465.375,
1918,32,2008,90,,8,9094.125,
1918,33,2008,90,,9,7581.7085,
1918,34,2008,90,,10,6831.6245,
1918,35,2008,90,,11,5468,
1918,36,2008,90,,12,4452.917,
1919,1,2006,87,446937,1,4012.375,897.74957
1919,2,2006,87,443617.664383562,2,3556.5,801.70386
1919,3,2006,87,440619.5547945208,3,4021.625,912.72052
1919,4,2006,87,437300.2191780824,4,3592.75,821.5752
1919,5,2006,87,434087.9589041099,5,3349.75,771.67542
1919,6,2006,87,430768.6232876715,6,3236.9165,751.4281
1919,7,2006,87,427556.363013699,7,3255.5,761.4201
1919,8,2006,87,424237.0273972605,8,3251.5,766.43475
1919,9,2006,87,420917.6917808224,9,3379.9165,802.98749
1919,10,2006,87,417705.4315068496,10,3692.7915,884.06598
1919,11,2006,87,414386.0958904114,11,3675.125,886.88422
1919,12,2006,87,411173.8356164386,12,3965.4167,964.4137
1919,13,2007,88,407854.5,1,4014.7083,984.34814
1919,14,2007,88,404276.420547945,2,3731.875,923.09985
1919,15,2007,88,401044.6068493146,3,3871.0835,965.25012
1919,16,2007,88,397466.5273972598,4,3512.0417,883.60693
1919,17,2007,88,394003.8698630133,5,3410.5,865.60065
1919,18,2007,88,390425.7904109587,6,3182.7083,815.18903
1919,19,2007,88,386963.1328767119,7,3193.5,825.2724
1919,20,2007,88,383385.0534246573,8,3229.125,842.26678
1919,21,2007,88,379806.9739726025,9,3278.75,863.26746
1919,22,2007,88,376344.3164383559,10,3526.7085,937.09625
1919,23,2007,88,372766.2369863011,11,3717.375,997.24023
1919,24,2007,88,369303.5794520546,12,4072.0415,1102.6272
1919,25,2008,89,365725.5,1,3915.8748,1070.7141
1919,26,2008,89,406058.0669398904,2,3956.375,974.33722
1919,27,2008,89,443788.5327868834,3,4261.4585,960.2453
1919,28,2008,89,484121.0997267738,4,3683.5417,760.87195
1919,29,2008,89,523152.6161202192,5,3466.875,662.68903
1919,30,2008,89,563485.1830601096,6,3182.3333,564.75897
1919,31,2008,89,602516.6994535513,7,3157.625,524.07263
1919,32,2008,89,642849.2663934417,8,3174.25,493.77826
1919,33,2008,89,683181.8333333321,9,3279.4583,480.02713
1919,34,2008,89,722213.3497267738,10,3587.0415,496.6734
1919,35,2008,89,762545.9166666679,11,3604.25,472.66006
1919,36,2008,89,801577.4330601096,12,3951.75,492.99667
1919,37,2009,90,841910,1,23169.082,2751.9666
1919,38,2009,90,,2,19286.5,
1919,39,2009,90,,3,19338.666,
1919,40,2009,90,,4,16141.376,
1919,41,2009,90,,5,14055.75,
1919,42,2009,90,,6,11881.749,
1919,43,2009,90,,7,10766.042,
1919,44,2009,90,,8,9242.5,
1919,45,2009,90,,9,7867.209,
1919,46,2009,90,,10,7382.1665,
1919,47,2009,90,,11,5658.625,
1919,48,2009,90,,12,4664.2505,
1920,1,2006,86,511263.5,1,3912.9583,765.35059
1920,2,2006,86,507675.3561643835,2,3618.25,712.70941
1920,3,2006,86,504434.4520547944,3,4099,812.5932
1920,4,2006,86,500846.3082191779,4,3684.3335,735.62158
1920,5,2006,86,497373.9109589041,5,3491.5,701.98694
1920,6,2006,86,493785.7671232875,6,3362.7915,681.02234
1920,7,2006,86,490313.3698630135,7,3383.1665,690.00085
1920,8,2006,86,486725.2260273972,8,3399.75,698.49469
1920,9,2006,86,483137.0821917807,9,3360,695.45477
1920,10,2006,86,479664.6849315066,10,3657.9167,762.59869
1920,11,2006,86,476076.5410958903,11,3589,753.87036
1920,12,2006,86,472604.1438356163,12,4110,869.6496
1920,13,2007,87,469016,1,4014.8333,856.01202
1920,14,2007,87,465763.9301369863,2,3720.25,798.74152
1920,15,2007,87,462826.5767123287,3,4016.2917,867.77466
1920,16,2007,87,459574.506849315,4,3562.4167,775.15546
1920,17,2007,87,456427.3424657534,5,3532.5,773.94574
1920,18,2007,87,453175.2726027397,6,3314.2083,731.33032
1920,19,2007,87,450028.1082191782,7,3354.1667,745.32385
1920,20,2007,87,446776.0383561645,8,3407.625,762.71436
1920,21,2007,87,443523.9684931508,9,3339.8333,753.02203
1920,22,2007,87,440376.804109589,10,3626.1667,823.42365
1920,23,2007,87,437124.7342465753,11,3772.875,863.11176
1920,24,2007,87,433977.5698630137,12,4018.0417,925.86389
1920,25,2008,88,430725.5,1,3901.3748,905.76825
1920,26,2008,88,426802.6024590163,2,4059.875,951.23016
1920,27,2008,88,423132.795081967,3,4442.167,1049.8281
1920,28,2008,88,419209.8975409833,4,3827.667,913.06696
1920,29,2008,88,415413.545081967,5,3595.125,865.4328
1920,30,2008,88,411490.6475409833,6,3335.0833,810.48822
1920,31,2008,88,407694.295081967,7,3323.5415,815.20435
1920,32,2008,88,403771.3975409833,8,3383.75,838.03607
1920,33,2008,88,399848.5,9,3378.0833,844.84082
1920,34,2008,88,396052.1475409833,10,3625.5,915.40973
1920,35,2008,88,392129.25,11,3760.75,959.05878
1920,36,2008,88,388332.8975409833,12,4115.5,1059.7866
1920,37,2009,89,384410,1,3755.1665,976.86493
1920,38,2009,89,425578.1273972578,2,3390.25,796.62225
1920,39,2009,89,462762.2424657531,3,3747.9585,809.91016
1920,40,2009,89,503930.3698630109,4,3558.292,706.10785
1920,41,2009,89,543770.493150685,5,3489.375,641.69995
1920,42,2009,89,584938.6205479428,6,3220.8333,550.62756
1920,43,2009,89,624778.7438356169,7,3346.2085,535.58295
1920,44,2009,89,665946.8712328747,8,3268,490.72983
1920,45,2009,89,707114.9986301363,9,3315.5417,468.88297
1920,46,2009,89,746955.1219178066,10,3738.5,500.4986
1920,47,2009,89,788123.2493150681,11,3631.625,460.79404
1920,48,2009,89,827963.3726027384,12,4015.9585,485.04059
1920,49,2010,90,869131.5,1,23799.041,2738.2554
1920,50,2010,90,,2,19797.625,
1920,51,2010,90,,3,20024.459,
1920,52,2010,90,,4,16432.375,
1920,53,2010,90,,5,14740.625,
1920,54,2010,90,,6,12333.5,
1920,55,2010,90,,7,11354.416,
1920,56,2010,90,,8,9874.75,
1920,57,2010,90,,9,8573.084,
1920,58,2010,90,,10,7733.4995,
1920,59,2010,90,,11,6225.375,
1920,60,2010,90,,12,5070.542,
1921,1,2006,85,570326,1,4073.2083,714.18945
1921,2,2006,85,566094.1602739724,2,3643.75,643.66498
1921,3,2006,85,562271.8534246576,3,4051.9583,720.64044
1921,4,2006,85,558040.01369863,4,3673.9585,658.36829
1921,5,2006,85,553944.6849315069,5,3604.375,650.67419
1921,6,2006,85,549712.8452054793,6,3308.2915,601.82178
1921,7,2006,85,545617.5164383561,7,3369.0417,617.47314
1921,8,2006,85,541385.6767123286,8,3347.125,618.25146
1921,9,2006,85,537153.8369863015,9,3243.0833,603.75317
1921,10,2006,85,533058.5082191778,10,3614.7083,678.10724
1921,11,2006,85,528826.6684931507,11,3537.625,668.9574
1921,12,2006,85,524731.3397260271,12,3847.6665,733.2641
1921,13,2007,86,520499.5,1,4179.583,802.99463
1921,14,2007,86,517076.6753424658,2,3893,752.88641
1921,15,2007,86,513985.0917808218,3,4136.167,804.7251
1921,16,2007,86,510562.2671232875,4,3738.792,732.28912
1921,17,2007,86,507249.8561643835,5,3609.875,711.65619
1921,18,2007,86,503827.0315068492,6,3380.4165,670.94781
1921,19,2007,86,500514.6205479451,7,3403.9583,680.09167
1921,20,2007,86,497091.7958904109,8,3351.125,674.14612
1921,21,2007,86,493668.9712328766,9,3294.3333,667.31622
1921,22,2007,86,490356.5602739726,10,3532.25,720.3432
1921,23,2007,86,486933.7356164383,11,3640.875,747.71466
1921,24,2007,86,483621.3246575342,12,3943.125,815.33313
1921,25,2008,87,480198.5,1,4169.208,868.22595
1921,26,2008,87,476747.5478142079,2,4322.25,906.61188
1921,27,2008,87,473519.2377049183,3,4490.7085,948.36877
1921,28,2008,87,470068.2855191259,4,3862.125,821.60938
1921,29,2008,87,466728.6543715848,5,3702.25,793.23395
1921,30,2008,87,463277.7021857924,6,3379.2083,729.41309
1921,31,2008,87,459938.0710382515,7,3358.4165,730.18884
1921,32,2008,87,456487.1188524591,8,3393.875,743.47662
1921,33,2008,87,453036.1666666667,9,3309.0835,730.42371
1921,34,2008,87,449696.5355191259,10,3622,805.43207
1921,35,2008,87,446245.5833333335,11,3646.375,817.12292
1921,36,2008,87,442905.9521857924,12,3990.7083,901.02838
1921,37,2009,88,439455,1,4197,955.04657
1921,38,2009,88,435422.9616438355,2,3694,848.37048
1921,39,2009,88,431781.1205479451,3,3973.4583,920.24829
1921,40,2009,88,427749.0821917807,4,3798.8335,888.09857
1921,41,2009,88,423847.1095890412,5,3679.25,868.06067
1921,42,2009,88,419815.0712328767,6,3412.9583,812.96704
1921,43,2009,88,415913.0986301368,7,3429.2083,824.50116
1921,44,2009,88,411881.0602739723,8,3313.125,804.38879
1921,45,2009,88,407849.0219178083,9,3349.9583,821.37213
1921,46,2009,88,403947.0493150684,10,3803.75,941.64569
1921,47,2009,88,399915.0109589039,11,3558.5,889.81409
1921,48,2009,88,396013.0383561645,12,4003.8333,1011.0357
1921,49,2010,89,391981,1,4069.5833,1038.2094
1921,50,2010,89,435312.5876712352,2,3624.875,832.70624
1921,51,2010,89,474450.7958904132,3,4018.8335,847.04956
1921,52,2010,89,517782.3835616447,4,3673.7085,709.50818
1921,53,2010,89,559716.1780821942,5,3644.625,651.15594
1921,54,2010,89,603047.7657534257,6,3356.375,556.56866
1921,55,2010,89,644981.5602739751,7,3498.9585,542.48969
1921,56,2010,89,688313.1479452066,8,3353.75,487.24188
1921,57,2010,89,731644.7356164418,9,3462.2083,473.20892
1921,58,2010,89,773578.5301369876,10,3845.7083,497.13223
1921,59,2010,89,816910.1178082228,11,3774.375,462.03064
1921,60,2010,89,858843.9123287685,12,4209.5415,490.14047
1921,61,2011,90,902175.5,1,26638.248,2952.668
1921,62,2011,90,,2,21951.375,
1921,63,2011,90,,3,21278.084,
1921,64,2011,90,,4,17681.668,
1921,65,2011,90,,5,15728.25,
1921,66,2011,90,,6,13243.166,
1921,67,2011,90,,7,11748.833,
1921,68,2011,90,,8,10228.375,
1921,69,2011,90,,9,8571.209,
1921,70,2011,90,,10,7771.458,
1921,71,2011,90,,11,6164.375,
1921,72,2011,90,,12,4765.917,
1922,1,2006,84,623192,1,4064.9583,652.28021
1922,2,2006,84,618882.2356164386,2,3684.75,595.38788
1922,3,2006,84,614989.5452054795,3,4083.25,663.95441
1922,4,2006,84,610679.780821918,4,3557.4167,582.53387
1922,5,2006,84,606509.0410958906,5,3470.25,572.16791
1922,6,2006,84,602199.2767123287,6,3170.6665,526.51453
1922,7,2006,84,598028.5369863017,7,3270,546.79663
1922,8,2006,84,593718.7726027397,8,3194.5,538.04938
1922,9,2006,84,589409.0082191783,9,3113.1665,528.18439
1922,10,2006,84,585238.2684931508,10,3418.0417,584.04279
1922,11,2006,84,580928.5041095889,11,3401.75,585.57123
1922,12,2006,84,576757.7643835619,12,3617.5,627.21307
1922,13,2007,85,572448,1,4337.4165,757.69617
1922,14,2007,85,568497.2835616437,2,3877.75,682.10529
1922,15,2007,85,564928.8945205477,3,3965.1665,701.8877
1922,16,2007,85,560978.1780821919,4,3724.3335,663.8999
1922,17,2007,85,557154.9041095888,5,3498.875,627.98962
1922,18,2007,85,553204.187671233,6,3243.75,586.35675
1922,19,2007,85,549380.9136986299,7,3297.7917,600.27417
1922,20,2007,85,545430.1972602741,8,3220.875,590.52008
1922,21,2007,85,541479.4808219178,9,3205.0415,591.90454
1922,22,2007,85,537656.2068493147,10,3423.6665,636.77612
1922,23,2007,85,533705.4904109589,11,3409.375,638.81207
1922,24,2007,85,529882.2164383559,12,3757.9167,709.19849
1922,25,2008,86,525931.5,1,4301.458,817.87421
1922,26,2008,86,522364.0013661203,2,4285.375,820.38098
1922,27,2008,86,519026.6639344264,3,4559.375,878.44714
1922,28,2008,86,515459.1653005464,4,3838.7917,744.73248
1922,29,2008,86,512006.7472677596,5,3697.75,722.20728
1922,30,2008,86,508439.2486338799,6,3398.0415,668.32794
1922,31,2008,86,504986.8306010929,7,3319.875,657.41815
1922,32,2008,86,501419.3319672132,8,3337.375,665.58563
1922,33,2008,86,497851.8333333335,9,3259.125,654.63751
1922,34,2008,86,494399.4153005464,10,3518.5417,711.67999
1922,35,2008,86,490831.9166666667,11,3612.25,735.9444
1922,36,2008,86,487379.4986338799,12,3778,775.16595
1922,37,2009,87,483812,1,4212.7915,870.74969
1922,38,2009,87,480359.1520547944,2,3878,807.31262
1922,39,2009,87,477240.4506849314,3,3961.9167,830.17206
1922,40,2009,87,473787.602739726,4,3748.8752,791.25653
1922,41,2009,87,470446.1369863013,5,3685.125,783.32562
1922,42,2009,87,466993.2890410959,6,3422.9165,732.96912
1922,43,2009,87,463651.8232876712,7,3395.2917,732.2934
1922,44,2009,87,460198.9753424658,8,3358.375,729.76587
1922,45,2009,87,456746.1273972602,9,3378.9167,739.78003
1922,46,2009,87,453404.6616438355,10,3721.5833,820.80835
1922,47,2009,87,449951.8136986301,11,3566,792.5293
1922,48,2009,87,446610.3479452054,12,3941.6667,882.57397
1922,49,2010,88,443157.5,1,4150,936.46167
1922,50,2010,88,438850.7931506853,2,3766.25,858.2074
1922,51,2010,88,434960.864383562,3,4022.4583,924.78625
1922,52,2010,88,430654.1575342468,4,3734.2502,867.11115
1922,53,2010,88,426486.3767123288,5,3680.75,863.04047
1922,54,2010,88,422179.669863014,6,3392.0833,803.46912
1922,55,2010,88,418011.889041096,7,3456.0835,826.79071
1922,56,2010,88,413705.1821917808,8,3364.25,813.19989
1922,57,2010,88,409398.475342466,9,3429.3335,837.65173
1922,58,2010,88,405230.694520548,10,3750.0417,925.40912
1922,59,2010,88,400923.9876712332,11,3640.125,907.93396
1922,60,2010,88,396756.2068493152,12,4189.9165,1056.0431
1922,61,2011,89,392449.5,1,4485.0415,1142.8328
1922,62,2011,89,437832.6931506842,2,4018.5,917.81635
1922,63,2011,89,478823.9643835612,3,4205.0835,878.21075
1922,64,2011,89,524207.1575342454,4,3823.625,729.41107
1922,65,2011,89,568126.3767123297,5,3759,661.64856
1922,66,2011,89,613509.5698630139,6,3530.5,575.45966
1922,67,2011,89,657428.7890410945,7,3547.7917,539.64655
1922,68,2011,89,702811.9821917787,8,3457.875,492.00571
1922,69,2011,89,748195.1753424667,9,3493.4165,466.91248
1922,70,2011,89,792114.3945205472,10,3733.2917,471.30716
1922,71,2011,89,837497.5876712315,11,3722.375,444.46396
1922,72,2011,89,881416.8068493158,12,3947.2083,447.82538
1922,73,2012,90,926800,1,25447.957,2745.7874
1922,74,2012,90,,2,21842.875,
1922,75,2012,90,,3,21177.334,
1922,76,2012,90,,4,17742.25,
1922,77,2012,90,,5,15839.625,
1922,78,2012,90,,6,13297.416,
1922,79,2012,90,,7,11980.458,
1922,80,2012,90,,8,10579.5,
1922,81,2012,90,,9,8938.709,
1922,82,2012,90,,10,8085.666,
1922,83,2012,90,,11,6398.75,
1922,84,2012,90,,12,5313.3335,
1923,1,2006,83,672545.5,1,3755.4167,558.38849
1923,2,2006,83,668941.2616438356,2,3481.5,520.44928
1923,3,2006,83,665685.8205479451,3,3791.0835,569.50043
1923,4,2006,83,662081.5821917807,4,3388.8335,511.84531
1923,5,2006,83,658593.609589041,5,3318.125,503.81979
1923,6,2006,83,654989.3712328768,6,3095.625,472.62216
1923,7,2006,83,651501.3986301369,7,3193.6665,490.20102
1923,8,2006,83,647897.1602739727,8,3064.5,472.99173
1923,9,2006,83,644292.9219178082,9,3040.25,471.87387
1923,10,2006,83,640804.9493150685,10,3362.25,524.69165
1923,11,2006,83,637200.7109589041,11,3280.625,514.84955
1923,12,2006,83,633712.7383561644,12,3548.5835,559.96722
1923,13,2007,84,630108.5,1,3951.8333,627.16711
1923,14,2007,84,625958.7890410959,2,3596.5,574.55859
1923,15,2007,84,622210.6630136985,3,3850.625,618.86194
1923,16,2007,84,618060.9520547944,4,3492.2502,565.03333
1923,17,2007,84,614045.1027397262,5,3440.375,560.28052
1923,18,2007,84,609895.3917808221,6,3103.5415,508.86456
1923,19,2007,84,605879.5424657534,7,3241.1665,534.95227
1923,20,2007,84,601729.8315068493,8,3171.5,527.06378
1923,21,2007,84,597580.1205479451,9,3203.3333,536.05084
1923,22,2007,84,593564.2712328769,10,3352.125,564.74506
1923,23,2007,84,589414.5602739728,11,3459.5,586.93835
1923,24,2007,84,585398.7109589041,12,3698.25,631.7489
1923,25,2008,85,581249,1,4053.2083,697.32733
1923,26,2008,85,577298.8715846995,2,4137.25,716.65649
1923,27,2008,85,573603.5901639345,3,4296.9585,749.11639
1923,28,2008,85,569653.461748634,4,3697.875,649.14465
1923,29,2008,85,565830.756830601,5,3495.875,617.83051
1923,30,2008,85,561880.6284153005,6,3285.8333,584.79205
1923,31,2008,85,558057.9234972675,7,3301.4585,591.59784
1923,32,2008,85,554107.795081967,8,3237.75,584.31769
1923,33,2008,85,550157.6666666665,9,3221.9165,585.63513
1923,34,2008,85,546334.961748634,10,3464.6667,634.16528
1923,35,2008,85,542384.8333333335,11,3554,655.25433
1923,36,2008,85,538562.1284153005,12,3838,712.63831
1923,37,2009,86,534612,1,4041.8333,756.03113
1923,38,2009,86,531025.8095890409,2,3733.75,703.12024
1923,39,2009,86,527786.6698630136,3,3908.25,740.49805
1923,40,2009,86,524200.4794520545,4,3696.8752,705.24072
1923,41,2009,86,520729.9726027395,5,3520.625,676.09418
1923,42,2009,86,517143.7821917806,6,3278.2083,633.90656
1923,43,2009,86,513673.2753424656,7,3369.75,656.01038
1923,44,2009,86,510087.0849315065,8,3314.625,649.81549
1923,45,2009,86,506500.8945205477,9,3306.4165,652.79578
1923,46,2009,86,503030.3876712327,10,3707.2917,736.99164
1923,47,2009,86,499444.1972602736,11,3478,696.37408
1923,48,2009,86,495973.6904109586,12,3869.0415,780.09009
1923,49,2010,87,492387.5,1,4099.9165,832.66058
1923,50,2010,87,488045.0369863012,2,3711.625,760.50873
1923,51,2010,87,484122.812328767,3,3967,819.42017
1923,52,2010,87,479780.3493150687,4,3606.542,751.70691
1923,53,2010,87,475577.9657534244,5,3644,766.22559
1923,54,2010,87,471235.5027397261,6,3420.6665,725.89319
1923,55,2010,87,467033.1191780823,7,3409.625,730.06067
1923,56,2010,87,462690.6561643835,8,3419.75,739.10071
1923,57,2010,87,458348.1931506847,9,3472.4165,757.59357
1923,58,2010,87,454145.8095890409,10,3783.9165,833.19421
1923,59,2010,87,449803.3465753426,11,3691.125,820.60864
1923,60,2010,87,445600.9630136988,12,4295.375,963.95099
1923,61,2011,88,441258.5,1,4264.583,966.45911
1923,62,2011,88,437290.7972602737,2,3907.875,893.65588
1923,63,2011,88,433707.0657534245,3,4093.7085,943.88788
1923,64,2011,88,429739.3630136987,4,3796.75,883.50061
1923,65,2011,88,425899.6506849313,5,3657.75,858.82904
1923,66,2011,88,421931.9479452055,6,3575.75,847.47076
1923,67,2011,88,418092.2356164381,7,3479.375,832.20276
1923,68,2011,88,414124.5328767123,8,3520.25,850.04626
1923,69,2011,88,410156.8301369864,9,3483.9167,849.41089
1923,70,2011,88,406317.117808219,10,3708.7915,912.78247
1923,71,2011,88,402349.4150684932,11,3770.5,937.12079
1923,72,2011,88,398509.7027397258,12,4038.1667,1013.317
1923,73,2012,89,394542,1,4084.75,1035.3143
1923,74,2012,89,441427.5519125685,2,3838.25,869.50848
1923,75,2012,89,485288.2295081951,3,4003.3335,824.93933
1923,76,2012,89,532173.7814207636,4,3786.917,711.59406
1923,77,2012,89,577546.896174863,5,3646,631.29071
1923,78,2012,89,624432.4480874315,6,3524.6665,564.45923
1923,79,2012,89,669805.5628415272,7,3569.0415,532.84741
1923,80,2012,89,716691.1147540957,8,3498.875,488.19846
1923,81,2012,89,763576.6666666642,9,3610.2915,472.81323
1923,82,2012,89,808949.7814207636,10,3920.2083,484.60464
1923,83,2012,89,855835.3333333321,11,3825.375,446.97559
1923,84,2012,89,901208.4480874315,12,4340.083,481.58481
1923,85,2013,90,948094,1,32372.582,3414.4907
1923,86,2013,90,,2,23551,
1923,87,2013,90,,3,22614.125,
1923,88,2013,90,,4,18397.709,
1923,89,2013,90,,5,15690.875,
1923,90,2013,90,,6,13334.166,
1923,91,2013,90,,7,12044.917,
1923,92,2013,90,,8,10538.375,
1923,93,2013,90,,9,8899.417,
1923,94,2013,90,,10,7941.416,
1923,95,2013,90,,11,6170.625,
1923,96,2013,90,,12,4987.959,
1924,1,2006,82,726800,1,3537.7083,486.75128
1924,2,2006,82,723347.916438356,2,3380,467.2717
1924,3,2006,82,720229.9054794521,3,3762.1667,522.35638
1924,4,2006,82,716777.8219178081,4,3338.125,465.71265
1924,5,2006,82,713437.0958904109,5,3217.125,450.93323
1924,6,2006,82,709985.012328767,6,2974.8333,418.99945
1924,7,2006,82,706644.2863013698,7,3093.625,437.79099
1924,8,2006,82,703192.2027397261,8,2963.25,421.39972
1924,9,2006,82,699740.1191780821,9,2909,415.72577
1924,10,2006,82,696399.3931506849,10,3187.625,457.72943
1924,11,2006,82,692947.3095890412,11,3060.375,441.64615
1924,12,2006,82,689606.5835616437,12,3279.5833,475.57309
1924,13,2007,83,686154.5,1,3848.8333,560.9281
1924,14,2007,83,682519.1342465754,2,3403.25,498.63071
1924,15,2007,83,679235.5780821918,3,3635.0417,535.16656
1924,16,2007,83,675600.2123287672,4,3374.8335,499.53116
1924,17,2007,83,672082.1164383562,5,3345.375,497.76285
1924,18,2007,83,668446.7506849316,6,3088.7915,462.0849
1924,19,2007,83,664928.6547945207,7,3120.375,469.27966
1924,20,2007,83,661293.2890410959,8,3103.75,469.34546
1924,21,2007,83,657657.9232876713,9,3100.9585,471.51541
1924,22,2007,83,654139.8273972603,10,3215.5,491.56155
1924,23,2007,83,650504.4616438358,11,3317,509.91196
1924,24,2007,83,646986.3657534248,12,3443,532.15961
1924,25,2008,84,643351,1,3917.7915,608.96643
1924,26,2008,84,639257.1789617487,2,3957.375,619.05835
1924,27,2008,84,635427.475409836,3,4101.9585,645.54315
1924,28,2008,84,631333.6543715848,4,3590.625,568.73651
1924,29,2008,84,627371.892076503,5,3436.875,547.82098
1924,30,2008,84,623278.0710382513,6,3184.5,510.92764
1924,31,2008,84,619316.3087431695,7,3207.2915,517.87616
1924,32,2008,84,615222.4877049183,8,3180.25,516.92682
1924,33,2008,84,611128.666666667,9,3133.375,512.71936
1924,34,2008,84,607166.9043715848,10,3312.3335,545.53918
1924,35,2008,84,603073.0833333335,11,3375.375,559.69586
1924,36,2008,84,599111.3210382513,12,3584.1667,598.24719
1924,37,2009,85,595017.5,1,3926.1248,659.8335
1924,38,2009,85,591213.2904109587,2,3636.25,615.04877
1924,39,2009,85,587777.2301369864,3,3939.5415,670.24396
1924,40,2009,85,583973.0205479451,4,3620.8752,620.0415
1924,41,2009,85,580291.5273972601,5,3416.625,588.77734
1924,42,2009,85,576487.3178082192,6,3205.0415,555.96045
1924,43,2009,85,572805.8246575342,7,3320.5833,579.7049
1924,44,2009,85,569001.6150684929,8,3209.75,564.10211
1924,45,2009,85,565197.4054794521,9,3212.5,568.3855
1924,46,2009,85,561515.9123287671,10,3530.2915,628.70728
1924,47,2009,85,557711.7027397258,11,3401.125,609.83569
1924,48,2009,85,554030.2095890408,12,3671.4585,662.68201
1924,49,2010,86,550226,1,4010.7083,728.92017
1924,50,2010,86,545838.9479452055,2,3570.625,654.15356
1924,51,2010,86,541876.4493150683,3,4018.1667,741.5282
1924,52,2010,86,537489.3972602738,4,3646.9167,678.50952
1924,53,2010,86,533243.8630136987,5,3641.375,682.87238
1924,54,2010,86,528856.8109589042,6,3336.0833,630.8103
1924,55,2010,86,524611.2767123287,7,3410.9583,650.18774
1924,56,2010,86,520224.2246575342,8,3467.125,666.46741
1924,57,2010,86,515837.1726027397,9,3405.4585,660.18091
1924,58,2010,86,511591.6383561646,10,3642.6667,712.02625
1924,59,2010,86,507204.5863013701,11,3721.125,733.65369
1924,60,2010,86,502959.0520547945,12,4101.625,815.49878
1924,61,2011,87,498572,1,4458.1245,894.17865
1924,62,2011,87,494531.1287671234,2,3901.375,788.90381
1924,63,2011,87,490881.3095890414,3,4194.4585,854.4751
1924,64,2011,87,486840.4383561644,4,3725.9167,765.32605
1924,65,2011,87,482929.9178082193,5,3671.125,760.17761
1924,66,2011,87,478889.0465753428,6,3552.833,741.89063
1924,67,2011,87,474978.5260273973,7,3482.5415,733.19977
1924,68,2011,87,470937.6547945207,8,3512.25,745.79938
1924,69,2011,87,466896.7835616441,9,3437.875,736.3244
1924,70,2011,87,462986.2630136986,10,3635.6667,785.26453
1924,71,2011,87,458945.3917808221,11,3697.375,805.62415
1924,72,2011,87,455034.871232877,12,3835.9583,843.00311
1924,73,2012,88,450994,1,4193.6665,929.87189
1924,74,2012,88,446897.9767759563,2,3790.375,848.15222
1924,75,2012,88,443066.2131147538,3,4042.9165,912.48584
1924,76,2012,88,438970.1898907102,4,3754.1667,855.22131
1924,77,2012,88,435006.2964480873,5,3656.25,840.50507
1924,78,2012,88,430910.2732240437,6,3549.375,823.69238
1924,79,2012,88,426946.3797814208,7,3595.7085,842.19208
1924,80,2012,88,422850.3565573767,8,3569,844.03381
1924,81,2012,88,418754.333333333,9,3635.4583,868.16016
1924,82,2012,88,414790.4398907102,10,3817.5,920.34424
1924,83,2012,88,410694.4166666665,11,3780.375,920.48364
1924,84,2012,88,406730.5232240437,12,4239.375,1042.3055
1924,85,2013,89,402634.5,1,4931.5415,1224.8184
1924,86,2013,89,451484.7246575356,2,4027.5,892.05676
1924,87,2013,89,495607.5082191788,3,4292.4165,866.09192
1924,88,2013,89,544457.7328767143,4,3758.5835,690.33521
1924,89,2013,89,591732.1438356154,5,3598.625,608.151
1924,90,2013,89,640582.3684931509,6,3383.2083,528.14569
1924,91,2013,89,687856.7794520557,7,3458.7085,502.82394
1924,92,2013,89,736707.0041095875,8,3522.625,478.1582
1924,93,2013,89,785557.2287671231,9,3453.25,439.59241
1924,94,2013,89,832831.6397260278,10,3657.9167,439.21442
1924,95,2013,89,881681.8643835634,11,3790.375,429.9028
1924,96,2013,89,928956.2753424644,12,4060.75,437.13037
1924,97,2014,90,977806.5,1,26366.498,2696.4944
1924,98,2014,90,,2,21356.625,
1924,99,2014,90,,3,21845.043,
1924,100,2014,90,,4,18753.918,
1924,101,2014,90,,5,16926.375,
1924,102,2014,90,,6,13935.916,
1924,103,2014,90,,7,12587.833,
1924,104,2014,90,,8,10898.75,
1924,105,2014,90,,9,9318.167,
1924,106,2014,90,,10,8089.541,
1924,107,2014,90,,11,6532.25,
1924,108,2014,90,,12,5214.8755,
1925,1,2006,81,757983,1,3585.6667,473.05371
1925,2,2006,81,754906.6109589038,2,3254.375,431.09637
1925,3,2006,81,752127.9369863011,3,3494.7917,464.6539
1925,4,2006,81,749051.5479452051,4,3040.25,405.87994
1925,5,2006,81,746074.3972602736,5,3041.125,407.61685
1925,6,2006,81,742998.0082191778,6,2763.875,371.98956
1925,7,2006,81,740020.8575342463,7,2879.6665,389.13315
1925,8,2006,81,736944.4684931503,8,2778.75,377.06369
1925,9,2006,81,733868.0794520546,9,2754.4585,375.33429
1925,10,2006,81,730890.928767123,10,2901.3333,396.95844
1925,11,2006,81,727814.5397260271,11,2904.125,399.01993
1925,12,2006,81,724837.3890410955,12,3146.2917,434.06863
1925,13,2007,82,721761,1,3673.3333,508.9404
1925,14,2007,82,718364.8863013696,2,3359.375,467.64188
1925,15,2007,82,715297.428767123,3,3555.1667,497.01938
1925,16,2007,82,711901.3150684929,4,3305.2917,464.29071
1925,17,2007,82,708614.7534246573,5,3180.375,448.8158
1925,18,2007,82,705218.6397260271,6,2960.1665,419.75159
1925,19,2007,82,701932.0780821915,7,2906.4583,414.06546
1925,20,2007,82,698535.9643835614,8,2939.625,420.82657
1925,21,2007,82,695139.8506849313,9,2801.8333,403.06036
1925,22,2007,82,691853.2890410956,10,3002.5,433.97928
1925,23,2007,82,688457.1753424655,11,3052.625,443.40085
1925,24,2007,82,685170.6136986299,12,3262.375,476.14053
1925,25,2008,83,681774.5,1,3858.0417,565.88239
1925,26,2008,83,678220.256830601,2,3872.125,570.92444
1925,27,2008,83,674895.319672131,3,4037.375,598.22241
1925,28,2008,83,671341.0765027322,4,3529.125,525.68286
1925,29,2008,83,667901.4863387977,5,3262.875,488.5264
1925,30,2008,83,664347.2431693987,6,3018.9165,454.41846
1925,31,2008,83,660907.6530054645,7,3034.8335,459.19177
1925,32,2008,83,657353.4098360655,8,2991.875,455.1395
1925,33,2008,83,653799.1666666665,9,2975.625,455.1283
1925,34,2008,83,650359.5765027322,10,3173.4583,487.95441
1925,35,2008,83,646805.3333333333,11,3123.5,482.91193
1925,36,2008,83,643365.7431693987,12,3333.4165,518.12152
1925,37,2009,84,639811.5,1,3985.8333,622.96991
1925,38,2009,84,635976.5876712329,2,3468.625,545.40137
1925,39,2009,84,632512.7958904109,3,3827.875,605.18536
1925,40,2009,84,628677.8835616438,4,3495.5002,556.00812
1925,41,2009,84,624966.6780821919,5,3351.125,536.20862
1925,42,2009,84,621131.7657534247,6,3015.75,485.52499
1925,43,2009,84,617420.5602739723,7,3163.6665,512.40057
1925,44,2009,84,613585.6479452052,8,3070,500.33765
1925,45,2009,84,609750.7356164381,9,3002.4165,492.40063
1925,46,2009,84,606039.5301369862,10,3313.5835,546.76031
1925,47,2009,84,602204.617808219,11,3213.5,533.62262
1925,48,2009,84,598493.4123287671,12,3571.9583,596.82501
1925,49,2010,85,594658.5,1,4109.8335,691.125
1925,50,2010,85,590278.1999999997,2,3607.875,611.216
1925,51,2010,85,586321.7999999998,3,3971.2083,677.30865
1925,52,2010,85,581941.5,4,3578.25,614.88141
1925,53,2010,85,577702.5,5,3532.75,611.51715
1925,54,2010,85,573322.1999999997,6,3164.0833,551.88568
1925,55,2010,85,569083.1999999997,7,3290.375,578.18872
1925,56,2010,85,564702.8999999999,8,3224.875,571.07465
1925,57,2010,85,560322.6000000001,9,3315.875,591.7796
1925,58,2010,85,556083.6000000001,10,3462.4583,622.6507
1925,59,2010,85,551703.2999999998,11,3337.25,604.89941
1925,60,2010,85,547464.2999999998,12,3768.125,688.28687
1925,61,2011,86,543084,1,4357.708,802.40039
1925,62,2011,86,539104.4493150688,2,3917.625,726.69128
1925,63,2011,86,535510.0164383561,3,4064.1667,758.93384
1925,64,2011,86,531530.4657534249,4,3723.167,700.46161
1925,65,2011,86,527679.2876712331,5,3641,690.00244
1925,66,2011,86,523699.7369863014,6,3323.8333,634.68298
1925,67,2011,86,519848.5589041095,7,3369.0415,648.08136
1925,68,2011,86,515869.0082191783,8,3350,649.38965
1925,69,2011,86,511889.4575342466,9,3277.7915,640.33191
1925,70,2011,86,508038.2794520548,10,3679.9583,724.34662
1925,71,2011,86,504058.7287671235,11,3513.625,697.06659
1925,72,2011,86,500207.5506849317,12,3799.2085,759.52643
1925,73,2012,87,496228,1,4176.7915,841.70813
1925,74,2012,87,492113.8510928964,2,3785.875,769.30878
1925,75,2012,87,488265.1311475411,3,4045.5,828.54578
1925,76,2012,87,484150.9822404375,4,3721.0417,768.5705
1925,77,2012,87,480169.5478142076,5,3593.125,748.30341
1925,78,2012,87,476055.398907104,6,3434.5415,721.45837
1925,79,2012,87,472073.9644808746,7,3522.375,746.14899
1925,80,2012,87,467959.8155737706,8,3485.75,744.88232
1925,81,2012,87,463845.666666667,9,3415.2915,736.29913
1925,82,2012,87,459864.2322404375,10,3709.5417,806.66022
1925,83,2012,87,455750.0833333335,11,3743.25,821.33832
1925,84,2012,87,451768.648907104,12,4046.2085,895.63727
1925,85,2013,88,447654.5,1,5098.333,1138.899
1925,86,2013,88,443819.8424657537,2,4024,906.67419
1925,87,2013,88,440356.280821918,3,4318.3335,980.64539
1925,88,2013,88,436521.6232876712,4,3839.6252,879.59564
1925,89,2013,88,432810.6643835618,5,3679.625,850.16968
1925,90,2013,88,428976.006849315,6,3421.3333,797.55817
1925,91,2013,88,425265.0479452056,7,3441.375,809.23065
1925,92,2013,88,421430.3904109588,8,3492.25,828.66589
1925,93,2013,88,417595.7328767125,9,3355.4583,803.51831
1925,94,2013,88,413884.773972603,10,3576.6667,864.16968
1925,95,2013,88,410050.1164383562,11,3613.75,881.29474
1925,96,2013,88,406339.1575342468,12,3885.5833,956.24139
1925,97,2014,89,402504.5,1,4115.625,1022.5041
1925,98,2014,89,452417.0479452051,2,3682.875,814.04425
1925,99,2014,89,497499.3493150696,3,3923.4167,788.6275
1925,100,2014,89,547411.8972602747,4,3695.2917,675.04773
1925,101,2014,89,595714.3630136997,5,3707.75,622.40399
1925,102,2014,89,645626.9109589048,6,3406.75,527.66541
1925,103,2014,89,693929.3767123297,7,3510.0833,505.82715
1925,104,2014,89,743841.9246575348,8,3440.125,462.48065
1925,105,2014,89,793754.4726027399,9,3337.25,420.43857
1925,106,2014,89,842056.9383561648,10,3610.5835,428.7814
1925,107,2014,89,891969.48630137,11,3671.125,411.57516
1925,108,2014,89,940271.9520547949,12,4141.875,440.49756
1925,109,2015,90,990184.5,1,33058.582,3338.6284
1925,110,2015,90,,2,25082,
1925,111,2015,90,,3,23817.459,
1925,112,2015,90,,4,19752.125,
1925,113,2015,90,,5,17289.875,
1925,114,2015,90,,6,14388.249,
1925,115,2015,90,,7,13066.583,
1925,116,2015,90,,8,11057.125,
1925,117,2015,90,,9,9342.125,
1925,118,2015,90,,10,8245.708,
1925,119,2015,90,,11,6323,
1925,120,2015,90,,12,4686.0005,
1926,1,2006,80,784678,1,3249.5,414.11893
1926,2,2006,80,781664.1630136985,2,3020.875,386.46713
1926,3,2006,80,778941.9876712328,3,3240.8333,416.05579
1926,4,2006,80,775928.1506849313,4,2871.4167,370.06219
1926,5,2006,80,773011.5342465753,5,2901.5,375.35016
1926,6,2006,80,769997.6972602739,6,2597.5833,337.34949
1926,7,2006,80,767081.0808219176,7,2639.4585,344.09119
1926,8,2006,80,764067.2438356164,8,2661.625,348.34958
1926,9,2006,80,761053.4068493149,9,2611.8335,343.18661
1926,10,2006,80,758136.7904109587,10,2707.375,357.10904
1926,11,2006,80,755122.9534246575,11,2759.125,365.38751
1926,12,2006,80,752206.3369863012,12,2935.9165,390.30734
1926,13,2007,81,749192.5,1,3420.1248,456.50815
1926,14,2007,81,746218.0712328767,2,3075.25,412.11142
1926,15,2007,81,743531.4904109589,3,3312.25,445.4754
1926,16,2007,81,740557.0616438356,4,3040.4585,410.56369
1926,17,2007,81,737678.5821917809,5,2956.375,400.76736
1926,18,2007,81,734704.1534246574,6,2687.2915,365.76511
1926,19,2007,81,731825.6739726027,7,2726.0835,372.50449
1926,20,2007,81,728851.2452054794,8,2752.5,377.64908
1926,21,2007,81,725876.8164383562,9,2630,362.32043
1926,22,2007,81,722998.3369863012,10,2784,385.06314
1926,23,2007,81,720023.908219178,11,2917.375,405.17752
1926,24,2007,81,717145.4287671233,12,3071.9583,428.35916
1926,25,2008,82,714171,1,3641.9165,509.9502
1926,26,2008,82,710873.9890710381,2,3564.875,501.47775
1926,27,2008,82,707789.6885245901,3,3747,529.39453
1926,28,2008,82,704492.6775956284,4,3246,460.75711
1926,29,2008,82,701302.0218579234,5,3017.5,430.27112
1926,30,2008,82,698005.0109289617,6,2865.0833,410.46744
1926,31,2008,82,694814.3551912566,7,2837.9165,408.44241
1926,32,2008,82,691517.3442622949,8,2839.5,410.61877
1926,33,2008,82,688220.3333333333,9,2804.2915,407.47
1926,34,2008,82,685029.6775956284,10,3021.125,441.02103
1926,35,2008,82,681732.6666666665,11,2937.875,430.94238
1926,36,2008,82,678542.0109289617,12,3193.625,470.65988
1926,37,2009,83,675245,1,3698.9583,547.79498
1926,38,2009,83,671733.8465753424,2,3206.875,477.40262
1926,39,2009,83,668562.4821917808,3,3536.2917,528.93958
1926,40,2009,83,665051.3287671232,4,3289.167,494.57339
1926,41,2009,83,661653.4383561644,5,3239.375,489.58786
1926,42,2009,83,658142.2849315067,6,2923.75,444.24283
1926,43,2009,83,654744.3945205479,7,2965.2917,452.89304
1926,44,2009,83,651233.2410958903,8,2956.25,453.94641
1926,45,2009,83,647722.0876712329,9,2868.625,442.879
1926,46,2009,83,644324.1972602739,10,3158.1665,490.15176
1926,47,2009,83,640813.0438356164,11,3032.25,473.18793
1926,48,2009,83,637415.1534246574,12,3368.6667,528.48865
1926,49,2010,84,633904,1,3885.2915,612.91479
1926,50,2010,84,629839.9849315067,2,3408.25,541.12952
1926,51,2010,84,626169.2616438358,3,3818.875,609.87903
1926,52,2010,84,622105.2465753425,4,3311.875,532.36572
1926,53,2010,84,618172.3287671232,5,3344.875,541.091
1926,54,2010,84,614108.3136986303,6,3047.875,496.30902
1926,55,2010,84,610175.395890411,7,3137.25,514.15546
1926,56,2010,84,606111.3808219177,8,3071.125,506.69318
1926,57,2010,84,602047.3657534248,9,3074.4165,510.66025
1926,58,2010,84,598114.4479452055,10,3300.125,551.75476
1926,59,2010,84,594050.4328767122,11,3301.25,555.71881
1926,60,2010,84,590117.5150684933,12,3588.2083,608.0498
1926,61,2011,85,586053.5,1,4091.75,698.18713
1926,62,2011,85,581753.2054794519,2,3600.25,618.86206
1926,63,2011,85,577869.0684931506,3,3876.9165,670.8988
1926,64,2011,85,573568.7739726026,4,3593.5417,626.52325
1926,65,2011,85,569407.1986301369,5,3536.125,621.01868
1926,66,2011,85,565106.9041095888,6,3235.4583,572.53912
1926,67,2011,85,560945.3287671232,7,3246.4167,578.7403
1926,68,2011,85,556645.0342465751,8,3222,578.82489
1926,69,2011,85,552344.739726027,9,3193.9165,578.24695
1926,70,2011,85,548183.1643835614,10,3346.875,610.53955
1926,71,2011,85,543882.8698630133,11,3316.625,609.80499
1926,72,2011,85,539721.2945205476,12,3550.75,657.88586
1926,73,2012,86,535421,1,3962.0833,739.99402
1926,74,2012,86,531394.5573770492,2,3758,707.1958
1926,75,2012,86,527627.8852459015,3,3897.0417,738.59662
1926,76,2012,86,523601.4426229508,4,3649.3335,696.96783
1926,77,2012,86,519704.8852459015,5,3539.375,681.03552
1926,78,2012,86,515678.4426229508,6,3277.9165,635.65125
1926,79,2012,86,511781.8852459015,7,3376.7915,659.81067
1926,80,2012,86,507755.4426229508,8,3427.5,675.02966
1926,81,2012,86,503729,9,3281.4167,651.42505
1926,82,2012,86,499832.4426229508,10,3527.9167,705.81989
1926,83,2012,86,495806,11,3603.375,726.77118
1926,84,2012,86,491909.4426229508,12,3911.5,795.16669
1926,85,2013,87,487883,1,4939.4995,1012.4352
1926,86,2013,87,484087.4109589038,2,3994.875,825.23834
1926,87,2013,87,480659.1369863013,3,4096.1665,852.19775
1926,88,2013,87,476863.5479452051,4,3712.2085,778.46344
1926,89,2013,87,473190.3972602738,5,3569.125,754.26825
1926,90,2013,87,469394.8082191776,6,3398.4583,724.00848
1926,91,2013,87,465721.6575342463,7,3334.7083,716.03033
1926,92,2013,87,461926.0684931506,8,3403.375,736.77917
1926,93,2013,87,458130.4794520545,9,3271.4585,714.08881
1926,94,2013,87,454457.3287671232,10,3552.0835,781.60992
1926,95,2013,87,450661.739726027,11,3572.75,792.77863
1926,96,2013,87,446988.5890410957,12,3811.875,852.79022
1926,97,2014,88,443193,1,4151.6665,936.76263
1926,98,2014,88,439343.819178082,2,3704.5,843.18927
1926,99,2014,88,435867.1397260274,3,3957.7915,908.02704
1926,100,2014,88,432017.9589041094,4,3633.042,840.94696
1926,101,2014,88,428292.9452054794,5,3736,872.30017
1926,102,2014,88,424443.7643835614,6,3394.0415,799.64459
1926,103,2014,88,420718.7506849314,7,3526,838.0896
1926,104,2014,88,416869.5698630135,8,3404.25,816.62231
1926,105,2014,88,413020.389041096,9,3337.625,808.10175
1926,106,2014,88,409295.3753424655,10,3626.0833,885.93311
1926,107,2014,88,405446.194520548,11,3753,925.64685
1926,108,2014,88,401721.180821918,12,4236.833,1054.67
1926,109,2015,89,397872,1,4938.958,1241.3435
1926,110,2015,89,449529.9328767136,2,3968.625,882.83887
1926,111,2015,89,496188.7109589055,3,4325.0835,871.66101
1926,112,2015,89,547846.6438356191,4,3798.6667,693.38141
1926,113,2015,89,597838.1917808205,5,3693.625,617.8302
1926,114,2015,89,649496.1246575341,6,3407.8333,524.68878
1926,115,2015,89,699487.6726027429,7,3543.75,506.62079
1926,116,2015,89,751145.6054794565,8,3527.5,469.616
1926,117,2015,89,802803.5383561626,9,3519.4167,438.39078
1926,118,2015,89,852795.0863013715,10,3666.8335,429.97827
1926,119,2015,89,904453.019178085,11,3659.875,404.65063
1926,120,2015,89,954444.5671232864,12,3937.5,412.54361
1926,121,2016,90,1006102.5,1,28062.291,2789.208
1926,122,2016,90,,2,23775.125,
1926,123,2016,90,,3,23113.416,
1926,124,2016,90,,4,19557.084,
1926,125,2016,90,,5,17526.125,
1926,126,2016,90,,6,14542.666,
1926,127,2016,90,,7,12987.291,
1926,128,2016,90,,8,11311.25,
1926,129,2016,90,,9,9589.875,
1926,130,2016,90,,10,8370.958,
1926,131,2016,90,,11,6578.625,
1926,132,2016,90,,12,5186.6255,
1927,1,2006,79,820832.5,1,3089.9583,376.44199
1927,2,2006,79,817750.9726027397,2,2731.375,334.01062
1927,3,2006,79,814967.6575342466,3,3052.1667,374.51385
1927,4,2006,79,811886.1301369863,4,2750.6667,338.79956
1927,5,2006,79,808904.006849315,5,2709.875,335.00577
1927,6,2006,79,805822.4794520547,6,2448.5833,303.86136
1927,7,2006,79,802840.3561643835,7,2500.0833,311.40479
1927,8,2006,79,799758.8287671232,8,2458.375,307.38956
1927,9,2006,79,796677.3013698629,9,2411.625,302.71039
1927,10,2006,79,793695.1780821916,10,2509.9167,316.23181
1927,11,2006,79,790613.6506849313,11,2531.875,320.24176
1927,12,2006,79,787631.5273972601,12,2671.125,339.13382
1927,13,2007,80,784550,1,3230.4998,411.76468
1927,14,2007,80,781577.1000000003,2,2956.875,378.32159
1927,15,2007,80,778891.9000000004,3,3030.7915,389.11581
1927,16,2007,80,775919.0000000002,4,2852.2085,367.591
1927,17,2007,80,773042.0000000002,5,2760.5,357.09573
1927,18,2007,80,770069.1000000003,6,2501.75,324.87344
1927,19,2007,80,767192.1000000003,7,2570.2085,335.01498
1927,20,2007,80,764219.2000000002,8,2606.25,341.03436
1927,21,2007,80,761246.3000000003,9,2442.625,320.87183
1927,22,2007,80,758369.3000000003,10,2624.2085,346.03305
1927,23,2007,80,755396.4000000004,11,2711.375,358.93405
1927,24,2007,80,752519.4000000004,12,2837.8333,377.11096
1927,25,2008,81,749546.5,1,3398.3748,453.39078
1927,26,2008,81,746661.4672131147,2,3285.75,440.05887
1927,27,2008,81,743962.5655737703,3,3501.2915,470.62738
1927,28,2008,81,741077.5327868853,4,2996.875,404.39426
1927,29,2008,81,738285.5655737703,5,2878.75,389.92365
1927,30,2008,81,735400.5327868853,6,2789.125,379.26611
1927,31,2008,81,732608.5655737703,7,2643.2085,360.7941
1927,32,2008,81,729723.5327868853,8,2665.875,365.32672
1927,33,2008,81,726838.5,9,2651.5835,364.81055
1927,34,2008,81,724046.5327868853,10,2681.625,370.36639
1927,35,2008,81,721161.5,11,2773.375,384.57059
1927,36,2008,81,718369.5327868853,12,3001.125,417.76898
1927,37,2009,82,715484.5,1,3526.5417,492.88864
1927,38,2009,82,712135.1410958902,2,3121.75,438.36484
1927,39,2009,82,709109.9136986299,3,3362.4167,474.17426
1927,40,2009,82,705760.5547945204,4,3079.2085,436.29648
1927,41,2009,82,702519.239726027,5,3058.875,435.41513
1927,42,2009,82,699169.8808219174,6,2811,402.04822
1927,43,2009,82,695928.5657534243,7,2752.5833,395.5267
1927,44,2009,82,692579.2068493147,8,2768.375,399.71964
1927,45,2009,82,689229.8479452052,9,2710.4167,393.25296
1927,46,2009,82,685988.532876712,10,2950.875,430.16391
1927,47,2009,82,682639.1739726025,11,2878.75,421.70889
1927,48,2009,82,679397.8589041093,12,3129.0415,460.561
1927,49,2010,83,676048.5,1,3564.125,527.19958
1927,50,2010,83,672372.8767123292,2,3142.125,467.31882
1927,51,2010,83,669052.9589041099,3,3547.5835,530.23956
1927,52,2010,83,665377.3356164386,4,3163.875,475.50085
1927,53,2010,83,661820.280821918,5,3051.875,461.13348
1927,54,2010,83,658144.6575342468,6,2913.7083,442.71548
1927,55,2010,83,654587.6027397262,7,3042.5835,464.8092
1927,56,2010,83,650911.9794520549,8,2978.125,457.53113
1927,57,2010,83,647236.3561643837,9,2974.0835,459.505
1927,58,2010,83,643679.3013698631,10,3054.8335,474.58936
1927,59,2010,83,640003.6780821919,11,3106.25,485.34879
1927,60,2010,83,636446.6232876712,12,3341.4167,525.01129
1927,61,2011,84,632771,1,3938.9583,622.49347
1927,62,2011,84,628626.9369863011,2,3440,547.22443
1927,63,2011,84,624883.9123287671,3,3748.125,599.8114
1927,64,2011,84,620739.8493150682,4,3385.9585,545.47144
1927,65,2011,84,616729.4657534244,5,3403,551.78162
1927,66,2011,84,612585.402739726,6,3176.4165,518.52631
1927,67,2011,84,608575.0191780818,7,3126.7915,513.789
1927,68,2011,84,604430.9561643833,8,3103.875,513.5202
1927,69,2011,84,600286.8931506849,9,3039.5,506.34122
1927,70,2011,84,596276.5095890407,10,3178.2085,533.00916
1927,71,2011,84,592132.4465753422,11,3196.625,539.84967
1927,72,2011,84,588122.0630136984,12,3316.7083,563.94897
1927,73,2012,85,583978,1,3891.625,666.39923
1927,74,2012,85,579493.4180327868,2,3542.25,611.26666
1927,75,2012,85,575298.1639344264,3,3709.375,644.77435
1927,76,2012,85,570813.5819672132,4,3540.3335,620.22589
1927,77,2012,85,566473.6639344264,5,3470.875,612.71606
1927,78,2012,85,561989.0819672132,6,3150.125,560.53137
1927,79,2012,85,557649.1639344264,7,3255.1665,583.73016
1927,80,2012,85,553164.5819672132,8,3264.625,590.17249
1927,81,2012,85,548680,9,3208.5833,584.78223
1927,82,2012,85,544340.0819672132,10,3382.0835,621.31812
1927,83,2012,85,539855.5,11,3359.125,622.22668
1927,84,2012,85,535515.5819672132,12,3780.4583,705.94739
1927,85,2013,86,531031,1,4808.208,905.44769
1927,86,2013,86,527288.1958904113,2,3800.25,720.71594
1927,87,2013,86,523907.5986301373,3,3991.9585,761.9585
1927,88,2013,86,520164.7945205481,4,3577.8335,687.8269
1927,89,2013,86,516542.7260273974,5,3474.625,672.66943
1927,90,2013,86,512799.9219178082,6,3234.1665,630.68781
1927,91,2013,86,509177.8534246576,7,3263.8335,641.00067
1927,92,2013,86,505435.0493150684,8,3299.25,652.75452
1927,93,2013,86,501692.2452054797,9,3166.125,631.08911
1927,94,2013,86,498070.176712329,10,3462.125,695.10785
1927,95,2013,86,494327.3726027398,11,3428.375,693.54346
1927,96,2013,86,490705.3041095892,12,3740,762.16827
1927,97,2014,87,486962.5,1,4118.375,845.72736
1927,98,2014,87,483114.4232876711,2,3649.375,755.38525
1927,99,2014,87,479638.7410958903,3,3919.875,817.25574
1927,100,2014,87,475790.6643835614,4,3579.5,752.32666
1927,101,2014,87,472066.719178082,5,3681.625,779.89508
1927,102,2014,87,468218.6424657535,6,3386,723.16644
1927,103,2014,87,464494.6972602736,7,3404.4585,732.93805
1927,104,2014,87,460646.6205479451,8,3365.75,730.65771
1927,105,2014,87,456798.5438356162,9,3265.25,714.81183
1927,106,2014,87,453074.5986301368,10,3595.2083,793.51355
1927,107,2014,87,449226.5219178079,11,3635.75,809.33557
1927,108,2014,87,445502.5767123285,12,4072.3335,914.09875
1927,109,2015,88,441654.5,1,4842.7495,1096.5018
1927,110,2015,88,437951.5287671234,2,3954.125,902.86816
1927,111,2015,88,434606.909589041,3,4234.042,974.22333
1927,112,2015,88,430903.9383561644,4,3824.0835,887.45618
1927,113,2015,88,427320.4178082193,5,3726.125,871.97449
1927,114,2015,88,423617.4465753427,6,3449.8333,814.37469
1927,115,2015,88,420033.9260273972,7,3541,843.02716
1927,116,2015,88,416330.9547945205,8,3487.625,837.70496
1927,117,2015,88,412627.9835616439,9,3407.9165,825.90533
1927,118,2015,88,409044.4630136988,10,3578.4165,874.82336
1927,119,2015,88,405341.4917808217,11,3597.125,887.43073
1927,120,2015,88,401757.9712328766,12,3841.5835,956.19348
1927,121,2016,89,398055,1,4135.333,1038.8849
1927,122,2016,89,450364.3661202192,2,3874.75,860.35895
1927,123,2016,89,499298.9344262257,3,3990.375,799.19556
1927,124,2016,89,551608.300546445,4,3820.917,692.68665
1927,125,2016,89,602230.2677595615,5,3639.125,604.27466
1927,126,2016,89,654539.6338797808,6,3378.125,516.10699
1927,127,2016,89,705161.6010928974,7,3431.375,486.60831
1927,128,2016,89,757470.9672131091,8,3499.25,461.9649
1927,129,2016,89,809780.3333333284,9,3466.75,428.10992
1927,130,2016,89,860402.300546445,10,3670.4167,426.59308
1927,131,2016,89,912711.6666666642,11,3717,407.24799
1927,132,2016,89,963333.6338797808,12,4118.9165,427.56906
1927,133,2017,90,1015643,1,31164.584,3068.4585
1927,134,2017,90,,2,25564.125,
1927,135,2017,90,,3,24924.043,
1927,136,2017,90,,4,20358.002,
1927,137,2017,90,,5,17681.75,
1927,138,2017,90,,6,14653.583,
1927,139,2017,90,,7,13102.75,
1927,140,2017,90,,8,11411,
1927,141,2017,90,,9,9682,
1927,142,2017,90,,10,8363.458,
1927,143,2017,90,,11,6462.5,
1927,144,2017,90,,12,5259.0005,
1928,1,2006,78,839408.5,1,2851.9167,339.75314
1928,2,2006,78,836881.6602739727,2,2643.125,315.8302
1928,3,2006,78,834599.3534246576,3,2929.25,350.97678
1928,4,2006,78,832072.5136986303,4,2535.5835,304.73108
1928,5,2006,78,829627.1849315071,5,2510.375,302.59073
1928,6,2006,78,827100.3452054795,6,2284.5,276.2059
1928,7,2006,78,824655.0164383564,7,2308.5835,279.94537
1928,8,2006,78,822128.176712329,8,2266.375,275.67172
1928,9,2006,78,819601.3369863015,9,2196.5417,268.00125
1928,10,2006,78,817156.0082191783,10,2346.6667,287.17487
1928,11,2006,78,814629.168493151,11,2417.125,296.71475
1928,12,2006,78,812183.8397260276,12,2522.9585,310.63885
1928,13,2007,79,809657,1,3024.7498,373.58411
1928,14,2007,79,806601.4191780824,2,2766.5,342.9823
1928,15,2007,79,803841.5397260275,3,2897.125,360.40997
1928,16,2007,79,800785.9589041097,4,2682.75,335.01462
1928,17,2007,79,797828.9452054796,5,2621.125,328.5322
1928,18,2007,79,794773.3643835618,6,2410.25,303.26254
1928,19,2007,79,791816.3506849317,7,2373.875,299.80121
1928,20,2007,79,788760.7698630139,8,2400.25,304.30646
1928,21,2007,79,785705.189041096,9,2301.2083,292.88443
1928,22,2007,79,782748.175342466,10,2404,307.12305
1928,23,2007,79,779692.5945205481,11,2471.375,316.96786
1928,24,2007,79,776735.5808219179,12,2667,343.36008
1928,25,2008,80,773680,1,3128.1248,404.31766
1928,26,2008,80,770805.0040983609,2,3033.875,393.59824
1928,27,2008,80,768115.4918032789,3,3338.5835,434.64603
1928,28,2008,80,765240.4959016396,4,2803.7085,366.38266
1928,29,2008,80,762458.2418032789,5,2690.375,352.85538
1928,30,2008,80,759583.2459016396,6,2563.8333,337.53156
1928,31,2008,80,756800.9918032789,7,2524.5415,333.58063
1928,32,2008,80,753925.9959016396,8,2480.75,329.04422
1928,33,2008,80,751051.0000000002,9,2457.4165,327.19702
1928,34,2008,80,748268.7459016396,10,2534.5,338.71521
1928,35,2008,80,745393.7500000002,11,2592,347.73569
1928,36,2008,80,742611.4959016396,12,2734.25,368.19388
1928,37,2009,81,739736.5,1,3277.125,443.01248
1928,38,2009,81,736808.8684931505,2,2848.25,386.56564
1928,39,2009,81,734164.5561643832,3,3124.8333,425.63116
1928,40,2009,81,731236.9246575339,4,2866.9165,392.06396
1928,41,2009,81,728403.732876712,5,2788.125,382.77191
1928,42,2009,81,725476.1013698627,6,2622.375,361.46951
1928,43,2009,81,722642.9095890408,7,2623,362.97318
1928,44,2009,81,719715.2780821915,8,2561.875,355.95673
1928,45,2009,81,716787.6465753422,9,2494.9167,348.06915
1928,46,2009,81,713954.4547945203,10,2722.7085,381.35605
1928,47,2009,81,711026.823287671,11,2606.25,366.54736
1928,48,2009,81,708193.6315068491,12,2944.5835,415.7879
1928,49,2010,82,705266,1,3419.2083,484.81116
1928,50,2010,82,701842.7931506846,2,3090.375,440.32297
1928,51,2010,82,698750.8643835613,3,3292.0417,471.13242
1928,52,2010,82,695327.6575342463,4,2996.5417,430.95392
1928,53,2010,82,692014.8767123285,5,2917,421.52274
1928,54,2010,82,688591.6698630133,6,2752.9165,399.7894
1928,55,2010,82,685278.8890410955,7,2820.4583,411.57816
1928,56,2010,82,681855.6821917805,8,2748.625,403.1095
1928,57,2010,82,678432.4753424653,9,2716.4167,400.39603
1928,58,2010,82,675119.6945205475,10,2839.875,420.64764
1928,59,2010,82,671696.4876712325,11,2818.125,419.55334
1928,60,2010,82,668383.7068493147,12,3101.9583,464.09842
1928,61,2011,83,664960.5,1,3719.9583,559.42548
1928,62,2011,83,661421.6164383562,2,3315,501.19318
1928,63,2011,83,658225.2054794519,3,3639.5,552.92627
1928,64,2011,83,654686.3219178081,4,3191.125,487.42807
1928,65,2011,83,651261.5958904112,5,3194,490.43274
1928,66,2011,83,647722.7123287674,6,3036.7915,468.84128
1928,67,2011,83,644297.98630137,7,2983.3333,463.03625
1928,68,2011,83,640759.1027397262,8,2876,448.84262
1928,69,2011,83,637220.2191780824,9,2786.625,437.30957
1928,70,2011,83,633795.493150685,10,2935.5415,463.16858
1928,71,2011,83,630256.6095890412,11,3041.25,482.54153
1928,72,2011,83,626831.8835616438,12,3150.7917,502.65338
1928,73,2012,84,623293,1,3798,609.34424
1928,74,2012,84,619026.4344262294,2,3345.5,540.44543
1928,75,2012,84,615035.1311475411,3,3575.375,581.32855
1928,76,2012,84,610768.5655737706,4,3340.375,546.91339
1928,77,2012,84,606639.6311475411,5,3227.5,532.02917
1928,78,2012,84,602373.0655737706,6,3018.9583,501.17749
1928,79,2012,84,598244.1311475411,7,3078.8335,514.64502
1928,80,2012,84,593977.5655737706,8,3042.25,512.18262
1928,81,2012,84,589711,9,2975.2085,504.51974
1928,82,2012,84,585582.0655737706,10,3151.5417,538.18958
1928,83,2012,84,581315.5,11,3240.375,557.42108
1928,84,2012,84,577186.5655737706,12,3476.9583,602.39764
1928,85,2013,85,572920,1,4681.0415,817.04974
1928,86,2013,85,568618.3041095892,2,3834.375,674.33197
1928,87,2013,85,564732.9013698632,3,3915.875,693.40302
1928,88,2013,85,560431.2054794524,4,3387.6667,604.47504
1928,89,2013,85,556268.273972603,5,3398.375,610.92377
1928,90,2013,85,551966.5780821918,6,3073.8333,556.88757
1928,91,2013,85,547803.6465753429,7,3135.75,572.42224
1928,92,2013,85,543501.9506849316,8,3136.875,577.15985
1928,93,2013,85,539200.2547945208,9,3026.4583,561.2865
1928,94,2013,85,535037.3232876714,10,3223.6667,602.51251
1928,95,2013,85,530735.6273972606,11,3264.5,615.08966
1928,96,2013,85,526572.6958904113,12,3461,657.26917
1928,97,2014,86,522271,1,4050.9583,775.64294
1928,98,2014,86,518539.194520548,2,3506.5,676.22662
1928,99,2014,86,515168.531506849,3,3788.0835,735.30957
1928,100,2014,86,511436.726027397,4,3499.5835,684.2652
1928,101,2014,86,507825.3013698631,5,3490.125,687.2688
1928,102,2014,86,504093.4958904111,6,3225.9583,639.95239
1928,103,2014,86,500482.0712328767,7,3214.75,642.33069
1928,104,2014,86,496750.2657534247,8,3236.125,651.45917
1928,105,2014,86,493018.4602739727,9,3174,643.78931
1928,106,2014,86,489407.0356164384,10,3353.8335,685.2851
1928,107,2014,86,485675.2301369864,11,3371.125,694.11096
1928,108,2014,86,482063.805479452,12,3962.4583,821.97797
1928,109,2015,87,478332,1,4762.583,995.66473
1928,110,2015,87,474666.5684931506,2,3915.125,824.81586
1928,111,2015,87,471355.8561643837,3,4160.667,882.7019
1928,112,2015,87,467690.4246575343,4,3740.5835,799.79901
1928,113,2015,87,464143.2328767125,5,3660.375,788.63049
1928,114,2015,87,460477.8013698631,6,3448.5833,748.91412
1928,115,2015,87,456930.6095890412,7,3420.2085,748.51813
1928,116,2015,87,453265.1780821919,8,3347.625,738.55774
1928,117,2015,87,449599.7465753425,9,3244.7915,721.70673
1928,118,2015,87,446052.5547945206,10,3415.5,765.71692
1928,119,2015,87,442387.1232876712,11,3379.625,763.95197
1928,120,2015,87,438839.9315068494,12,3596.4583,819.5376
1928,121,2016,88,435174.5,1,4340.6665,997.45422
1928,122,2016,88,431462.8428961751,2,3853.125,893.03748
1928,123,2016,88,427990.6475409837,3,3961.0417,925.49725
1928,124,2016,88,424278.9904371588,4,3740.7085,881.66241
1928,125,2016,88,420687.0642076503,5,3512.375,834.91394
1928,126,2016,88,416975.4071038254,6,3365.625,807.15192
1928,127,2016,88,413383.4808743172,7,3386.875,819.30585
1928,128,2016,88,409671.8237704919,8,3389.875,827.46112
1928,129,2016,88,405960.166666667,9,3331.125,820.55463
1928,130,2016,88,402368.2404371588,10,3617.75,899.1142
1928,131,2016,88,398656.5833333335,11,3595.25,901.84137
1928,132,2016,88,395064.6571038254,12,4003,1013.2519
1928,133,2017,89,391353,1,4540.375,1160.1738
1928,134,2017,89,444486.9150684923,2,3908.875,879.41284
1928,135,2017,89,492478.8383561596,3,4142.4585,841.14447
1928,136,2017,89,545612.7534246594,4,3786.875,694.05908
1928,137,2017,89,597032.6712328792,5,3509.75,587.86566
1928,138,2017,89,650166.5863013715,6,3366.6665,517.81598
1928,139,2017,89,701586.5041095912,7,3333.3333,475.11365
1928,140,2017,89,754720.4191780835,8,3400.125,450.5145
1928,141,2017,89,807854.3342465758,9,3396.1667,420.39346
1928,142,2017,89,859274.2520547956,10,3545.875,412.6593
1928,143,2017,89,912408.1671232879,11,3546.75,388.72406
1928,144,2017,89,963828.0849315077,12,4142.208,429.76627
1928,145,2018,90,1016962,1,35233.496,3464.5833
1928,146,2018,90,,2,25528.125,
1928,147,2018,90,,3,24479.084,
1928,148,2018,90,,4,20364.418,
1928,149,2018,90,,5,17304.75,
1928,150,2018,90,,6,14742.874,
1928,151,2018,90,,7,13220.041,
1928,152,2018,90,,8,11425.125,
1928,153,2018,90,,9,9423,
1928,154,2018,90,,10,8375.958,
1928,155,2018,90,,11,6573.125,
1928,156,2018,90,,12,4920.792,
1929,1,2006,77,871675,1,2679.5833,307.40622
1929,2,2006,77,869203.5780821918,2,2418.875,278.28635
1929,3,2006,77,866971.3260273971,3,2702.375,311.70294
1929,4,2006,77,864499.9041095888,4,2276.625,263.34589
1929,5,2006,77,862108.2054794519,5,2289.25,265.54092
1929,6,2006,77,859636.7835616437,6,2104.1665,244.7739
1929,7,2006,77,857245.0849315068,7,2169.4585,253.0733
1929,8,2006,77,854773.6630136985,8,2121.125,248.15048
1929,9,2006,77,852302.2410958903,9,2047.875,240.27568
1929,10,2006,77,849910.5424657534,10,2310.25,271.82272
1929,11,2006,77,847439.1205479451,11,2216.875,261.59695
1929,12,2006,77,845047.421917808,12,2496.875,295.47159
1929,13,2007,78,842576,1,2777.8333,329.68341
1929,14,2007,78,840093.3671232876,2,2496.75,297.1991
1929,15,2007,78,837850.9890410958,3,2656,317.00146
1929,16,2007,78,835368.3561643835,4,2467.625,295.39365
1929,17,2007,78,832965.8082191781,5,2441.5,293.10928
1929,18,2007,78,830483.1753424658,6,2264.8333,272.71271
1929,19,2007,78,828080.6273972602,7,2250.5,271.77304
1929,20,2007,78,825597.9945205478,8,2225.625,269.57733
1929,21,2007,78,823115.3616438354,9,2227.5,270.61819
1929,22,2007,78,820712.8136986301,10,2262.9585,275.73087
1929,23,2007,78,818230.1808219177,11,2358.75,288.27463
1929,24,2007,78,815827.6328767124,12,2448.2085,300.08893
1929,25,2008,79,813345,1,3051.4998,375.17902
1929,26,2008,79,810302.3415300546,2,2881.5,355.608
1929,27,2008,79,807455.9836065574,3,2955.7915,366.06226
1929,28,2008,79,804413.3251366122,4,2640.625,328.26718
1929,29,2008,79,801468.8169398909,5,2495.875,311.41263
1929,30,2008,79,798426.1584699454,6,2343.6665,293.5358
1929,31,2008,79,795481.6502732241,7,2383.6665,299.65073
1929,32,2008,79,792438.9918032787,8,2356.75,297.4046
1929,33,2008,79,789396.3333333333,9,2337.625,296.12817
1929,34,2008,79,786451.8251366122,10,2486.9167,316.21985
1929,35,2008,79,783409.1666666667,11,2440.375,311.50708
1929,36,2008,79,780464.6584699454,12,2633.875,337.47525
1929,37,2009,80,777422,1,3064.4165,394.17673
1929,38,2009,80,774466.8082191779,2,2648.125,341.9288
1929,39,2009,80,771797.602739726,3,2884.875,373.78647
1929,40,2009,80,768842.4109589041,4,2657.9167,345.7037
1929,41,2009,80,765982.5479452054,5,2555.5,333.62378
1929,42,2009,80,763027.3561643835,6,2474.9165,324.35489
1929,43,2009,80,760167.4931506847,7,2502.4167,329.19281
1929,44,2009,80,757212.3013698629,8,2469,326.06442
1929,45,2009,80,754257.109589041,9,2371.625,314.43192
1929,46,2009,80,751397.2465753423,10,2611.6665,347.57468
1929,47,2009,80,748442.0547945204,11,2521.875,336.94992
1929,48,2009,80,745582.1917808219,12,2809.5415,376.8252
1929,49,2010,81,742627,1,3185.5415,428.95578
1929,50,2010,81,739469.6287671232,2,2803.125,379.07236
1929,51,2010,81,736617.8095890409,3,3012.9585,409.02603
1929,52,2010,81,733460.4383561644,4,2806.9167,382.69504
1929,53,2010,81,730404.9178082191,5,2806.125,384.18759
1929,54,2010,81,727247.5465753423,6,2607.875,358.59521
1929,55,2010,81,724192.0260273973,7,2555.3335,352.85303
1929,56,2010,81,721034.6547945205,8,2557.75,354.73331
1929,57,2010,81,717877.2835616437,9,2575.1665,358.7196
1929,58,2010,81,714821.7630136986,10,2701.4165,377.9147
1929,59,2010,81,711664.3917808218,11,2756.5,387.33145
1929,60,2010,81,708608.8712328766,12,3002.875,423.77045
1929,61,2011,82,705451.5,1,3456.7915,490.01123
1929,62,2011,82,702079.3369863015,2,3148.875,448.50702
1929,63,2011,82,699033.5123287672,3,3288.9167,470.49487
1929,64,2011,82,695661.3493150687,4,2984.2917,428.98627
1929,65,2011,82,692397.9657534247,5,3013.125,435.17242
1929,66,2011,82,689025.8027397261,6,2830.7915,410.83969
1929,67,2011,82,685762.4191780824,7,2836.2917,413.59686
1929,68,2011,82,682390.2561643836,8,2811,411.93436
1929,69,2011,82,679018.0931506851,9,2652.4585,390.6315
1929,70,2011,82,675754.7095890411,10,2934,434.18121
1929,71,2011,82,672382.5465753425,11,2917.75,433.94196
1929,72,2011,82,669119.1630136988,12,3019.4165,451.25244
1929,73,2012,83,665747,1,3421.875,513.9903
1929,74,2012,83,662109.3278688523,2,3239.375,489.25076
1929,75,2012,83,658706.3442622949,3,3349.4167,508.48407
1929,76,2012,83,655068.6721311477,4,3091.2085,471.89075
1929,77,2012,83,651548.3442622949,5,3113,477.78497
1929,78,2012,83,647910.6721311477,6,2886.875,445.56683
1929,79,2012,83,644390.3442622949,7,2895.875,449.39764
1929,80,2012,83,640752.6721311477,8,2894.25,451.69534
1929,81,2012,83,637115,9,2824.9585,443.39853
1929,82,2012,83,633594.6721311477,10,3144.7085,496.32813
1929,83,2012,83,629957,11,3165.875,502.55414
1929,84,2012,83,626436.6721311477,12,3406.5,543.78998
1929,85,2013,84,622799,1,4275.833,686.55103
1929,86,2013,84,618627.6739726029,2,3575.625,577.99304
1929,87,2013,84,614860.0246575344,3,3677.75,598.14429
1929,88,2013,84,610688.6986301369,4,3251.9167,532.49988
1929,89,2013,84,606651.9315068494,5,3140.75,517.71863
1929,90,2013,84,602480.6054794523,6,2961.4165,491.53723
1929,91,2013,84,598443.8383561643,7,3026.4583,505.72134
1929,92,2013,84,594272.5123287672,8,2983.5,502.04239
1929,93,2013,84,590101.1863013702,9,2917.125,494.34317
1929,94,2013,84,586064.4191780821,10,3051.4165,520.66229
1929,95,2013,84,581893.0931506851,11,3207.25,551.17511
1929,96,2013,84,577856.3260273975,12,3376.1667,584.25714
1929,97,2014,85,573685,1,3879.3333,676.21313
1929,98,2014,85,569369.7575342464,2,3313.875,582.02515
1929,99,2014,85,565472.1191780819,3,3545.4583,626.99084
1929,100,2014,85,561156.8767123288,4,3412.3752,608.0965
1929,101,2014,85,556980.8356164382,5,3409.125,612.0722
1929,102,2014,85,552665.5931506846,6,3073.5415,556.13043
1929,103,2014,85,548489.5520547945,7,3159.7085,576.07452
1929,104,2014,85,544174.3095890409,8,3137.25,576.51563
1929,105,2014,85,539859.0671232874,9,3170,587.19031
1929,106,2014,85,535683.0260273973,10,3246.2915,606.00977
1929,107,2014,85,531367.7835616437,11,3357,631.76581
1929,108,2014,85,527191.7424657531,12,3858.3333,731.8653
1929,109,2015,86,522876.5,1,4621.6665,883.89258
1929,110,2015,86,519243.5123287672,2,3840.625,739.65778
1929,111,2015,86,515962.104109589,3,3929.8333,761.65155
1929,112,2015,86,512329.1164383562,4,3550.6252,693.03601
1929,113,2015,86,508813.3219178081,5,3552.25,698.14404
1929,114,2015,86,505180.3342465754,6,3244.875,642.32013
1929,115,2015,86,501664.5397260273,7,3345.625,666.90485
1929,116,2015,86,498031.5520547945,8,3275.75,657.73944
1929,117,2015,86,494398.5643835617,9,3155.7917,638.30927
1929,118,2015,86,490882.7698630136,10,3501.5,713.30676
1929,119,2015,86,487249.7821917809,11,3329,683.22247
1929,120,2015,86,483733.9876712328,12,3545.75,732.99585
1929,121,2016,87,480101,1,4116.333,857.38898
1929,122,2016,87,476343.9863387975,2,3713.5,779.58368
1929,123,2016,87,472829.3606557376,3,3968.625,839.33557
1929,124,2016,87,469072.3469945355,4,3564.167,759.83313
1929,125,2016,87,465436.5273224041,5,3441.75,739.4671
1929,126,2016,87,461679.513661202,6,3234.8333,700.66638
1929,127,2016,87,458043.6939890711,7,3319.7083,724.758
1929,128,2016,87,454286.6803278686,8,3307.875,728.14703
1929,129,2016,87,450529.6666666665,9,3222.875,715.35248
1929,130,2016,87,446893.8469945355,10,3539.0833,791.92926
1929,131,2016,87,443136.833333333,11,3620.875,817.10089
1929,132,2016,87,439501.013661202,12,3933.7917,895.05865
1929,133,2017,88,435744,1,4447.708,1020.7158
1929,134,2017,88,432039.669863014,2,3898.75,902.40558
1929,135,2017,88,428693.8232876714,3,4070.9585,949.61914
1929,136,2017,88,424989.493150685,4,3736.625,879.2276
1929,137,2017,88,421404.6575342468,5,3527,836.96277
1929,138,2017,88,417700.3273972603,6,3297.875,789.53137
1929,139,2017,88,414115.4917808222,7,3306.0417,798.33807
1929,140,2017,88,410411.1616438357,8,3397.125,827.737
1929,141,2017,88,406706.8315068493,9,3438.125,845.35706
1929,142,2017,88,403121.9958904111,10,3633.2085,901.26776
1929,143,2017,88,399417.6657534246,11,3588.375,898.40167
1929,144,2017,88,395832.8301369864,12,4247.4165,1073.033
1929,145,2018,89,392128.5,1,4855.208,1238.1676
1929,146,2018,89,445648.7260273919,2,3963.5,889.37762
1929,147,2018,89,493989.5753424615,3,4063.875,822.66412
1929,148,2018,89,547509.8013698608,4,3726.0417,680.5434
1929,149,2018,89,599303.5684931502,5,3462.75,577.79565
1929,150,2018,89,652823.794520542,6,3357.1665,514.25311
1929,151,2018,89,704617.5616438314,7,3378.875,479.53317
1929,152,2018,89,758137.7876712307,8,3316.875,437.50293
1929,153,2018,89,811658.01369863,9,3357.4165,413.64914
1929,154,2018,89,863451.780821912,10,3654.375,423.22861
1929,155,2018,89,916972.0068493113,11,3770.375,411.17667
1929,156,2018,89,968765.7739726007,12,4109.25,424.17374
1929,157,2019,90,1022286,1,29398.082,2875.72
1929,158,2019,90,,2,24222.625,
1929,159,2019,90,,3,24411.75,
1929,160,2019,90,,4,20254.543,
1929,161,2019,90,,5,17953.375,
1929,162,2019,90,,6,15279.833,
1929,163,2019,90,,7,13519.416,
1929,164,2019,90,,8,11576,
1929,165,2019,90,,9,9788.084,
1929,166,2019,90,,10,8611.416,
1929,167,2019,90,,11,6772.375,
1929,168,2019,90,,12,5130.8755,
1930,1,2006,76,892264,1,2457.3333,275.40427
1930,2,2006,76,890196.9369863013,2,2197.25,246.82741
1930,3,2006,76,888329.9123287671,3,2448.0417,275.578
1930,4,2006,76,886262.8493150685,4,2151.25,242.73273
1930,5,2006,76,884262.4657534247,5,2103,237.82532
1930,6,2006,76,882195.402739726,6,1965.4999,222.79643
1930,7,2006,76,880195.019178082,7,2045.875,232.43428
1930,8,2006,76,878127.9561643836,8,1942.375,221.19499
1930,9,2006,76,876060.8931506849,9,1862.5416,212.60413
1930,10,2006,76,874060.5095890411,10,2061.2085,235.81989
1930,11,2006,76,871993.4465753424,11,1959,224.65765
1930,12,2006,76,869993.0630136984,12,2137.5833,245.70119
1930,13,2007,77,867926,1,2520.375,290.39053
1930,14,2007,77,865497.1287671232,2,2336.625,269.97488
1930,15,2007,77,863303.3095890409,3,2512.25,291.00433
1930,16,2007,77,860874.4383561644,4,2306.75,267.95428
1930,17,2007,77,858523.9178082191,5,2267.875,264.15979
1930,18,2007,77,856095.0465753423,6,2084.0415,243.43576
1930,19,2007,77,853744.5260273973,7,2107.9583,246.90738
1930,20,2007,77,851315.6547945205,8,2074.25,243.65228
1930,21,2007,77,848886.7835616437,9,2069.75,243.81932
1930,22,2007,77,846536.2630136986,10,2123.4167,250.83589
1930,23,2007,77,844107.3917808218,11,2067.875,244.97772
1930,24,2007,77,841756.8712328766,12,2289.5,271.99066
1930,25,2008,78,839328,1,2800.9998,333.71933
1930,26,2008,78,836907.4590163936,2,2728.5,326.0217
1930,27,2008,78,834643.0819672134,3,2823.1667,338.24838
1930,28,2008,78,832222.5409836068,4,2451.4167,294.56265
1930,29,2008,78,829880.0819672134,5,2400.125,289.21347
1930,30,2008,78,827459.5409836068,6,2240.0833,270.71817
1930,31,2008,78,825117.0819672134,7,2148.4585,260.38226
1930,32,2008,78,822696.5409836068,8,2189.5,266.13702
1930,33,2008,78,820276.0000000002,9,2138.3333,260.6846
1930,34,2008,78,817933.5409836068,10,2300.875,281.30341
1930,35,2008,78,815513.0000000002,11,2210.25,271.02573
1930,36,2008,78,813170.5409836068,12,2443.125,300.44437
1930,37,2009,79,810750,1,2860.6665,352.84201
1930,38,2009,79,807691.4041095891,2,2551,315.83844
1930,39,2009,79,804928.8013698631,3,2663.625,330.91437
1930,40,2009,79,801870.2054794522,4,2494.6667,311.10605
1930,41,2009,79,798910.2739726028,5,2465.75,308.63916
1930,42,2009,79,795851.6780821919,6,2360.9165,296.65283
1930,43,2009,79,792891.7465753425,7,2285.75,288.28021
1930,44,2009,79,789833.1506849315,8,2295.875,290.67847
1930,45,2009,79,786774.5547945206,9,2221.2085,282.3183
1930,46,2009,79,783814.6232876712,10,2368.5833,302.18668
1930,47,2009,79,780756.0273972603,11,2264.75,290.07141
1930,48,2009,79,777796.0958904109,12,2502.125,321.69421
1930,49,2010,80,774737.5,1,2978.9583,384.51196
1930,50,2010,80,771721.4123287674,2,2668.125,345.73682
1930,51,2010,80,768997.2041095891,3,2845.7917,370.06528
1930,52,2010,80,765981.1164383562,4,2596.1667,338.93353
1930,53,2010,80,763062.3219178084,5,2647.75,346.99002
1930,54,2010,80,760046.2342465755,6,2422.1665,318.68674
1930,55,2010,80,757127.4397260274,7,2416.8335,319.21094
1930,56,2010,80,754111.3520547946,8,2395.375,317.64209
1930,57,2010,80,751095.2643835617,9,2372.2917,315.84433
1930,58,2010,80,748176.4698630138,10,2536.6667,339.04657
1930,59,2010,80,745160.382191781,11,2515,337.51123
1930,60,2010,80,742241.5876712331,12,2640.5835,355.75797
1930,61,2011,81,739225.5,1,3235.4583,437.68219
1930,62,2011,81,736202.6602739727,2,2953,401.11237
1930,63,2011,81,733472.3534246576,3,3078,419.64771
1930,64,2011,81,730449.51369863,4,2868.5,392.7034
1930,65,2011,81,727524.1849315069,5,2831.75,389.23105
1930,66,2011,81,724501.3452054795,6,2634.9583,363.69266
1930,67,2011,81,721576.0164383561,7,2629.5415,364.41641
1930,68,2011,81,718553.1767123288,8,2628.125,365.75232
1930,69,2011,81,715530.3369863015,9,2510.2915,350.8295
1930,70,2011,81,712605.0082191781,10,2707.5417,379.94986
1930,71,2011,81,709582.1684931507,11,2701.75,380.75223
1930,72,2011,81,706656.8397260273,12,2683.375,379.72815
1930,73,2012,82,703634,1,3233.0415,459.47772
1930,74,2012,82,700140.2745901635,2,2952.75,421.73691
1930,75,2012,82,696871.9508196721,3,3227.75,463.17691
1930,76,2012,82,693378.225409836,4,2922.9165,421.54721
1930,77,2012,82,689997.2008196721,5,2962.875,429.40393
1930,78,2012,82,686503.475409836,6,2735.125,398.41385
1930,79,2012,82,683122.4508196721,7,2753.4583,403.06949
1930,80,2012,82,679628.725409836,8,2710.625,398.83908
1930,81,2012,82,676135,9,2660.875,393.54196
1930,82,2012,82,672753.975409836,10,2851.4167,423.84244
1930,83,2012,82,669260.25,11,2840.25,424.38647
1930,84,2012,82,665879.225409836,12,3110.75,467.16431
1930,85,2013,83,662385.5,1,3922.0417,592.10864
1930,86,2013,83,658884.708219178,2,3246.5,492.72656
1930,87,2013,83,655722.7027397263,3,3511.6665,535.54138
1930,88,2013,83,652221.9109589043,4,3168.417,485.78818
1930,89,2013,83,648834.0479452056,5,3040.5,468.6098
1930,90,2013,83,645333.2561643836,6,2847.4165,441.23196
1930,91,2013,83,641945.3931506849,7,2860.5835,445.61166
1930,92,2013,83,638444.6013698634,8,2815.875,441.05237
1930,93,2013,83,634943.8095890414,9,2744.0835,432.17737
1930,94,2013,83,631555.9465753427,10,2874.5417,455.15234
1930,95,2013,83,628055.1547945207,11,2819.625,448.94543
1930,96,2013,83,624667.291780822,12,3129.5833,501.00003
1930,97,2014,84,621166.5,1,3653.2083,588.12061
1930,98,2014,84,616964.51369863,2,3242.375,525.53668
1930,99,2014,84,613169.1712328768,3,3480.5417,567.63159
1930,100,2014,84,608967.1849315069,4,3241.3752,532.27423
1930,101,2014,84,604900.7465753425,5,3243.25,536.16235
1930,102,2014,84,600698.7602739725,6,2933.2915,488.31323
1930,103,2014,84,596632.3219178081,7,3017.9165,505.82516
1930,104,2014,84,592430.3356164382,8,3012.5,508.4986
1930,105,2014,84,588228.3493150687,9,2866.0417,487.23285
1930,106,2014,84,584161.9109589043,10,3070.125,525.56061
1930,107,2014,84,579959.9246575343,11,3119.375,537.86041
1930,108,2014,84,575893.48630137,12,3514.75,610.3125
1930,109,2015,85,571691.5,1,4243.375,742.24908
1930,110,2015,85,567500.0876712329,2,3556.375,626.67389
1930,111,2015,85,563714.2958904109,3,3824.1667,678.38739
1930,112,2015,85,559522.8835616438,4,3480.792,622.10004
1930,113,2015,85,555466.6780821919,5,3457.875,622.51709
1930,114,2015,85,551275.2657534247,6,3071.375,557.14001
1930,115,2015,85,547219.0602739728,7,3236.2915,591.40692
1930,116,2015,85,543027.6479452057,8,3128.375,576.09863
1930,117,2015,85,538836.2356164386,9,3055.8333,567.11725
1930,118,2015,85,534780.0301369862,10,3312.3335,619.38245
1930,119,2015,85,530588.617808219,11,3174.625,598.32135
1930,120,2015,85,526532.4123287671,12,3301.5417,627.03485
1930,121,2016,86,522341,1,3893.4583,745.38629
1930,122,2016,86,518599.3169398909,2,3687.875,711.12225
1930,123,2016,86,515099.0327868853,3,3834.875,744.49274
1930,124,2016,86,511357.3497267761,4,3519.0835,688.18481
1930,125,2016,86,507736.3661202188,5,3423.125,674.19336
1930,126,2016,86,503994.6830601096,6,3160.375,627.06512
1930,127,2016,86,500373.6994535523,7,3214.625,642.44482
1930,128,2016,86,496632.0163934426,8,3233.375,651.06055
1930,129,2016,86,492890.3333333335,9,3156.375,640.3808
1930,130,2016,86,489269.3497267761,10,3377.9167,690.40021
1930,131,2016,86,485527.666666667,11,3350.5,690.07397
1930,132,2016,86,481906.6830601096,12,3769.0417,782.11029
1930,133,2017,87,478165,1,4233.583,885.38123
1930,134,2017,87,474406.6534246574,2,3733,786.87769
1930,135,2017,87,471012.0178082194,3,4034.5,856.55988
1930,136,2017,87,467253.6712328768,4,3635.7085,778.10162
1930,137,2017,87,463616.5616438356,5,3485.25,751.75269
1930,138,2017,87,459858.215068493,6,3307.0833,719.15283
1930,139,2017,87,456221.1054794523,7,3336.875,731.4162
1930,140,2017,87,452462.7589041097,8,3311.5,731.88342
1930,141,2017,87,448704.4123287671,9,3293.625,734.03003
1930,142,2017,87,445067.3027397259,10,3410.2083,766.22302
1930,143,2017,87,441308.9561643838,11,3484.75,789.63953
1930,144,2017,87,437671.8465753426,12,3900.2917,891.1452
1930,145,2018,88,433913.5,1,4698.8745,1082.9058
1930,146,2018,88,430357.6726027397,2,3863.5,897.74164
1930,147,2018,88,427145.9575342466,3,4035.7915,944.82727
1930,148,2018,88,423590.1301369863,4,3716.375,877.35162
1930,149,2018,88,420149.006849315,5,3466.75,825.1239
1930,150,2018,88,416593.1794520547,6,3345.7083,803.11163
1930,151,2018,88,413152.0561643834,7,3361.6665,813.66327
1930,152,2018,88,409596.2287671231,8,3305.5,807.01428
1930,153,2018,88,406040.4013698632,9,3286.2083,809.33038
1930,154,2018,88,402599.2780821919,10,3442.5,855.0686
1930,155,2018,88,399043.4506849316,11,3609.75,904.60071
1930,156,2018,88,395602.3273972603,12,3723.25,941.15979
1930,157,2019,89,392046.5,1,4071.7083,1038.5779
1930,158,2019,89,444009.1246575341,2,3599,810.56891
1930,159,2019,89,490943.1082191765,3,4025.8333,820.02032
1930,160,2019,89,542905.7328767106,4,3657.0417,673.60529
1930,161,2019,89,593192.1438356191,5,3594.375,605.93774
1930,162,2019,89,645154.7684931532,6,3468.5415,537.62939
1930,163,2019,89,695441.1794520542,7,3410.5835,490.42014
1930,164,2019,89,747403.8041095883,8,3366.25,450.3924
1930,165,2019,89,799366.4287671223,9,3320.625,415.4071
1930,166,2019,89,849652.8397260308,10,3643.4583,428.81729
1930,167,2019,89,901615.4643835649,11,3557.625,394.5834
1930,168,2019,89,951901.8753424659,12,3874.75,407.0535
1930,169,2020,90,1003864.5,1,29580.916,2946.7041
1930,170,2020,90,,2,24670.875,
1930,171,2020,90,,3,24977.25,
1930,172,2020,90,,4,28628.793,
1930,173,2020,90,,5,21818.75,
1930,174,2020,90,,6,16119.457,
1930,175,2020,90,,7,15385.666,
1930,176,2020,90,,8,13404,
1930,177,2020,90,,9,10629.584,
1930,178,2020,90,,10,9445.875,
1930,179,2020,90,,11,8102.5,
1930,180,2020,90,,12,7087.292,
1931,1,2006,75,892497,1,2315.9583,259.492
1931,2,2006,75,890437.6657534249,2,2046.5,229.8308
1931,3,2006,75,888577.6219178084,3,2294.9167,258.26859
1931,4,2006,75,886518.2876712331,4,2022.1251,228.0974
1931,5,2006,75,884525.383561644,5,1945,219.89194
1931,6,2006,75,882466.0493150686,6,1826.9166,207.02402
1931,7,2006,75,880473.1452054796,7,1822.625,207.00517
1931,8,2006,75,878413.8109589042,8,1833.75,208.75696
1931,9,2006,75,876354.4767123288,9,1835,209.39015
1931,10,2006,75,874361.5726027398,10,1880.4166,215.06168
1931,11,2006,75,872302.2383561644,11,1887.5,216.38142
1931,12,2006,75,870309.3342465754,12,2063.5417,237.1044
1931,13,2007,76,868250,1,2488.7083,286.63498
1931,14,2007,76,866295.1739726029,2,2221.75,256.4657
1931,15,2007,76,864529.5246575344,3,2305.3335,266.65759
1931,16,2007,76,862574.6986301371,4,2063.5417,239.2305
1931,17,2007,76,860682.9315068494,5,2134,247.94264
1931,18,2007,76,858728.1054794521,6,1918.2916,223.38754
1931,19,2007,76,856836.3383561645,7,1933.5,225.6557
1931,20,2007,76,854881.5123287672,8,1947.625,227.82397
1931,21,2007,76,852926.6863013699,9,1888.75,221.44342
1931,22,2007,76,851034.9191780824,10,1986.125,233.37761
1931,23,2007,76,849080.0931506851,11,1980.75,233.28188
1931,24,2007,76,847188.3260273973,12,2165.125,255.56596
1931,25,2008,77,845233.5,1,2581.7498,305.44812
1931,26,2008,77,842896.218579235,2,2539.125,301.23816
1931,27,2008,77,840709.7295081967,3,2568.0835,305.46613
1931,28,2008,77,838372.4480874317,4,2267.2085,270.42975
1931,29,2008,77,836110.56284153,5,2185.75,261.41876
1931,30,2008,77,833773.281420765,6,2065.375,247.71422
1931,31,2008,77,831511.3961748634,7,2003.7084,240.97185
1931,32,2008,77,829174.1147540985,8,2046.125,246.76663
1931,33,2008,77,826836.8333333333,9,1981,239.58778
1931,34,2008,77,824574.9480874317,10,2102,254.91922
1931,35,2008,77,822237.6666666667,11,2042.625,248.4227
1931,36,2008,77,819975.781420765,12,2299.875,280.48083
1931,37,2009,78,817638.5,1,2704.9167,330.82062
1931,38,2009,78,815236.3397260273,2,2471.5,303.16364
1931,39,2009,78,813066.6465753424,3,2549.1667,313.52493
1931,40,2009,78,810664.48630137,4,2312.5417,285.26495
1931,41,2009,78,808339.8150684931,5,2295,283.91525
1931,42,2009,78,805937.6547945205,6,2141.2915,265.68948
1931,43,2009,78,803612.9835616439,7,2120.4583,263.8656
1931,44,2009,78,801210.8232876712,8,2077.25,259.26385
1931,45,2009,78,798808.6630136985,9,2074.0833,259.64706
1931,46,2009,78,796483.9917808219,10,2137.2085,268.33038
1931,47,2009,78,794081.8315068493,11,2197.5,276.73471
1931,48,2009,78,791757.1602739727,12,2347.1667,296.45035
1931,49,2010,79,789355,1,2698.8748,341.90887
1931,50,2010,79,786499.475342466,2,2515.75,319.8667
1931,51,2010,79,783920.2917808222,3,2680.5835,341.94592
1931,52,2010,79,781064.767123288,4,2439.75,312.36206
1931,53,2010,79,778301.3561643839,5,2465.875,316.82779
1931,54,2010,79,775445.8315068497,6,2253.6665,290.62848
1931,55,2010,79,772682.4205479457,7,2272.9583,294.16461
1931,56,2010,79,769826.8958904112,8,2282.75,296.52771
1931,57,2010,79,766971.371232877,9,2129.25,277.61792
1931,58,2010,79,764207.9602739729,10,2348,307.24622
1931,59,2010,79,761352.4356164387,11,2343.625,307.82394
1931,60,2010,79,758589.0246575347,12,2617.3333,345.02652
1931,61,2011,80,755733.5,1,3008.6665,398.11209
1931,62,2011,80,752907.8712328768,2,2824.125,375.0957
1931,63,2011,80,750355.6904109591,3,2764.2917,368.39752
1931,64,2011,80,747530.0616438356,4,2674.75,357.81171
1931,65,2011,80,744795.5821917809,5,2561.25,343.88629
1931,66,2011,80,741969.9534246577,6,2483.5,334.71707
1931,67,2011,80,739235.4739726027,7,2479.5415,335.41971
1931,68,2011,80,736409.8452054795,8,2406.5,326.78815
1931,69,2011,80,733584.2164383563,9,2342.7083,319.35095
1931,70,2011,80,730849.7369863014,10,2490.4165,340.75629
1931,71,2011,80,728024.1082191782,11,2422.75,332.7843
1931,72,2011,80,725289.6287671234,12,2565.5,353.72076
1931,73,2012,81,722464,1,3171.5833,438.99533
1931,74,2012,81,719479.4030054645,2,2845.625,395.51166
1931,75,2012,81,716687.3606557378,3,2937.25,409.83701
1931,76,2012,81,713702.7636612023,4,2714.125,380.28787
1931,77,2012,81,710814.4439890711,5,2694.625,379.08978
1931,78,2012,81,707829.8469945355,6,2534.0833,358.00742
1931,79,2012,81,704941.5273224046,7,2594.75,368.08017
1931,80,2012,81,701956.930327869,8,2540.75,361.95239
1931,81,2012,81,698972.3333333335,9,2471.5417,353.5965
1931,82,2012,81,696084.0136612023,10,2686.2915,385.91483
1931,83,2012,81,693099.4166666667,11,2673.375,385.71307
1931,84,2012,81,690211.0969945355,12,2947.5417,427.04932
1931,85,2013,82,687226.5,1,3793.5833,552.01355
1931,86,2013,82,683891.4520547942,2,3078,450.07141
1931,87,2013,82,680879.1506849311,3,3306.2917,485.59158
1931,88,2013,82,677544.1027397257,4,2958.6667,436.67514
1931,89,2013,82,674316.636986301,5,2850.625,422.7428
1931,90,2013,82,670981.5890410957,6,2596.9165,387.03244
1931,91,2013,82,667754.1232876708,7,2614.7915,391.57999
1931,92,2013,82,664419.0753424652,8,2621.875,394.61163
1931,93,2013,82,661084.0273972601,9,2630.875,397.96378
1931,94,2013,82,657856.5616438352,10,2692.7083,409.3154
1931,95,2013,82,654521.5136986296,11,2746.625,419.63861
1931,96,2013,82,651294.0479452051,12,2999.2085,460.49991
1931,97,2014,83,647959,1,3551.5833,548.11853
1931,98,2014,83,644401.0917808218,2,3061.75,475.1311
1931,99,2014,83,641187.4972602739,3,3228.125,503.46039
1931,100,2014,83,637629.5890410957,4,3006,471.43359
1931,101,2014,83,634186.4520547944,5,3011.25,474.82092
1931,102,2014,83,630628.5438356162,6,2817.5,446.77649
1931,103,2014,83,627185.4068493149,7,2808.25,447.75436
1931,104,2014,83,623627.4986301367,8,2761.75,442.85251
1931,105,2014,83,620069.590410959,9,2708.9585,436.87976
1931,106,2014,83,616626.4534246572,10,2933.5835,475.74725
1931,107,2014,83,613068.5452054795,11,2937.125,479.08591
1931,108,2014,83,609625.4082191777,12,3401.2917,557.93146
1931,109,2015,84,606067.5,1,4173.75,688.66089
1931,110,2015,84,602111.7301369864,2,3507.5,582.53308
1931,111,2015,84,598538.7767123291,3,3531.4583,590.01331
1931,112,2015,84,594583.006849315,4,3274.2917,550.68707
1931,113,2015,84,590754.8424657537,5,3207.875,543.01288
1931,114,2015,84,586799.07260274,6,2929,499.14871
1931,115,2015,84,582970.9082191782,7,3014.5833,517.10699
1931,116,2015,84,579015.1383561646,8,2936.75,507.19745
1931,117,2015,84,575059.3684931509,9,2864.0417,498.04279
1931,118,2015,84,571231.2041095891,10,3143.9585,550.38281
1931,119,2015,84,567275.4342465755,11,2978,524.96545
1931,120,2015,84,563447.2698630136,12,3225.8333,572.51733
1931,121,2016,85,559491.5,1,3867.3748,691.23029
1931,122,2016,85,555351.7295081965,2,3500.75,630.36627
1931,123,2016,85,551479.0409836066,3,3744.25,678.9469
1931,124,2016,85,547339.2704918031,4,3372.8335,616.22357
1931,125,2016,85,543333.0409836066,5,3254.5,598.98804
1931,126,2016,85,539193.2704918031,6,3052.4583,566.11578
1931,127,2016,85,535187.0409836066,7,3088.9585,577.17365
1931,128,2016,85,531047.2704918031,8,3040.75,572.59497
1931,129,2016,85,526907.5,9,2953.8333,560.59808
1931,130,2016,85,522901.2704918031,10,3198.2917,611.64349
1931,131,2016,85,518761.5,11,3257.625,627.96198
1931,132,2016,85,514755.2704918031,12,3521.4583,684.10339
1931,133,2017,86,510615.5,1,4209.4165,824.38086
1931,134,2017,86,506960.2178082191,2,3681,726.09247
1931,135,2017,86,503658.6726027397,3,3881,770.56152
1931,136,2017,86,500003.3904109588,4,3451.75,690.34534
1931,137,2017,86,496466.0205479455,5,3339.375,672.62909
1931,138,2017,86,492810.7383561647,6,3188.0415,646.90991
1931,139,2017,86,489273.3684931509,7,3172.375,648.38495
1931,140,2017,86,485618.0863013701,8,3124.375,643.3811
1931,141,2017,86,481962.8041095892,9,3137.3333,650.94922
1931,142,2017,86,478425.4342465755,10,3250,679.31171
1931,143,2017,86,474770.1520547946,11,3355.25,706.71039
1931,144,2017,86,471232.7821917809,12,3793.9583,805.1134
1931,145,2018,87,467577.5,1,4686.1665,1002.2224
1931,146,2018,87,464036.8328767125,2,3747.75,807.64063
1931,147,2018,87,460838.8109589042,3,3847.625,834.91772
1931,148,2018,87,457298.1438356163,4,3529.2917,771.77039
1931,149,2018,87,453871.6917808219,5,3453.625,760.92542
1931,150,2018,87,450331.0246575344,6,3199.0415,710.37555
1931,151,2018,87,446904.57260274,7,3275.1665,732.8559
1931,152,2018,87,443363.9054794521,8,3200,721.75476
1931,153,2018,87,439823.2383561647,9,3081.5415,700.63184
1931,154,2018,87,436396.7863013698,10,3454.4165,791.57697
1931,155,2018,87,432856.1191780823,11,3522,813.66528
1931,156,2018,87,429429.6671232879,12,3681.0833,857.20282
1931,157,2019,88,425889,1,3947.7915,926.95313
1931,158,2019,88,422396.6164383562,2,3545,839.25861
1931,159,2019,88,419242.2054794519,3,4016.3335,957.99835
1931,160,2019,88,415749.8219178081,4,3573.375,859.50128
1931,161,2019,88,412370.0958904112,5,3542,858.93713
1931,162,2019,88,408877.7123287674,6,3391.125,829.3739
1931,163,2019,88,405497.98630137,7,3364.5415,829.73077
1931,164,2019,88,402005.6027397262,8,3203.25,796.81726
1931,165,2019,88,398513.2191780824,9,3206.75,804.67847
1931,166,2019,88,395133.493150685,10,3634.9167,919.9212
1931,167,2019,88,391641.1095890412,11,3499.125,893.4519
1931,168,2019,88,388261.3835616438,12,3812.375,981.90942
1931,169,2020,89,384769,1,3957.7917,1028.615
1931,170,2020,89,435879.8688524589,2,3833,879.37073
1931,171,2020,89,483693.2622950822,3,4114.25,850.5907
1931,172,2020,89,534804.1311475411,4,5085.875,950.979
1931,173,2020,89,584266.2622950822,5,4221.5,722.53015
1931,174,2020,89,635377.1311475411,6,3542.25,557.50354
1931,175,2020,89,684839.2622950822,7,3930.75,573.9668
1931,176,2020,89,735950.1311475411,8,3853.75,523.64282
1931,177,2020,89,787061,9,3682.5415,467.88513
1931,178,2020,89,836523.1311475411,10,3870.75,462.71881
1931,179,2020,89,887634,11,4450.125,501.34683
1931,180,2020,89,937096.1311475411,12,5326.375,568.39154
1931,181,2021,90,988207,1,38358.207,3881.5964
1931,182,2021,90,,2,25579.25,
1931,183,2021,90,,3,22191.084,
1931,184,2021,90,,4,18769.586,
1931,185,2021,90,,5,17332.875,
1931,186,2021,90,,6,14534.124,
1931,187,2021,90,,7,13545.125,
1931,188,2021,90,,8,12840.875,
1931,189,2021,90,,9,10785.917,
1931,190,2021,90,,10,9075.041,
1931,191,2021,90,,11,6998.875,
1931,192,2021,90,,12,5306.834,
1932,1,2006,74,909303.5,1,2058.0415,226.33163
1932,2,2006,74,906938.1150684929,2,1853.625,204.38274
1932,3,2006,74,904801.6383561643,3,2025.6667,223.87965
1932,4,2006,74,902436.2534246573,4,1864.7501,206.6351
1932,5,2006,74,900147.1712328766,5,1866.375,207.34109
1932,6,2006,74,897781.7863013698,6,1695.625,188.86827
1932,7,2006,74,895492.7041095889,7,1658.2084,185.17274
1932,8,2006,74,893127.319178082,8,1698.875,190.21645
1932,9,2006,74,890761.9342465752,9,1686.7917,189.36505
1932,10,2006,74,888472.8520547943,10,1738.375,195.65877
1932,11,2006,74,886107.4671232875,11,1711.375,193.13402
1932,12,2006,74,883818.3849315066,12,1857.8333,210.20532
1932,13,2007,75,881453,1,2089.3333,237.03285
1932,14,2007,75,879434.8999999999,2,1962.25,223.12624
1932,15,2007,75,877612.0999999999,3,2174.875,247.81734
1932,16,2007,75,875594,4,1952.1667,222.95341
1932,17,2007,75,873641,5,1950.5,223.26105
1932,18,2007,75,871622.8999999999,6,1805.75,207.17102
1932,19,2007,75,869669.8999999999,7,1783.7916,205.11134
1932,20,2007,75,867651.8,8,1789,206.18871
1932,21,2007,75,865633.7,9,1709.7916,197.51907
1932,22,2007,75,863680.7,10,1849.5416,214.14645
1932,23,2007,75,861662.5999999999,11,1728.125,200.55704
1932,24,2007,75,859709.5999999999,12,1854.2916,215.68814
1932,25,2008,76,857691.5,1,2292.4165,267.27753
1932,26,2008,76,855829.8483606558,2,2340.25,273.44806
1932,27,2008,76,854088.3032786886,3,2359.375,276.24484
1932,28,2008,76,852226.6516393444,4,2031.625,238.39023
1932,29,2008,76,850425.0532786886,5,2054.75,241.61447
1932,30,2008,76,848563.4016393444,6,1882.4583,221.84061
1932,31,2008,76,846761.8032786886,7,1910.3334,225.60457
1932,32,2008,76,844900.1516393444,8,1909.125,225.95865
1932,33,2008,76,843038.5,9,1793.7084,212.76707
1932,34,2008,76,841236.9016393444,10,1944.8333,231.18735
1932,35,2008,76,839375.25,11,1894.375,225.68869
1932,36,2008,76,837573.6516393444,12,2019.9166,241.16287
1932,37,2009,77,835712,1,2464.2083,294.86334
1932,38,2009,77,833375.5767123287,2,2220.75,266.4765
1932,39,2009,77,831265.2589041095,3,2361.5,284.08502
1932,40,2009,77,828928.8356164382,4,2156.0835,260.10477
1932,41,2009,77,826667.7808219178,5,2091.375,252.98857
1932,42,2009,77,824331.3575342465,6,1967.375,238.66313
1932,43,2009,77,822070.3027397259,7,1957.375,238.10312
1932,44,2009,77,819733.8794520546,8,1949.875,237.86684
1932,45,2009,77,817397.4561643836,9,1853.6667,226.77667
1932,46,2009,77,815136.401369863,10,2016,247.32057
1932,47,2009,77,812799.9780821917,11,1932.25,237.72762
1932,48,2009,77,810538.9232876711,12,2122.5,261.86282
1932,49,2010,78,808202.5,1,2617.0415,323.81012
1932,50,2010,78,805592.9369863011,2,2256.625,280.11975
1932,51,2010,78,803235.9123287669,3,2467.9585,307.25201
1932,52,2010,78,800626.3493150682,4,2271.7085,283.74142
1932,53,2010,78,798100.9657534244,5,2281,285.80344
1932,54,2010,78,795491.4027397258,6,2120.4165,266.55429
1932,55,2010,78,792966.019178082,7,2130.9583,268.7326
1932,56,2010,78,790356.4561643833,8,2141.875,271.00113
1932,57,2010,78,787746.8931506847,9,1987.3333,252.28069
1932,58,2010,78,785221.5095890409,10,2093.4583,266.60736
1932,59,2010,78,782611.9465753422,11,2105.25,269.00305
1932,60,2010,78,780086.5630136984,12,2285.4167,292.96964
1932,61,2011,79,777477,1,2829.2498,363.9014
1932,62,2011,79,774683.2630136986,2,2533.875,327.0853
1932,63,2011,79,772159.8876712327,3,2563,331.92609
1932,64,2011,79,769366.1506849313,4,2375.125,308.71191
1932,65,2011,79,766662.5342465753,5,2366.875,308.72449
1932,66,2011,79,763868.7972602739,6,2307,302.01523
1932,67,2011,79,761165.1808219177,7,2283.25,299.96774
1932,68,2011,79,758371.4438356163,8,2214.875,292.05676
1932,69,2011,79,755577.706849315,9,2151.625,284.76553
1932,70,2011,79,752874.0904109587,10,2249.7085,298.81604
1932,71,2011,79,750080.3534246574,11,2191.875,292.21869
1932,72,2011,79,747376.7369863014,12,2323.3335,310.86511
1932,73,2012,80,744583,1,2791.7915,374.94699
1932,74,2012,80,741784.2336065576,2,2539.25,342.31653
1932,75,2012,80,739166.0327868855,3,2748.75,371.8718
1932,76,2012,80,736367.2663934429,4,2537.8335,344.64236
1932,77,2012,80,733658.7827868855,5,2529.5,344.77881
1932,78,2012,80,730860.0163934429,6,2398.75,328.20923
1932,79,2012,80,728151.5327868855,7,2426.3335,333.2182
1932,80,2012,80,725352.7663934429,8,2404.625,331.51111
1932,81,2012,80,722554.0000000002,9,2290.9165,317.05817
1932,82,2012,80,719845.5163934429,10,2483.5,345.00458
1932,83,2012,80,717046.7500000002,11,2470.5,344.53821
1932,84,2012,80,714338.2663934429,12,2596.9583,363.54739
1932,85,2013,81,711539.5,1,3451.4167,485.06326
1932,86,2013,81,708758.3753424657,2,2786.75,393.18759
1932,87,2013,81,706246.3917808218,3,2929.5835,414.81039
1932,88,2013,81,703465.2671232875,4,2709.7917,385.20618
1932,89,2013,81,700773.8561643835,5,2637.125,376.31613
1932,90,2013,81,697992.7315068494,6,2481.7915,355.56122
1932,91,2013,81,695301.3205479451,7,2502.5417,359.92191
1932,92,2013,81,692520.195890411,8,2484.25,358.72601
1932,93,2013,81,689739.0712328767,9,2407.8335,349.09338
1932,94,2013,81,687047.6602739727,10,2449.1667,356.47699
1932,95,2013,81,684266.5356164384,11,2480.625,362.52319
1932,96,2013,81,681575.1246575343,12,2761.125,405.10941
1932,97,2014,82,678794,1,3216.625,473.8735
1932,98,2014,82,675348.4136986304,2,2838.5,420.30157
1932,99,2014,82,672236.2712328769,3,2999.0833,446.13528
1932,100,2014,82,668790.6849315069,4,2836.625,424.14243
1932,101,2014,82,665456.2465753425,5,2816.25,423.20587
1932,102,2014,82,662010.6602739729,6,2667.6665,402.96429
1932,103,2014,82,658676.2219178085,7,2649.5,402.24619
1932,104,2014,82,655230.6356164385,8,2582.5,394.13602
1932,105,2014,82,651785.0493150689,9,2599.25,398.78946
1932,106,2014,82,648450.6109589045,10,2782.3335,429.07407
1932,107,2014,82,645005.0246575344,11,2741.875,425.0936
1932,108,2014,82,641670.5863013701,12,2995.4583,466.82181
1932,109,2015,83,638225,1,3950.625,619.00189
1932,110,2015,83,634822.6438356163,2,3221.625,507.48425
1932,111,2015,83,631749.5479452056,3,3409.5,539.69171
1932,112,2015,83,628347.1917808219,4,3067.75,488.22531
1932,113,2015,83,625054.5890410962,5,2964.375,474.25858
1932,114,2015,83,621652.2328767125,6,2768.0415,445.2717
1932,115,2015,83,618359.6301369863,7,2873.7917,464.74438
1932,116,2015,83,614957.273972603,8,2790.125,453.71039
1932,117,2015,83,611554.9178082193,9,2596.4167,424.55988
1932,118,2015,83,608262.3150684931,10,2883.0417,473.98001
1932,119,2015,83,604859.9589041099,11,2890.875,477.94122
1932,120,2015,83,601567.3561643837,12,3042.8333,505.81754
1932,121,2016,84,598165,1,3548.8333,593.28668
1932,122,2016,84,594297.4535519127,2,3257.5,548.12622
1932,123,2016,84,590679.4262295081,3,3412.0835,577.65405
1932,124,2016,84,586811.8797814208,4,3144,535.77649
1932,125,2016,84,583069.0928961746,5,3037.75,520.99316
1932,126,2016,84,579201.5464480873,6,2838.6665,490.09995
1932,127,2016,84,575458.7595628416,7,2896.375,503.31583
1932,128,2016,84,571591.2131147538,8,2951.375,516.34369
1932,129,2016,84,567723.6666666665,9,2790.1667,491.46564
1932,130,2016,84,563980.8797814208,10,2945.6665,522.29901
1932,131,2016,84,560113.333333333,11,2949,526.50061
1932,132,2016,84,556370.5464480873,12,3300.1667,593.15985
1932,133,2017,85,552503,1,3874.5415,701.27069
1932,134,2017,85,548466.8000000003,2,3439.5,627.11182
1932,135,2017,85,544821.2000000002,3,3730.75,684.76593
1932,136,2017,85,540785,4,3258.5417,602.55774
1932,137,2017,85,536879,5,3214.5,598.73828
1932,138,2017,85,532842.8000000003,6,3048.875,572.19031
1932,139,2017,85,528936.8000000003,7,3009.75,569.01886
1932,140,2017,85,524900.6000000001,8,3011.5,573.72766
1932,141,2017,85,520864.3999999999,9,2997.2917,575.44568
1932,142,2017,85,516958.3999999999,10,3138.7085,607.14917
1932,143,2017,85,512922.2000000002,11,3164.875,617.02826
1932,144,2017,85,509016.2000000002,12,3577.25,702.77722
1932,145,2018,86,504980,1,4452.5415,881.72632
1932,146,2018,86,501533.9465753422,2,3550.625,707.95306
1932,147,2018,86,498421.382191781,3,3614.125,725.11438
1932,148,2018,86,494975.3287671232,4,3441.292,695.24518
1932,149,2018,86,491640.4383561644,5,3286,668.37463
1932,150,2018,86,488194.3849315066,6,3067.6665,628.36987
1932,151,2018,86,484859.4945205478,7,3129,645.34161
1932,152,2018,86,481413.4410958905,8,3043.75,632.25281
1932,153,2018,86,477967.3876712327,9,3015.8333,630.97052
1932,154,2018,86,474632.4972602739,10,3329.9167,701.57788
1932,155,2018,86,471186.4438356166,11,3169.125,672.58411
1932,156,2018,86,467851.5534246573,12,3448.0835,737.00372
1932,157,2019,87,464405.5,1,3892.5833,838.18628
1932,158,2019,87,460982.6328767124,2,3455.125,749.51306
1932,159,2019,87,457891.0109589039,3,3847.4585,840.25641
1932,160,2019,87,454468.1438356163,4,3445.5417,758.14813
1932,161,2019,87,451155.6917808219,5,3470.625,769.27435
1932,162,2019,87,447732.8246575342,6,3265,729.22955
1932,163,2019,87,444420.3726027394,7,3321.8335,747.453
1932,164,2019,87,440997.5054794517,8,3173.875,719.70361
1932,165,2019,87,437574.6383561641,9,3247.75,742.21625
1932,166,2019,87,434262.1863013697,10,3341.7083,769.51398
1932,167,2019,87,430839.319178082,11,3306.125,767.36847
1932,168,2019,87,427526.8671232876,12,3667.2083,857.77258
1932,169,2020,88,424104,1,3975.75,937.44696
1932,170,2020,88,420011.1953551914,2,3648.125,868.57806
1932,171,2020,88,416182.4426229508,3,3934.6665,945.41864
1932,172,2020,88,412089.6379781421,4,4956.8335,1202.8533
1932,173,2020,88,408128.8592896173,5,4109,1006.7899
1932,174,2020,88,404036.0546448086,6,3529.25,873.49878
1932,175,2020,88,400075.2759562843,7,3787.5835,946.71771
1932,176,2020,88,395982.4713114756,8,3755.25,948.3374
1932,177,2020,88,391889.6666666665,9,3569.5415,910.8537
1932,178,2020,88,387928.8879781421,10,3771.2917,972.16058
1932,179,2020,88,383836.0833333335,11,4210.75,1097.0177
1932,180,2020,88,379875.3046448086,12,5196.125,1367.8502
1932,181,2021,89,375782.5,1,5355.5835,1425.1818
1932,182,2021,89,426804.5931506902,2,3850.5,902.16931
1932,183,2021,89,472889.0643835664,3,3647.9167,771.41071
1932,184,2021,89,523911.1575342491,4,3367.3335,642.72986
1932,185,2021,89,573287.3767123297,5,3350.75,584.47998
1932,186,2021,89,624309.4698630124,6,3185.375,510.22372
1932,187,2021,89,673685.6890411004,7,3354.4585,497.92633
1932,188,2021,89,724707.7821917832,8,3693.5,509.65369
1932,189,2021,89,775729.8753424659,9,3705.875,477.72751
1932,190,2021,89,825106.0945205465,10,3830.25,464.21304
1932,191,2021,89,876128.1876712367,11,3682.625,420.32947
1932,192,2021,89,925504.4068493173,12,4093.8333,442.33536
1933,1,2006,73,917410,1,1958.5833,213.49051
1933,2,2006,73,915609.2397260275,2,1778.25,194.21495
1933,3,2006,73,913982.7465753425,3,1867.75,204.35287
1933,4,2006,73,912181.9863013698,4,1729.9167,189.64601
1933,5,2006,73,910439.3150684931,5,1721.625,189.09827
1933,6,2006,73,908638.5547945206,6,1555.0416,171.13974
1933,7,2006,73,906895.8835616439,7,1571.4583,173.27879
1933,8,2006,73,905095.1232876712,8,1562.875,172.67522
1933,9,2006,73,903294.3630136986,9,1546.3333,171.18819
1933,10,2006,73,901551.6917808219,10,1598.1666,177.26845
1933,11,2006,73,899750.9315068494,11,1580.25,175.63194
1933,12,2006,73,898008.2602739726,12,1734,193.09399
1933,13,2007,74,896207.5,1,2043.7916,228.04893
1933,14,2007,74,893809.6712328771,2,1844.75,206.39182
1933,15,2007,74,891643.8904109593,3,1938.25,217.37938
1933,16,2007,74,889246.0616438359,4,1865.3751,209.77042
1933,17,2007,74,886925.5821917811,5,1750.875,197.40945
1933,18,2007,74,884527.7534246577,6,1689.2916,190.98232
1933,19,2007,74,882207.273972603,7,1641.0417,186.01544
1933,20,2007,74,879809.4452054796,8,1600.125,181.87177
1933,21,2007,74,877411.6164383565,9,1547.9167,176.41853
1933,22,2007,74,875091.1369863015,10,1669.7917,190.81346
1933,23,2007,74,872693.3082191783,11,1672.875,191.69106
1933,24,2007,74,870372.8287671236,12,1922.4584,220.87758
1933,25,2008,75,867975,1,2109.8333,243.07535
1933,26,2008,75,866025.9385245901,2,2145,247.68311
1933,27,2008,75,864202.6229508196,3,2148.5,248.61067
1933,28,2008,75,862253.5614754099,4,1910.3334,221.55122
1933,29,2008,75,860367.3729508196,5,1885,219.09245
1933,30,2008,75,858418.3114754099,6,1752,204.0963
1933,31,2008,75,856532.1229508196,7,1761.3333,205.63541
1933,32,2008,75,854583.0614754099,8,1716,200.79967
1933,33,2008,75,852634,9,1676.4583,196.62109
1933,34,2008,75,850747.8114754099,10,1804.75,212.1369
1933,35,2008,75,848798.75,11,1820.875,214.52376
1933,36,2008,75,846912.5614754099,12,1940.9167,229.17558
1933,37,2009,76,844963.5,1,2253.4583,266.69296
1933,38,2009,76,843062.3931506851,2,1950.125,231.31444
1933,39,2009,76,841345.2643835617,3,2194.0417,260.7778
1933,40,2009,76,839444.1575342466,4,2023.1251,241.00771
1933,41,2009,76,837604.3767123288,5,2014.375,240.49242
1933,42,2009,76,835703.2698630139,6,1817.4166,217.47153
1933,43,2009,76,833863.4890410961,7,1845.625,221.33418
1933,44,2009,76,831962.382191781,8,1831.75,220.17221
1933,45,2009,76,830061.2753424658,9,1742.1667,209.88411
1933,46,2009,76,828221.494520548,10,1943.75,234.68964
1933,47,2009,76,826320.3876712329,11,1853.875,224.35306
1933,48,2009,76,824480.6068493151,12,1986.5,240.93956
1933,49,2010,77,822579.5,1,2379,289.21216
1933,50,2010,77,820245.2424657536,2,2091,254.92375
1933,51,2010,77,818136.8808219181,3,2328,284.54895
1933,52,2010,77,815802.6232876715,4,2052.5835,251.60295
1933,53,2010,77,813543.6643835618,5,2083,256.04034
1933,54,2010,77,811209.4068493154,6,1936.7916,238.7536
1933,55,2010,77,808950.4479452057,7,1981.3334,244.92642
1933,56,2010,77,806616.1904109591,8,1919.625,237.98494
1933,57,2010,77,804281.9328767126,9,1880.5,233.81105
1933,58,2010,77,802022.973972603,10,2031.4584,253.29179
1933,59,2010,77,799688.7164383563,11,2027.625,253.55179
1933,60,2010,77,797429.7575342469,12,2236.5,280.46356
1933,61,2011,78,795095.5,1,2571.7915,323.45694
1933,62,2011,78,792522.6698630136,2,2330.875,294.10831
1933,63,2011,78,790198.8232876712,3,2440.125,308.79886
1933,64,2011,78,787625.9931506847,4,2277.1667,289.11777
1933,65,2011,78,785136.1575342466,5,2219.375,282.67389
1933,66,2011,78,782563.3273972601,6,2103.875,268.84406
1933,67,2011,78,780073.4917808219,7,2079.7917,266.61484
1933,68,2011,78,777500.6616438355,8,2098.75,269.93546
1933,69,2011,78,774927.8315068493,9,2034.9166,262.59433
1933,70,2011,78,772437.9958904108,10,2109.125,273.04782
1933,71,2011,78,769865.1657534246,11,2104.5,273.35956
1933,72,2011,78,767375.3301369862,12,2176.9165,283.68341
1933,73,2012,79,764802.5,1,2724.7498,356.2684
1933,74,2012,79,761943.6816939891,2,2440.5,320.29926
1933,75,2012,79,759269.3032786886,3,2534.2917,333.78036
1933,76,2012,79,756410.4849726777,4,2228.0835,294.56009
1933,77,2012,79,753643.8866120218,5,2285.625,303.27652
1933,78,2012,79,750785.0683060109,6,2232.375,297.33875
1933,79,2012,79,748018.4699453553,7,2210.9165,295.56976
1933,80,2012,79,745159.6516393444,8,2230.875,299.38214
1933,81,2012,79,742300.8333333335,9,2151.1667,289.79715
1933,82,2012,79,739534.2349726777,10,2229.375,301.45663
1933,83,2012,79,736675.4166666667,11,2362.625,320.71451
1933,84,2012,79,733908.8183060109,12,2580.0835,351.55368
1933,85,2013,80,731050,1,3195.1665,437.0654
1933,86,2013,80,728445.6602739724,2,2627.625,360.71667
1933,87,2013,80,726093.3534246574,3,2829.4167,389.67673
1933,88,2013,80,723489.01369863,4,2501.9585,345.81845
1933,89,2013,80,720968.6849315066,5,2452.75,340.20203
1933,90,2013,80,718364.3452054793,6,2305.7915,320.978
1933,91,2013,80,715844.0164383559,7,2332.4165,325.82748
1933,92,2013,80,713239.6767123286,8,2300.375,322.52481
1933,93,2013,80,710635.3369863012,9,2230.0833,313.81543
1933,94,2013,80,708115.0082191778,10,2403.7083,339.45166
1933,95,2013,80,705510.6684931505,11,2409.75,341.5611
1933,96,2013,80,702990.3397260273,12,2521,358.6109
1933,97,2014,81,700386,1,3124.4165,446.09921
1933,98,2014,81,697579.480821918,2,2680.5,384.25729
1933,99,2014,81,695044.5602739728,3,2873.125,413.37277
1933,100,2014,81,692238.0410958906,4,2622.5417,378.8497
1933,101,2014,81,689522.0547945206,5,2634.125,382.02185
1933,102,2014,81,686715.5356164384,6,2461.625,358.46356
1933,103,2014,81,683999.5493150686,7,2500,365.49731
1933,104,2014,81,681193.0301369864,8,2436.375,357.66293
1933,105,2014,81,678386.5109589042,9,2454.1667,361.76526
1933,106,2014,81,675670.5246575344,10,2563.75,379.4379
1933,107,2014,81,672864.0054794522,11,2577.875,383.11975
1933,108,2014,81,670148.0191780822,12,2887.9167,430.93713
1933,109,2015,82,667341.5,1,3691.9583,553.2337
1933,110,2015,82,664007.8534246576,2,3032.5,456.69641
1933,111,2015,82,660996.8178082192,3,3202.4585,484.48926
1933,112,2015,82,657663.1712328768,4,2861.0417,435.03146
1933,113,2015,82,654437.0616438356,5,2722.375,415.9873
1933,114,2015,82,651103.4150684932,6,2557.7083,392.82672
1933,115,2015,82,647877.305479452,7,2667.25,411.69061
1933,116,2015,82,644543.6589041096,8,2533.375,393.04941
1933,117,2015,82,641210.0123287672,9,2493.1665,388.82214
1933,118,2015,82,637983.902739726,10,2676.3335,419.4986
1933,119,2015,82,634650.2561643836,11,2775.25,437.28809
1933,120,2015,82,631424.1465753424,12,2884.5417,456.83109
1933,121,2016,83,628090.5,1,3416.125,543.89056
1933,122,2016,83,624691.5109289614,2,3115.875,498.78619
1933,123,2016,83,621511.8114754097,3,3240.75,521.43018
1933,124,2016,83,618112.8224043716,4,2953.4585,477.81866
1933,125,2016,83,614823.4781420762,5,2882.5,468.83374
1933,126,2016,83,611424.4890710381,6,2707.8333,442.87289
1933,127,2016,83,608135.1448087431,7,2743.2915,451.099
1933,128,2016,83,604736.1557377046,8,2734.625,452.20135
1933,129,2016,83,601337.1666666665,9,2652.7083,441.13492
1933,130,2016,83,598047.8224043716,10,2889.7917,483.20413
1933,131,2016,83,594648.833333333,11,2831.625,476.18442
1933,132,2016,83,591359.4890710381,12,3156.8333,533.82642
1933,133,2017,84,587960.5,1,3869.7915,658.172
1933,134,2017,84,584201.8986301371,2,3249,556.14337
1933,135,2017,84,580807.0328767123,3,3509.875,604.31
1933,136,2017,84,577048.4315068494,4,3042.9167,527.32434
1933,137,2017,84,573411.0753424657,5,3065.5,534.60773
1933,138,2017,84,569652.4739726027,6,2891.2083,507.53897
1933,139,2017,84,566015.117808219,7,2866.375,506.41315
1933,140,2017,84,562256.5164383561,8,2850.875,507.04169
1933,141,2017,84,558497.9150684932,9,2870,513.87836
1933,142,2017,84,554860.5589041095,10,3102.5415,559.15698
1933,143,2017,84,551101.9575342466,11,3055.125,554.36658
1933,144,2017,84,547464.6013698629,12,3501.875,639.65326
1933,145,2018,85,543706,1,4267.9165,784.96771
1933,146,2018,85,539957.3356164382,2,3518.75,651.67188
1933,147,2018,85,536571.4452054794,3,3477,648.00317
1933,148,2018,85,532822.7808219176,4,3310.5,621.31354
1933,149,2018,85,529195.0410958906,5,3131.875,591.81866
1933,150,2018,85,525446.3767123288,6,2944.4165,560.36481
1933,151,2018,85,521818.6369863013,7,2957.0415,566.67993
1933,152,2018,85,518069.9726027395,8,2903.75,560.49377
1933,153,2018,85,514321.3082191781,9,2879.5835,559.88025
1933,154,2018,85,510693.5684931506,10,3150.2917,616.86536
1933,155,2018,85,506944.9041095888,11,3197.875,630.81311
1933,156,2018,85,503317.1643835614,12,3427.4583,680.97382
1933,157,2019,86,499568.5,1,3778.6665,756.38605
1933,158,2019,86,496232.7726027397,2,3383.625,681.86249
1933,159,2019,86,493219.8575342465,3,3627.375,735.44788
1933,160,2019,86,489884.1301369863,4,3295.167,672.64209
1933,161,2019,86,486656.006849315,5,3288,675.63123
1933,162,2019,86,483320.2794520548,6,3093.5,640.05176
1933,163,2019,86,480092.1561643835,7,3136.25,653.26001
1933,164,2019,86,476756.4287671233,8,3140.25,658.66968
1933,165,2019,86,473420.701369863,9,3124.5417,659.99261
1933,166,2019,86,470192.5780821918,10,3214.125,683.57629
1933,167,2019,86,466856.8506849315,11,3217.75,689.23694
1933,168,2019,86,463628.7273972603,12,3599.6667,776.4115
1933,169,2020,87,460293,1,3958.875,860.07715
1933,170,2020,87,456301.3265027325,2,3611.875,791.55481
1933,171,2020,87,452567.180327869,3,3846.5,849.92908
1933,172,2020,87,448575.506830601,4,4788.875,1067.5739
1933,173,2020,87,444712.5969945355,5,4032.625,906.79352
1933,174,2020,87,440720.923497268,6,3350.4165,760.21271
1933,175,2020,87,436858.013661202,7,3656.1665,836.92328
1933,176,2020,87,432866.3401639345,8,3775.25,872.15143
1933,177,2020,87,428874.6666666665,9,3454.1667,805.4024
1933,178,2020,87,425011.756830601,10,3746.0833,881.40698
1933,179,2020,87,421020.0833333335,11,4216.375,1001.4665
1933,180,2020,87,417157.173497268,12,5218.792,1251.0374
1933,181,2021,88,413165.5,1,5291.208,1280.651
1933,182,2021,88,409270.6684931507,2,3864,944.11847
1933,183,2021,88,405752.7561643836,3,3586.4165,883.89209
1933,184,2021,88,401857.9246575343,4,3360.5,836.24084
1933,185,2021,88,398088.7328767125,5,3384.375,850.15594
1933,186,2021,88,394193.9013698632,6,3145.3333,797.91522
1933,187,2021,88,390424.7095890413,7,3339.375,855.31854
1933,188,2021,88,386529.8780821916,8,3641,941.97119
1933,189,2021,88,382635.0465753423,9,3781.9585,988.39838
1933,190,2021,88,378865.8547945204,10,3822.4165,1008.9103
1933,191,2021,88,374971.0232876712,11,3825.875,1020.3122
1933,192,2021,88,371201.8315068493,12,4062.25,1094.3507
1934,1,2006,72,961344.5,1,1762.2499,183.31096
1934,2,2006,72,959678.483561644,2,1610.375,167.80359
1934,3,2006,72,958173.6945205481,3,1736.5,181.23019
1934,4,2006,72,956507.6780821919,4,1533.2084,160.29233
1934,5,2006,72,954895.4041095892,5,1538.125,161.07785
1934,6,2006,72,953229.387671233,6,1430.75,150.09503
1934,7,2006,72,951617.1136986302,7,1500.625,157.69209
1934,8,2006,72,949951.0972602741,8,1489.5,156.79755
1934,9,2006,72,948285.0808219179,9,1466.4167,154.63881
1934,10,2006,72,946672.8068493152,10,1557.9167,164.5676
1934,11,2006,72,945006.790410959,11,1547.5,163.75543
1934,12,2006,72,943394.5164383563,12,1706.9584,180.93791
1934,13,2007,73,941728.5,1,1876.6666,199.27895
1934,14,2007,73,939894.2342465752,2,1649.75,175.52507
1934,15,2007,73,938237.4780821917,3,1743.375,185.81383
1934,16,2007,73,936403.2123287669,4,1671.5001,178.50218
1934,17,2007,73,934628.116438356,5,1642.25,175.71159
1934,18,2007,73,932793.8506849314,6,1594.625,170.95149
1934,19,2007,73,931018.7547945204,7,1616.9167,173.67177
1934,20,2007,73,929184.4890410957,8,1552.5,167.082
1934,21,2007,73,927350.2232876711,9,1573.125,169.63655
1934,22,2007,73,925575.1273972602,10,1610.2083,173.9684
1934,23,2007,73,923740.8616438354,11,1578.125,170.84067
1934,24,2007,73,921965.7657534245,12,1742.9583,189.04805
1934,25,2008,74,920131.5,1,1917.6666,208.41223
1934,26,2008,74,917649.4672131147,2,1981.375,215.9185
1934,27,2008,74,915327.5655737703,3,2008.0834,219.38412
1934,28,2008,74,912845.5327868853,4,1828.4585,200.30316
1934,29,2008,74,910443.5655737703,5,1763.375,193.68306
1934,30,2008,74,907961.5327868853,6,1668.5,183.76329
1934,31,2008,74,905559.5655737703,7,1663.0833,183.65256
1934,32,2008,74,903077.5327868853,8,1675,185.47688
1934,33,2008,74,900595.5,9,1659.6667,184.28548
1934,34,2008,74,898193.5327868853,10,1702.375,189.5332
1934,35,2008,74,895711.5,11,1662.5,185.60664
1934,36,2008,74,893309.5327868853,12,1827.7916,204.60899
1934,37,2009,75,890827.5,1,2053.8333,230.55342
1934,38,2009,75,888742.7712328767,2,1866.625,210.02983
1934,39,2009,75,886859.7904109589,3,2015.125,227.22025
1934,40,2009,75,884775.0616438356,4,1852.2085,209.3423
1934,41,2009,75,882757.5821917807,5,1879.25,212.88403
1934,42,2009,75,880672.8534246574,6,1699.25,192.94907
1934,43,2009,75,878655.3739726027,7,1775.875,202.11281
1934,44,2009,75,876570.6452054793,8,1765,201.35286
1934,45,2009,75,874485.916438356,9,1680.9584,192.22246
1934,46,2009,75,872468.4369863013,10,1866.6666,213.95233
1934,47,2009,75,870383.708219178,11,1848.875,212.42068
1934,48,2009,75,868366.2287671233,12,1963.75,226.14307
1934,49,2010,76,866281.5,1,2169.0417,250.38533
1934,50,2010,76,864074.8520547948,2,1889.25,218.64426
1934,51,2010,76,862081.7506849319,3,2089.1667,242.33975
1934,52,2010,76,859875.1027397264,4,1934.1251,224.93094
1934,53,2010,76,857739.6369863017,5,1945.25,226.78793
1934,54,2010,76,855532.9890410963,6,1811.25,211.71013
1934,55,2010,76,853397.5232876716,7,1900.7917,222.73228
1934,56,2010,76,851190.8753424662,8,1832,215.22787
1934,57,2010,76,848984.2273972605,9,1774.625,209.02921
1934,58,2010,76,846848.7616438358,10,1914.4166,226.06358
1934,59,2010,76,844642.1136986304,11,1951.875,231.089
1934,60,2010,76,842506.6479452057,12,2022.25,240.02779
1934,61,2011,77,840300,1,2337.0833,278.12488
1934,62,2011,77,837992.920547945,2,2134.875,254.7605
1934,63,2011,77,835909.1068493149,3,2252.625,269.48206
1934,64,2011,77,833602.0273972601,4,2106.875,252.7435
1934,65,2011,77,831369.3698630135,5,2096.375,252.15927
1934,66,2011,77,829062.2904109587,6,1994.9583,240.62827
1934,67,2011,77,826829.6328767121,7,1976.375,239.0305
1934,68,2011,77,824522.5534246573,8,2023.25,245.38443
1934,69,2011,77,822215.4739726025,9,1913.25,232.69447
1934,70,2011,77,819982.8164383559,10,2025.8333,247.05801
1934,71,2011,77,817675.7369863011,11,1980.5,242.21092
1934,72,2011,77,815443.0794520546,12,2118.2915,259.77185
1934,73,2012,78,813136,1,2349.2915,288.91742
1934,74,2012,78,810380.1762295084,2,2224.5,274.50079
1934,75,2012,78,807802.1475409837,3,2294.5835,284.05267
1934,76,2012,78,805046.3237704921,4,2134.0835,265.08829
1934,77,2012,78,802379.3975409837,5,2101.125,261.86179
1934,78,2012,78,799623.5737704921,6,2047.75,256.08923
1934,79,2012,78,796956.6475409837,7,2127.625,266.96872
1934,80,2012,78,794200.8237704921,8,2133.25,268.60333
1934,81,2012,78,791445.0000000002,9,2055.5,259.71481
1934,82,2012,78,788778.0737704921,10,2226.4583,282.26675
1934,83,2012,78,786022.2500000002,11,2294.125,291.86514
1934,84,2012,78,783355.3237704921,12,2413.25,308.06583
1934,85,2013,79,780599.5,1,2896.7498,371.09296
1934,86,2013,79,777728.2630136989,2,2396,308.07675
1934,87,2013,79,775134.8876712332,3,2522.625,325.44336
1934,88,2013,79,772263.6506849318,4,2420.8335,313.47241
1934,89,2013,79,769485.0342465756,5,2306.25,299.71344
1934,90,2013,79,766613.7972602742,6,2136.6665,278.71484
1934,91,2013,79,763835.1808219182,7,2229.5415,291.88779
1934,92,2013,79,760963.9438356168,8,2248,295.41479
1934,93,2013,79,758092.7068493154,9,2137.1667,281.91364
1934,94,2013,79,755314.0904109592,10,2275.375,301.24884
1934,95,2013,79,752442.8534246578,11,2333.25,310.09
1934,96,2013,79,749664.2369863016,12,2432.4165,324.46747
1934,97,2014,80,746793,1,2790.1665,373.61981
1934,98,2014,80,744069.5438356164,2,2479,333.16779
1934,99,2014,80,741609.6479452054,3,2580.7917,347.99869
1934,100,2014,80,738886.1917808219,4,2488.0417,336.7287
1934,101,2014,80,736250.5890410959,5,2520.5,342.34268
1934,102,2014,80,733527.1328767124,6,2347.625,320.04611
1934,103,2014,80,730891.5301369864,7,2410.1665,329.75708
1934,104,2014,80,728168.0739726028,8,2323,319.01974
1934,105,2014,80,725444.6178082193,9,2372.0415,326.9776
1934,106,2014,80,722809.0150684931,10,2482.5417,343.45749
1934,107,2014,80,720085.5589041095,11,2466.125,342.47665
1934,108,2014,80,717449.9561643836,12,2775.7083,386.88528
1934,109,2015,81,714726.5,1,3228.875,451.7637
1934,110,2015,81,712021.5589041095,2,2851.5,400.47946
1934,111,2015,81,709578.3863013699,3,2881.6667,406.10971
1934,112,2015,81,706873.4452054794,4,2681.3335,379.323
1934,113,2015,81,704255.7602739725,5,2567.875,364.6225
1934,114,2015,81,701550.8191780823,6,2481.375,353.69855
1934,115,2015,81,698933.1342465754,7,2582.7915,369.53342
1934,116,2015,81,696228.1931506849,8,2494.5,358.28769
1934,117,2015,81,693523.2520547945,9,2437.5417,351.47226
1934,118,2015,81,690905.5671232876,10,2612.6667,378.15106
1934,119,2015,81,688200.6260273973,11,2613,379.68579
1934,120,2015,81,685582.9410958905,12,2669.0833,389.31589
1934,121,2016,82,682878,1,3095.4165,453.28983
1934,122,2016,82,679401.2144808746,2,2974.875,437.86719
1934,123,2016,82,676148.7377049183,3,3053.3335,451.57718
1934,124,2016,82,672671.9521857924,4,2790.9585,414.90634
1934,125,2016,82,669307.3210382513,5,2791.375,417.05429
1934,126,2016,82,665830.5355191259,6,2623.3333,393.99414
1934,127,2016,82,662465.9043715848,7,2685.7915,405.42337
1934,128,2016,82,658989.1188524594,8,2651.75,402.39664
1934,129,2016,82,655512.3333333335,9,2628.7085,401.01587
1934,130,2016,82,652147.7021857924,10,2804.5,430.04062
1934,131,2016,82,648670.916666667,11,2819.25,434.61945
1934,132,2016,82,645306.2855191259,12,3011.0833,466.61304
1934,133,2017,83,641829.5,1,3469.6667,540.59009
1934,134,2017,83,638330.5767123285,2,3109.375,487.11047
1934,135,2017,83,635170.2589041097,3,3233.1667,509.02365
1934,136,2017,83,631671.3356164382,4,3007.9583,476.1904
1934,137,2017,83,628285.2808219176,5,2918,464.43869
1934,138,2017,83,624786.3575342465,6,2715.9165,434.69522
1934,139,2017,83,621400.3027397259,7,2767.0835,445.29807
1934,140,2017,83,617901.3794520549,8,2753,445.54034
1934,141,2017,83,614402.4561643833,9,2837.8333,461.88507
1934,142,2017,83,611016.4013698627,10,2991.3335,489.5668
1934,143,2017,83,607517.4780821917,11,2933.625,482.88733
1934,144,2017,83,604131.4232876711,12,3202.875,530.16199
1934,145,2018,84,600632.5,1,3962.4583,659.71423
1934,146,2018,84,596994.2465753425,2,3262.625,546.50861
1934,147,2018,84,593708.0821917811,3,3328.1667,560.57294
1934,148,2018,84,590069.8287671236,4,3131.0417,530.62225
1934,149,2018,84,586548.9383561644,5,2996.5,510.86957
1934,150,2018,84,582910.6849315069,6,2826.875,484.95853
1934,151,2018,84,579389.7945205481,7,2918.5,503.7196
1934,152,2018,84,575751.5410958906,8,2898.375,503.40726
1934,153,2018,84,572113.2876712331,9,2834.3333,495.41467
1934,154,2018,84,568592.3972602743,10,3162.0835,556.12482
1934,155,2018,84,564954.1438356168,11,3111,550.66418
1934,156,2018,84,561433.2534246575,12,3285.1667,585.13934
1934,157,2019,85,557795,1,3498.875,627.26898
1934,158,2019,85,554102.9424657533,2,3178.375,573.6073
1934,159,2019,85,550768.180821918,3,3496.5833,634.85571
1934,160,2019,85,547076.1232876712,4,3160.75,577.75323
1934,161,2019,85,543503.1643835618,5,3198.375,588.47406
1934,162,2019,85,539811.1068493151,6,2991.7083,554.21393
1934,163,2019,85,536238.1479452057,7,3034.25,565.84003
1934,164,2019,85,532546.090410959,8,3040.625,570.95996
1934,165,2019,85,528854.0328767123,9,2950.375,557.8808
1934,166,2019,85,525281.0739726028,10,3241.375,617.0744
1934,167,2019,85,521589.0164383561,11,3272,627.31384
1934,168,2019,85,518016.0575342467,12,3552.9165,685.86993
1934,169,2020,86,514324,1,3705.75,720.50885
1934,170,2020,86,510335.6297814203,2,3485.25,682.93292
1934,171,2020,86,506604.5737704914,3,3699,730.15527
1934,172,2020,86,502616.2035519122,4,4583.3335,911.89526
1934,173,2020,86,498756.4904371584,5,3965,794.97711
1934,174,2020,86,494768.1202185792,6,3291.2083,665.20215
1934,175,2020,86,490908.4071038249,7,3682.7917,750.19934
1934,176,2020,86,486920.0368852457,8,3801.125,780.64667
1934,177,2020,86,482931.6666666665,9,3572.9583,739.8476
1934,178,2020,86,479071.9535519122,10,3682.25,768.62152
1934,179,2020,86,475083.583333333,11,4202.75,884.63379
1934,180,2020,86,471223.8702185792,12,5168.25,1096.7717
1934,181,2021,87,467235.5,1,5096.8745,1090.8577
1934,182,2021,87,463288.4780821917,2,3750.875,809.61975
1934,183,2021,87,459723.4260273972,3,3505.2085,762.46027
1934,184,2021,87,455776.4041095888,4,3435.9167,753.86017
1934,185,2021,87,451956.7054794519,5,3331.5,737.12811
1934,186,2021,87,448009.6835616436,6,3125.1665,697.56671
1934,187,2021,87,444189.9849315067,7,3337.2915,751.32074
1934,188,2021,87,440242.9630136983,8,3745,850.66663
1934,189,2021,87,436295.9410958905,9,3805.7083,872.27679
1934,190,2021,87,432476.2424657536,10,3893.25,900.22284
1934,191,2021,87,428529.2205479452,11,3864.875,901.89301
1934,192,2021,87,424709.5219178083,12,4161.625,979.87561
1935,1,2006,71,1002871.5,1,1693.8749,168.90248
1935,2,2006,71,1001548.776712329,2,1583.875,158.14258
1935,3,2006,71,1000354.058904109,3,1681.7083,168.1113
1935,4,2006,71,999031.3356164382,4,1551.9585,155.34633
1935,5,2006,71,997751.2808219177,5,1502.125,150.55104
1935,6,2006,71,996428.5575342465,6,1354.3333,135.91875
1935,7,2006,71,995148.5027397259,7,1390.4583,139.72369
1935,8,2006,71,993825.7794520546,8,1411.875,142.06464
1935,9,2006,71,992503.0561643834,9,1368.7916,137.91309
1935,10,2006,71,991223.0013698629,10,1453.6667,146.65385
1935,11,2006,71,989900.2780821917,11,1438.25,145.29242
1935,12,2006,71,988620.2232876711,12,1542.125,155.98761
1935,13,2007,72,987297.5,1,1838.2499,186.19006
1935,14,2007,72,985593.5191780822,2,1649.375,167.3484
1935,15,2007,72,984054.4397260275,3,1744,177.22597
1935,16,2007,72,982350.4589041097,4,1577.3751,160.57153
1935,17,2007,72,980701.4452054795,5,1559.125,158.98059
1935,18,2007,72,978997.4643835617,6,1499.75,153.19243
1935,19,2007,72,977348.4506849316,7,1519.9166,155.5143
1935,20,2007,72,975644.4698630138,8,1495.375,153.27048
1935,21,2007,72,973940.4890410959,9,1458.9166,149.79526
1935,22,2007,72,972291.4753424658,10,1561.4584,160.5957
1935,23,2007,72,970587.494520548,11,1452.125,149.61299
1935,24,2007,72,968938.4808219179,12,1583.5834,163.43488
1935,25,2008,73,967234.5,1,1818.125,187.97148
1935,26,2008,73,965359.6775956284,2,1899.125,196.72719
1935,27,2008,73,963605.8114754099,3,1971.625,204.60909
1935,28,2008,73,961730.9890710383,4,1750.6667,182.0329
1935,29,2008,73,959916.6448087431,5,1716.625,178.83063
1935,30,2008,73,958041.8224043716,6,1605.625,167.59445
1935,31,2008,73,956227.4781420764,7,1556.9583,162.823
1935,32,2008,73,954352.6557377048,8,1634.625,171.28102
1935,33,2008,73,952477.8333333333,9,1550.7916,162.81656
1935,34,2008,73,950663.4890710383,10,1625.2084,170.95517
1935,35,2008,73,948788.6666666667,11,1657.625,174.70961
1935,36,2008,73,946974.3224043716,12,1705.125,180.06032
1935,37,2009,74,945099.5,1,1975.2499,208.99915
1935,38,2009,74,942585.8671232876,2,1757.75,186.48169
1935,39,2009,74,940315.4890410958,3,1948.5417,207.22212
1935,40,2009,74,937801.8561643835,4,1880.125,200.48212
1935,41,2009,74,935369.3082191779,5,1777,189.97844
1935,42,2009,74,932855.6753424655,6,1672.6666,179.30605
1935,43,2009,74,930423.1273972602,7,1628.5833,175.03683
1935,44,2009,74,927909.4945205478,8,1709.75,184.25827
1935,45,2009,74,925395.8616438354,9,1545.8333,167.04562
1935,46,2009,74,922963.3136986301,10,1767.6666,191.52078
1935,47,2009,74,920449.6808219177,11,1674.875,181.96269
1935,48,2009,74,918017.1328767121,12,1819.25,198.17168
1935,49,2010,75,915503.5,1,2093.9583,228.72203
1935,50,2010,75,913308.0205479455,2,1923,210.55328
1935,51,2010,75,911325.0068493155,3,2033,223.08177
1935,52,2010,75,909129.5273972605,4,1884.4585,207.28163
1935,53,2010,75,907004.869863014,5,1926.375,212.38861
1935,54,2010,75,904809.3904109593,6,1734.375,191.68402
1935,55,2010,75,902684.7328767127,7,1794.5833,198.8051
1935,56,2010,75,900489.253424658,8,1784.375,198.15617
1935,57,2010,75,898293.773972603,9,1676.7083,186.65479
1935,58,2010,75,896169.1164383565,10,1808.7917,201.83598
1935,59,2010,75,893973.6369863017,11,1793.25,200.59317
1935,60,2010,75,891848.9794520552,12,1911.4166,214.32066
1935,61,2011,76,889653.5,1,2328.4165,261.72174
1935,62,2011,76,887535.1383561646,2,2072.125,233.46964
1935,63,2011,76,885621.779452055,3,2189.0833,247.18037
1935,64,2011,76,883503.4178082193,4,2028.2501,229.56902
1935,65,2011,76,881453.3904109593,5,2018.875,229.03934
1935,66,2011,76,879335.0287671236,6,1936.5,220.22324
1935,67,2011,76,877285.0013698633,7,1876.4584,213.89381
1935,68,2011,76,875166.6397260276,8,1876.625,214.43059
1935,69,2011,76,873048.2780821919,9,1806.4167,206.90915
1935,70,2011,76,870998.2506849319,10,1902.3334,218.4084
1935,71,2011,76,868879.8890410962,11,1878.25,216.16911
1935,72,2011,76,866829.8616438359,12,1976.0834,227.96669
1935,73,2012,77,864711.5,1,2305.25,266.5918
1935,74,2012,77,862273.4685792348,2,2183.875,253.26942
1935,75,2012,77,859992.7295081965,3,2220.125,258.15625
1935,76,2012,77,857554.6980874315,4,2162.7085,252.19481
1935,77,2012,77,855195.31284153,5,2062.5,241.17297
1935,78,2012,77,852757.2814207647,6,1980.8333,232.28571
1935,79,2012,77,850397.8961748632,7,2054.5833,241.60258
1935,80,2012,77,847959.8647540982,8,2032.125,239.64873
1935,81,2012,77,845521.8333333333,9,1946,230.15373
1935,82,2012,77,843162.4480874315,10,2074.5415,246.04292
1935,83,2012,77,840724.4166666665,11,2059.375,244.95244
1935,84,2012,77,838365.0314207647,12,2245,267.78311
1935,85,2013,78,835927,1,2818.1248,337.1257
1935,86,2013,78,833105.0232876714,2,2308.75,277.12592
1935,87,2013,78,830556.1410958907,3,2481.4167,298.76569
1935,88,2013,78,827734.1643835618,4,2335.0835,282.1055
1935,89,2013,78,825003.2191780824,5,2202.25,266.93835
1935,90,2013,78,822181.2424657536,6,2065.8333,251.26251
1935,91,2013,78,819450.2972602742,7,2132.125,260.18967
1935,92,2013,78,816628.3205479453,8,2150.25,263.30829
1935,93,2013,78,813806.3438356167,9,2033.5417,249.88029
1935,94,2013,78,811075.3986301371,10,2183.2083,269.1745
1935,95,2013,78,808253.4219178085,11,2118.25,262.07745
1935,96,2013,78,805522.4767123291,12,2264.1667,281.08051
1935,97,2014,79,802700.5,1,2807.3333,349.73608
1935,98,2014,79,799608.2712328767,2,2438,304.89929
1935,99,2014,79,796815.2904109589,3,2531.4583,317.69699
1935,100,2014,79,793723.0616438356,4,2411.1667,303.77936
1935,101,2014,79,790730.5821917809,5,2377.875,300.71872
1935,102,2014,79,787638.3534246576,6,2238.25,284.1723
1935,103,2014,79,784645.8739726029,7,2323.9165,296.17392
1935,104,2014,79,781553.6452054796,8,2228.625,285.15317
1935,105,2014,79,778461.4164383563,9,2198.75,282.44818
1935,106,2014,79,775468.9369863013,10,2335.4585,301.16727
1935,107,2014,79,772376.708219178,11,2366.375,306.37576
1935,108,2014,79,769384.2287671233,12,2574.5417,334.62366
1935,109,2015,80,766292,1,3172.6667,414.02844
1935,110,2015,80,763649.5684931506,2,2803.5,367.11865
1935,111,2015,80,761262.8561643835,3,2840.6667,373.15189
1935,112,2015,80,758620.4246575341,4,2657.25,350.27399
1935,113,2015,80,756063.2328767122,5,2601.875,344.13458
1935,114,2015,80,753420.8013698629,6,2443.9585,324.38159
1935,115,2015,80,750863.609589041,7,2483.2085,330.71365
1935,116,2015,80,748221.1780821916,8,2410.125,322.11398
1935,117,2015,80,745578.7465753425,9,2328.75,312.34125
1935,118,2015,80,743021.5547945206,10,2535.5415,341.24738
1935,119,2015,80,740379.1232876712,11,2443.25,329.99985
1935,120,2015,80,737821.9315068494,12,2575.6667,349.09058
1935,121,2016,81,735179.5,1,3053.2083,415.30106
1935,122,2016,81,732388.949453552,2,2897.5,395.62311
1935,123,2016,81,729778.4344262297,3,2986.7083,409.26233
1935,124,2016,81,726987.8838797815,4,2717.125,373.75107
1935,125,2016,81,724287.3510928962,5,2733.75,377.43997
1935,126,2016,81,721496.8005464482,6,2504.2083,347.08514
1935,127,2016,81,718796.2677595629,7,2596.0417,361.16516
1935,128,2016,81,716005.717213115,8,2591.625,361.9559
1935,129,2016,81,713215.1666666667,9,2488.6665,348.93628
1935,130,2016,81,710514.6338797815,10,2681.4583,377.39664
1935,131,2016,81,707724.0833333335,11,2553,360.7338
1935,132,2016,81,705023.5505464482,12,2907.25,412.36212
1935,133,2017,82,702233,1,3362.0833,478.77032
1935,134,2017,82,698599.2904109587,2,3038.25,434.90598
1935,135,2017,82,695317.2301369859,3,3337.2085,479.9548
1935,136,2017,82,691683.5205479451,4,3011.5,435.38699
1935,137,2017,82,688167.0273972601,5,2906.875,422.40836
1935,138,2017,82,684533.3178082188,6,2630.2083,384.2338
1935,139,2017,82,681016.8246575342,7,2686.2085,394.44086
1935,140,2017,82,677383.1150684929,8,2714,400.65952
1935,141,2017,82,673749.4054794516,9,2616.5835,388.36154
1935,142,2017,82,670232.9123287671,10,2765.875,412.67371
1935,143,2017,82,666599.2027397258,11,2792,418.84238
1935,144,2017,82,663082.7095890408,12,3088.4167,465.76645
1935,145,2018,83,659449,1,3856.0833,584.74323
1935,146,2018,83,655888.7136986302,2,3210.75,489.52664
1935,147,2018,83,652672.9712328766,3,3247.5835,497.58203
1935,148,2018,83,649112.6849315069,4,3138.2085,483.46127
1935,149,2018,83,645667.2465753425,5,3025.625,468.60437
1935,150,2018,83,642106.9602739727,6,2828.2915,440.47046
1935,151,2018,83,638661.5219178083,7,2803,438.88663
1935,152,2018,83,635101.2356164386,8,2842.375,447.54675
1935,153,2018,83,631540.9493150688,9,2774.5417,439.32889
1935,154,2018,83,628095.5109589044,10,2923.25,465.41489
1935,155,2018,83,624535.2246575346,11,2966.625,475.01324
1935,156,2018,83,621089.7863013702,12,3173.5833,510.97012
1935,157,2019,84,617529.5,1,3585.0417,580.54584
1935,158,2019,84,613745.5041095889,2,3229.125,526.13422
1935,159,2019,84,610327.701369863,3,3486.9167,571.31879
1935,160,2019,84,606543.7054794519,4,3180.0417,524.28894
1935,161,2019,84,602881.7739726026,5,3174,526.47137
1935,162,2019,84,599097.7780821919,6,3015.75,503.38193
1935,163,2019,84,595435.8465753426,7,2995.4585,503.06989
1935,164,2019,84,591651.8506849315,8,2953.875,499.25897
1935,165,2019,84,587867.8547945204,9,2792.0833,474.95084
1935,166,2019,84,584205.9232876711,10,3180.75,544.45697
1935,167,2019,84,580421.9273972604,11,3177.75,547.48962
1935,168,2019,84,576759.9958904111,12,3465.7085,600.89264
1935,169,2020,85,572976,1,3761.7083,656.52106
1935,170,2020,85,569005.2896174863,2,3382.875,594.52435
1935,171,2020,85,565290.7540983609,3,3655.8335,646.71735
1935,172,2020,85,561320.0437158472,4,4601.5835,819.77893
1935,173,2020,85,557477.4207650274,5,3866,693.48102
1935,174,2020,85,553506.7103825137,6,3338.2083,603.10168
1935,175,2020,85,549664.0874316944,7,3639.7083,662.16956
1935,176,2020,85,545693.3770491807,8,3698.125,677.69287
1935,177,2020,85,541722.666666667,9,3431.25,633.39606
1935,178,2020,85,537880.0437158472,10,3671.5417,682.59491
1935,179,2020,85,533909.3333333335,11,4058.25,760.10095
1935,180,2020,85,530066.7103825137,12,5013.625,945.8479
1935,181,2021,86,526096,1,5272.9165,1002.2727
1935,182,2021,86,522117.1287671234,2,3822.875,732.18726
1935,183,2021,86,518523.3095890409,3,3685.375,710.74432
1935,184,2021,86,514544.4383561644,4,3392.5835,659.33734
1935,185,2021,86,510693.9178082193,5,3328.375,651.73578
1935,186,2021,86,506715.0465753423,6,3167.7083,625.14587
1935,187,2021,86,502864.5260273973,7,3348.7085,665.92657
1935,188,2021,86,498885.6547945207,8,3742.625,750.19696
1935,189,2021,86,494906.7835616437,9,3728.0835,753.29004
1935,190,2021,86,491056.2630136986,10,3779,769.56561
1935,191,2021,86,487077.3917808221,11,3670.125,753.49933
1935,192,2021,86,483226.8712328766,12,4086.4585,845.66046
1936,1,2006,70,1013234.5,1,1572.4999,155.19604
1936,2,2006,70,1011885.065753425,2,1462.5,144.53223
1936,3,2006,70,1010666.221917808,3,1615.875,159.88216
1936,4,2006,70,1009316.787671233,4,1438.25,142.49738
1936,5,2006,70,1008010.883561644,5,1427.625,141.62793
1936,6,2006,70,1006661.449315069,6,1268.7083,126.03127
1936,7,2006,70,1005355.545205479,7,1291.5,128.46202
1936,8,2006,70,1004006.110958904,8,1304.5,129.92949
1936,9,2006,70,1002656.676712329,9,1264.0417,126.06925
1936,10,2006,70,1001350.77260274,10,1357.3334,135.55025
1936,11,2006,70,1000001.338356164,11,1356.5,135.64983
1936,12,2006,70,998695.4342465753,12,1470.7916,147.27129
1936,13,2007,71,997346,1,1656.2916,166.06992
1936,14,2007,71,996064.680821918,2,1497.625,150.35419
1936,15,2007,71,994907.3602739727,3,1593.5,160.16566
1936,16,2007,71,993626.0410958906,4,1453.75,146.30756
1936,17,2007,71,992386.0547945207,5,1443.125,145.41972
1936,18,2007,71,991104.7356164384,6,1383.1666,139.55807
1936,19,2007,71,989864.7493150686,7,1378.8333,139.29512
1936,20,2007,71,988583.4301369864,8,1378,139.39137
1936,21,2007,71,987302.1109589043,9,1350.4167,136.77847
1936,22,2007,71,986062.1246575344,10,1344.1666,136.31662
1936,23,2007,71,984780.8054794521,11,1430.75,145.28613
1936,24,2007,71,983540.8191780823,12,1486.9166,151.17996
1936,25,2008,72,982259.5,1,1811.75,184.44719
1936,26,2008,72,980579.2745901641,2,1770.625,180.56929
1936,27,2008,72,979007.4508196722,3,1774.0416,181.20819
1936,28,2008,72,977327.2254098362,4,1632.3751,167.02441
1936,29,2008,72,975701.2008196722,5,1631.25,167.18745
1936,30,2008,72,974020.9754098362,6,1478.0416,151.74638
1936,31,2008,72,972394.9508196722,7,1422.1667,146.25403
1936,32,2008,72,970714.7254098362,8,1469.75,151.40906
1936,33,2008,72,969034.5000000001,9,1443.375,148.9498
1936,34,2008,72,967408.4754098362,10,1527.6666,157.9133
1936,35,2008,72,965728.2500000001,11,1511.25,156.48813
1936,36,2008,72,964102.2254098362,12,1562.9584,162.11542
1936,37,2009,73,962422,1,1837.0833,190.88126
1936,38,2009,73,960598.3931506851,2,1676.25,174.50061
1936,39,2009,73,958951.2643835617,3,1823.25,190.12958
1936,40,2009,73,957127.6575342466,4,1629.5,170.24898
1936,41,2009,73,955362.8767123288,5,1644,172.08121
1936,42,2009,73,953539.2698630139,6,1522.4583,159.66393
1936,43,2009,73,951774.4890410961,7,1487.4166,156.27826
1936,44,2009,73,949950.882191781,8,1583.875,166.7323
1936,45,2009,73,948127.2753424658,9,1486.6667,156.80034
1936,46,2009,73,946362.494520548,10,1628.0417,172.03151
1936,47,2009,73,944538.8876712329,11,1610.625,170.51971
1936,48,2009,73,942774.1068493151,12,1706.625,181.02162
1936,49,2010,74,940950.5,1,1927.7084,204.86821
1936,50,2010,74,938712.9369863011,2,1736,184.93407
1936,51,2010,74,936691.9123287669,3,1939.5417,207.06293
1936,52,2010,74,934454.3493150682,4,1723.5,184.43919
1936,53,2010,74,932288.9657534244,5,1790.375,192.04079
1936,54,2010,74,930051.4027397258,6,1614.125,173.55223
1936,55,2010,74,927886.019178082,7,1630.5,175.72202
1936,56,2010,74,925648.4561643833,8,1682.125,181.72395
1936,57,2010,74,923410.8931506847,9,1580.2916,171.13634
1936,58,2010,74,921245.5095890409,10,1746.25,189.55316
1936,59,2010,74,919007.9465753422,11,1689.75,183.86674
1936,60,2010,74,916842.5630136984,12,1790.0834,195.24435
1936,61,2011,75,914605,1,2085.125,227.98093
1936,62,2011,75,912557.7684931504,2,1913.75,209.71275
1936,63,2011,75,910708.6561643833,3,2053,225.42885
1936,64,2011,75,908661.4246575339,4,1907.0001,209.86916
1936,65,2011,75,906680.232876712,5,1920.5,211.81668
1936,66,2011,75,904633.0013698628,6,1736.9165,192.00233
1936,67,2011,75,902651.8095890409,7,1773.3333,196.45818
1936,68,2011,75,900604.5780821915,8,1773,196.86775
1936,69,2011,75,898557.3465753421,9,1714.5417,190.8105
1936,70,2011,75,896576.1547945202,10,1771.875,197.62683
1936,71,2011,75,894528.9232876711,11,1795.125,200.67825
1936,72,2011,75,892547.7315068492,12,1859.7916,208.36887
1936,73,2012,76,890500.5,1,2189.75,245.90105
1936,74,2012,76,888409.2704918033,2,2004.375,225.61392
1936,75,2012,76,886452.9590163934,3,2190.9583,247.16013
1936,76,2012,76,884361.7295081967,4,1996.9167,225.80316
1936,77,2012,76,882337.9590163934,5,1936.875,219.51622
1936,78,2012,76,880246.7295081967,6,1859.2083,211.21445
1936,79,2012,76,878222.9590163934,7,1877.6667,213.80296
1936,80,2012,76,876131.7295081967,8,1871.25,213.5809
1936,81,2012,76,874040.5,9,1857.875,212.56166
1936,82,2012,76,872016.7295081967,10,1961.3334,224.91924
1936,83,2012,76,869925.5,11,1966.625,226.06821
1936,84,2012,76,867901.7295081967,12,2098.0833,241.74203
1936,85,2013,77,865810.5,1,2718.3333,313.96399
1936,86,2013,77,863450.4232876711,2,2267.5,262.60916
1936,87,2013,77,861318.7410958903,3,2334.6667,271.05722
1936,88,2013,77,858958.6643835616,4,2142.0417,249.37659
1936,89,2013,77,856674.719178082,5,2098.125,244.91501
1936,90,2013,77,854314.6424657532,6,1931.6249,226.10228
1936,91,2013,77,852030.6972602739,7,1982.5833,232.68918
1936,92,2013,77,849670.6205479451,8,1999.625,235.3412
1936,93,2013,77,847310.5438356162,9,1883.8334,222.33093
1936,94,2013,77,845026.5986301368,10,2078.5415,245.9735
1936,95,2013,77,842666.5219178081,11,1970,233.78169
1936,96,2013,77,840382.5767123287,12,2180.3333,259.44531
1936,97,2014,78,838022.5,1,2570.8748,306.77872
1936,98,2014,78,835035.4164383565,2,2228.125,266.82999
1936,99,2014,78,832337.4054794523,3,2325.3335,279.3739
1936,100,2014,78,829350.3219178086,4,2257.6667,272.22113
1936,101,2014,78,826459.5958904112,5,2276.75,275.4823
1936,102,2014,78,823472.5123287675,6,2086.4165,253.36809
1936,103,2014,78,820581.7863013702,7,2190.5417,266.94983
1936,104,2014,78,817594.7027397263,8,2094.375,256.16299
1936,105,2014,78,814607.6191780826,9,2066,253.61903
1936,106,2014,78,811716.8931506854,10,2178.6667,268.40228
1936,107,2014,78,808729.8095890414,11,2328.625,287.9361
1936,108,2014,78,805839.0835616442,12,2502.75,310.5769
1936,109,2015,79,802852,1,2999.5415,373.61078
1936,110,2015,79,799802.6616438353,2,2562.25,320.36026
1936,111,2015,79,797048.420547945,3,2687.375,337.16583
1936,112,2015,79,793999.0821917807,4,2504.7917,315.46533
1936,113,2015,79,791048.1095890407,5,2430.375,307.2348
1936,114,2015,79,787998.7712328765,6,2247.2083,285.17917
1936,115,2015,79,785047.7986301368,7,2292.9165,292.07349
1936,116,2015,79,781998.4602739722,8,2276.75,291.14508
1936,117,2015,79,778949.121917808,9,2192.8333,281.51175
1936,118,2015,79,775998.1493150683,10,2338.875,301.40213
1936,119,2015,79,772948.8109589037,11,2305.625,298.28949
1936,120,2015,79,769997.8383561641,12,2472.3333,321.08313
1936,121,2016,80,766948.5,1,2913.2083,379.84406
1936,122,2016,80,764316.6338797815,2,2692.5,352.27548
1936,123,2016,80,761854.5655737706,3,2841.7917,373.00974
1936,124,2016,80,759222.6994535518,4,2629.25,346.30814
1936,125,2016,80,756675.7322404371,5,2616.75,345.82184
1936,126,2016,80,754043.8661202185,6,2365.375,313.69196
1936,127,2016,80,751496.8989071038,7,2438.5,324.48572
1936,128,2016,80,748865.0327868853,8,2483.625,331.65189
1936,129,2016,80,746233.1666666667,9,2387.625,319.95697
1936,130,2016,80,743686.1994535518,10,2567.9167,345.29575
1936,131,2016,80,741054.3333333333,11,2405.625,324.62195
1936,132,2016,80,738507.3661202185,12,2739.125,370.90015
1936,133,2017,81,735875.5,1,3178.9167,431.99112
1936,134,2017,81,733116.4150684928,2,2854.75,389.39926
1936,135,2017,81,730624.3383561641,3,3101.7917,424.53989
1936,136,2017,81,727865.2534246573,4,2801.6667,384.91559
1936,137,2017,81,725195.1712328764,5,2747.625,378.88077
1936,138,2017,81,722436.0863013696,6,2526.9583,349.78296
1936,139,2017,81,719766.0041095887,7,2527.0833,351.0979
1936,140,2017,81,717006.9191780819,8,2551.625,355.87173
1936,141,2017,81,714247.8342465751,9,2462.6665,344.7916
1936,142,2017,81,711577.7520547942,10,2648.2915,372.17178
1936,143,2017,81,708818.6671232875,11,2726.75,384.68936
1936,144,2017,81,706148.5849315065,12,3007.3333,425.87827
1936,145,2018,82,703389.5,1,3800.7498,540.34784
1936,146,2018,82,699752.0109589039,2,2966.25,423.90018
1936,147,2018,82,696466.5369863017,3,3129.1667,449.29175
1936,148,2018,82,692829.0479452056,4,2960.9585,427.37216
1936,149,2018,82,689308.8972602738,5,2845.25,412.76849
1936,150,2018,82,685671.4082191782,6,2685.8333,391.7085
1936,151,2018,82,682151.2575342464,7,2640.8335,387.13312
1936,152,2018,82,678513.7684931508,8,2721,401.02356
1936,153,2018,82,674876.2794520548,9,2660.875,394.27597
1936,154,2018,82,671356.1287671234,10,2734.2917,407.27887
1936,155,2018,82,667718.6397260274,11,2819.375,422.23996
1936,156,2018,82,664198.4890410961,12,3153.6667,474.80789
1936,157,2019,83,660561,1,3500.2915,529.89679
1936,158,2019,83,656966.5287671234,2,3192.25,485.90756
1936,159,2019,83,653719.909589041,3,3362.75,514.40228
1936,160,2019,83,650125.4383561644,4,3091.125,475.46594
1936,161,2019,83,646646.9178082193,5,3022.375,467.39185
1936,162,2019,83,643052.4465753427,6,2922.4583,454.46655
1936,163,2019,83,639573.9260273972,7,2862.7085,447.59619
1936,164,2019,83,635979.4547945205,8,2829.375,444.88464
1936,165,2019,83,632384.9835616439,9,2746,434.22916
1936,166,2019,83,628906.4630136988,10,2989.4167,475.33566
1936,167,2019,83,625311.9917808222,11,3082.5,492.95392
1936,168,2019,83,621833.4712328766,12,3301.9583,531.0036
1936,169,2020,84,618239,1,3585.375,579.93347
1936,170,2020,84,614419.0969945355,2,3316.75,539.81885
1936,171,2020,84,610845.6393442624,3,3545.25,580.38397
1936,172,2020,84,607025.736338798,4,4387.667,722.81403
1936,173,2020,84,603329.0560109289,5,3611.25,598.55396
1936,174,2020,84,599509.1530054645,6,3218.9165,536.92535
1936,175,2020,84,595812.4726775959,7,3495.5,586.67786
1936,176,2020,84,591992.5696721314,8,3530.125,596.31238
1936,177,2020,84,588172.666666667,9,3247,552.04877
1936,178,2020,84,584475.986338798,10,3570.875,610.95325
1936,179,2020,84,580656.0833333335,11,3853.375,663.62433
1936,180,2020,84,576959.4030054645,12,4696.5,814.00873
1936,181,2021,85,573139.5,1,5147.4165,898.10883
1936,182,2021,85,569266.2835616437,2,3682,646.79749
1936,183,2021,85,565767.8945205477,3,3591.0415,634.71991
1936,184,2021,85,561894.6780821919,4,3336.8335,593.85388
1936,185,2021,85,558146.4041095888,5,3281.875,587.99536
1936,186,2021,85,554273.1876712325,6,3092.8333,557.99799
1936,187,2021,85,550524.9136986299,7,3316.875,602.49316
1936,188,2021,85,546651.6972602736,8,3618.875,662.00745
1936,189,2021,85,542778.4808219178,9,3614.5415,665.93311
1936,190,2021,85,539030.2068493147,10,3703.625,687.09045
1936,191,2021,85,535156.9904109589,11,3582.5,669.42975
1936,192,2021,85,531408.7164383559,12,4123.25,775.90936
1937,1,2006,69,1058596.5,1,1485.8333,140.3588
1937,2,2006,69,1057010.361643835,2,1347.375,127.47037
1937,3,2006,69,1055577.720547945,3,1447.25,137.10501
1937,4,2006,69,1053991.582191781,4,1301.5,123.48296
1937,5,2006,69,1052456.609589041,5,1329.5,126.32349
1937,6,2006,69,1050870.471232877,6,1188.4583,113.09274
1937,7,2006,69,1049335.498630137,7,1261.2917,120.19909
1937,8,2006,69,1047749.360273973,8,1262.875,120.53217
1937,9,2006,69,1046163.221917808,9,1197.875,114.50173
1937,10,2006,69,1044628.249315068,10,1263.7917,120.98005
1937,11,2006,69,1043042.110958904,11,1318.125,126.37313
1937,12,2006,69,1041507.138356164,12,1382.7084,132.76033
1937,13,2007,70,1039921,1,1568.3333,150.81273
1937,14,2007,70,1038537.253424658,2,1396.5,134.46797
1937,15,2007,70,1037287.417808219,3,1522.8333,146.80919
1937,16,2007,70,1035903.671232877,4,1430.875,138.12819
1937,17,2007,70,1034564.561643836,5,1376.25,133.02698
1937,18,2007,70,1033180.815068493,6,1296.125,125.44997
1937,19,2007,70,1031841.705479452,7,1300.125,126.00043
1937,20,2007,70,1030457.95890411,8,1335.5,129.60257
1937,21,2007,70,1029074.212328767,9,1292.4583,125.59427
1937,22,2007,70,1027735.102739726,10,1294.75,125.9809
1937,23,2007,70,1026351.356164383,11,1362.625,132.76399
1937,24,2007,70,1025012.246575342,12,1476.2917,144.02675
1937,25,2008,71,1023628.5,1,1597.4166,156.05434
1937,26,2008,71,1022376.93852459,2,1590.875,155.60553
1937,27,2008,71,1021206.12295082,3,1656.5,162.21014
1937,28,2008,71,1019954.56147541,4,1487.8333,145.8725
1937,29,2008,71,1018743.37295082,5,1517.375,148.94576
1937,30,2008,71,1017491.81147541,6,1387.6666,136.3811
1937,31,2008,71,1016280.62295082,7,1360.875,133.90741
1937,32,2008,71,1015029.06147541,8,1395.25,137.45912
1937,33,2008,71,1013777.5,9,1362.75,134.42299
1937,34,2008,71,1012566.31147541,10,1473.5417,145.52545
1937,35,2008,71,1011314.75,11,1491.75,147.50601
1937,36,2008,71,1010103.56147541,12,1555.0833,153.95285
1937,37,2009,72,1008852,1,1701.125,168.61987
1937,38,2009,72,1007122.07260274,2,1512.5,150.1804
1937,39,2009,72,1005559.557534247,3,1643.6667,163.45792
1937,40,2009,72,1003829.630136986,4,1581.25,157.52174
1937,41,2009,72,1002155.506849315,5,1535.5,153.21973
1937,42,2009,72,1000425.579452055,6,1436.5833,143.59721
1937,43,2009,72,998751.4561643836,7,1464.0834,146.59137
1937,44,2009,72,997021.5287671232,8,1476.25,148.06601
1937,45,2009,72,995291.601369863,9,1420.375,142.70943
1937,46,2009,72,993617.4780821918,10,1551.0833,156.10466
1937,47,2009,72,991887.5506849315,11,1530.625,154.31436
1937,48,2009,72,990213.4273972602,12,1656,167.23668
1937,49,2010,73,988483.5,1,1826.4166,184.76956
1937,50,2010,73,986609.8684931507,2,1603.125,162.48824
1937,51,2010,73,984917.5561643837,3,1779.9584,180.72156
1937,52,2010,73,983043.9246575343,4,1601.625,162.92506
1937,53,2010,73,981230.7328767125,5,1685.5,171.77408
1937,54,2010,73,979357.1013698631,6,1549.4583,158.21178
1937,55,2010,73,977543.9095890413,7,1562.4167,159.83086
1937,56,2010,73,975670.2780821919,8,1586.5,162.60616
1937,57,2010,73,973796.6465753426,9,1530.0417,157.12128
1937,58,2010,73,971983.4547945205,10,1670.0833,171.82219
1937,59,2010,73,970109.8232876712,11,1640.375,169.09167
1937,60,2010,73,968296.6315068493,12,1779.25,183.7505
1937,61,2011,74,966423,1,2080.5833,215.28702
1937,62,2011,74,963925.9712328769,2,1776,184.24652
1937,63,2011,74,961670.590410959,3,1912.5417,198.87701
1937,64,2011,74,959173.5616438356,4,1771.6667,184.70763
1937,65,2011,74,956757.0821917809,5,1754,183.32762
1937,66,2011,74,954260.0534246576,6,1643.3333,172.21021
1937,67,2011,74,951843.5739726028,7,1671.7917,175.63724
1937,68,2011,74,949346.5452054795,8,1720.75,181.25626
1937,69,2011,74,946849.5164383561,9,1605.8334,169.59753
1937,70,2011,74,944433.0369863014,10,1718.0834,181.9169
1937,71,2011,74,941936.0082191781,11,1708.875,181.42155
1937,72,2011,74,939519.5287671234,12,1883.75,200.50142
1937,73,2012,75,937022.5,1,2043.7916,218.11554
1937,74,2012,75,934967.56420765,2,1865.25,199.4989
1937,75,2012,75,933045.2049180325,3,2012.5,215.69159
1937,76,2012,75,930990.2691256828,4,1857.5834,199.52769
1937,77,2012,75,929001.621584699,5,1842.25,198.30428
1937,78,2012,75,926946.6857923495,6,1783.75,192.43286
1937,79,2012,75,924958.0382513658,7,1780.75,192.52225
1937,80,2012,75,922903.102459016,8,1774.75,192.3008
1937,81,2012,75,920848.1666666663,9,1774.375,192.68921
1937,82,2012,75,918859.5191256828,10,1850.375,201.37735
1937,83,2012,75,916804.583333333,11,1873.125,204.31017
1937,84,2012,75,914815.9357923495,12,1994.25,217.99467
1937,85,2013,76,912761,1,2467.2915,270.31079
1937,86,2013,76,910786.0452054797,2,2124.875,233.30122
1937,87,2013,76,909002.2150684933,3,2115.75,232.7552
1937,88,2013,76,907027.2602739728,4,2034,224.24905
1937,89,2013,76,905116.0136986303,5,2036.25,224.97116
1937,90,2013,76,903141.0589041098,6,1850.9583,204.94675
1937,91,2013,76,901229.8123287673,7,1888.5,209.547
1937,92,2013,76,899254.8575342468,8,1873.875,208.38086
1937,93,2013,76,897279.9027397262,9,1803.4167,200.98709
1937,94,2013,76,895368.6561643837,10,2001.1667,223.50198
1937,95,2013,76,893393.7013698632,11,1954.75,218.80051
1937,96,2013,76,891482.4547945207,12,2029.4166,227.64516
1937,97,2014,77,889507.5,1,2247.5833,252.67726
1937,98,2014,77,887005.4178082193,2,2082.75,234.80692
1937,99,2014,77,884745.4726027397,3,2245.7085,253.82538
1937,100,2014,77,882243.390410959,4,2128.5,241.25995
1937,101,2014,77,879822.0205479453,5,2139.375,243.15997
1937,102,2014,77,877319.9383561644,6,2026.375,230.97333
1937,103,2014,77,874898.5684931506,7,2046.4583,233.90805
1937,104,2014,77,872396.48630137,8,1991.375,228.26491
1937,105,2014,77,869894.4041095891,9,1966.4583,226.05713
1937,106,2014,77,867473.0342465753,10,2081.2915,239.92578
1937,107,2014,77,864970.9520547946,11,2169.25,250.78877
1937,108,2014,77,862549.5821917809,12,2424.2917,281.06116
1937,109,2015,78,860047.5,1,2890.7083,336.11029
1937,110,2015,78,857006.5698630139,2,2364.25,275.87302
1937,111,2015,78,854259.9232876715,3,2519.2083,294.89951
1937,112,2015,78,851218.9931506852,4,2302.125,270.45038
1937,113,2015,78,848276.1575342468,5,2266,267.12997
1937,114,2015,78,845235.2273972607,6,2169.1665,256.63464
1937,115,2015,78,842292.3917808223,7,2222.9165,263.91269
1937,116,2015,78,839251.461643836,8,2127.875,253.54439
1937,117,2015,78,836210.5315068497,9,2075.5,248.20305
1937,118,2015,78,833267.6958904113,10,2243.7083,269.2662
1937,119,2015,78,830226.765753425,11,2209.375,266.11707
1937,120,2015,78,827283.9301369865,12,2514,303.88599
1937,121,2016,79,824243,1,2749.875,333.6243
1937,122,2016,79,821043.1816939893,2,2582.5,314.53888
1937,123,2016,79,818049.8032786888,3,2600.0833,317.83923
1937,124,2016,79,814849.9849726777,4,2414.2917,296.28665
1937,125,2016,79,811753.3866120218,5,2377.875,292.93073
1937,126,2016,79,808553.5683060111,6,2243.1665,277.42953
1937,127,2016,79,805456.9699453553,7,2329.4583,289.20953
1937,128,2016,79,802257.1516393446,8,2384.75,297.25507
1937,129,2016,79,799057.3333333335,9,2333.4583,292.0264
1937,130,2016,79,795960.7349726777,10,2440.5,306.6106
1937,131,2016,79,792760.916666667,11,2462.625,310.63904
1937,132,2016,79,789664.3183060111,12,2642.875,334.68335
1937,133,2017,80,786464.5,1,3142.9165,399.62598
1937,134,2017,80,783793.3191780818,2,2753.625,351.32028
1937,135,2017,80,781380.6397260271,3,2837.5417,363.14462
1937,136,2017,80,778709.4589041092,4,2608.2917,334.95056
1937,137,2017,80,776124.4452054792,5,2626.5,338.41223
1937,138,2017,80,773453.2643835614,6,2491.5,322.12677
1937,139,2017,80,770868.2506849312,7,2470.5,320.48279
1937,140,2017,80,768197.0698630135,8,2511.875,326.98315
1937,141,2017,80,765525.8890410955,9,2402.2917,313.80933
1937,142,2017,80,762940.8753424655,10,2578.75,338.00128
1937,143,2017,80,760269.6945205478,11,2563.375,337.16653
1937,144,2017,80,757684.6808219175,12,2973.3333,392.42355
1937,145,2018,81,755013.5,1,3533.2498,467.97174
1937,146,2018,81,752289.0671232876,2,2954.125,392.68481
1937,147,2018,81,749828.2890410959,3,2956.2917,394.26251
1937,148,2018,81,747103.8561643835,4,2704.875,362.04807
1937,149,2018,81,744467.3082191781,5,2639.625,354.56561
1937,150,2018,81,741742.8753424657,6,2510.625,338.47647
1937,151,2018,81,739106.3273972601,7,2601.125,351.92838
1937,152,2018,81,736381.8945205479,8,2635.875,357.94946
1937,153,2018,81,733657.4616438355,9,2569.75,350.26563
1937,154,2018,81,731020.9136986302,10,2774.0415,379.47498
1937,155,2018,81,728296.4808219178,11,2745.875,377.0271
1937,156,2018,81,725659.9328767122,12,3047.5833,419.97403
1937,157,2019,82,722935.5,1,3119.6665,431.52765
1937,158,2019,82,719180.0410958906,2,2958.125,411.31912
1937,159,2019,82,715788.0136986305,3,3252.625,454.41177
1937,160,2019,82,712032.5547945206,4,2947.0417,413.89142
1937,161,2019,82,708398.2397260275,5,2907.125,410.38004
1937,162,2019,82,704642.780821918,6,2738.4583,388.63071
1937,163,2019,82,701008.4657534249,7,2775,395.85828
1937,164,2019,82,697253.0068493155,8,2760.125,395.85703
1937,165,2019,82,693497.5479452056,9,2758.75,397.80243
1937,166,2019,82,689863.2328767125,10,2873.5417,416.5379
1937,167,2019,82,686107.773972603,11,2980.875,434.46164
1937,168,2019,82,682473.4589041099,12,3104.2917,454.85898
1937,169,2020,83,678718,1,3385.75,498.84488
1937,170,2020,83,674996.3907103823,2,3151.375,466.87286
1937,171,2020,83,671514.8852459015,3,3464.625,515.94165
1937,172,2020,83,667793.2759562838,4,4147.75,621.11285
1937,173,2020,83,664191.7185792346,5,3558.5,535.76398
1937,174,2020,83,660470.1092896173,6,3103.5415,469.89886
1937,175,2020,83,656868.551912568,7,3398.875,517.4361
1937,176,2020,83,653146.9426229508,8,3416,523.00635
1937,177,2020,83,649425.333333333,9,3243.9583,499.51212
1937,178,2020,83,645823.7759562838,10,3494.125,541.03381
1937,179,2020,83,642102.1666666665,11,3927.625,611.68225
1937,180,2020,83,638500.6092896173,12,4777.875,748.29608
1937,181,2021,84,634779,1,4946.9585,779.31982
1937,182,2021,84,630967.8260273971,2,3588.75,568.7691
1937,183,2021,84,627525.4753424656,3,3387.0417,539.74567
1937,184,2021,84,623714.3013698631,4,3189.542,511.37869
1937,185,2021,84,620026.0684931506,5,3215.125,518.54675
1937,186,2021,84,616214.8945205482,6,3059.8333,496.55295
1937,187,2021,84,612526.6616438357,7,3240.875,529.09943
1937,188,2021,84,608715.4876712328,8,3593.5,590.34149
1937,189,2021,84,604904.3136986303,9,3675.2085,607.56854
1937,190,2021,84,601216.0808219179,10,3709.625,617.02026
1937,191,2021,84,597404.9068493149,11,3637,608.7998
1937,192,2021,84,593716.6739726029,12,4015.75,676.37482
1938,1,2006,68,1101485,1,1344.0416,122.02087
1938,2,2006,68,1100329.634246575,2,1292,117.41936
1938,3,2006,68,1099286.078082192,3,1345.125,122.36351
1938,4,2006,68,1098130.712328767,4,1284.3334,116.95633
1938,5,2006,68,1097012.616438356,5,1252.75,114.1965
1938,6,2006,68,1095857.250684931,6,1169.75,106.74292
1938,7,2006,68,1094739.15479452,7,1199.9583,109.61134
1938,8,2006,68,1093583.789041096,8,1237.125,113.12576
1938,9,2006,68,1092428.423287671,9,1163.1667,106.47533
1938,10,2006,68,1091310.32739726,10,1223.4166,112.10529
1938,11,2006,68,1090154.961643836,11,1226.5,112.50694
1938,12,2006,68,1089036.865753425,12,1241,113.9539
1938,13,2007,69,1087881.5,1,1504.2916,138.27716
1938,14,2007,69,1086212.383561644,2,1381.125,127.15055
1938,15,2007,69,1084704.794520548,3,1497.4167,138.04832
1938,16,2007,69,1083035.678082192,4,1344,124.09563
1938,17,2007,69,1081420.404109589,5,1325.75,122.5934
1938,18,2007,69,1079751.287671233,6,1251.3333,115.89088
1938,19,2007,69,1078136.01369863,7,1234.2917,114.48386
1938,20,2007,69,1076466.897260274,8,1270.125,117.99016
1938,21,2007,69,1074797.780821918,9,1143.125,106.35722
1938,22,2007,69,1073182.506849315,10,1241.375,115.67231
1938,23,2007,69,1071513.390410959,11,1231.375,114.91924
1938,24,2007,69,1069898.116438356,12,1341.8333,125.41692
1938,25,2008,70,1068229,1,1561.1666,146.14531
1938,26,2008,70,1066838.997267759,2,1524.125,142.86363
1938,27,2008,70,1065538.672131147,3,1604.25,150.55765
1938,28,2008,70,1064148.669398907,4,1395.625,131.14944
1938,29,2008,70,1062803.505464481,5,1406.125,132.30339
1938,30,2008,70,1061413.50273224,6,1343.0833,126.53723
1938,31,2008,70,1060068.338797814,7,1323.6667,124.86617
1938,32,2008,70,1058678.336065574,8,1343.5,126.90351
1938,33,2008,70,1057288.333333333,9,1284.0417,121.44669
1938,34,2008,70,1055943.169398907,10,1369.2083,129.66685
1938,35,2008,70,1054553.166666667,11,1424.625,135.09276
1938,36,2008,70,1053208.00273224,12,1524.3334,144.73242
1938,37,2009,71,1051818,1,1697.5416,161.39119
1938,38,2009,71,1050421.895890411,2,1523.75,145.06076
1938,39,2009,71,1049160.898630137,3,1583.2083,150.90233
1938,40,2009,71,1047764.794520548,4,1517.5417,144.83611
1938,41,2009,71,1046413.726027397,5,1460.25,139.54805
1938,42,2009,71,1045017.621917808,6,1434.6666,137.28636
1938,43,2009,71,1043666.553424657,7,1403.0416,134.4339
1938,44,2009,71,1042270.449315068,8,1387,133.07486
1938,45,2009,71,1040874.345205479,9,1344.7084,129.19028
1938,46,2009,71,1039523.276712329,10,1499.4167,144.2408
1938,47,2009,71,1038127.17260274,11,1394,134.28027
1938,48,2009,71,1036776.104109589,12,1534.2084,147.97876
1938,49,2010,72,1035380,1,1763.0416,170.27966
1938,50,2010,72,1033836.539726028,2,1588.875,153.68726
1938,51,2010,72,1032442.446575343,3,1684.7917,163.18506
1938,52,2010,72,1030898.98630137,4,1573.4167,152.6257
1938,53,2010,72,1029405.315068493,5,1591.125,154.5674
1938,54,2010,72,1027861.854794521,6,1502.5833,146.18533
1938,55,2010,72,1026368.183561644,7,1540.8333,150.1248
1938,56,2010,72,1024824.723287671,8,1456.25,142.09747
1938,57,2010,72,1023281.263013699,9,1463.625,143.03252
1938,58,2010,72,1021787.591780822,10,1543.75,151.08327
1938,59,2010,72,1020244.131506849,11,1569.375,153.82347
1938,60,2010,72,1018750.460273973,12,1697.5416,166.62978
1938,61,2011,73,1017207,1,1906.625,187.43727
1938,62,2011,73,1015164.269863014,2,1747.5,172.13963
1938,63,2011,73,1013319.223287671,3,1817,179.31171
1938,64,2011,73,1011276.493150685,4,1688.5417,166.97133
1938,65,2011,73,1009299.657534247,5,1659.75,164.44571
1938,66,2011,73,1007256.92739726,6,1590.875,157.94133
1938,67,2011,73,1005280.091780822,7,1623.7916,161.52629
1938,68,2011,73,1003237.361643836,8,1625.125,161.98808
1938,69,2011,73,1001194.631506849,9,1553.5833,155.17294
1938,70,2011,73,999217.7958904111,10,1603.3333,160.45883
1938,71,2011,73,997175.0657534248,11,1557.125,156.15363
1938,72,2011,73,995198.2301369864,12,1736.4584,174.48367
1938,73,2012,74,993155.5,1,1986.7083,200.03999
1938,74,2012,74,990293.7595628416,2,1751.125,176.82884
1938,75,2012,74,987616.6475409837,3,1903.25,192.71141
1938,76,2012,74,984754.9071038251,4,1765.3335,179.26628
1938,77,2012,74,981985.480874317,5,1781.875,181.45634
1938,78,2012,74,979123.7404371586,6,1718.5833,175.52258
1938,79,2012,74,976354.3142076503,7,1682.5,172.32474
1938,80,2012,74,973492.5737704919,8,1668.5,171.39319
1938,81,2012,74,970630.8333333335,9,1659.0416,170.92406
1938,82,2012,74,967861.4071038251,10,1745.25,180.32024
1938,83,2012,74,964999.6666666667,11,1682.5,174.35239
1938,84,2012,74,962230.2404371586,12,1921.9584,199.73997
1938,85,2013,75,959368.5,1,2333.1665,243.19815
1938,86,2013,75,957434.2273972603,2,2008.375,209.76637
1938,87,2013,75,955687.1424657532,3,2061.5,215.70866
1938,88,2013,75,953752.8698630135,4,1938,203.1973
1938,89,2013,75,951880.9931506847,5,1902.5,199.86742
1938,90,2013,75,949946.720547945,6,1770.875,186.41835
1938,91,2013,75,948074.8438356163,7,1825.0833,192.50414
1938,92,2013,75,946140.5712328765,8,1818.875,192.24152
1938,93,2013,75,944206.298630137,9,1764.5,186.87653
1938,94,2013,75,942334.421917808,10,1864.2916,197.83759
1938,95,2013,75,940400.1493150685,11,1805.375,191.97945
1938,96,2013,75,938528.2726027395,12,2021.0834,215.34602
1938,97,2014,76,936594,1,2285.2915,244.00023
1938,98,2014,76,934560.5698630139,2,2063.125,220.75883
1938,99,2014,76,932723.9232876715,3,2233.2917,239.43759
1938,100,2014,76,930690.4931506852,4,2019.5417,216.99391
1938,101,2014,76,928722.6575342468,5,2044.625,220.15453
1938,102,2014,76,926689.2273972607,6,1954.0833,210.86716
1938,103,2014,76,924721.3917808223,7,1937.2083,209.49101
1938,104,2014,76,922687.961643836,8,1937.125,209.94368
1938,105,2014,76,920654.5315068497,9,1861.9166,202.23836
1938,106,2014,76,918686.6958904113,10,2033.9167,221.39395
1938,107,2014,76,916653.265753425,11,2033.25,221.81233
1938,108,2014,76,914685.4301369865,12,2177.5833,238.06909
1938,109,2015,77,912652,1,2734.5,299.62134
1938,110,2015,77,910163.3794520546,2,2329.5,255.94305
1938,111,2015,77,907915.5931506848,3,2512.3335,276.71445
1938,112,2015,77,905426.9726027395,4,2246.5417,248.1196
1938,113,2015,77,903018.6301369863,5,2203.875,244.05643
1938,114,2015,77,900530.0095890409,6,2085.125,231.5442
1938,115,2015,77,898121.6671232875,7,2108.625,234.78166
1938,116,2015,77,895633.0465753423,8,2047.625,228.62321
1938,117,2015,77,893144.4260273972,9,1961.8333,219.65465
1938,118,2015,77,890736.0835616437,10,2117,237.66861
1938,119,2015,77,888247.4630136986,11,2115.75,238.19376
1938,120,2015,77,885839.1205479451,12,2292.7085,258.81772
1938,121,2016,78,883350.5,1,2580,292.06979
1938,122,2016,78,880122.180327869,2,2413.5,274.2233
1938,123,2016,78,877102.1393442624,3,2538.2917,289.39523
1938,124,2016,78,873873.8196721314,4,2374.9585,271.77362
1938,125,2016,78,870749.6393442624,5,2270.75,260.78104
1938,126,2016,78,867521.3196721314,6,2179.8333,251.27144
1938,127,2016,78,864397.1393442624,7,2262.5835,261.75278
1938,128,2016,78,861168.8196721314,8,2248.75,261.12766
1938,129,2016,78,857940.5,9,2198.2915,256.22891
1938,130,2016,78,854816.3196721314,10,2310.875,270.33585
1938,131,2016,78,851588,11,2326,273.13678
1938,132,2016,78,848463.8196721314,12,2547.9585,300.30255
1938,133,2017,79,845235.5,1,2885.0415,341.3299
1938,134,2017,79,841885.2068493152,2,2539.25,301.61475
1938,135,2017,79,838859.1356164385,3,2771.4583,330.38422
1938,136,2017,79,835508.8424657537,4,2500.0835,299.22885
1938,137,2017,79,832266.6232876712,5,2521.75,302.99786
1938,138,2017,79,828916.3301369864,6,2404.625,290.09262
1938,139,2017,79,825674.110958904,7,2400.875,290.77756
1938,140,2017,79,822323.8178082192,8,2390.625,290.71576
1938,141,2017,79,818973.5246575344,9,2295.2083,280.25427
1938,142,2017,79,815731.305479452,10,2482.6667,304.3486
1938,143,2017,79,812381.0123287672,11,2437.75,300.07471
1938,144,2017,79,809138.7931506848,12,2789.9167,344.80075
1938,145,2018,80,805788.5,1,3328.4165,413.06329
1938,146,2018,80,803147.215068493,2,2763.875,344.13055
1938,147,2018,80,800761.5383561642,3,2843.7915,355.13586
1938,148,2018,80,798120.2534246575,4,2634.2085,330.05157
1938,149,2018,80,795564.1712328766,5,2568.375,322.83694
1938,150,2018,80,792922.8863013699,6,2411.7915,304.1647
1938,151,2018,80,790366.804109589,7,2493.5415,315.49167
1938,152,2018,80,787725.5191780822,8,2543.75,322.9234
1938,153,2018,80,785084.2342465753,9,2446.4167,311.612
1938,154,2018,80,782528.1520547944,10,2620.4167,334.86548
1938,155,2018,80,779886.8671232876,11,2625.125,336.6033
1938,156,2018,80,777330.7849315067,12,2717.1667,349.5509
1938,157,2019,81,774689.5,1,3197.2083,412.70834
1938,158,2019,81,771589.2876712326,2,2812.5,364.50739
1938,159,2019,81,768789.0958904107,3,3117.25,405.47531
1938,160,2019,81,765688.8835616438,4,2842.7085,371.26157
1938,161,2019,81,762688.6780821919,5,2781.125,364.64746
1938,162,2019,81,759588.4657534244,6,2593.7915,341.47327
1938,163,2019,81,756588.2602739725,7,2671.9165,353.15332
1938,164,2019,81,753488.0479452056,8,2654.875,352.34467
1938,165,2019,81,750387.8356164382,9,2623.0417,349.55814
1938,166,2019,81,747387.6301369863,10,2768.7085,370.45148
1938,167,2019,81,744287.4178082193,11,2749.25,369.38016
1938,168,2019,81,741287.2123287669,12,3029.875,408.7316
1938,169,2020,82,738187,1,3350.5833,453.89355
1938,170,2020,82,734578.506830601,2,3116,424.18884
1938,171,2020,82,731202.819672131,3,3396.2915,464.4801
1938,172,2020,82,727594.3265027325,4,4004.7085,550.40405
1938,173,2020,82,724102.236338798,5,3469.625,479.16232
1938,174,2020,82,720493.743169399,6,2941.875,408.31375
1938,175,2020,82,717001.6530054645,7,3327.0417,464.02148
1938,176,2020,82,713393.1598360655,8,3401,476.73572
1938,177,2020,82,709784.6666666665,9,3131.7915,441.2312
1938,178,2020,82,706292.5765027325,10,3256.1667,461.02237
1938,179,2020,82,702684.0833333335,11,3701.375,526.74811
1938,180,2020,82,699191.993169399,12,4499.2915,643.49872
1938,181,2021,83,695583.5,1,4871.583,700.35919
1938,182,2021,83,691865.4958904111,2,3596.375,519.80841
1938,183,2021,83,688507.298630137,3,3408.0835,494.99597
1938,184,2021,83,684789.2945205481,4,3149.75,459.95901
1938,185,2021,83,681191.2260273974,5,3162.75,464.29694
1938,186,2021,83,677473.2219178081,6,3009.5833,444.23648
1938,187,2021,83,673875.1534246574,7,3133.2915,464.96619
1938,188,2021,83,670157.1493150685,8,3481.25,519.46771
1938,189,2021,83,666439.1452054796,9,3581.5415,537.41461
1938,190,2021,83,662841.0767123289,10,3531.125,532.72571
1938,191,2021,83,659123.0726027396,11,3635.5,551.56616
1938,192,2021,83,655525.0041095889,12,3851.9165,587.60785
1939,1,2006,67,1141906.5,1,1341.6666,117.49356
1939,2,2006,67,1141006.14109589,2,1213.5,106.3535
1939,3,2006,67,1140192.91369863,3,1293.75,113.46764
1939,4,2006,67,1139292.554794521,4,1188.1667,104.28987
1939,5,2006,67,1138421.239726027,5,1182.125,103.83898
1939,6,2006,67,1137520.880821918,6,1109.875,97.569641
1939,7,2006,67,1136649.565753425,7,1130.5,99.458977
1939,8,2006,67,1135749.206849315,8,1125.375,99.086578
1939,9,2006,67,1134848.847945205,9,1142.9584,100.71459
1939,10,2006,67,1133977.532876712,10,1161,102.38298
1939,11,2006,67,1133077.173972603,11,1137.875,100.42343
1939,12,2006,67,1132205.85890411,12,1214.875,107.3016
1939,13,2007,68,1131305.5,1,1438.375,127.14294
1939,14,2007,68,1130146.057534246,2,1283.375,113.55833
1939,15,2007,68,1129098.819178082,3,1432.0416,126.8305
1939,16,2007,68,1127939.376712329,4,1263.25,111.99627
1939,17,2007,68,1126817.335616438,5,1239.25,109.9779
1939,18,2007,68,1125657.893150685,6,1193.7917,106.0528
1939,19,2007,68,1124535.852054794,7,1189.9583,105.81773
1939,20,2007,68,1123376.409589041,8,1180,105.04048
1939,21,2007,68,1122216.967123288,9,1092.9584,97.392784
1939,22,2007,68,1121094.926027397,10,1210.375,107.96365
1939,23,2007,68,1119935.483561644,11,1249.875,111.60241
1939,24,2007,68,1118813.442465753,12,1348.4584,120.52576
1939,25,2008,69,1117654,1,1558.5,139.44388
1939,26,2008,69,1115914.612021858,2,1489.375,133.46675
1939,27,2008,69,1114287.442622951,3,1503.375,134.91806
1939,28,2008,69,1112548.054644809,4,1341.5417,120.58282
1939,29,2008,69,1110864.775956284,5,1324.125,119.19768
1939,30,2008,69,1109125.387978142,6,1291.25,116.42056
1939,31,2008,69,1107442.109289617,7,1286.625,116.17989
1939,32,2008,69,1105702.721311475,8,1291.375,116.79224
1939,33,2008,69,1103963.333333333,9,1219.9167,110.50337
1939,34,2008,69,1102280.054644809,10,1299.6666,117.90712
1939,35,2008,69,1100540.666666667,11,1318.75,119.82747
1939,36,2008,69,1098857.387978142,12,1344.75,122.37712
1939,37,2009,70,1097118,1,1544.7499,140.8007
1939,38,2009,70,1095567.830136986,2,1464.75,133.6978
1939,39,2009,70,1094167.676712329,3,1506.625,137.69598
1939,40,2009,70,1092617.506849315,4,1445.9583,132.33893
1939,41,2009,70,1091117.342465753,5,1396.75,128.01099
1939,42,2009,70,1089567.17260274,6,1386.125,127.21795
1939,43,2009,70,1088067.008219178,7,1332.5417,122.46872
1939,44,2009,70,1086516.838356164,8,1312.25,120.77586
1939,45,2009,70,1084966.668493151,9,1287.1667,118.63653
1939,46,2009,70,1083466.504109589,10,1394,128.6611
1939,47,2009,70,1081916.334246575,11,1374.25,127.01999
1939,48,2009,70,1080416.169863014,12,1505.0416,139.30203
1939,49,2010,71,1078866,1,1667.7499,154.5836
1939,50,2010,71,1077227.671232877,2,1477.375,137.14603
1939,51,2010,71,1075747.890410959,3,1614.9167,150.12038
1939,52,2010,71,1074109.561643836,4,1520.3751,141.54749
1939,53,2010,71,1072524.082191781,5,1467.5,136.82677
1939,54,2010,71,1070885.753424658,6,1430.5416,133.5849
1939,55,2010,71,1069300.273972603,7,1468.9583,137.37566
1939,56,2010,71,1067661.945205479,8,1429.5,133.8907
1939,57,2010,71,1066023.616438356,9,1438.5834,134.94855
1939,58,2010,71,1064438.136986302,10,1458,136.97368
1939,59,2010,71,1062799.808219178,11,1504,141.51302
1939,60,2010,71,1061214.328767123,12,1574.2084,148.34029
1939,61,2011,72,1059576,1,1821.25,171.8848
1939,62,2011,72,1058214.335616438,2,1668.625,157.68309
1939,63,2011,72,1056984.445205479,3,1808.2916,171.08025
1939,64,2011,72,1055622.780821918,4,1583,149.95888
1939,65,2011,72,1054305.04109589,5,1605,152.23299
1939,66,2011,72,1052943.376712329,6,1493.6666,141.85631
1939,67,2011,72,1051625.636986301,7,1574.4583,149.71661
1939,68,2011,72,1050263.97260274,8,1560.25,148.55789
1939,69,2011,72,1048902.308219178,9,1451.0833,138.34303
1939,70,2011,72,1047584.568493151,10,1505.3334,143.69565
1939,71,2011,72,1046222.904109589,11,1516.875,144.98584
1939,72,2011,72,1044905.164383562,12,1639.9166,156.94406
1939,73,2012,73,1043543.5,1,1837.0834,176.04282
1939,74,2012,73,1041263.983606558,2,1707.5,163.9834
1939,75,2012,73,1039131.532786886,3,1782.5834,171.5455
1939,76,2012,73,1036852.016393443,4,1687.8334,162.78441
1939,77,2012,73,1034646.032786886,5,1667.875,161.20247
1939,78,2012,73,1032366.516393443,6,1592.3333,154.24107
1939,79,2012,73,1030160.532786886,7,1591.5,154.49048
1939,80,2012,73,1027881.016393443,8,1582.25,153.93318
1939,81,2012,73,1025601.5,9,1607.125,156.70073
1939,82,2012,73,1023395.516393443,10,1653.5416,161.57405
1939,83,2012,73,1021116,11,1669.25,163.4731
1939,84,2012,73,1018910.016393443,12,1849.0416,181.47252
1939,85,2013,74,1016630.5,1,2260.1667,222.3194
1939,86,2013,74,1013494.78630137,2,1824.5,180.02066
1939,87,2013,74,1010662.528767124,3,2058.3335,203.6618
1939,88,2013,74,1007526.815068493,4,1848.7084,183.48975
1939,89,2013,74,1004492.253424658,5,1770,176.20842
1939,90,2013,74,1001356.539726028,6,1676.875,167.46033
1939,91,2013,74,998321.9780821921,7,1780.7084,178.37015
1939,92,2013,74,995186.2643835619,8,1744.625,175.30638
1939,93,2013,74,992050.5506849317,9,1648.4584,166.16678
1939,94,2013,74,989015.9890410961,10,1809.0416,182.91328
1939,95,2013,74,985880.2753424661,11,1675.5,169.94965
1939,96,2013,74,982845.7136986305,12,1941.4584,197.53439
1939,97,2014,75,979710,1,2305.1248,235.28644
1939,98,2014,75,977740.9904109589,2,1882,192.48451
1939,99,2014,75,975962.5301369864,3,2101.7917,215.35579
1939,100,2014,75,973993.5205479453,4,1948.75,200.07834
1939,101,2014,75,972088.0273972603,5,1955.375,201.15205
1939,102,2014,75,970119.0178082192,6,1812.1666,186.79839
1939,103,2014,75,968213.5246575342,7,1840.875,190.1311
1939,104,2014,75,966244.5150684933,8,1856.625,192.14857
1939,105,2014,75,964275.5054794522,9,1831.7083,189.95694
1939,106,2014,75,962370.0123287672,10,1866.875,193.98724
1939,107,2014,75,960401.0027397261,11,1871.75,194.89255
1939,108,2014,75,958495.5095890411,12,2156.4583,224.98366
1939,109,2015,76,956526.5,1,2464.0415,257.60306
1939,110,2015,76,954612.9506849314,2,2240,234.65007
1939,111,2015,76,952884.5835616437,3,2351.2085,246.74641
1939,112,2015,76,950971.0342465753,4,2140.2085,225.05507
1939,113,2015,76,949119.2123287669,5,2137.5,225.2088
1939,114,2015,76,947205.6630136985,6,1977.125,208.73239
1939,115,2015,76,945353.8410958904,7,2019.8333,213.65897
1939,116,2015,76,943440.2917808217,8,2005.75,212.59956
1939,117,2015,76,941526.7424657533,9,1964.125,208.61064
1939,118,2015,76,939674.9205479452,10,2094.125,222.85632
1939,119,2015,76,937761.3712328766,11,1989.375,212.14085
1939,120,2015,76,935909.5493150684,12,2211.125,236.25414
1939,121,2016,77,933996,1,2437.875,261.01556
1939,122,2016,77,931426.3879781419,2,2322.625,249.36217
1939,123,2016,77,929022.557377049,3,2460.625,264.86169
1939,124,2016,77,926452.9453551911,4,2282.5417,246.37428
1939,125,2016,77,923966.2240437155,5,2130.125,230.54144
1939,126,2016,77,921396.6120218576,6,2082.8333,226.05176
1939,127,2016,77,918909.8907103823,7,2132.9165,232.11378
1939,128,2016,77,916340.2786885244,8,2113.5,230.64577
1939,129,2016,77,913770.6666666665,9,2079.5833,227.58263
1939,130,2016,77,911283.9453551911,10,2155.75,236.56183
1939,131,2016,77,908714.333333333,11,2125.625,233.91565
1939,132,2016,77,906227.6120218576,12,2353.2915,259.67996
1939,133,2017,78,903658,1,2806.9583,310.62173
1939,134,2017,78,900260.3150684936,2,2455.5,272.75446
1939,135,2017,78,897191.4383561644,3,2713.8335,302.48099
1939,136,2017,78,893793.753424658,4,2416.0417,270.31311
1939,137,2017,78,890505.6712328768,5,2409,270.52045
1939,138,2017,78,887107.98630137,6,2266.7915,255.526
1939,139,2017,78,883819.9041095893,7,2246.2085,254.14777
1939,140,2017,78,880422.2191780824,8,2248.5,255.38882
1939,141,2017,78,877024.5342465756,9,2214.5,252.5015
1939,142,2017,78,873736.4520547949,10,2358.875,269.97559
1939,143,2017,78,870338.767123288,11,2367,271.96307
1939,144,2017,78,867050.6849315069,12,2596.0833,299.41541
1939,145,2018,79,863653,1,3235.3333,374.61032
1939,146,2018,79,860210.4712328766,2,2770.125,322.02875
1939,147,2018,79,857101.090410959,3,2663.6667,310.77628
1939,148,2018,79,853658.5616438356,4,2506.1667,293.57953
1939,149,2018,79,850327.0821917807,5,2524.5,296.88577
1939,150,2018,79,846884.5534246573,6,2292.5833,270.70789
1939,151,2018,79,843553.0739726028,7,2364.8335,280.34198
1939,152,2018,79,840110.5452054795,8,2447.75,291.36047
1939,153,2018,79,836668.0164383561,9,2260.5,270.17883
1939,154,2018,79,833336.5369863012,10,2556,306.71881
1939,155,2018,79,829894.0082191778,11,2523.25,304.04486
1939,156,2018,79,826562.5287671234,12,2657,321.45178
1939,157,2019,80,823120,1,3035.7915,368.81519
1939,158,2019,80,820238.1465753426,2,2699.25,329.08127
1939,159,2019,80,817635.182191781,3,2985.3333,365.11801
1939,160,2019,80,814753.3287671234,4,2766.0835,339.49951
1939,161,2019,80,811964.4383561646,5,2708.75,333.60452
1939,162,2019,80,809082.584931507,6,2503.125,309.37817
1939,163,2019,80,806293.6945205482,7,2549.5835,316.21027
1939,164,2019,80,803411.8410958906,8,2533.5,315.34262
1939,165,2019,80,800529.987671233,9,2459.4583,307.22876
1939,166,2019,80,797741.0972602742,10,2723.0417,341.34406
1939,167,2019,80,794859.2438356166,11,2648,333.14075
1939,168,2019,80,792070.3534246578,12,2927.3333,369.57996
1939,169,2020,81,789188.5,1,3198.7498,405.32138
1939,170,2020,81,785743.3920765026,2,2977.25,378.90869
1939,171,2020,81,782520.5491803279,3,3244.5,414.6217
1939,172,2020,81,779075.4412568305,4,3856.9585,495.06866
1939,173,2020,81,775741.4658469944,5,3250.25,418.98624
1939,174,2020,81,772296.357923497,6,2830.125,366.45584
1939,175,2020,81,768962.3825136609,7,3235,420.69678
1939,176,2020,81,765517.274590164,8,3324.375,434.2652
1939,177,2020,81,762072.1666666665,9,3008.875,394.82809
1939,178,2020,81,758738.1912568305,10,3209.6665,423.02689
1939,179,2020,81,755293.083333333,11,3601.375,476.81821
1939,180,2020,81,751959.107923497,12,4315.4585,573.89539
1939,181,2021,82,748514,1,4737.0415,632.85944
1939,182,2021,82,744955.9643835616,2,3403.375,456.85587
1939,183,2021,82,741742.2547945203,3,3423.2085,461.50916
1939,184,2021,82,738184.219178082,4,3077.3335,416.87878
1939,185,2021,82,734740.9589041094,5,3052.625,415.46954
1939,186,2021,82,731182.9232876711,6,2959.7915,404.79495
1939,187,2021,82,727739.6630136985,7,3022.375,415.30991
1939,188,2021,82,724181.6273972602,8,3432.125,473.93152
1939,189,2021,82,720623.5917808218,9,3476.7085,482.45831
1939,190,2021,82,717180.3315068493,10,3475.0835,484.54807
1939,191,2021,82,713622.2958904109,11,3399.5,476.37244
1939,192,2021,82,710179.0356164384,12,3822.9585,538.30914
1940,1,2006,66,1189951.5,1,1259.25,105.82364
1940,2,2006,66,1189038.571232877,2,1102.125,92.69043
1940,3,2006,66,1188213.990410959,3,1237.5,104.1479
1940,4,2006,66,1187301.061643836,4,1115.3334,93.938545
1940,5,2006,66,1186417.582191781,5,1124.625,94.791664
1940,6,2006,66,1185504.653424657,6,1055.4583,89.030289
1940,7,2006,66,1184621.173972603,7,1117.7917,94.358582
1940,8,2006,66,1183708.245205479,8,1114.25,94.132149
1940,9,2006,66,1182795.316438356,9,1092.6667,92.380035
1940,10,2006,66,1181911.836986301,10,1128.5834,95.487946
1940,11,2006,66,1180998.908219178,11,1131.375,95.798141
1940,12,2006,66,1180115.428767123,12,1159.375,98.242508
1940,13,2007,67,1179202.5,1,1353.4166,114.7739
1940,14,2007,67,1178305.156164384,2,1177.25,99.910454
1940,15,2007,67,1177494.652054794,3,1299.0834,110.32605
1940,16,2007,67,1176597.308219178,4,1205,102.41397
1940,17,2007,67,1175728.910958904,5,1187.25,100.97991
1940,18,2007,67,1174831.567123288,6,1133,96.439354
1940,19,2007,67,1173963.169863014,7,1140.5,97.149559
1940,20,2007,67,1173065.826027397,8,1145,97.607483
1940,21,2007,67,1172168.482191781,9,1102.0834,94.020905
1940,22,2007,67,1171300.084931507,10,1168.7916,99.785843
1940,23,2007,67,1170402.74109589,11,1173.625,100.27531
1940,24,2007,67,1169534.343835616,12,1275.2084,109.03557
1940,25,2008,68,1168637,1,1407.0416,120.40023
1940,26,2008,68,1167463.107923497,2,1372.875,117.59472
1940,27,2008,68,1166364.950819672,3,1434.0417,122.94966
1940,28,2008,68,1165191.058743169,4,1229.2917,105.5013
1940,29,2008,68,1164055.034153005,5,1277.5,109.74567
1940,30,2008,68,1162881.142076503,6,1228.0833,105.60695
1940,31,2008,68,1161745.117486339,7,1239.625,106.7037
1940,32,2008,68,1160571.225409836,8,1234.625,106.38081
1940,33,2008,68,1159397.333333333,9,1280.9166,110.48125
1940,34,2008,68,1158261.308743169,10,1241.2917,107.16854
1940,35,2008,68,1157087.416666667,11,1277.875,110.43893
1940,36,2008,68,1155951.392076503,12,1391.625,120.38785
1940,37,2009,69,1154777.5,1,1446.8749,125.29469
1940,38,2009,69,1153022.305479452,2,1347,116.82341
1940,39,2009,69,1151436.968493151,3,1365.5417,118.59457
1940,40,2009,69,1149681.773972603,4,1331.3334,115.80016
1940,41,2009,69,1147983.198630137,5,1338.375,116.58489
1940,42,2009,69,1146228.004109589,6,1283.5416,111.97961
1940,43,2009,69,1144529.428767123,7,1306.4583,114.14807
1940,44,2009,69,1142774.234246575,8,1257.125,110.00642
1940,45,2009,69,1141019.039726027,9,1232.3334,108.00288
1940,46,2009,69,1139320.464383562,10,1355.5417,118.97809
1940,47,2009,69,1137565.269863014,11,1354.75,119.09206
1940,48,2009,69,1135866.694520548,12,1417.75,124.81658
1940,49,2010,70,1134111.5,1,1564.4166,137.94205
1940,50,2010,70,1132495.253424658,2,1426.625,125.97183
1940,51,2010,70,1131035.417808219,3,1562.75,138.16986
1940,52,2010,70,1129419.171232877,4,1384.2084,122.55931
1940,53,2010,70,1127855.061643836,5,1448.75,128.45178
1940,54,2010,70,1126238.815068493,6,1349.0833,119.78661
1940,55,2010,70,1124674.705479452,7,1404.9167,124.91761
1940,56,2010,70,1123058.458904109,8,1387.125,123.51316
1940,57,2010,70,1121442.212328767,9,1340.9583,119.57444
1940,58,2010,70,1119878.102739726,10,1446.1667,129.13609
1940,59,2010,70,1118261.856164383,11,1445.25,129.24075
1940,60,2010,70,1116697.746575342,12,1525.875,136.64172
1940,61,2011,71,1115081.5,1,1641.9166,147.24634
1940,62,2011,71,1113489.798630137,2,1489.75,133.79108
1940,63,2011,71,1112052.132876712,3,1680.0834,151.07954
1940,64,2011,71,1110460.431506849,4,1544.2084,139.0602
1940,65,2011,71,1108920.075342466,5,1583.75,142.81912
1940,66,2011,71,1107328.373972603,6,1442.3333,130.25343
1940,67,2011,71,1105788.017808219,7,1479.0834,133.75832
1940,68,2011,71,1104196.316438356,8,1469,133.03793
1940,69,2011,71,1102604.615068493,9,1437.5,130.37312
1940,70,2011,71,1101064.25890411,10,1528.1666,138.78996
1940,71,2011,71,1099472.557534247,11,1525.375,138.73698
1940,72,2011,71,1097932.201369863,12,1663.7917,151.53867
1940,73,2012,72,1096340.5,1,1723.5833,157.2124
1940,74,2012,72,1095070.092896175,2,1592.5,145.42448
1940,75,2012,72,1093881.647540984,3,1664.7084,152.18359
1940,76,2012,72,1092611.240437159,4,1628.25,149.02373
1940,77,2012,72,1091381.81420765,5,1639.5,150.2224
1940,78,2012,72,1090111.407103825,6,1547.9583,142
1940,79,2012,72,1088881.980874317,7,1539.7916,141.41034
1940,80,2012,72,1087611.573770492,8,1543.25,141.89349
1940,81,2012,72,1086341.166666667,9,1556.375,143.26761
1940,82,2012,72,1085111.740437159,10,1635.7917,150.74869
1940,83,2012,72,1083841.333333333,11,1727,159.34067
1940,84,2012,72,1082611.907103825,12,1833.5417,169.36279
1940,85,2013,73,1081341.5,1,2077.9583,192.16484
1940,86,2013,73,1078883.539726027,2,1739,161.18515
1940,87,2013,73,1076663.446575342,3,1908.2083,177.23349
1940,88,2013,73,1074205.486301369,4,1751.7917,163.0779
1940,89,2013,73,1071826.815068493,5,1682.625,156.98665
1940,90,2013,73,1069368.85479452,6,1626.5833,152.10684
1940,91,2013,73,1066990.183561644,7,1686.25,158.03801
1940,92,2013,73,1064532.223287671,8,1706.125,160.26993
1940,93,2013,73,1062074.263013698,9,1671.5833,157.38855
1940,94,2013,73,1059695.591780822,10,1738.0834,164.01723
1940,95,2013,73,1057237.631506849,11,1695,160.32347
1940,96,2013,73,1054858.960273972,12,1845.0416,174.90884
1940,97,2014,74,1052401,1,2075,197.16818
1940,98,2014,74,1048797.823287671,2,1820.25,173.55585
1940,99,2014,74,1045543.34109589,3,1943.9584,185.92805
1940,100,2014,74,1041940.164383561,4,1848.75,177.43341
1940,101,2014,74,1038453.219178082,5,1865.875,179.67828
1940,102,2014,74,1034850.042465753,6,1735.4166,167.6974
1940,103,2014,74,1031363.097260274,7,1803.5417,174.86972
1940,104,2014,74,1027759.920547945,8,1783.625,173.54491
1940,105,2014,74,1024156.743835616,9,1757.625,171.61679
1940,106,2014,74,1020669.798630137,10,1860.625,182.29451
1940,107,2014,74,1017066.621917808,11,1858.875,182.76826
1940,108,2014,74,1013579.676712329,12,2007.4584,198.05629
1940,109,2015,75,1009976.5,1,2323.0833,230.0136
1940,110,2015,75,1008112.678082192,2,2030.125,201.37878
1940,111,2015,75,1006429.226027397,3,2134.4167,212.07817
1940,112,2015,75,1004565.404109589,4,2062.875,205.34999
1940,113,2015,75,1002761.705479452,5,2059.125,205.3454
1940,114,2015,75,1000897.883561644,6,1888.0416,188.6348
1940,115,2015,75,999094.1849315069,7,1960.5834,196.23608
1940,116,2015,75,997230.3630136985,8,1933.375,193.87447
1940,117,2015,75,995366.5410958903,9,1898.9584,190.7798
1940,118,2015,75,993562.8424657534,10,2015.25,202.83066
1940,119,2015,75,991699.0205479451,11,1913.5,192.95169
1940,120,2015,75,989895.3219178081,12,2081.5,210.27477
1940,121,2016,76,988031.5,1,2339.9167,236.82613
1940,122,2016,76,986115.6407103825,2,2239.75,227.12854
1940,123,2016,76,984323.3852459015,3,2328.5833,236.56689
1940,124,2016,76,982407.525956284,4,2178.5417,221.7554
1940,125,2016,76,980553.468579235,5,2091.625,213.31065
1940,126,2016,76,978637.6092896175,6,2019.9583,206.40514
1940,127,2016,76,976783.5519125683,7,2094.5417,214.43254
1940,128,2016,76,974867.6926229508,8,2020.125,207.22043
1940,129,2016,76,972951.8333333333,9,2006.375,206.21524
1940,130,2016,76,971097.775956284,10,2140.2083,220.39061
1940,131,2016,76,969181.9166666665,11,2119.25,218.6638
1940,132,2016,76,967327.8592896175,12,2352.6667,243.21297
1940,133,2017,77,965412,1,2578.1665,267.0535
1940,134,2017,77,962736.2753424658,2,2293.375,238.21425
1940,135,2017,77,960319.4917808219,3,2525.375,262.97238
1940,136,2017,77,957643.7671232878,4,2347.75,245.15901
1940,137,2017,77,955054.3561643837,5,2338.125,244.8159
1940,138,2017,77,952378.6315068493,6,2162.25,227.0368
1940,139,2017,77,949789.2205479452,7,2151.5415,226.52832
1940,140,2017,77,947113.4958904111,8,2213.875,233.74971
1940,141,2017,77,944437.7712328767,9,2137.5,226.32513
1940,142,2017,77,941848.3602739726,10,2260.75,240.03333
1940,143,2017,77,939172.6356164385,11,2228.625,237.29663
1940,144,2017,77,936583.2246575344,12,2551.5835,272.43533
1940,145,2018,78,933907.5,1,2985.4165,319.6694
1940,146,2018,78,930348.3178082192,2,2548.25,273.9028
1940,147,2018,78,927133.57260274,3,2598.4585,280.26797
1940,148,2018,78,923574.3904109588,4,2412.3335,261.19537
1940,149,2018,78,920130.0205479451,5,2448.25,266.07654
1940,150,2018,78,916570.8383561643,6,2253.625,245.8757
1940,151,2018,78,913126.4684931505,7,2321.875,254.27748
1940,152,2018,78,909567.2863013698,8,2312.125,254.20055
1940,153,2018,78,906008.104109589,9,2248.4585,248.17201
1940,154,2018,78,902563.7342465753,10,2501.9167,277.20111
1940,155,2018,78,899004.5520547945,11,2508.375,279.01694
1940,156,2018,78,895560.1821917808,12,2608.0415,291.21902
1940,157,2019,79,892001,1,2909.9583,326.22815
1940,158,2019,79,888670.9630136988,2,2565.875,288.73172
1940,159,2019,79,885663.187671233,3,2794.5,315.52628
1940,160,2019,79,882333.1506849318,4,2601.7085,294.86691
1940,161,2019,79,879110.5342465756,5,2582.625,293.77704
1940,162,2019,79,875780.4972602744,6,2436.9583,278.26129
1940,163,2019,79,872557.8808219181,7,2491.4165,285.53024
1940,164,2019,79,869227.8438356165,8,2460.375,283.05295
1940,165,2019,79,865897.8068493153,9,2400.4167,277.2171
1940,166,2019,79,862675.1904109591,10,2596.6665,301.00165
1940,167,2019,79,859345.1534246579,11,2596,302.09048
1940,168,2019,79,856122.5369863017,12,2761.0417,322.50543
1940,169,2020,80,852792.5,1,3095.8333,363.02304
1940,170,2020,80,849463.3879781421,2,2835.75,333.8284
1940,171,2020,80,846349.0573770492,3,3126.4585,369.40533
1940,172,2020,80,843019.9453551914,4,3609.5835,428.17297
1940,173,2020,80,839798.2240437157,5,3143,374.25656
1940,174,2020,80,836469.1120218579,6,2764.375,330.48141
1940,175,2020,80,833247.3907103827,7,3102.5415,372.34338
1940,176,2020,80,829918.2786885248,8,3191.125,384.51074
1940,177,2020,80,826589.1666666665,9,2891.4585,349.806
1940,178,2020,80,823367.4453551914,10,3140.1667,381.38098
1940,179,2020,80,820038.3333333335,11,3468.625,422.98328
1940,180,2020,80,816816.6120218579,12,4316.625,528.4693
1940,181,2021,81,813487.5,1,4506.2915,553.9472
1940,182,2021,81,810039.5780821918,2,3314,409.11581
1940,183,2021,81,806925.3260273971,3,3214,398.30203
1940,184,2021,81,803477.4041095888,4,2958.125,368.16531
1940,185,2021,81,800140.7054794519,5,2976.25,371.96582
1940,186,2021,81,796692.7835616437,6,2914.2915,365.79865
1940,187,2021,81,793356.0849315068,7,3018.1665,380.43024
1940,188,2021,81,789908.1630136985,8,3394,429.6702
1940,189,2021,81,786460.2410958903,9,3431.9165,436.37509
1940,190,2021,81,783123.5424657534,10,3413.625,435.89865
1940,191,2021,81,779675.6205479451,11,3422,438.90048
1940,192,2021,81,776338.9219178082,12,3819.125,491.94043
1941,1,2006,65,1251432,1,1128.3333,90.163368
1941,2,2006,65,1250730.253424658,2,1083.625,86.639381
1941,3,2006,65,1250096.417808219,3,1130.25,90.413025
1941,4,2006,65,1249394.671232877,4,1122.25,89.823502
1941,5,2006,65,1248715.561643836,5,1115.125,89.301765
1941,6,2006,65,1248013.815068493,6,1042.0833,83.499336
1941,7,2006,65,1247334.705479452,7,1111.7916,89.133385
1941,8,2006,65,1246632.95890411,8,1083.875,86.944199
1941,9,2006,65,1245931.212328767,9,1058.4166,84.949844
1941,10,2006,65,1245252.102739726,10,1108.1666,88.991348
1941,11,2006,65,1244550.356164384,11,1106.625,88.917656
1941,12,2006,65,1243871.246575342,12,1167.5416,93.863541
1941,13,2007,66,1243169.5,1,1316.5834,105.90538
1941,14,2007,66,1242231.219178082,2,1149.125,92.504921
1941,15,2007,66,1241383.739726027,3,1216.375,97.985413
1941,16,2007,66,1240445.458904109,4,1211.2917,97.649742
1941,17,2007,66,1239537.445205479,5,1145,92.373169
1941,18,2007,66,1238599.164383562,6,1090.625,88.053101
1941,19,2007,66,1237691.150684931,7,1088.625,87.956108
1941,20,2007,66,1236752.869863014,8,1177.625,95.219101
1941,21,2007,66,1235814.589041096,9,1143.25,92.509834
1941,22,2007,66,1234906.575342466,10,1214.4167,98.340782
1941,23,2007,66,1233968.294520548,11,1149.75,93.175003
1941,24,2007,66,1233060.280821918,12,1307.4583,106.03361
1941,25,2008,67,1232122,1,1359.6666,110.35162
1941,26,2008,67,1231238.965846994,2,1272.625,103.36134
1941,27,2008,67,1230412.901639344,3,1325.875,107.75854
1941,28,2008,67,1229529.867486339,4,1213.2917,98.679321
1941,29,2008,67,1228675.318306011,5,1276.625,103.90255
1941,30,2008,67,1227792.284153006,6,1156.8333,94.220596
1941,31,2008,67,1226937.734972678,7,1196.0833,97.485245
1941,32,2008,67,1226054.700819672,8,1201.75,98.017647
1941,33,2008,67,1225171.666666667,9,1218.0834,99.421448
1941,34,2008,67,1224317.117486339,10,1275.7084,104.19755
1941,35,2008,67,1223434.083333333,11,1229.375,100.4856
1941,36,2008,67,1222579.534153006,12,1431.375,117.07827
1941,37,2009,68,1221696.5,1,1443.0833,118.12125
1941,38,2009,68,1220479.983561644,2,1269.125,103.98573
1941,39,2009,68,1219381.194520548,3,1394.875,114.39204
1941,40,2009,68,1218164.678082192,4,1342.625,110.21703
1941,41,2009,68,1216987.404109589,5,1263.125,103.79113
1941,42,2009,68,1215770.887671233,6,1230.375,101.20123
1941,43,2009,68,1214593.61369863,7,1249.875,102.90479
1941,44,2009,68,1213377.097260274,8,1281.125,105.58342
1941,45,2009,68,1212160.580821918,9,1215.2917,100.25832
1941,46,2009,68,1210983.306849315,10,1360.7084,112.36392
1941,47,2009,68,1209766.790410959,11,1418.5,117.25401
1941,48,2009,68,1208589.516438356,12,1441.7917,119.2954
1941,49,2010,69,1207373,1,1435.9583,118.93245
1941,50,2010,69,1205712.928767123,2,1346.75,111.6974
1941,51,2010,69,1204213.509589041,3,1521.9166,126.38262
1941,52,2010,69,1202553.438356165,4,1370.25,113.94504
1941,53,2010,69,1200946.917808219,5,1388.875,115.64832
1941,54,2010,69,1199286.846575343,6,1354.125,112.91085
1941,55,2010,69,1197680.326027398,7,1368.0833,114.22775
1941,56,2010,69,1196020.254794521,8,1377.5,115.17364
1941,57,2010,69,1194360.183561644,9,1305.9584,109.34377
1941,58,2010,69,1192753.663013699,10,1443.0417,120.98405
1941,59,2010,69,1191093.591780822,11,1451.125,121.83131
1941,60,2010,69,1189487.071232877,12,1515.375,127.39735
1941,61,2011,70,1187827,1,1615.25,135.98361
1941,62,2011,70,1186212.749315069,2,1522.75,128.37073
1941,63,2011,70,1184754.716438356,3,1601.3333,135.16159
1941,64,2011,70,1183140.465753425,4,1423.75,120.33652
1941,65,2011,70,1181578.287671233,5,1531.25,129.59361
1941,66,2011,70,1179964.036986301,6,1413.25,119.7706
1941,67,2011,70,1178401.85890411,7,1440.3333,122.22768
1941,68,2011,70,1176787.608219178,8,1444.125,122.71756
1941,69,2011,70,1175173.357534247,9,1431.7084,121.82954
1941,70,2011,70,1173611.179452055,10,1603.9167,136.66508
1941,71,2011,70,1171996.928767123,11,1513.875,129.17056
1941,72,2011,70,1170434.750684931,12,1676.5,143.23738
1941,73,2012,71,1168820.5,1,1712.7916,146.54018
1941,74,2012,71,1167170.724043716,2,1587.5,136.01266
1941,75,2012,71,1165627.385245902,3,1646,141.2115
1941,76,2012,71,1163977.609289618,4,1552.2917,133.36096
1941,77,2012,71,1162381.051912569,5,1608.25,138.35825
1941,78,2012,71,1160731.275956284,6,1504.5416,129.62015
1941,79,2012,71,1159134.718579235,7,1535.4584,132.46591
1941,80,2012,71,1157484.942622951,8,1538.875,132.94989
1941,81,2012,71,1155835.166666667,9,1518.875,131.4093
1941,82,2012,71,1154238.609289618,10,1645.5,142.56151
1941,83,2012,71,1152588.833333333,11,1682.5,145.97574
1941,84,2012,71,1150992.275956284,12,1832.0416,159.17062
1941,85,2013,72,1149342.5,1,2030.6666,176.68073
1941,86,2013,72,1148253.890410959,2,1705.875,148.56253
1941,87,2013,72,1147270.630136986,3,1802.9167,157.14835
1941,88,2013,72,1146182.020547945,4,1646.375,143.63992
1941,89,2013,72,1145128.52739726,5,1666.125,145.49677
1941,90,2013,72,1144039.917808219,6,1588.2916,138.83183
1941,91,2013,72,1142986.424657534,7,1623,141.99644
1941,92,2013,72,1141897.815068493,8,1628.625,142.6244
1941,93,2013,72,1140809.205479452,9,1674.2083,146.7562
1941,94,2013,72,1139755.712328767,10,1753.4584,153.84511
1941,95,2013,72,1138667.102739726,11,1700,149.29736
1941,96,2013,72,1137613.609589041,12,1845.7916,162.25119
1941,97,2014,73,1136525,1,2005.0416,176.41861
1941,98,2014,73,1133728.078082192,2,1731.875,152.75929
1941,99,2014,73,1131201.826027397,3,1975.125,174.60413
1941,100,2014,73,1128404.904109589,4,1792.6667,158.86732
1941,101,2014,73,1125698.205479452,5,1837.875,163.26534
1941,102,2014,73,1122901.283561644,6,1683.9583,149.96494
1941,103,2014,73,1120194.584931507,7,1780.3333,158.93071
1941,104,2014,73,1117397.663013699,8,1687.375,151.00935
1941,105,2014,73,1114600.741095891,9,1771.625,158.94705
1941,106,2014,73,1111894.042465753,10,1864.4583,167.68309
1941,107,2014,73,1109097.120547945,11,1929.125,173.93652
1941,108,2014,73,1106390.421917808,12,2116,191.25256
1941,109,2015,74,1103593.5,1,2231.0833,202.16531
1941,110,2015,74,1099562.395890411,2,2017,183.43661
1941,111,2015,74,1095921.398630137,3,2164.4167,197.49744
1941,112,2015,74,1091890.294520548,4,1998.9585,183.0732
1941,113,2015,74,1087989.226027397,5,1948.125,179.05737
1941,114,2015,74,1083958.121917808,6,1794.875,165.58527
1941,115,2015,74,1080057.053424658,7,1915.25,177.3286
1941,116,2015,74,1076025.949315069,8,1874.25,174.1826
1941,117,2015,74,1071994.845205479,9,1860.3333,173.53938
1941,118,2015,74,1068093.776712329,10,2057.3335,192.61731
1941,119,2015,74,1064062.67260274,11,2022.25,190.0499
1941,120,2015,74,1060161.604109589,12,2087.5,196.90395
1941,121,2016,75,1056130.5,1,2267.625,214.71068
1941,122,2016,75,1054247.588797814,2,2157.625,204.66017
1941,123,2016,75,1052486.155737705,3,2251.8335,213.95374
1941,124,2016,75,1050603.244535519,4,2129.9167,202.73274
1941,125,2016,75,1048781.072404372,5,2084.875,198.7903
1941,126,2016,75,1046898.161202186,6,2021.0833,193.05443
1941,127,2016,75,1045075.989071038,7,2080.875,199.11232
1941,128,2016,75,1043193.077868852,8,1967,188.55569
1941,129,2016,75,1041310.166666667,9,2017.75,193.77031
1941,130,2016,75,1039487.994535519,10,2136.2917,205.51384
1941,131,2016,75,1037605.083333333,11,2168.375,208.97884
1941,132,2016,75,1035782.911202186,12,2439.25,235.49818
1941,133,2017,76,1033900,1,2624.5,253.84467
1941,134,2017,76,1031971.502739726,2,2264.125,219.39801
1941,135,2017,76,1030229.634246575,3,2425.75,235.45721
1941,136,2017,76,1028301.136986301,4,2304.0835,224.067
1941,137,2017,76,1026434.849315068,5,2225.875,216.85497
1941,138,2017,76,1024506.352054795,6,2119.5415,206.88417
1941,139,2017,76,1022640.064383562,7,2169,212.09808
1941,140,2017,76,1020711.567123288,8,2115.125,207.22064
1941,141,2017,76,1018783.069863014,9,2144.875,210.53305
1941,142,2017,76,1016916.782191781,10,2297.4167,225.91985
1941,143,2017,76,1014988.284931507,11,2263.375,222.99518
1941,144,2017,76,1013121.997260274,12,2694.7083,265.98062
1941,145,2018,77,1011193.5,1,2881.75,284.98502
1941,146,2018,77,1008429.064383561,2,2366.375,234.65955
1941,147,2018,77,1005932.15479452,3,2492.6667,247.79671
1941,148,2018,77,1003167.719178082,4,2371.1667,236.36794
1941,149,2018,77,1000492.458904109,5,2346.5,234.5345
1941,150,2018,77,997728.0232876709,6,2262.4165,226.75684
1941,151,2018,77,995052.7630136984,7,2284.125,229.54813
1941,152,2018,77,992288.3273972601,8,2258.5,227.60521
1941,153,2018,77,989523.8917808216,9,2251.7083,227.55472
1941,154,2018,77,986848.6315068491,10,2442.2915,247.4839
1941,155,2018,77,984084.1958904108,11,2529.875,257.07913
1941,156,2018,77,981408.935616438,12,2714.2917,276.57092
1941,157,2019,78,978644.5,1,2771.6665,283.21484
1941,158,2019,78,975024.1671232875,2,2527.5,259.22433
1941,159,2019,78,971754.1890410958,3,2672.4585,275.01382
1941,160,2019,78,968133.8561643837,4,2538.9167,262.24854
1941,161,2019,78,964630.3082191781,5,2496.875,258.84268
1941,162,2019,78,961009.9753424656,6,2320.9165,241.50806
1941,163,2019,78,957506.42739726,7,2439.875,254.81552
1941,164,2019,78,953886.0945205479,8,2450.25,256.8703
1941,165,2019,78,950265.7616438353,9,2483.25,261.32162
1941,166,2019,78,946762.2136986302,10,2587.1667,273.26468
1941,167,2019,78,943141.8808219177,11,2574.25,272.94409
1941,168,2019,78,939638.3328767121,12,2923.625,311.14365
1941,169,2020,79,936018,1,2974.25,317.75565
1941,170,2020,79,932745.2131147538,2,2814,301.69009
1941,171,2020,79,929683.5737704919,3,3067.9165,329.99579
1941,172,2020,79,926410.7868852457,4,3509.125,378.78714
1941,173,2020,79,923243.5737704919,5,3071.5,332.68576
1941,174,2020,79,919970.7868852457,6,2693.5415,292.78555
1941,175,2020,79,916803.5737704919,7,3005.0415,327.77374
1941,176,2020,79,913530.7868852457,8,3090.75,338.33014
1941,177,2020,79,910258,9,2847.2085,312.79138
1941,178,2020,79,907090.7868852457,10,3140,346.16159
1941,179,2020,79,903818,11,3570,394.99103
1941,180,2020,79,900650.7868852457,12,4190.5,465.27466
1941,181,2021,80,897378,1,4460.5,497.0592
1941,182,2021,80,893968.9767123288,2,3335,373.05545
1941,183,2021,80,890889.8589041093,3,3134.25,351.81116
1941,184,2021,80,887480.8356164382,4,2855.875,321.79568
1941,185,2021,80,884181.7808219176,5,2958.625,334.61728
1941,186,2021,80,880772.7575342464,6,2839.3333,322.36841
1941,187,2021,80,877473.7027397258,7,3001.5415,342.06625
1941,188,2021,80,874064.6794520547,8,3360.375,384.45383
1941,189,2021,80,870655.6561643835,9,3467.3335,398.24396
1941,190,2021,80,867356.6013698629,10,3451.0415,397.88034
1941,191,2021,80,863947.5780821918,11,3487.75,403.69925
1941,192,2021,80,860648.5232876712,12,3970.4165,461.32846
1942,1,2006,64,1382279,1,1161.8749,84.055016
1942,2,2006,64,1381321.906849315,2,1094.5,79.235695
1942,3,2006,64,1380457.435616439,3,1207.2084,87.449883
1942,4,2006,64,1379500.342465753,4,1100.0417,79.742043
1942,5,2006,64,1378574.123287671,5,1081,78.414352
1942,6,2006,64,1377617.030136986,6,1073.5416,77.927437
1942,7,2006,64,1376690.810958904,7,1121.875,81.4907
1942,8,2006,64,1375733.717808219,8,1072.75,77.97657
1942,9,2006,64,1374776.624657534,9,1074.6666,78.170273
1942,10,2006,64,1373850.405479452,10,1131.7084,82.374931
1942,11,2006,64,1372893.312328767,11,1103.875,80.405006
1942,12,2006,64,1371967.093150685,12,1174.7084,85.6222
1942,13,2007,65,1371010,1,1306,95.25824
1942,14,2007,65,1370318.232876712,2,1138,83.046402
1942,15,2007,65,1369693.410958904,3,1254.25,91.571587
1942,16,2007,65,1369001.643835616,4,1165,85.098511
1942,17,2007,65,1368332.191780822,5,1176.5,85.980583
1942,18,2007,65,1367640.424657534,6,1112.0833,81.314011
1942,19,2007,65,1366970.97260274,7,1081.5416,79.119576
1942,20,2007,65,1366279.205479452,8,1154.625,84.508713
1942,21,2007,65,1365587.438356164,9,1136.3333,83.212044
1942,22,2007,65,1364917.98630137,10,1227.4166,89.926033
1942,23,2007,65,1364226.219178082,11,1154.125,84.599236
1942,24,2007,65,1363556.767123288,12,1250.5417,91.711746
1942,25,2008,66,1362865,1,1307.2083,95.916199
1942,26,2008,66,1361873.508196721,2,1273.875,93.538422
1942,27,2008,66,1360945.983606557,3,1345.5,98.865059
1942,28,2008,66,1359954.491803279,4,1244.9167,91.541061
1942,29,2008,66,1358994.983606557,5,1280.75,94.242439
1942,30,2008,66,1358003.491803279,6,1153.9166,84.97155
1942,31,2008,66,1357043.983606557,7,1187.0833,87.475662
1942,32,2008,66,1356052.491803279,8,1188,87.607231
1942,33,2008,66,1355061,9,1179.7084,87.059433
1942,34,2008,66,1354101.491803279,10,1238.9167,91.493637
1942,35,2008,66,1353110,11,1293.875,95.622307
1942,36,2008,66,1352150.491803279,12,1432.0416,105.90845
1942,37,2009,67,1351159,1,1420.875,105.15972
1942,38,2009,67,1350125.256164384,2,1265.125,93.704269
1942,39,2009,67,1349191.552054795,3,1380.2916,102.30509
1942,40,2009,67,1348157.808219178,4,1313.5417,97.432343
1942,41,2009,67,1347157.410958904,5,1261.25,93.623062
1942,42,2009,67,1346123.667123287,6,1270.6666,94.394493
1942,43,2009,67,1345123.269863014,7,1253.5,93.188484
1942,44,2009,67,1344089.526027397,8,1309.5,97.426544
1942,45,2009,67,1343055.782191781,9,1238.375,92.205772
1942,46,2009,67,1342055.384931507,10,1344,100.1449
1942,47,2009,67,1341021.64109589,11,1393,103.87603
1942,48,2009,67,1340021.243835616,12,1454.5,108.54305
1942,49,2010,68,1338987.5,1,1437.2499,107.33856
1942,50,2010,68,1337500.85890411,2,1349.375,100.88779
1942,51,2010,68,1336158.08630137,3,1454.2917,108.84129
1942,52,2010,68,1334671.44520548,4,1409.9167,105.63774
1942,53,2010,68,1333232.760273973,5,1371.375,102.86089
1942,54,2010,68,1331746.119178082,6,1357.9166,101.96513
1942,55,2010,68,1330307.434246575,7,1404.9584,105.61156
1942,56,2010,68,1328820.793150685,8,1396.5,105.09318
1942,57,2010,68,1327334.152054795,9,1312.9584,98.916946
1942,58,2010,68,1325895.467123288,10,1467.3334,110.66735
1942,59,2010,68,1324408.826027398,11,1412.75,106.67023
1942,60,2010,68,1322970.141095891,12,1503.5,113.6458
1942,61,2011,69,1321483.5,1,1579.1666,119.49953
1942,62,2011,69,1319503.873972602,2,1469,111.32972
1942,63,2011,69,1317715.824657534,3,1627.375,123.49969
1942,64,2011,69,1315736.198630137,4,1388,105.49227
1942,65,2011,69,1313820.431506849,5,1496.375,113.89494
1942,66,2011,69,1311840.805479452,6,1409.6666,107.45714
1942,67,2011,69,1309925.038356164,7,1445.0833,110.31801
1942,68,2011,69,1307945.412328767,8,1493,114.1485
1942,69,2011,69,1305965.78630137,9,1442,110.41637
1942,70,2011,69,1304050.019178082,10,1525.2083,116.95934
1942,71,2011,69,1302070.393150685,11,1496.25,114.91314
1942,72,2011,69,1300154.626027397,12,1560.0833,119.99213
1942,73,2012,70,1298175,1,1682.5416,129.60823
1942,74,2012,70,1296422.653005464,2,1540,118.78842
1942,75,2012,70,1294783.360655737,3,1617.1666,124.89863
1942,76,2012,70,1293031.013661202,4,1529.125,118.25896
1942,77,2012,70,1291335.193989071,5,1601.25,123.99957
1942,78,2012,70,1289582.846994535,6,1503.8333,116.61393
1942,79,2012,70,1287887.027322404,7,1561.3333,121.23216
1942,80,2012,70,1286134.680327869,8,1614.25,125.51174
1942,81,2012,70,1284382.333333333,9,1495.4166,116.4308
1942,82,2012,70,1282686.513661202,10,1677.2917,130.76396
1942,83,2012,70,1280934.166666667,11,1638.25,127.89494
1942,84,2012,70,1279238.346994535,12,1803.25,140.96278
1942,85,2013,71,1277486,1,2026.4583,158.6286
1942,86,2013,71,1275806.946575342,2,1718.375,134.68927
1942,87,2013,71,1274290.382191781,3,1829.25,143.55048
1942,88,2013,71,1272611.328767123,4,1660.5,130.47974
1942,89,2013,71,1270986.438356164,5,1715.375,134.96407
1942,90,2013,71,1269307.384931507,6,1607.9166,126.6767
1942,91,2013,71,1267682.494520548,7,1662,131.10538
1942,92,2013,71,1266003.44109589,8,1649.125,130.26228
1942,93,2013,71,1264324.387671233,9,1625.75,128.58646
1942,94,2013,71,1262699.497260274,10,1788.9167,141.674
1942,95,2013,71,1261020.443835617,11,1740.25,138.00331
1942,96,2013,71,1259395.553424658,12,1852.7084,147.11092
1942,97,2014,72,1257716.5,1,1986.4166,157.93834
1942,98,2014,72,1256618.845205479,2,1747,139.02386
1942,99,2014,72,1255627.415068493,3,1907.8334,151.94263
1942,100,2014,72,1254529.760273973,4,1802.0835,143.64613
1942,101,2014,72,1253467.51369863,5,1873.75,149.48532
1942,102,2014,72,1252369.85890411,6,1728.5833,138.02498
1942,103,2014,72,1251307.612328767,7,1808.4167,144.52216
1942,104,2014,72,1250209.957534247,8,1826.375,146.08546
1942,105,2014,72,1249112.302739726,9,1753.875,140.40971
1942,106,2014,72,1248050.056164383,10,1847.9584,148.06764
1942,107,2014,72,1246952.401369863,11,1939.875,155.56929
1942,108,2014,72,1245890.154794521,12,2050.0833,164.54767
1942,109,2015,73,1244792.5,1,2188.4167,175.80574
1942,110,2015,73,1241709.231506849,2,1939.125,156.16579
1942,111,2015,73,1238924.343835616,3,2138.2085,172.58588
1942,112,2015,73,1235841.075342466,4,2057.8335,166.51279
1942,113,2015,73,1232857.267123288,5,1994.125,161.74825
1942,114,2015,73,1229773.998630137,6,1878.3333,152.73808
1942,115,2015,73,1226790.190410959,7,1975.4167,161.02319
1942,116,2015,73,1223706.921917808,8,1948.25,159.20888
1942,117,2015,73,1220623.653424657,9,1884.9167,154.42244
1942,118,2015,73,1217639.845205479,10,2146.8333,176.31102
1942,119,2015,73,1214556.576712329,11,2067,170.18556
1942,120,2015,73,1211572.768493151,12,2122.5,175.18552
1942,121,2016,74,1208489.5,1,2237.375,185.13814
1942,122,2016,74,1203644.352459016,2,2102.25,174.65707
1942,123,2016,74,1199111.795081967,3,2257.2917,188.24698
1942,124,2016,74,1194266.647540983,4,2115.8335,177.16592
1942,125,2016,74,1189577.795081967,5,2067.875,173.83269
1942,126,2016,74,1184732.647540983,6,1992.2915,168.1638
1942,127,2016,74,1180043.795081967,7,2096.25,177.64171
1942,128,2016,74,1175198.647540983,8,2105.75,179.18248
1942,129,2016,74,1170353.5,9,2121.375,181.25934
1942,130,2016,74,1165664.647540983,10,2179.125,186.9427
1942,131,2016,74,1160819.5,11,2174.125,187.29225
1942,132,2016,74,1156130.647540983,12,2361.5417,204.26253
1942,133,2017,75,1151285.5,1,2545.625,221.11153
1942,134,2017,75,1149324.771232877,2,2285.875,198.88852
1942,135,2017,75,1147553.790410959,3,2378.75,207.28876
1942,136,2017,75,1145593.061643836,4,2267.2085,197.90697
1942,137,2017,75,1143695.582191781,5,2231.5,195.11311
1942,138,2017,75,1141734.853424658,6,2167.5833,189.84996
1942,139,2017,75,1139837.373972603,7,2229.625,195.60904
1942,140,2017,75,1137876.645205479,8,2173.25,190.9917
1942,141,2017,75,1135915.916438356,9,2213.25,194.84277
1942,142,2017,75,1134018.436986301,10,2366.625,208.6937
1942,143,2017,75,1132057.708219178,11,2289.375,202.23129
1942,144,2017,75,1130160.228767123,12,2576.4167,227.96916
1942,145,2018,76,1128199.5,1,2923.75,259.15186
1942,146,2018,76,1126229.598630137,2,2409,213.89955
1942,147,2018,76,1124450.332876712,3,2598.9585,231.13147
1942,148,2018,76,1122480.431506849,4,2408.25,214.54716
1942,149,2018,76,1120574.075342466,5,2290.125,204.3707
1942,150,2018,76,1118604.173972603,6,2282.0415,204.00795
1942,151,2018,76,1116697.817808219,7,2305.6665,206.47183
1942,152,2018,76,1114727.916438356,8,2364.875,212.14818
1942,153,2018,76,1112758.015068493,9,2345.5833,210.79005
1942,154,2018,76,1110851.65890411,10,2575.6667,231.86415
1942,155,2018,76,1108881.757534247,11,2525.125,227.71815
1942,156,2018,76,1106975.401369863,12,2606.875,235.4953
1942,157,2019,77,1105005.5,1,2788.0833,252.31396
1942,158,2019,77,1101504.410958904,2,2381,216.15892
1942,159,2019,77,1098342.136986301,3,2698,245.64294
1942,160,2019,77,1094841.047945205,4,2533,231.35779
1942,161,2019,77,1091452.897260274,5,2545.875,233.2556
1942,162,2019,77,1087951.808219178,6,2402.1665,220.79715
1942,163,2019,77,1084563.657534246,7,2513.375,231.74066
1942,164,2019,77,1081062.568493151,8,2495.125,230.80301
1942,165,2019,77,1077561.479452054,9,2490.25,231.10051
1942,166,2019,77,1074173.328767123,10,2577.9583,239.99463
1942,167,2019,77,1070672.239726027,11,2617.5,244.47258
1942,168,2019,77,1067284.089041096,12,2903.2083,272.01831
1942,169,2020,78,1063783,1,2912.9583,273.83011
1942,170,2020,78,1060452.405737705,2,2814.375,265.3938
1942,171,2020,78,1057336.68852459,3,3057.6667,289.18573
1942,172,2020,78,1054006.094262295,4,3615.3335,343.00879
1942,173,2020,78,1050782.93852459,5,3112,296.16013
1942,174,2020,78,1047452.344262295,6,2738.3333,261.42795
1942,175,2020,78,1044229.18852459,7,3116.125,298.41391
1942,176,2020,78,1040898.594262295,8,3190,306.46597
1942,177,2020,78,1037568,9,2948.8333,284.20627
1942,178,2020,78,1034344.844262295,10,3211.5,310.48639
1942,179,2020,78,1031014.25,11,3498.625,339.3382
1942,180,2020,78,1027791.094262295,12,4203.2085,408.95554
1942,181,2021,79,1024460.5,1,4319.5835,421.64471
1942,182,2021,79,1020981.960273973,2,3221.375,315.51733
1942,183,2021,79,1017840.053424657,3,3135,308.00516
1942,184,2021,79,1014361.51369863,4,2986.75,294.44632
1942,185,2021,79,1010995.184931507,5,2995.5,296.29221
1942,186,2021,79,1007516.645205479,6,2871.7915,285.03662
1942,187,2021,79,1004150.316438356,7,3033.8335,302.12943
1942,188,2021,79,1000671.776712329,8,3540,353.76236
1942,189,2021,79,997193.2369863014,9,3607.125,361.72778
1942,190,2021,79,993826.9082191777,10,3566.3335,358.84854
1942,191,2021,79,990348.3684931505,11,3601,363.60944
1942,192,2021,79,986982.0397260273,12,3822.7085,387.31287
1943,1,2006,63,1445987.5,1,1225.9999,84.786339
1943,2,2006,63,1444998.769863014,2,1087.375,75.250931
1943,3,2006,63,1444105.723287671,3,1233.5417,85.419075
1943,4,2006,63,1443116.993150685,4,1091.4584,75.632011
1943,5,2006,63,1442160.157534246,5,1104,76.551834
1943,6,2006,63,1441171.42739726,6,1049.2083,72.80246
1943,7,2006,63,1440214.591780822,7,1069.2917,74.245308
1943,8,2006,63,1439225.861643835,8,1017,70.662987
1943,9,2006,63,1438237.131506849,9,962.16669,66.899033
1943,10,2006,63,1437280.295890411,10,1032.9166,71.866051
1943,11,2006,63,1436291.565753425,11,1010.375,70.346092
1943,12,2006,63,1435334.730136986,12,1061.9166,73.983902
1943,13,2007,64,1434346,1,1278.5416,89.137604
1943,14,2007,64,1433395.276712329,2,1147.875,80.080841
1943,15,2007,64,1432536.55890411,3,1303.75,91.009895
1943,16,2007,64,1431585.835616438,4,1167.5834,81.558739
1943,17,2007,64,1430665.780821918,5,1156,80.801544
1943,18,2007,64,1429715.057534246,6,1063.5,74.385452
1943,19,2007,64,1428795.002739726,7,1077.2917,75.398621
1943,20,2007,64,1427844.279452055,8,1031.125,72.215508
1943,21,2007,64,1426893.556164383,9,1015.0834,71.139389
1943,22,2007,64,1425973.501369863,10,1061.5416,74.443291
1943,23,2007,64,1425022.778082192,11,1083.25,76.016327
1943,24,2007,64,1424102.723287671,12,1163.6666,81.712265
1943,25,2008,65,1423152,1,1330.7084,93.504303
1943,26,2008,65,1422445.648907104,2,1342.625,94.388489
1943,27,2008,65,1421784.868852459,3,1380.0834,97.066963
1943,28,2008,65,1421078.517759563,4,1272.1667,89.521217
1943,29,2008,65,1420394.952185792,5,1237.375,87.114853
1943,30,2008,65,1419688.601092896,6,1151.8333,81.132813
1943,31,2008,65,1419005.035519126,7,1159.8334,81.73568
1943,32,2008,65,1418298.684426229,8,1103.875,77.830925
1943,33,2008,65,1417592.333333333,9,1073.75,75.744629
1943,34,2008,65,1416908.767759563,10,1144.4584,80.771492
1943,35,2008,65,1416202.416666667,11,1189.375,83.983406
1943,36,2008,65,1415518.851092896,12,1261.4167,89.11338
1943,37,2009,66,1414812.5,1,1393.6666,98.505394
1943,38,2009,66,1413759.943835617,2,1285.375,90.9189
1943,39,2009,66,1412809.247945206,3,1343.5417,95.097183
1943,40,2009,66,1411756.691780822,4,1281.4167,90.767532
1943,41,2009,66,1410738.089041096,5,1286.875,91.219978
1943,42,2009,66,1409685.532876712,6,1205.6666,85.527344
1943,43,2009,66,1408666.930136987,7,1246.3334,88.476089
1943,44,2009,66,1407614.373972603,8,1194.125,84.833252
1943,45,2009,66,1406561.817808219,9,1175.75,83.590355
1943,46,2009,66,1405543.215068493,10,1263.7917,89.914825
1943,47,2009,66,1404490.65890411,11,1206,85.867424
1943,48,2009,66,1403472.056164384,12,1349.5833,96.160324
1943,49,2010,67,1402419.5,1,1488.3749,106.12907
1943,50,2010,67,1401186.591780822,2,1365.75,97.470955
1943,51,2010,67,1400072.997260274,3,1418.375,101.30722
1943,52,2010,67,1398840.089041096,4,1394.9167,99.719528
1943,53,2010,67,1397646.952054795,5,1359.25,97.252747
1943,54,2010,67,1396414.043835617,6,1307.375,93.623734
1943,55,2010,67,1395220.906849315,7,1358.6666,97.380035
1943,56,2010,67,1393987.998630137,8,1326.75,95.176575
1943,57,2010,67,1392755.090410959,9,1215.125,87.24614
1943,58,2010,67,1391561.953424658,10,1324.375,95.171829
1943,59,2010,67,1390329.04520548,11,1299.375,93.458092
1943,60,2010,67,1389135.908219178,12,1379.375,99.29734
1943,61,2011,68,1387903,1,1666.9583,120.10625
1943,62,2011,68,1386203.010958904,2,1443.625,104.1424
1943,63,2011,68,1384667.536986301,3,1596.625,115.30746
1943,64,2011,68,1382967.547945206,4,1446.9584,104.62707
1943,65,2011,68,1381322.397260274,5,1475,106.78173
1943,66,2011,68,1379622.408219178,6,1357.0416,98.363266
1943,67,2011,68,1377977.257534247,7,1397.7917,101.43794
1943,68,2011,68,1376277.268493151,8,1389,100.92443
1943,69,2011,68,1374577.279452055,9,1322.9166,96.241707
1943,70,2011,68,1372932.128767123,10,1370.9584,99.856239
1943,71,2011,68,1371232.139726027,11,1357.5,98.998558
1943,72,2011,68,1369586.989041096,12,1433.2917,104.65138
1943,73,2012,69,1367887,1,1629.7084,119.14057
1943,74,2012,69,1365657.668032787,2,1603,117.37934
1943,75,2012,69,1363572.163934426,3,1638.875,120.18983
1943,76,2012,69,1361342.831967213,4,1546.875,113.62862
1943,77,2012,69,1359185.413934426,5,1550.875,114.10327
1943,78,2012,69,1356956.081967213,6,1489.6666,109.78001
1943,79,2012,69,1354798.663934426,7,1495.125,110.35773
1943,80,2012,69,1352569.331967213,8,1528.25,112.98866
1943,81,2012,69,1350340,9,1400.4583,103.71152
1943,82,2012,69,1348182.581967213,10,1521.9166,112.88654
1943,83,2012,69,1345953.25,11,1531.5,113.78553
1943,84,2012,69,1343795.831967213,12,1589.25,118.26573
1943,85,2013,70,1341566.5,1,2099.4583,156.49304
1943,86,2013,70,1339856.871232877,2,1709.125,127.56026
1943,87,2013,70,1338312.690410959,3,1819.1666,135.92987
1943,88,2013,70,1336603.061643836,4,1631.375,122.05381
1943,89,2013,70,1334948.582191781,5,1740.625,130.38892
1943,90,2013,70,1333238.953424658,6,1581.875,118.64902
1943,91,2013,70,1331584.473972603,7,1618.0833,121.51563
1943,92,2013,70,1329874.84520548,8,1547.5,116.36433
1943,93,2013,70,1328165.216438356,9,1517.9166,114.28674
1943,94,2013,70,1326510.736986301,10,1576.7084,118.86134
1943,95,2013,70,1324801.108219178,11,1584.125,119.57455
1943,96,2013,70,1323146.628767123,12,1647.9166,124.54527
1943,97,2014,71,1321437,1,2060.875,155.95711
1943,98,2014,71,1319673.22739726,2,1789.75,135.6207
1943,99,2014,71,1318080.142465753,3,1944.4583,147.522
1943,100,2014,71,1316316.369863014,4,1826.0417,138.72362
1943,101,2014,71,1314609.493150685,5,1821.125,138.52972
1943,102,2014,71,1312845.720547945,6,1683.625,128.24242
1943,103,2014,71,1311138.843835616,7,1707.5,130.2303
1943,104,2014,71,1309375.071232877,8,1782,136.09546
1943,105,2014,71,1307611.298630137,9,1670.2916,127.7361
1943,106,2014,71,1305904.421917808,10,1692.7916,129.62599
1943,107,2014,71,1304140.649315068,11,1702.875,130.57449
1943,108,2014,71,1302433.77260274,12,1821.7917,139.87596
1943,109,2015,72,1300670,1,2218.1665,170.5403
1943,110,2015,72,1299864.042465753,2,2046.375,157.42993
1943,111,2015,72,1299136.080821918,3,2152.2085,165.6646
1943,112,2015,72,1298330.123287671,4,2020.1667,155.59731
1943,113,2015,72,1297550.164383562,5,1991,153.44301
1943,114,2015,72,1296744.206849315,6,1824.5833,140.70494
1943,115,2015,72,1295964.247945205,7,1897.25,146.39679
1943,116,2015,72,1295158.290410959,8,1795.5,138.6317
1943,117,2015,72,1294352.332876712,9,1762.125,136.13951
1943,118,2015,72,1293572.373972603,10,1873.875,144.86047
1943,119,2015,72,1292766.416438356,11,1845.25,142.73654
1943,120,2015,72,1291986.457534247,12,1875.7916,145.18663
1943,121,2016,73,1291180.5,1,2264.7915,175.40472
1943,122,2016,73,1287451.013661203,2,2199.75,170.86087
1943,123,2016,73,1283962.139344262,3,2233.5,173.95372
1943,124,2016,73,1280232.653005464,4,2114.3335,165.15228
1943,125,2016,73,1276623.472677596,5,2066.75,161.89191
1943,126,2016,73,1272893.986338798,6,1911.4583,150.16634
1943,127,2016,73,1269284.806010929,7,2008.125,158.20917
1943,128,2016,73,1265555.319672131,8,2034.25,160.73972
1943,129,2016,73,1261825.833333333,9,1892.6666,149.99428
1943,130,2016,73,1258216.653005464,10,1918.6666,152.49095
1943,131,2016,73,1254487.166666667,11,2001.625,159.55724
1943,132,2016,73,1250877.986338798,12,2058.0417,164.52777
1943,133,2017,74,1247148.5,1,2576.25,206.57123
1943,134,2017,74,1242019.528767123,2,2277.625,183.38077
1943,135,2017,74,1237386.909589041,3,2453.6667,198.29422
1943,136,2017,74,1232257.938356164,4,2292.3335,186.02708
1943,137,2017,74,1227294.417808219,5,2211.875,180.22366
1943,138,2017,74,1222165.446575343,6,2073.2915,169.64082
1943,139,2017,74,1217201.926027397,7,2130.0417,174.99493
1943,140,2017,74,1212072.954794521,8,2090.5,172.47311
1943,141,2017,74,1206943.983561644,9,2061.75,170.82401
1943,142,2017,74,1201980.463013699,10,2098.375,174.57646
1943,143,2017,74,1196851.491780822,11,2095.125,175.05304
1943,144,2017,74,1191887.971232877,12,2347.7083,196.97391
1943,145,2018,75,1186759,1,2955.4167,249.03259
1943,146,2018,75,1184878.91369863,2,2435.125,205.51678
1943,147,2018,75,1183180.771232877,3,2627.5002,222.07091
1943,148,2018,75,1181300.684931507,4,2486.5,210.48833
1943,149,2018,75,1179481.246575343,5,2303.875,195.32951
1943,150,2018,75,1177601.160273973,6,2262.375,192.11725
1943,151,2018,75,1175781.721917809,7,2226.8335,189.39174
1943,152,2018,75,1173901.635616439,8,2245.375,191.27455
1943,153,2018,75,1172021.549315069,9,2224.7915,189.82513
1943,154,2018,75,1170202.110958904,10,2275.9583,194.49275
1943,155,2018,75,1168322.024657534,11,2193.25,187.7265
1943,156,2018,75,1166502.58630137,12,2433.3333,208.60075
1943,157,2019,76,1164622.5,1,2809.6665,241.25127
1943,158,2019,76,1162241.657534247,2,2499.125,215.02628
1943,159,2019,76,1160091.219178082,3,2740.25,236.20987
1943,160,2019,76,1157710.376712329,4,2526.8335,218.26128
1943,161,2019,76,1155406.335616438,5,2617.125,226.51122
1943,162,2019,76,1153025.493150685,6,2427.0415,210.4933
1943,163,2019,76,1150721.452054794,7,2373.0415,206.22206
1943,164,2019,76,1148340.609589041,8,2358,205.33977
1943,165,2019,76,1145959.767123288,9,2236.4583,195.16028
1943,166,2019,76,1143655.726027397,10,2417.25,211.36168
1943,167,2019,76,1141274.883561644,11,2358,206.61105
1943,168,2019,76,1138970.842465753,12,2487.0417,218.35869
1943,169,2020,77,1136590,1,2953.25,259.83423
1943,170,2020,77,1133374.766393443,2,2754.875,243.06831
1943,171,2020,77,1130366.967213115,3,3078.7085,272.36362
1943,172,2020,77,1127151.733606557,4,3581.292,317.72937
1943,173,2020,77,1124040.217213115,5,3039.25,270.38623
1943,174,2020,77,1120824.983606557,6,2699.5833,240.85681
1943,175,2020,77,1117713.467213115,7,3009.8335,269.28488
1943,176,2020,77,1114498.233606557,8,2988.625,268.15878
1943,177,2020,77,1111283,9,2741.25,246.67435
1943,178,2020,77,1108171.483606557,10,2948.75,266.09149
1943,179,2020,77,1104956.25,11,3160.5,286.02942
1943,180,2020,77,1101844.733606557,12,3818.75,346.57788
1943,181,2021,78,1098629.5,1,4500.5,409.64676
1943,182,2021,78,1095277.083561643,2,3415.5,311.8389
1943,183,2021,78,1092249.094520548,3,3189.2915,291.99304
1943,184,2021,78,1088896.678082191,4,2974.0002,273.12051
1943,185,2021,78,1085652.404109589,5,2970.75,273.6373
1943,186,2021,78,1082299.987671233,6,2834.1665,261.86514
1943,187,2021,78,1079055.71369863,7,2979.375,276.10947
1943,188,2021,78,1075703.297260274,8,3374.25,313.6785
1943,189,2021,78,1072350.880821918,9,3422.5415,319.16248
1943,190,2021,78,1069106.606849315,10,3341.25,312.52731
1943,191,2021,78,1065754.190410959,11,3207.375,300.94885
1943,192,2021,78,1062509.916438356,12,3547.6665,333.8949
1944,1,2006,62,1431837.5,1,1171.2499,81.800476
1944,2,2006,62,1431389.189041096,2,1050,73.355309
1944,3,2006,62,1430984.263013699,3,1087.75,76.014114
1944,4,2006,62,1430535.952054795,4,954.41669,66.717422
1944,5,2006,62,1430102.102739726,5,1002.5,70.099892
1944,6,2006,62,1429653.791780822,6,919.08325,64.287117
1944,7,2006,62,1429219.942465754,7,967.58337,67.700104
1944,8,2006,62,1428771.631506849,8,925.625,64.784668
1944,9,2006,62,1428323.320547945,9,833.375,58.346382
1944,10,2006,62,1427889.471232877,10,967,67.722328
1944,11,2006,62,1427441.160273973,11,917.375,64.267097
1944,12,2006,62,1427007.310958904,12,962.125,67.422569
1944,13,2007,63,1426559,1,1171.8334,82.144051
1944,14,2007,63,1425558.931506849,2,1100.875,77.224098
1944,15,2007,63,1424655.643835616,3,1159.7916,81.408562
1944,16,2007,63,1423655.575342466,4,1032.7917,72.545059
1944,17,2007,63,1422687.767123288,5,1047.125,73.601883
1944,18,2007,63,1421687.698630137,6,966.79163,68.003098
1944,19,2007,63,1420719.890410959,7,1017.4166,71.612755
1944,20,2007,63,1419719.821917808,8,936.125,65.937309
1944,21,2007,63,1418719.753424658,9,925.08337,65.205505
1944,22,2007,63,1417751.945205479,10,991.875,69.961113
1944,23,2007,63,1416751.876712329,11,1004.75,70.919266
1944,24,2007,63,1415784.068493151,12,972.16669,68.666313
1944,25,2008,64,1414784,1,1230.0833,86.944954
1944,26,2008,64,1413812.709016394,2,1268.25,89.704247
1944,27,2008,64,1412904.081967213,3,1298.2917,91.888176
1944,28,2008,64,1411932.790983607,4,1123.9167,79.601295
1944,29,2008,64,1410992.831967213,5,1114.375,78.978073
1944,30,2008,64,1410021.540983607,6,1057.5416,75.001808
1944,31,2008,64,1409081.581967213,7,1067.75,75.776306
1944,32,2008,64,1408110.290983607,8,1022.625,72.623924
1944,33,2008,64,1407139,9,998.83331,70.983276
1944,34,2008,64,1406199.040983607,10,1074.7083,76.426468
1944,35,2008,64,1405227.75,11,1042.625,74.196159
1944,36,2008,64,1404287.790983607,12,1132.2916,80.631027
1944,37,2009,65,1403316.5,1,1358.5833,96.812317
1944,38,2009,65,1402468.161643836,2,1294.625,92.310471
1944,39,2009,65,1401701.920547945,3,1233.4167,87.994225
1944,40,2009,65,1400853.582191781,4,1176.7084,83.999382
1944,41,2009,65,1400032.609589041,5,1188.75,84.908737
1944,42,2009,65,1399184.271232877,6,1084.75,77.527313
1944,43,2009,65,1398363.298630137,7,1135.2083,81.181213
1944,44,2009,65,1397514.960273972,8,1037.75,74.256805
1944,45,2009,65,1396666.621917808,9,1085.7916,77.741646
1944,46,2009,65,1395845.649315068,10,1136.3334,81.408241
1944,47,2009,65,1394997.310958904,11,1102.125,79.005531
1944,48,2009,65,1394176.338356164,12,1218.5,87.399277
1944,49,2010,66,1393328,1,1468.2916,105.38019
1944,50,2010,66,1392128.257534246,2,1251.375,89.889343
1944,51,2010,66,1391044.619178082,3,1322.0417,95.03949
1944,52,2010,66,1389844.876712329,4,1252.1667,90.093994
1944,53,2010,66,1388683.835616438,5,1242.875,89.500214
1944,54,2010,66,1387484.093150685,6,1177.375,84.856827
1944,55,2010,66,1386323.052054794,7,1219.5,87.966507
1944,56,2010,66,1385123.309589041,8,1215.25,87.73587
1944,57,2010,66,1383923.567123287,9,1110.9583,80.275986
1944,58,2010,66,1382762.526027397,10,1175.75,85.02906
1944,59,2010,66,1381562.783561644,11,1184.25,85.718147
1944,60,2010,66,1380401.742465753,12,1310.75,94.954239
1944,61,2011,67,1379202,1,1478.1666,107.1755
1944,62,2011,67,1378126.767123288,2,1395.625,101.26971
1944,63,2011,67,1377155.589041096,3,1517.875,110.21812
1944,64,2011,67,1376080.356164384,4,1369.875,99.549057
1944,65,2011,67,1375039.808219178,5,1327.875,96.569931
1944,66,2011,67,1373964.575342466,6,1230.125,89.531059
1944,67,2011,67,1372924.02739726,7,1251.9167,91.186165
1944,68,2011,67,1371848.794520548,8,1215.875,88.630394
1944,69,2011,67,1370773.561643836,9,1211.5,88.380753
1944,70,2011,67,1369733.01369863,10,1236.4583,90.27002
1944,71,2011,67,1368657.780821918,11,1296,94.691315
1944,72,2011,67,1367617.232876712,12,1317.7916,96.356758
1944,73,2012,68,1366542,1,1703.4583,124.65466
1944,74,2012,68,1364738.960382514,2,1448.625,106.14668
1944,75,2012,68,1363052.245901639,3,1536.7084,112.74024
1944,76,2012,68,1361249.206284153,4,1394.4167,102.43655
1944,77,2012,68,1359504.329234973,5,1401.875,103.11662
1944,78,2012,68,1357701.289617486,6,1363.3333,100.41482
1944,79,2012,68,1355956.412568306,7,1381.8333,101.90839
1944,80,2012,68,1354153.37295082,8,1342.875,99.16713
1944,81,2012,68,1352350.333333333,9,1317.25,97.404495
1944,82,2012,68,1350605.456284153,10,1333.3334,98.721161
1944,83,2012,68,1348802.416666667,11,1334.125,98.911819
1944,84,2012,68,1347057.539617486,12,1478.4166,109.75156
1944,85,2013,69,1345254.5,1,1936.9583,143.98453
1944,86,2013,69,1342951.284931507,2,1649.25,122.80788
1944,87,2013,69,1340870.961643836,3,1774.7917,132.36111
1944,88,2013,69,1338567.746575343,4,1505.5834,112.47719
1944,89,2013,69,1336338.828767124,5,1581.375,118.33638
1944,90,2013,69,1334035.61369863,6,1424.875,106.80936
1944,91,2013,69,1331806.695890411,7,1460.9166,109.69434
1944,92,2013,69,1329503.480821918,8,1415.125,106.44011
1944,93,2013,69,1327200.265753425,9,1399.25,105.4287
1944,94,2013,69,1324971.347945206,10,1452.5,109.62502
1944,95,2013,69,1322668.132876713,11,1460.375,110.41129
1944,96,2013,69,1320439.215068494,12,1495.25,113.23884
1944,97,2014,70,1318136,1,1954.9166,148.30917
1944,98,2014,70,1316448.326027397,2,1621.875,123.20081
1944,99,2014,70,1314923.975342466,3,1808.125,137.50795
1944,100,2014,70,1313236.301369863,4,1642.2085,125.05049
1944,101,2014,70,1311603.068493151,5,1668.75,127.2298
1944,102,2014,70,1309915.394520548,6,1548.6666,118.22646
1944,103,2014,70,1308282.161643836,7,1518.1666,116.04276
1944,104,2014,70,1306594.487671233,8,1505.875,115.2519
1944,105,2014,70,1304906.81369863,9,1553.4583,119.04745
1944,106,2014,70,1303273.580821918,10,1571.4584,120.57778
1944,107,2014,70,1301585.906849315,11,1564.875,120.22833
1944,108,2014,70,1299952.673972603,12,1694.125,130.32205
1944,109,2015,71,1298265,1,2146.1248,165.30714
1944,110,2015,71,1296649.178082192,2,1795.375,138.46266
1944,111,2015,71,1295189.726027397,3,2009.875,155.17996
1944,112,2015,71,1293573.904109589,4,1808.6667,139.81937
1944,113,2015,71,1292010.205479452,5,1824.25,141.1947
1944,114,2015,71,1290394.383561644,6,1647.4166,127.66769
1944,115,2015,71,1288830.684931507,7,1696.2917,131.61479
1944,116,2015,71,1287214.863013698,8,1632.25,126.80478
1944,117,2015,71,1285599.04109589,9,1618.4583,125.89137
1944,118,2015,71,1284035.342465753,10,1705.1667,132.7975
1944,119,2015,71,1282419.520547945,11,1693.125,132.02583
1944,120,2015,71,1280855.821917808,12,1682.9166,131.39001
1944,121,2016,72,1279240,1,2156.6248,168.58641
1944,122,2016,72,1278576.803278689,2,2007.375,157.00073
1944,123,2016,72,1277956.393442623,3,2072.5,162.17299
1944,124,2016,72,1277293.196721311,4,1972.5834,154.43466
1944,125,2016,72,1276651.393442623,5,1909.5,149.57098
1944,126,2016,72,1275988.196721311,6,1733.875,135.88487
1944,127,2016,72,1275346.393442623,7,1808.4167,141.79808
1944,128,2016,72,1274683.196721311,8,1803.5,141.48613
1944,129,2016,72,1274020,9,1718.5417,134.89127
1944,130,2016,72,1273378.196721311,10,1760.7084,138.27066
1944,131,2016,72,1272715,11,1748.625,137.3933
1944,132,2016,72,1272073.196721311,12,1995.1666,156.8437
1944,133,2017,73,1271410,1,2413.125,189.79912
1944,134,2017,73,1267622.946575342,2,2194.25,173.09958
1944,135,2017,73,1264202.382191781,3,2237.25,176.96928
1944,136,2017,73,1260415.328767123,4,2088.625,165.70927
1944,137,2017,73,1256750.438356164,5,2031.5,161.64705
1944,138,2017,73,1252963.384931507,6,1851.8333,147.79628
1944,139,2017,73,1249298.494520548,7,1959.375,156.83801
1944,140,2017,73,1245511.44109589,8,1894,152.06604
1944,141,2017,73,1241724.387671233,9,1912.7917,154.04318
1944,142,2017,73,1238059.497260274,10,1927.4166,155.68045
1944,143,2017,73,1234272.443835617,11,1853.5,150.16943
1944,144,2017,73,1230607.553424657,12,2114.7083,171.84262
1944,145,2018,74,1226820.5,1,2749.6665,224.12949
1944,146,2018,74,1221422.805479452,2,2342.125,191.75383
1944,147,2018,74,1216547.468493151,3,2337.2917,192.125
1944,148,2018,74,1211149.773972603,4,2210.125,182.48157
1944,149,2018,74,1205926.198630137,5,2091.75,173.45589
1944,150,2018,74,1200528.504109589,6,2089.75,174.06917
1944,151,2018,74,1195304.928767123,7,2064.25,172.69652
1944,152,2018,74,1189907.234246575,8,2042,171.61002
1944,153,2018,74,1184509.539726027,9,1997.2083,168.61057
1944,154,2018,74,1179285.964383562,10,2081.7083,176.52277
1944,155,2018,74,1173888.269863014,11,1981.5,168.798
1944,156,2018,74,1168664.694520548,12,2149.0417,183.88866
1944,157,2019,75,1163267,1,2717.0833,233.57349
1944,158,2019,75,1161576.353424657,2,2413.875,207.81027
1944,159,2019,75,1160049.317808219,3,2573.6667,221.85838
1944,160,2019,75,1158358.671232877,4,2320.3335,200.31218
1944,161,2019,75,1156722.561643835,5,2393.375,206.91003
1944,162,2019,75,1155031.915068493,6,2172.2083,188.06479
1944,163,2019,75,1153395.805479452,7,2112.2083,183.12953
1944,164,2019,75,1151705.158904109,8,2143.875,186.1479
1944,165,2019,75,1150014.512328767,9,2041.375,177.50864
1944,166,2019,75,1148378.402739726,10,2190.75,190.769
1944,167,2019,75,1146687.756164383,11,2149.375,187.44205
1944,168,2019,75,1145051.646575342,12,2234.2083,195.11856
1944,169,2020,76,1143361,1,2833.5,247.82199
1944,170,2020,76,1140450.260928962,2,2642.125,231.67384
1944,171,2020,76,1137727.31147541,3,2863,251.64201
1944,172,2020,76,1134816.572404371,4,3288.375,289.77151
1944,173,2020,76,1131999.728142076,5,2795.625,246.96339
1944,174,2020,76,1129088.989071038,6,2472.2915,218.96339
1944,175,2020,76,1126272.144808743,7,2687.75,238.64125
1944,176,2020,76,1123361.405737705,8,2680.375,238.60309
1944,177,2020,76,1120450.666666667,9,2520.4167,224.9467
1944,178,2020,76,1117633.822404371,10,2586.8333,231.45624
1944,179,2020,76,1114723.083333333,11,2881.25,258.47226
1944,180,2020,76,1111906.239071038,12,3580.625,322.02582
1944,181,2021,77,1108995.5,1,4108.5,370.4704
1944,182,2021,77,1105965.993150685,2,3122.125,282.29846
1944,183,2021,77,1103229.664383561,3,3122.3335,283.01755
1944,184,2021,77,1100200.157534246,4,2673.9167,243.03912
1944,185,2021,77,1097268.376712329,5,2756.375,251.20335
1944,186,2021,77,1094238.869863014,6,2596.5833,237.29584
1944,187,2021,77,1091307.089041096,7,2732.75,250.41072
1944,188,2021,77,1088277.582191781,8,3136.25,288.18475
1944,189,2021,77,1085248.075342466,9,3148.2085,290.09113
1944,190,2021,77,1082316.294520548,10,3031.1665,280.0629
1944,191,2021,77,1079286.787671233,11,2925,271.0123
1944,192,2021,77,1076355.006849315,12,3172.7917,294.77188
1945,1,2006,61,1436173,1,966.5,67.296906
1945,2,2006,61,1436374.669863014,2,947.125,65.938576
1945,3,2006,61,1436556.823287671,3,969.66669,67.499359
1945,4,2006,61,1436758.493150685,4,899.95837,62.638111
1945,5,2006,61,1436953.657534247,5,908,63.189232
1945,6,2006,61,1437155.32739726,6,839.25,58.39661
1945,7,2006,61,1437350.491780822,7,887.75,61.762947
1945,8,2006,61,1437552.161643835,8,852.25,59.284805
1945,9,2006,61,1437753.831506849,9,847.04163,58.91423
1945,10,2006,61,1437948.995890411,10,945.125,65.727295
1945,11,2006,61,1438150.665753425,11,958.5,66.648094
1945,12,2006,61,1438345.830136986,12,980.04169,68.136719
1945,13,2007,62,1438547.5,1,1070.5416,74.418236
1945,14,2007,62,1438141.230136986,2,961.75,66.874519
1945,15,2007,62,1437774.276712329,3,1041.5,72.438354
1945,16,2007,62,1437368.006849315,4,955.70837,66.490166
1945,17,2007,62,1436974.842465753,5,959.625,66.780922
1945,18,2007,62,1436568.57260274,6,907.66663,63.182964
1945,19,2007,62,1436175.408219178,7,951.45831,66.249451
1945,20,2007,62,1435769.138356164,8,887.75,61.830971
1945,21,2007,62,1435362.868493151,9,882.91669,61.511742
1945,22,2007,62,1434969.704109589,10,976.29169,68.035698
1945,23,2007,62,1434563.434246575,11,943.375,65.760422
1945,24,2007,62,1434170.269863014,12,1019.5833,71.092209
1945,25,2008,63,1433764,1,1179.8749,82.29213
1945,26,2008,63,1432722.87431694,2,1100.125,76.785606
1945,27,2008,63,1431748.918032787,3,1146.0834,80.047791
1945,28,2008,63,1430707.792349727,4,1014.2084,70.888573
1945,29,2008,63,1429700.25136612,5,1030.75,72.095535
1945,30,2008,63,1428659.12568306,6,960.08325,67.201706
1945,31,2008,63,1427651.584699454,7,996.45837,69.797028
1945,32,2008,63,1426610.459016393,8,977,68.484009
1945,33,2008,63,1425569.333333333,9,933.58337,65.488457
1945,34,2008,63,1424561.792349727,10,1038.25,72.882065
1945,35,2008,63,1423520.666666667,11,1096.625,77.036118
1945,36,2008,63,1422513.12568306,12,1152.875,81.044945
1945,37,2009,64,1421472,1,1250.2916,87.957527
1945,38,2009,64,1420472.526027397,2,1083.25,76.259834
1945,39,2009,64,1419569.775342466,3,1184.7084,83.455452
1945,40,2009,64,1418570.301369863,4,1082.25,76.291603
1945,41,2009,64,1417603.068493151,5,1096.625,77.357689
1945,42,2009,64,1416603.594520548,6,1037.4166,73.232666
1945,43,2009,64,1415636.361643835,7,1061.6667,74.995728
1945,44,2009,64,1414636.887671233,8,1007.875,71.246201
1945,45,2009,64,1413637.41369863,9,1037.625,73.40107
1945,46,2009,64,1412670.180821918,10,1093.75,77.424301
1945,47,2009,64,1411670.706849315,11,1168,82.738846
1945,48,2009,64,1410703.473972603,12,1249.4167,88.566933
1945,49,2010,65,1409704,1,1331.0833,94.42289
1945,50,2010,65,1408514.067123288,2,1146,81.362343
1945,51,2010,65,1407439.289041096,3,1293.0834,91.874893
1945,52,2010,65,1406249.356164384,4,1123.4584,79.890411
1945,53,2010,65,1405097.808219178,5,1084,77.147652
1945,54,2010,65,1403907.875342466,6,1086.0416,77.358467
1945,55,2010,65,1402756.32739726,7,1098.5,78.310112
1945,56,2010,65,1401566.394520548,8,1128.375,80.508141
1945,57,2010,65,1400376.461643836,9,1070.125,76.416954
1945,58,2010,65,1399224.91369863,10,1146.2083,81.917374
1945,59,2010,65,1398034.980821918,11,1210.25,86.567932
1945,60,2010,65,1396883.432876712,12,1382.75,98.98822
1945,61,2011,66,1395693.5,1,1384.5416,99.200981
1945,62,2011,66,1394599.32739726,2,1257.25,90.151344
1945,63,2011,66,1393611.042465754,3,1325.0417,95.079742
1945,64,2011,66,1392516.869863014,4,1204.2084,86.477112
1945,65,2011,66,1391457.993150685,5,1208.375,86.842361
1945,66,2011,66,1390363.820547945,6,1175.375,84.537224
1945,67,2011,66,1389304.943835617,7,1148.375,82.658241
1945,68,2011,66,1388210.771232877,8,1200.75,86.496231
1945,69,2011,66,1387116.598630137,9,1120.4166,80.773064
1945,70,2011,66,1386057.721917809,10,1250.375,90.210892
1945,71,2011,66,1384963.549315069,11,1280.375,92.44828
1945,72,2011,66,1383904.67260274,12,1456.75,105.26376
1945,73,2012,67,1382810.5,1,1435.0416,103.77717
1945,74,2012,67,1381824.090163935,2,1372.875,99.352371
1945,75,2012,67,1380901.319672131,3,1318.2083,95.459991
1945,76,2012,67,1379914.909836065,4,1273.875,92.315475
1945,77,2012,67,1378960.319672131,5,1275,92.46096
1945,78,2012,67,1377973.909836065,6,1215.125,88.182007
1945,79,2012,67,1377019.319672131,7,1293.75,93.952927
1945,80,2012,67,1376032.909836065,8,1237.375,89.923355
1945,81,2012,67,1375046.5,9,1245.5834,90.584816
1945,82,2012,67,1374091.909836065,10,1335.375,97.182365
1945,83,2012,67,1373105.5,11,1392.875,101.43977
1945,84,2012,67,1372150.909836065,12,1538.2084,112.10198
1945,85,2013,68,1371164.5,1,1653.4166,120.58485
1945,86,2013,68,1369272.310958904,2,1453.625,106.1604
1945,87,2013,68,1367563.236986301,3,1515.7917,110.83887
1945,88,2013,68,1365671.047945206,4,1399.5417,102.48015
1945,89,2013,68,1363839.897260274,5,1384.625,101.52401
1945,90,2013,68,1361947.708219178,6,1281.8333,94.117653
1945,91,2013,68,1360116.557534247,7,1309.875,96.306084
1945,92,2013,68,1358224.368493151,8,1348.25,99.265633
1945,93,2013,68,1356332.179452055,9,1319.25,97.265999
1945,94,2013,68,1354501.028767123,10,1420.75,104.89102
1945,95,2013,68,1352608.839726027,11,1474,108.97459
1945,96,2013,68,1350777.689041096,12,1611.6667,119.31399
1945,97,2014,69,1348885.5,1,1695.9583,125.73033
1945,98,2014,69,1346396.836986301,2,1429.5,106.17226
1945,99,2014,69,1344149.012328767,3,1608.5417,119.6699
1945,100,2014,69,1341660.349315068,4,1467.9167,109.41046
1945,101,2014,69,1339251.965753425,5,1534.5,114.57889
1945,102,2014,69,1336763.302739726,6,1427.375,106.77844
1945,103,2014,69,1334354.919178082,7,1421.6667,106.54337
1945,104,2014,69,1331866.256164384,8,1384.75,103.97065
1945,105,2014,69,1329377.593150685,9,1419.25,106.76049
1945,106,2014,69,1326969.209589041,10,1561.875,117.70243
1945,107,2014,69,1324480.546575343,11,1548.25,116.89488
1945,108,2014,69,1322072.163013699,12,1841.375,139.27946
1945,109,2015,70,1319583.5,1,1977.3333,149.84526
1945,110,2015,70,1317978.379452055,2,1666,126.40572
1945,111,2015,70,1316528.593150685,3,1795.3333,136.36873
1945,112,2015,70,1314923.472602739,4,1635.3751,124.37036
1945,113,2015,70,1313370.130136986,5,1623.375,123.60377
1945,114,2015,70,1311765.009589041,6,1569.7083,119.66383
1945,115,2015,70,1310211.667123287,7,1549.8333,118.28877
1945,116,2015,70,1308606.546575342,8,1603.375,122.52537
1945,117,2015,70,1307001.426027397,9,1494.1667,114.32021
1945,118,2015,70,1305448.083561644,10,1677.0417,128.46484
1945,119,2015,70,1303842.963013699,11,1718.875,131.83144
1945,120,2015,70,1302289.620547945,12,1915.5417,147.0903
1945,121,2016,71,1300684.5,1,1888.4583,145.18958
1945,122,2016,71,1299071.398907104,2,1776.625,136.76115
1945,123,2016,71,1297562.368852459,3,1887.5,145.46507
1945,124,2016,71,1295949.267759563,4,1767.6251,136.39616
1945,125,2016,71,1294388.202185793,5,1755.75,135.64323
1945,126,2016,71,1292775.101092896,6,1606.4166,124.26111
1945,127,2016,71,1291214.035519126,7,1683.4583,130.37794
1945,128,2016,71,1289600.93442623,8,1697.75,131.64925
1945,129,2016,71,1287987.833333334,9,1643.8333,127.62801
1945,130,2016,71,1286426.767759563,10,1744.3333,135.59523
1945,131,2016,71,1284813.666666667,11,1746.625,135.94383
1945,132,2016,71,1283252.601092896,12,2088.8333,162.77647
1945,133,2017,72,1281639.5,1,2220.0833,173.22214
1945,134,2017,72,1281148.171232877,2,1943,151.66083
1945,135,2017,72,1280704.390410959,3,2130.625,166.36353
1945,136,2017,72,1280213.061643836,4,1934.375,151.0979
1945,137,2017,72,1279737.582191781,5,1864.875,145.72324
1945,138,2017,72,1279246.253424658,6,1763.0416,137.81879
1945,139,2017,72,1278770.773972603,7,1793.0417,140.21603
1945,140,2017,72,1278279.445205479,8,1737.875,135.95424
1945,141,2017,72,1277788.116438356,9,1778.2917,139.16953
1945,142,2017,72,1277312.636986301,10,1850.5417,144.87775
1945,143,2017,72,1276821.308219178,11,1914,149.90352
1945,144,2017,72,1276345.828767123,12,2194.125,171.90678
1945,145,2018,73,1275854.5,1,2543.7083,199.37291
1945,146,2018,73,1271846.752054795,2,2103.75,165.40907
1945,147,2018,73,1268226.850684932,3,2094.2917,165.13542
1945,148,2018,73,1264219.102739726,4,1994.9167,157.79834
1945,149,2018,73,1260340.636986301,5,1946.25,154.42253
1945,150,2018,73,1256332.889041096,6,1880.2083,149.65845
1945,151,2018,73,1252454.423287671,7,1880.375,150.13521
1945,152,2018,73,1248446.675342466,8,1938.75,155.29297
1945,153,2018,73,1244438.92739726,9,1894.875,152.26741
1945,154,2018,73,1240560.461643836,10,2057.1665,165.82558
1945,155,2018,73,1236552.71369863,11,2115.5,171.08046
1945,156,2018,73,1232674.247945205,12,2321,188.28981
1945,157,2019,74,1228666.5,1,2346.4998,190.97939
1945,158,2019,74,1224442.176712329,2,2175.75,177.69316
1945,159,2019,74,1220626.65890411,3,2372.7917,194.39128
1945,160,2019,74,1216402.335616439,4,2135.2917,175.54156
1945,161,2019,74,1212314.280821918,5,2227.375,183.72917
1945,162,2019,74,1208089.957534247,6,1960.125,162.24992
1945,163,2019,74,1204001.902739726,7,2023.6666,168.07835
1945,164,2019,74,1199777.579452055,8,1998,166.53087
1945,165,2019,74,1195553.256164384,9,1980.0417,165.61719
1945,166,2019,74,1191465.201369863,10,2192.6667,184.03111
1945,167,2019,74,1187240.878082192,11,2305.25,194.16869
1945,168,2019,74,1183152.823287671,12,2507.6667,211.94783
1945,169,2020,75,1178928.5,1,2585.2083,219.28456
1945,170,2020,75,1176208.885245902,2,2457.25,208.91272
1945,171,2020,75,1173664.729508197,3,2598.5835,221.40765
1945,172,2020,75,1170945.114754098,4,2985.4167,254.95787
1945,173,2020,75,1168313.229508197,5,2586.125,221.35545
1945,174,2020,75,1165593.614754098,6,2304.875,197.74258
1945,175,2020,75,1162961.729508197,7,2531.6665,217.6913
1945,176,2020,75,1160242.114754098,8,2619.125,225.73952
1945,177,2020,75,1157522.5,9,2446.5,211.35658
1945,178,2020,75,1154890.614754098,10,2695.4585,233.39513
1945,179,2020,75,1152171,11,2993.25,259.79218
1945,180,2020,75,1149539.114754098,12,3820.1667,332.32159
1945,181,2021,76,1146819.5,1,3809.9583,332.21951
1945,182,2021,76,1143989.752054795,2,2961.625,258.88562
1945,183,2021,76,1141433.850684932,3,2835.125,248.38277
1945,184,2021,76,1138604.102739726,4,2570.5835,225.76622
1945,185,2021,76,1135865.636986302,5,2511.25,221.08688
1945,186,2021,76,1133035.889041096,6,2398.6665,211.70261
1945,187,2021,76,1130297.423287672,7,2495.7915,220.80838
1945,188,2021,76,1127467.675342466,8,2910.75,258.16705
1945,189,2021,76,1124637.92739726,9,3084.9165,274.30307
1945,190,2021,76,1121899.461643836,10,3051.7085,272.01266
1945,191,2021,76,1119069.71369863,11,3037.375,271.41965
1945,192,2021,76,1116331.247945206,12,3470.375,310.87323
1946,1,2006,60,1674923,1,889.08331,53.082043
1946,2,2006,60,1674279.68630137,2,830.75,49.618351
1946,3,2006,60,1673698.628767123,3,925,55.266819
1946,4,2006,60,1673055.315068493,4,922.125,55.11623
1946,5,2006,60,1672432.753424658,5,912.25,54.546288
1946,6,2006,60,1671789.439726027,6,892.66663,53.395878
1946,7,2006,60,1671166.878082192,7,955.45837,57.173126
1946,8,2006,60,1670523.564383562,8,941,56.329647
1946,9,2006,60,1669880.250684931,9,937.54163,56.144241
1946,10,2006,60,1669257.689041096,10,1074.2084,64.352463
1946,11,2006,60,1668614.375342466,11,1011.5,60.61916
1946,12,2006,60,1667991.81369863,12,1139.125,68.293198
1946,13,2007,61,1667348.5,1,951.79169,57.084148
1946,14,2007,61,1667900.342465753,2,892.375,53.502895
1946,15,2007,61,1668398.780821918,3,984.75,59.023659
1946,16,2007,61,1668950.623287671,4,924.54175,55.396591
1946,17,2007,61,1669484.664383562,5,939.75,56.289825
1946,18,2007,61,1670036.506849315,6,909.66663,54.469864
1946,19,2007,61,1670570.547945205,7,1014.5834,60.732746
1946,20,2007,61,1671122.390410959,8,1043.25,62.428104
1946,21,2007,61,1671674.232876712,9,1013.25,60.612885
1946,22,2007,61,1672208.273972603,10,1026.25,61.370945
1946,23,2007,61,1672760.116438356,11,1064.625,63.64481
1946,24,2007,61,1673294.157534247,12,1150.4166,68.75161
1946,25,2008,62,1673846,1,1042.4583,62.279221
1946,26,2008,62,1673436.732240437,2,1054.5,63.014034
1946,27,2008,62,1673053.868852459,3,1076.25,64.328476
1946,28,2008,62,1672644.601092896,4,990.08337,59.192692
1946,29,2008,62,1672248.535519126,5,1029.75,61.578766
1946,30,2008,62,1671839.267759563,6,1018.375,60.913452
1946,31,2008,62,1671443.202185792,7,1090.0833,65.218086
1946,32,2008,62,1671033.934426229,8,1043.25,62.431408
1946,33,2008,62,1670624.666666667,9,1064.2916,63.706207
1946,34,2008,62,1670228.601092896,10,1145.2084,68.565964
1946,35,2008,62,1669819.333333333,11,1171.75,70.172264
1946,36,2008,62,1669423.267759563,12,1272.8334,76.243896
1946,37,2009,63,1669014,1,1100.4583,65.934631
1946,38,2009,63,1667902.119178082,2,1014.875,60.847397
1946,39,2009,63,1666897.839726027,3,1158.2084,69.482864
1946,40,2009,63,1665785.958904109,4,1099.2084,65.987373
1946,41,2009,63,1664709.945205479,5,1081.25,64.951256
1946,42,2009,63,1663598.064383562,6,1072.75,64.483727
1946,43,2009,63,1662522.050684931,7,1137.625,68.427666
1946,44,2009,63,1661410.169863014,8,1127.25,67.848991
1946,45,2009,63,1660298.289041096,9,1166.8334,70.278542
1946,46,2009,63,1659222.275342466,10,1280.7917,77.192291
1946,47,2009,63,1658110.394520548,11,1244.625,75.062859
1946,48,2009,63,1657034.380821918,12,1333.4166,80.470062
1946,49,2010,64,1655922.5,1,1198.4166,72.371544
1946,50,2010,64,1654652.561643836,2,1142,69.017509
1946,51,2010,64,1653505.520547945,3,1210.9167,73.233307
1946,52,2010,64,1652235.582191781,4,1138.2084,68.888985
1946,53,2010,64,1651006.609589041,5,1108.875,67.163574
1946,54,2010,64,1649736.671232877,6,1134.5833,68.773598
1946,55,2010,64,1648507.698630137,7,1200.5,72.823441
1946,56,2010,64,1647237.760273973,8,1229.125,74.61734
1946,57,2010,64,1645967.821917808,9,1223.375,74.325569
1946,58,2010,64,1644738.849315068,10,1291.6667,78.533241
1946,59,2010,64,1643468.910958904,11,1328,80.804695
1946,60,2010,64,1642239.938356164,12,1388.875,84.571991
1946,61,2011,65,1640970,1,1266.5833,77.185036
1946,62,2011,65,1639569.649315068,2,1165.125,71.062859
1946,63,2011,65,1638304.816438356,3,1259.5833,76.883324
1946,64,2011,65,1636904.465753424,4,1218.2917,74.426567
1946,65,2011,65,1635549.287671233,5,1269.875,77.642113
1946,66,2011,65,1634148.936986301,6,1249.0833,76.436317
1946,67,2011,65,1632793.758904109,7,1277.375,78.232475
1946,68,2011,65,1631393.408219178,8,1316.375,80.690224
1946,69,2011,65,1629993.057534246,9,1289.9167,79.136337
1946,70,2011,65,1628637.879452055,10,1454.1667,89.2873
1946,71,2011,65,1627237.528767123,11,1388.375,85.320976
1946,72,2011,65,1625882.350684932,12,1491.75,91.750183
1946,73,2012,66,1624482,1,1369.2083,84.285835
1946,74,2012,66,1623260.252732241,2,1221.875,75.272896
1946,75,2012,66,1622117.327868853,3,1290.5,79.556511
1946,76,2012,66,1620895.580601093,4,1275.875,78.714203
1946,77,2012,66,1619713.244535519,5,1331.75,82.221344
1946,78,2012,66,1618491.49726776,6,1288.5416,79.613739
1946,79,2012,66,1617309.161202186,7,1360.9167,84.146973
1946,80,2012,66,1616087.413934426,8,1411.125,87.317368
1946,81,2012,66,1614865.666666667,9,1410.2916,87.331825
1946,82,2012,66,1613683.330601093,10,1558.1666,96.559631
1946,83,2012,66,1612461.583333333,11,1500.375,93.048729
1946,84,2012,66,1611279.24726776,12,1712.5416,106.28459
1946,85,2013,67,1610057.5,1,1512.3333,93.930389
1946,86,2013,67,1609040.530136986,2,1363.25,84.724403
1946,87,2013,67,1608121.976712328,3,1450.375,90.190605
1946,88,2013,67,1607105.006849315,4,1390.2084,86.503891
1946,89,2013,67,1606120.842465753,5,1399.625,87.143196
1946,90,2013,67,1605103.872602739,6,1362.4166,84.88028
1946,91,2013,67,1604119.708219178,7,1435.9584,89.516907
1946,92,2013,67,1603102.738356164,8,1510,94.192345
1946,93,2013,67,1602085.76849315,9,1506.125,94.010262
1946,94,2013,67,1601101.604109589,10,1563.4583,97.648911
1946,95,2013,67,1600084.634246575,11,1565.5,97.838577
1946,96,2013,67,1599100.469863013,12,1757.875,109.92899
1946,97,2014,68,1598083.5,1,1612.7916,100.92036
1946,98,2014,68,1595952.05890411,2,1397.875,87.588783
1946,99,2014,68,1594026.88630137,3,1580.9583,99.180153
1946,100,2014,68,1591895.445205479,4,1459.8334,91.704102
1946,101,2014,68,1589832.760273973,5,1548.375,97.392319
1946,102,2014,68,1587701.319178082,6,1463.4166,92.172035
1946,103,2014,68,1585638.634246575,7,1572.4167,99.166145
1946,104,2014,68,1583507.193150685,8,1600.5,101.07311
1946,105,2014,68,1581375.752054794,9,1577.3334,99.744377
1946,106,2014,68,1579313.067123288,10,1733.625,109.77083
1946,107,2014,68,1577181.626027397,11,1670.5,105.91678
1946,108,2014,68,1575118.94109589,12,1860.4583,118.11541
1946,109,2015,69,1572987.5,1,1738.7499,110.53806
1946,110,2015,69,1569693.68630137,2,1550,98.745377
1946,111,2015,69,1566718.628767123,3,1733.125,110.62133
1946,112,2015,69,1563424.815068493,4,1587.4166,101.53457
1946,113,2015,69,1560237.253424658,5,1580.875,101.32273
1946,114,2015,69,1556943.439726028,6,1641.0416,105.40149
1946,115,2015,69,1553755.878082192,7,1693.4167,108.9886
1946,116,2015,69,1550462.064383562,8,1712.5,110.45094
1946,117,2015,69,1547168.250684932,9,1758.3333,113.64848
1946,118,2015,69,1543980.689041096,10,1866.7916,120.90771
1946,119,2015,69,1540686.875342466,11,1861.5,120.82273
1946,120,2015,69,1537499.31369863,12,1916.4166,124.64504
1946,121,2016,70,1534205.5,1,1748.5833,113.97321
1946,122,2016,70,1532348.887978142,2,1640.75,107.07418
1946,123,2016,70,1530612.057377049,3,1802.4584,117.76063
1946,124,2016,70,1528755.445355191,4,1739.7917,113.80445
1946,125,2016,70,1526958.724043716,5,1760.625,115.30273
1946,126,2016,70,1525102.112021858,6,1718.25,112.66459
1946,127,2016,70,1523305.390710382,7,1816.125,119.22265
1946,128,2016,70,1521448.778688524,8,1887.625,124.0676
1946,129,2016,70,1519592.166666667,9,1852.0833,121.88029
1946,130,2016,70,1517795.445355191,10,1998.5417,131.67398
1946,131,2016,70,1515938.833333333,11,1991.625,131.37898
1946,132,2016,70,1514142.112021858,12,2176.375,143.73651
1946,133,2017,71,1512285.5,1,1954.4166,129.23596
1946,134,2017,71,1510448.346575343,2,1774.875,117.5065
1946,135,2017,71,1508788.982191781,3,1991.0834,131.96567
1946,136,2017,71,1506951.828767124,4,1905.75,126.4639
1946,137,2017,71,1505173.938356165,5,1841.875,122.36958
1946,138,2017,71,1503336.784931507,6,1874.2083,124.66988
1946,139,2017,71,1501558.894520548,7,1947,129.66524
1946,140,2017,71,1499721.741095891,8,1953.875,130.2825
1946,141,2017,71,1497884.587671233,9,1957.7084,130.69821
1946,142,2017,71,1496106.697260274,10,2148.125,143.58101
1946,143,2017,71,1494269.543835617,11,2218.375,148.45883
1946,144,2017,71,1492491.653424658,12,2373.375,159.021
1946,145,2018,72,1490654.5,1,2230.875,149.65741
1946,146,2018,72,1490118.242465754,2,1973.25,132.42238
1946,147,2018,72,1489633.880821918,3,2012.8333,135.12268
1946,148,2018,72,1489097.623287671,4,1960.7084,131.67091
1946,149,2018,72,1488578.664383562,5,2024.5,136.00221
1946,150,2018,72,1488042.406849315,6,1992.5,133.90076
1946,151,2018,72,1487523.447945205,7,2038.75,137.05666
1946,152,2018,72,1486987.190410959,8,2139.75,143.89835
1946,153,2018,72,1486450.932876712,9,2057.7915,138.43655
1946,154,2018,72,1485931.973972603,10,2288.375,154.00267
1946,155,2018,72,1485395.716438356,11,2327,156.65858
1946,156,2018,72,1484876.757534247,12,2424.8333,163.30199
1946,157,2019,73,1484340.5,1,2251.4583,151.68071
1946,158,2019,73,1480211.979452054,2,2030.875,137.20163
1946,159,2019,73,1476482.993150685,3,2243.625,151.95738
1946,160,2019,73,1472354.472602739,4,2182.4167,148.22632
1946,161,2019,73,1468359.130136986,5,2148.25,146.30276
1946,162,2019,73,1464230.609589041,6,2144.4165,146.45346
1946,163,2019,73,1460235.267123288,7,2175.6667,148.99426
1946,164,2019,73,1456106.746575342,8,2276.75,156.35873
1946,165,2019,73,1451978.226027397,9,2222.4583,153.06416
1946,166,2019,73,1447982.883561644,10,2447.4583,169.02536
1946,167,2019,73,1443854.363013698,11,2523.5,174.77524
1946,168,2019,73,1439859.020547945,12,2673.3333,185.66632
1946,169,2020,74,1435730.5,1,2439.3333,169.90189
1946,170,2020,74,1432763.774590164,2,2236.875,156.12308
1946,171,2020,74,1429988.450819672,3,2461.125,172.10803
1946,172,2020,74,1427021.725409836,4,2877.7917,201.66418
1946,173,2020,74,1424150.700819672,5,2662.625,186.96231
1946,174,2020,74,1421183.975409836,6,2432.0415,171.12784
1946,175,2020,74,1418312.950819672,7,2779.9165,196.00163
1946,176,2020,74,1415346.225409836,8,2883.625,203.7399
1946,177,2020,74,1412379.5,9,2710.125,191.88362
1946,178,2020,74,1409508.475409836,10,2927.6665,207.70833
1946,179,2020,74,1406541.75,11,3205.625,227.90828
1946,180,2020,74,1403670.725409836,12,3867.4165,275.52164
1946,181,2021,75,1400704,1,3572.7083,255.06519
1946,182,2021,75,1397614.404109589,2,2719.5,194.58157
1946,183,2021,75,1394823.801369863,3,2642,189.41461
1946,184,2021,75,1391734.205479452,4,2565.25,184.32039
1946,185,2021,75,1388744.273972603,5,2648.875,190.73886
1946,186,2021,75,1385654.678082192,6,2544.8333,183.65565
1946,187,2021,75,1382664.746575342,7,2716.3335,196.45641
1946,188,2021,75,1379575.150684932,8,3302,239.34904
1946,189,2021,75,1376485.554794521,9,3516.8335,255.49367
1946,190,2021,75,1373495.623287671,10,3417.5835,248.82376
1946,191,2021,75,1370406.027397261,11,3268,238.46947
1946,192,2021,75,1367416.095890411,12,3667.0417,268.17307
1947,1,2006,59,1879378.5,1,961.25,51.147228
1947,2,2006,59,1877841.452054794,2,938.125,49.957626
1947,3,2006,59,1876453.150684931,3,1008.125,53.725029
1947,4,2006,59,1874916.102739726,4,961.75,51.295628
1947,5,2006,59,1873428.636986301,5,1005.625,53.678318
1947,6,2006,59,1871891.589041096,6,945.66663,50.519306
1947,7,2006,59,1870404.123287671,7,959.04169,51.27457
1947,8,2006,59,1868867.075342466,8,910.625,48.726044
1947,9,2006,59,1867330.02739726,9,901.125,48.257404
1947,10,2006,59,1865842.561643836,10,960.16663,51.460217
1947,11,2006,59,1864305.51369863,11,911.25,48.878792
1947,12,2006,59,1862818.047945206,12,989.79163,53.134102
1947,13,2007,60,1861281,1,1109.2083,59.593811
1947,14,2007,60,1860919.489041096,2,1007.875,54.160053
1947,15,2007,60,1860592.963013699,3,1083.5834,58.238605
1947,16,2007,60,1860231.452054795,4,1035.7084,55.676319
1947,17,2007,60,1859881.602739726,5,1001.375,53.840794
1947,18,2007,60,1859520.091780822,6,927.79163,49.894142
1947,19,2007,60,1859170.242465754,7,977.04163,52.552563
1947,20,2007,60,1858808.731506849,8,1007.875,54.221554
1947,21,2007,60,1858447.220547945,9,938.54163,50.501389
1947,22,2007,60,1858097.371232877,10,1005.1666,54.096554
1947,23,2007,60,1857735.860273973,11,1002.5,53.963539
1947,24,2007,60,1857386.010958904,12,999.79169,53.827888
1947,25,2008,61,1857024.5,1,1121.625,60.39904
1947,26,2008,61,1857649.878415301,2,1167.25,62.83477
1947,27,2008,61,1858234.909836066,3,1208.375,65.028107
1947,28,2008,61,1858860.288251366,4,1107.3334,59.570553
1947,29,2008,61,1859465.493169399,5,1119.5,60.205475
1947,30,2008,61,1860090.871584699,6,1054.2083,56.675095
1947,31,2008,61,1860696.076502732,7,1063.625,57.162746
1947,32,2008,61,1861321.454918033,8,1023.25,54.974384
1947,33,2008,61,1861946.833333333,9,1021.4584,54.859695
1947,34,2008,61,1862552.038251366,10,1047.5416,56.242275
1947,35,2008,61,1863177.416666667,11,1048.875,56.29496
1947,36,2008,61,1863782.621584699,12,1142.875,61.320187
1947,37,2009,62,1864408,1,1203.7084,64.5625
1947,38,2009,62,1863779.506849315,2,1150.375,61.722698
1947,39,2009,62,1863211.835616438,3,1218.125,65.377701
1947,40,2009,62,1862583.342465753,4,1173.3334,62.994946
1947,41,2009,62,1861975.123287671,5,1163.375,62.480694
1947,42,2009,62,1861346.630136986,6,1146.375,61.588474
1947,43,2009,62,1860738.410958904,7,1090.1666,58.587849
1947,44,2009,62,1860109.917808219,8,1120.375,60.231655
1947,45,2009,62,1859481.424657534,9,1108.5416,59.615635
1947,46,2009,62,1858873.205479452,10,1168.7083,62.871864
1947,47,2009,62,1858244.712328767,11,1133.25,60.98497
1947,48,2009,62,1857636.493150685,12,1134.7916,61.087929
1947,49,2010,63,1857008,1,1277.4583,68.791206
1947,50,2010,63,1855673.301369863,2,1250.875,67.40815
1947,51,2010,63,1854467.767123288,3,1367.75,73.754318
1947,52,2010,63,1853133.068493151,4,1222.3334,65.960365
1947,53,2010,63,1851841.424657534,5,1240.375,66.980629
1947,54,2010,63,1850506.726027397,6,1176,63.550159
1947,55,2010,63,1849215.082191781,7,1239.4167,67.023933
1947,56,2010,63,1847880.383561644,8,1186,64.181641
1947,57,2010,63,1846545.684931507,9,1126.0834,60.983238
1947,58,2010,63,1845254.041095891,10,1195.4167,64.783318
1947,59,2010,63,1843919.342465754,11,1198.75,65.010979
1947,60,2010,63,1842627.698630137,12,1227.0416,66.591942
1947,61,2011,64,1841293,1,1440.6666,78.242119
1947,62,2011,64,1839854.642465753,2,1333,72.451378
1947,63,2011,64,1838555.480821918,3,1415.25,76.976189
1947,64,2011,64,1837117.123287671,4,1401.5,76.288002
1947,65,2011,64,1835725.164383562,5,1397,76.100716
1947,66,2011,64,1834286.806849315,6,1296.25,70.667793
1947,67,2011,64,1832894.847945205,7,1312.5,71.608032
1947,68,2011,64,1831456.490410959,8,1329.375,72.58567
1947,69,2011,64,1830018.132876712,9,1287.4166,70.349937
1947,70,2011,64,1828626.173972603,10,1278.5833,69.920425
1947,71,2011,64,1827187.816438356,11,1261.375,69.033684
1947,72,2011,64,1825795.857534247,12,1271.625,69.647713
1947,73,2012,65,1824357.5,1,1420.6249,77.869873
1947,74,2012,65,1822770.909836065,2,1349.375,74.028778
1947,75,2012,65,1821286.680327869,3,1464.3334,80.401039
1947,76,2012,65,1819700.090163935,4,1444.0833,79.358315
1947,77,2012,65,1818164.680327869,5,1408.75,77.481979
1947,78,2012,65,1816578.090163935,6,1339.3333,73.728363
1947,79,2012,65,1815042.680327869,7,1364.5833,75.181885
1947,80,2012,65,1813456.090163935,8,1391.875,76.752617
1947,81,2012,65,1811869.5,9,1334,73.62561
1947,82,2012,65,1810334.090163935,10,1429.5417,78.96563
1947,83,2012,65,1808747.5,11,1344.25,74.319382
1947,84,2012,65,1807212.090163935,12,1494.7917,82.712578
1947,85,2013,66,1805625.5,1,1749.3333,96.882393
1947,86,2013,66,1804375.520547945,2,1484.5,82.272232
1947,87,2013,66,1803246.506849315,3,1628.8333,90.32782
1947,88,2013,66,1801996.52739726,4,1509.3333,83.758942
1947,89,2013,66,1800786.869863014,5,1512,83.963295
1947,90,2013,66,1799536.890410959,6,1502.8333,83.512222
1947,91,2013,66,1798327.232876712,7,1515.9166,84.295929
1947,92,2013,66,1797077.253424658,8,1492.875,83.072388
1947,93,2013,66,1795827.273972603,9,1435.875,79.956184
1947,94,2013,66,1794617.616438356,10,1499.0834,83.532188
1947,95,2013,66,1793367.636986301,11,1436.25,80.086761
1947,96,2013,66,1792157.979452055,12,1563.7083,87.252815
1947,97,2014,67,1790908,1,1837.5416,102.60391
1947,98,2014,67,1789932.094520548,2,1630,91.064911
1947,99,2014,67,1789050.631506849,3,1759.75,98.362228
1947,100,2014,67,1788074.726027397,4,1672.9167,93.559669
1947,101,2014,67,1787130.301369863,5,1714.5,95.935928
1947,102,2014,67,1786154.395890411,6,1583.9166,88.677475
1947,103,2014,67,1785209.971232876,7,1575,88.224915
1947,104,2014,67,1784234.065753425,8,1539.625,86.290527
1947,105,2014,67,1783258.160273972,9,1545.6666,86.676552
1947,106,2014,67,1782313.735616438,10,1593.5416,89.408592
1947,107,2014,67,1781337.830136986,11,1561.125,87.637787
1947,108,2014,67,1780393.405479452,12,1667.4167,93.654396
1947,109,2015,68,1779417.5,1,1895.4166,106.51894
1947,110,2015,68,1776526.049315069,2,1717.875,96.698555
1947,111,2015,68,1773914.416438356,3,1931.9167,108.90699
1947,112,2015,68,1771022.965753425,4,1810.75,102.24317
1947,113,2015,68,1768224.787671233,5,1733.125,98.014969
1947,114,2015,68,1765333.336986301,6,1708.875,96.801834
1947,115,2015,68,1762535.15890411,7,1749.7916,99.276978
1947,116,2015,68,1759643.708219178,8,1694.375,96.290802
1947,117,2015,68,1756752.257534247,9,1650.375,93.944664
1947,118,2015,68,1753954.079452055,10,1687.4167,96.206436
1947,119,2015,68,1751062.628767123,11,1642.125,93.77877
1947,120,2015,68,1748264.450684932,12,1719.5416,98.357063
1947,121,2016,69,1745373,1,1989.25,113.97277
1947,122,2016,69,1741716.863387978,2,1841.75,105.74336
1947,123,2016,69,1738296.606557377,3,2073.8335,119.30263
1947,124,2016,69,1734640.469945355,4,1933.625,111.47123
1947,125,2016,69,1731102.273224044,5,1892,109.29453
1947,126,2016,69,1727446.136612022,6,1822.9583,105.52909
1947,127,2016,69,1723907.93989071,7,1852.25,107.44483
1947,128,2016,69,1720251.803278688,8,1800.375,104.65765
1947,129,2016,69,1716595.666666667,9,1744.8334,101.64498
1947,130,2016,69,1713057.469945355,10,1806.9166,105.47904
1947,131,2016,69,1709401.333333333,11,1795,105.00752
1947,132,2016,69,1705863.136612022,12,1921.25,112.62627
1947,133,2017,70,1702207,1,2153.125,126.4902
1947,134,2017,70,1700162.189041096,2,2025.125,119.11363
1947,135,2017,70,1698315.263013699,3,2228.2917,131.20601
1947,136,2017,70,1696270.452054795,4,2113.4585,124.59443
1947,137,2017,70,1694291.602739726,5,2021.875,119.33453
1947,138,2017,70,1692246.791780822,6,1919.2916,113.41677
1947,139,2017,70,1690267.942465754,7,1996.2083,118.10011
1947,140,2017,70,1688223.13150685,8,1920.125,113.73645
1947,141,2017,70,1686178.320547945,9,1893.1667,112.2756
1947,142,2017,70,1684199.471232877,10,1977.4583,117.41235
1947,143,2017,70,1682154.660273973,11,1917,113.96098
1947,144,2017,70,1680175.810958904,12,2151,128.02232
1947,145,2018,71,1678131,1,2592.625,154.4948
1947,146,2018,71,1676183.223287671,2,2146.625,128.06625
1947,147,2018,71,1674423.94109589,3,2305.8335,137.70906
1947,148,2018,71,1672476.164383562,4,2194.0835,131.18773
1947,149,2018,71,1670591.219178082,5,2151.625,128.79422
1947,150,2018,71,1668643.442465753,6,2085.75,124.99674
1947,151,2018,71,1666758.497260274,7,2135.375,128.11545
1947,152,2018,71,1664810.720547945,8,2095.125,125.84764
1947,153,2018,71,1662862.943835616,9,2008.4583,120.78315
1947,154,2018,71,1660977.998630137,10,2060.8333,124.07349
1947,155,2018,71,1659030.221917808,11,2108.125,127.06972
1947,156,2018,71,1657145.276712329,12,2054.2917,123.9657
1947,157,2019,72,1655197.5,1,2450.0833,148.02362
1947,158,2019,72,1653301.743835616,2,2351.25,142.21542
1947,159,2019,72,1651589.447945205,3,2515.625,152.3154
1947,160,2019,72,1649693.691780822,4,2359.7917,143.04424
1947,161,2019,72,1647859.089041096,5,2314.5,140.45497
1947,162,2019,72,1645963.332876712,6,2299,139.67505
1947,163,2019,72,1644128.730136986,7,2196,133.56618
1947,164,2019,72,1642232.973972603,8,2188.5,133.26367
1947,165,2019,72,1640337.217808219,9,2125.5417,129.57956
1947,166,2019,72,1638502.615068493,10,2265.5833,138.27156
1947,167,2019,72,1636606.858904109,11,2191.375,133.89746
1947,168,2019,72,1634772.256164383,12,2392.5,146.35066
1947,169,2020,73,1632876.5,1,2680.75,164.17346
1947,170,2020,73,1629794.117486339,2,2575,157.99542
1947,171,2020,73,1626910.598360655,3,2723.375,167.39549
1947,172,2020,73,1623828.215846994,4,3272.5835,201.53508
1947,173,2020,73,1620845.265027322,5,2944,181.63362
1947,174,2020,73,1617762.882513661,6,2585.875,159.84265
1947,175,2020,73,1614779.931693989,7,2816.25,174.40457
1947,176,2020,73,1611697.549180328,8,2842.75,176.38235
1947,177,2020,73,1608615.166666667,9,2584.2917,160.6532
1947,178,2020,73,1605632.215846994,10,2608.6667,162.46976
1947,179,2020,73,1602549.833333333,11,2950.375,184.10504
1947,180,2020,73,1599566.882513661,12,3514.4167,219.71053
1947,181,2021,74,1596484.5,1,3956.4583,247.82315
1947,182,2021,74,1593273.706849315,2,3098.875,194.49734
1947,183,2021,74,1590373.635616438,3,2924.75,183.90332
1947,184,2021,74,1587162.842465754,4,2920.4583,184.00496
1947,185,2021,74,1584055.623287671,5,2893.25,182.64825
1947,186,2021,74,1580844.830136986,6,2677.4583,169.36882
1947,187,2021,74,1577737.610958904,7,2783.0415,176.39444
1947,188,2021,74,1574526.817808219,8,3294.5,209.23747
1947,189,2021,74,1571316.024657534,9,3319,211.22421
1947,190,2021,74,1568208.805479452,10,3144.625,200.52336
1947,191,2021,74,1564998.012328767,11,3038.125,194.12964
1947,192,2021,74,1561890.793150685,12,3358.75,215.04384
1948,1,2006,58,1847518.5,1,985.45831,53.339565
1948,2,2006,58,1846950.478082192,2,905.75,49.040298
1948,3,2006,58,1846437.426027397,3,950.91663,51.500072
1948,4,2006,58,1845869.404109589,4,872.625,47.274471
1948,5,2006,58,1845319.705479452,5,896.125,48.562046
1948,6,2006,58,1844751.683561644,6,853.25,46.252838
1948,7,2006,58,1844201.984931507,7,891.25,48.327137
1948,8,2006,58,1843633.963013699,8,844.125,45.785931
1948,9,2006,58,1843065.94109589,9,813.79169,44.154236
1948,10,2006,58,1842516.242465754,10,888.54169,48.224361
1948,11,2006,58,1841948.220547945,11,858.375,46.601475
1948,12,2006,58,1841398.521917808,12,848.83337,46.09721
1948,13,2007,59,1840830.5,1,1129.25,61.344593
1948,14,2007,59,1839217.438356164,2,994,54.044724
1948,15,2007,59,1837760.479452055,3,1016.7083,55.323223
1948,16,2007,59,1836147.417808219,4,960.37506,52.30381
1948,17,2007,59,1834586.390410959,5,961.25,52.396008
1948,18,2007,59,1832973.328767123,6,884.70831,48.266296
1948,19,2007,59,1831412.301369863,7,872.625,47.647655
1948,20,2007,59,1829799.239726027,8,890,48.639217
1948,21,2007,59,1828186.178082192,9,850,46.494171
1948,22,2007,59,1826625.150684931,10,907.33337,49.672665
1948,23,2007,59,1825012.089041096,11,912.25,49.98597
1948,24,2007,59,1823451.061643836,12,917.29163,50.305252
1948,25,2008,60,1821838,1,1110.375,60.948063
1948,26,2008,60,1821456.513661202,2,1126.875,61.866699
1948,27,2008,60,1821099.639344262,3,1148.875,63.086884
1948,28,2008,60,1820718.153005464,4,1029.7084,56.555069
1948,29,2008,60,1820348.972677596,5,1010.75,55.525066
1948,30,2008,60,1819967.486338798,6,931.83325,51.200542
1948,31,2008,60,1819598.306010929,7,930.79163,51.153687
1948,32,2008,60,1819216.819672131,8,957.625,52.639408
1948,33,2008,60,1818835.333333333,9,890.16663,48.941574
1948,34,2008,60,1818466.153005464,10,972.83337,53.497471
1948,35,2008,60,1818084.666666667,11,932.875,51.310867
1948,36,2008,60,1817715.486338798,12,1037.3334,57.067974
1948,37,2009,61,1817334,1,1214.7916,66.844711
1948,38,2009,61,1817769.995890411,2,1063.625,58.512627
1948,39,2009,61,1818163.798630137,3,1131.9167,62.256039
1948,40,2009,61,1818599.794520548,4,1093.5834,60.133263
1948,41,2009,61,1819021.726027397,5,1076.25,59.16642
1948,42,2009,61,1819457.721917808,6,1045,57.434696
1948,43,2009,61,1819879.653424657,7,989.75,54.385464
1948,44,2009,61,1820315.649315068,8,1104.25,60.662556
1948,45,2009,61,1820751.645205479,9,1002.2084,55.043663
1948,46,2009,61,1821173.576712329,10,1100.6667,60.437225
1948,47,2009,61,1821609.57260274,11,1073.125,58.910812
1948,48,2009,61,1822031.504109589,12,1128.875,61.956944
1948,49,2010,62,1822467.5,1,1283.0833,70.403625
1948,50,2010,62,1821344.450684932,2,1160.5,63.716667
1948,51,2010,62,1820330.083561644,3,1291.9166,70.971558
1948,52,2010,62,1819207.034246575,4,1130.8334,62.160786
1948,53,2010,62,1818120.212328767,5,1153.625,63.451527
1948,54,2010,62,1816997.163013699,6,1079.375,59.404331
1948,55,2010,62,1815910.34109589,7,1122.4167,61.810143
1948,56,2010,62,1814787.291780822,8,1119.625,61.694557
1948,57,2010,62,1813664.242465753,9,1027.125,56.632587
1948,58,2010,62,1812577.420547945,10,1085.5834,59.891697
1948,59,2010,62,1811454.371232877,11,1080,59.620602
1948,60,2010,62,1810367.549315068,12,1124.1666,62.096043
1948,61,2011,63,1809244.5,1,1427.4583,78.898026
1948,62,2011,63,1807893.961643836,2,1262,69.804977
1948,63,2011,63,1806674.120547945,3,1345.9167,74.496933
1948,64,2011,63,1805323.582191781,4,1259.5834,69.770508
1948,65,2011,63,1804016.609589041,5,1250.625,69.324471
1948,66,2011,63,1802666.071232877,6,1168.7083,64.832207
1948,67,2011,63,1801359.098630137,7,1190.0833,66.065849
1948,68,2011,63,1800008.560273973,8,1197.5,66.527458
1948,69,2011,63,1798658.021917808,9,1162.3334,64.622253
1948,70,2011,63,1797351.049315068,10,1215.0417,67.601807
1948,71,2011,63,1796000.510958904,11,1081.75,60.231052
1948,72,2011,63,1794693.538356164,12,1227.5,68.39608
1948,73,2012,64,1793343,1,1428.9583,79.681259
1948,74,2012,64,1791918.905737705,2,1351.75,75.43589
1948,75,2012,64,1790586.68852459,3,1406.0834,78.526405
1948,76,2012,64,1789162.594262295,4,1330.4167,74.359749
1948,77,2012,64,1787784.43852459,5,1284.125,71.827728
1948,78,2012,64,1786360.344262295,6,1217.25,68.14135
1948,79,2012,64,1784982.18852459,7,1231.7083,69.003952
1948,80,2012,64,1783558.094262295,8,1269.625,71.184952
1948,81,2012,64,1782134,9,1249.0416,70.086853
1948,82,2012,64,1780755.844262295,10,1251.9583,70.304878
1948,83,2012,64,1779331.75,11,1325.25,74.480209
1948,84,2012,64,1777953.594262295,12,1376.7083,77.432182
1948,85,2013,65,1776529.5,1,1725.125,97.106468
1948,86,2013,65,1774985.275342466,2,1477.25,83.226044
1948,87,2013,65,1773590.491780822,3,1569.8334,88.511604
1948,88,2013,65,1772046.267123288,4,1476,83.293533
1948,89,2013,65,1770551.856164383,5,1356.375,76.607468
1948,90,2013,65,1769007.631506849,6,1357.625,76.745003
1948,91,2013,65,1767513.220547945,7,1367.2084,77.352089
1948,92,2013,65,1765968.995890411,8,1365.375,77.31591
1948,93,2013,65,1764424.771232876,9,1323.8333,75.029167
1948,94,2013,65,1762930.360273973,10,1327.9166,75.324394
1948,95,2013,65,1761386.135616438,11,1380.125,78.354485
1948,96,2013,65,1759891.724657534,12,1476.4167,83.892479
1948,97,2014,66,1758347.5,1,1818.5,103.42097
1948,98,2014,66,1757240.205479452,2,1516.125,86.278755
1948,99,2014,66,1756240.068493151,3,1635.4167,93.120338
1948,100,2014,66,1755132.773972603,4,1545.9167,88.079758
1948,101,2014,66,1754061.198630137,5,1522.125,86.777191
1948,102,2014,66,1752953.904109589,6,1471.125,83.92263
1948,103,2014,66,1751882.328767123,7,1404,80.142372
1948,104,2014,66,1750775.034246575,8,1379.875,78.815094
1948,105,2014,66,1749667.739726027,9,1364.4167,77.981476
1948,106,2014,66,1748596.164383562,10,1471.375,84.146072
1948,107,2014,66,1747488.869863014,11,1452,83.09066
1948,108,2014,66,1746417.294520548,12,1553.5833,88.958305
1948,109,2015,67,1745310,1,1923.25,110.19532
1948,110,2015,67,1744476.906849315,2,1693.25,97.063477
1948,111,2015,67,1743724.435616438,3,1808.8333,103.73389
1948,112,2015,67,1742891.342465753,4,1654.2917,94.916519
1948,113,2015,67,1742085.123287671,5,1624.375,93.243149
1948,114,2015,67,1741252.030136986,6,1554.7916,89.291588
1948,115,2015,67,1740445.810958904,7,1589,91.298447
1948,116,2015,67,1739612.717808219,8,1527.375,87.799713
1948,117,2015,67,1738779.624657534,9,1474.25,84.786476
1948,118,2015,67,1737973.405479452,10,1602.4583,92.20269
1948,119,2015,67,1737140.312328767,11,1526.625,87.8815
1948,120,2015,67,1736334.093150685,12,1632.4167,94.015129
1948,121,2016,68,1735501,1,1920.5,110.65969
1948,122,2016,68,1732543.252732241,2,1872.625,108.08533
1948,123,2016,68,1729776.327868853,3,1960.1666,113.31908
1948,124,2016,68,1726818.580601093,4,1786.2084,103.43926
1948,125,2016,68,1723956.244535519,5,1772.5,102.81583
1948,126,2016,68,1720998.49726776,6,1647.4166,95.724464
1948,127,2016,68,1718136.161202186,7,1692.625,98.515182
1948,128,2016,68,1715178.413934426,8,1604.625,93.554405
1948,129,2016,68,1712220.666666667,9,1588.3333,92.764519
1948,130,2016,68,1709358.330601093,10,1674.875,97.982674
1948,131,2016,68,1706400.583333333,11,1649.125,96.643486
1948,132,2016,68,1703538.24726776,12,1778.7084,104.41259
1948,133,2017,69,1700580.5,1,2260.875,132.94725
1948,134,2017,69,1696729.323287671,2,2037.375,120.07661
1948,135,2017,69,1693250.84109589,3,2113.2917,124.80677
1948,136,2017,69,1689399.664383562,4,1889.5417,111.84693
1948,137,2017,69,1685672.719178082,5,1908,113.18923
1948,138,2017,69,1681821.542465753,6,1715.875,102.0248
1948,139,2017,69,1678094.597260274,7,1783,106.25146
1948,140,2017,69,1674243.420547945,8,1753.875,104.75627
1948,141,2017,69,1670392.243835616,9,1714.25,102.6256
1948,142,2017,69,1666665.298630137,10,1823.9167,109.4351
1948,143,2017,69,1662814.121917808,11,1826,109.81384
1948,144,2017,69,1659087.176712329,12,1972.3334,118.88064
1948,145,2018,70,1655236,1,2504.375,151.30017
1948,146,2018,70,1653315.146575343,2,2098,126.89656
1948,147,2018,70,1651580.182191781,3,2191.1667,132.67093
1948,148,2018,70,1649659.328767123,4,2057.9585,124.75051
1948,149,2018,70,1647800.438356165,5,1916,116.27621
1948,150,2018,70,1645879.584931507,6,1831.5,111.27789
1948,151,2018,70,1644020.694520548,7,1923.7917,117.01749
1948,152,2018,70,1642099.841095891,8,1849.125,112.60735
1948,153,2018,70,1640178.987671233,9,1765.3334,107.63053
1948,154,2018,70,1638320.097260274,10,1878.9166,114.68556
1948,155,2018,70,1636399.243835617,11,1926.875,117.75091
1948,156,2018,70,1634540.353424658,12,1999.6667,122.33817
1948,157,2019,71,1632619.5,1,2531.2083,155.03969
1948,158,2019,71,1630914.24520548,2,2298.625,140.94089
1948,159,2019,71,1629374.015068493,3,2336.875,143.42165
1948,160,2019,71,1627668.760273973,4,2182.1667,134.067
1948,161,2019,71,1626018.513698631,5,2131.875,131.11014
1948,162,2019,71,1624313.25890411,6,2038.4583,125.49662
1948,163,2019,71,1622663.012328767,7,2019.9167,124.48159
1948,164,2019,71,1620957.757534247,8,1994.625,123.05225
1948,165,2019,71,1619252.502739726,9,1911.25,118.03286
1948,166,2019,71,1617602.256164384,10,2079.0835,128.52872
1948,167,2019,71,1615897.001369863,11,2045.5,126.58604
1948,168,2019,71,1614246.754794521,12,2163.4167,134.0202
1948,169,2020,72,1612541.5,1,2755.2915,170.86639
1948,170,2020,72,1609773.479508197,2,2424,150.58018
1948,171,2020,72,1607184.040983607,3,2615.0417,162.70953
1948,172,2020,72,1604416.020491804,4,2982.4167,185.888
1948,173,2020,72,1601737.290983607,5,2647.25,165.27367
1948,174,2020,72,1598969.270491804,6,2364.2083,147.85826
1948,175,2020,72,1596290.540983607,7,2570.4167,161.02437
1948,176,2020,72,1593522.520491804,8,2555.5,160.36798
1948,177,2020,72,1590754.5,9,2357.0835,148.17393
1948,178,2020,72,1588075.770491804,10,2548.4167,160.47198
1948,179,2020,72,1585307.75,11,2697.375,170.14835
1948,180,2020,72,1582629.020491804,12,3299.6667,208.49275
1948,181,2021,73,1579861,1,3928.9583,248.69012
1948,182,2021,73,1576984.879452055,2,3045.5,193.1217
1948,183,2021,73,1574387.093150685,3,2805.0415,178.16721
1948,184,2021,73,1571510.97260274,4,2650.5835,168.66466
1948,185,2021,73,1568727.630136986,5,2600.625,165.77925
1948,186,2021,73,1565851.509589041,6,2443.9165,156.07588
1948,187,2021,73,1563068.167123288,7,2565.3335,164.12166
1948,188,2021,73,1560192.046575343,8,2996.875,192.08372
1948,189,2021,73,1557315.926027397,9,3066.5415,196.91197
1948,190,2021,73,1554532.583561644,10,2930.25,188.49718
1948,191,2021,73,1551656.463013699,11,2700,174.00758
1948,192,2021,73,1548873.120547945,12,3079.5415,198.82465
1949,1,2006,57,1892852.5,1,878.91663,46.433445
1949,2,2006,57,1892315.053424657,2,816.75,43.161419
1949,3,2006,57,1891829.617808219,3,883.33337,46.692017
1949,4,2006,57,1891292.171232876,4,797.58337,42.171345
1949,5,2006,57,1890772.061643835,5,797.25,42.165314
1949,6,2006,57,1890234.615068493,6,760.70831,40.244122
1949,7,2006,57,1889714.505479452,7,820.33331,43.410435
1949,8,2006,57,1889177.058904109,8,803.75,42.544979
1949,9,2006,57,1888639.612328767,9,785.45831,41.588577
1949,10,2006,57,1888119.502739726,10,795.29169,42.120834
1949,11,2006,57,1887582.056164383,11,785.625,41.620708
1949,12,2006,57,1887061.946575342,12,825.75,43.758499
1949,13,2007,58,1886524.5,1,948.25,50.264389
1949,14,2007,58,1885954.906849315,2,852.5,45.202564
1949,15,2007,58,1885440.435616439,3,903.41669,47.915421
1949,16,2007,58,1884870.842465753,4,887.25006,47.072193
1949,17,2007,58,1884319.623287671,5,874.625,46.415958
1949,18,2007,58,1883750.030136986,6,850.20831,45.13382
1949,19,2007,58,1883198.810958904,7,844.58337,44.848339
1949,20,2007,58,1882629.217808219,8,836.5,44.432541
1949,21,2007,58,1882059.624657534,9,831.75,44.193604
1949,22,2007,58,1881508.405479452,10,827.79163,43.99617
1949,23,2007,58,1880938.812328767,11,830.125,44.133545
1949,24,2007,58,1880387.593150685,12,873.75,46.466484
1949,25,2008,59,1879818,1,1047.625,55.730129
1949,26,2008,59,1878042.233606558,2,977.625,52.055538
1949,27,2008,59,1876381.032786885,3,995.25,53.040932
1949,28,2008,59,1874605.266393443,4,910.875,48.590229
1949,29,2008,59,1872886.782786885,5,906.125,48.381195
1949,30,2008,59,1871111.016393443,6,892.125,47.67889
1949,31,2008,59,1869392.532786885,7,881.5,47.154354
1949,32,2008,59,1867616.766393443,8,869.875,46.57674
1949,33,2008,59,1865841,9,866.04163,46.415619
1949,34,2008,59,1864122.516393443,10,876.5,47.019444
1949,35,2008,59,1862346.75,11,828.875,44.507019
1949,36,2008,59,1860628.266393443,12,936.20831,50.316784
1949,37,2009,60,1858852.5,1,1095.25,58.920757
1949,38,2009,60,1858208.421917808,2,972.5,52.335358
1949,39,2009,60,1857626.673972603,3,1040.0834,55.989902
1949,40,2009,60,1856982.595890411,4,998.625,53.776756
1949,41,2009,60,1856359.294520548,5,970.125,52.259548
1949,42,2009,60,1855715.216438356,6,933.37494,50.297314
1949,43,2009,60,1855091.915068493,7,937.16663,50.518608
1949,44,2009,60,1854447.836986301,8,1003.75,54.126625
1949,45,2009,60,1853803.758904109,9,937.625,50.578438
1949,46,2009,60,1853180.457534247,10,976.83331,52.711182
1949,47,2009,60,1852536.379452055,11,950.625,51.314781
1949,48,2009,60,1851913.078082192,12,1028.375,55.530415
1949,49,2010,61,1851269,1,1165.25,62.94331
1949,50,2010,61,1850396.41369863,2,1016.375,54.927418
1949,51,2010,61,1849608.271232876,3,1097.3334,59.327881
1949,52,2010,61,1848735.684931507,4,1046,56.579208
1949,53,2010,61,1847891.246575342,5,1055.625,57.125927
1949,54,2010,61,1847018.660273972,6,1012.2083,54.80228
1949,55,2010,61,1846174.221917808,7,1046.3334,56.675766
1949,56,2010,61,1845301.635616438,8,1021.75,55.37035
1949,57,2010,61,1844429.049315068,9,974.33337,52.825745
1949,58,2010,61,1843584.610958904,10,1020.875,55.374458
1949,59,2010,61,1842712.024657534,11,972.375,52.768692
1949,60,2010,61,1841867.58630137,12,1037.5833,56.333218
1949,61,2011,62,1840995,1,1293.9583,70.285812
1949,62,2011,62,1839820.057534247,2,1141,62.016933
1949,63,2011,62,1838758.819178082,3,1252.4584,68.114334
1949,64,2011,62,1837583.876712329,4,1125.0834,61.226231
1949,65,2011,62,1836446.835616438,5,1142.75,62.226143
1949,66,2011,62,1835271.893150685,6,1090.625,59.4258
1949,67,2011,62,1834134.852054795,7,1096.0833,59.760231
1949,68,2011,62,1832959.909589041,8,1068,58.266415
1949,69,2011,62,1831784.967123288,9,1058.4166,57.780617
1949,70,2011,62,1830647.926027397,10,1072.2916,58.574432
1949,71,2011,62,1829472.983561644,11,1053.75,57.598557
1949,72,2011,62,1828335.942465754,12,1157,63.281586
1949,73,2012,63,1827161,1,1286.2084,70.393814
1949,74,2012,63,1825749.44125683,2,1235.75,67.684532
1949,75,2012,63,1824428.950819672,3,1263.5,69.254547
1949,76,2012,63,1823017.392076503,4,1229,67.415703
1949,77,2012,63,1821651.367486339,5,1222.25,67.095711
1949,78,2012,63,1820239.80874317,6,1151.0416,63.235714
1949,79,2012,63,1818873.784153006,7,1167.625,64.194946
1949,80,2012,63,1817462.225409836,8,1184.125,65.152664
1949,81,2012,63,1816050.666666667,9,1129.5,62.1954
1949,82,2012,63,1814684.642076503,10,1164.1666,64.152557
1949,83,2012,63,1813273.083333333,11,1151,63.476376
1949,84,2012,63,1811907.05874317,12,1307.7917,72.177643
1949,85,2013,64,1810495.5,1,1517.9584,83.842148
1949,86,2013,64,1809101.136986301,2,1385.75,76.598816
1949,87,2013,64,1807841.712328767,3,1456.9584,80.591034
1949,88,2013,64,1806447.349315069,4,1296.25,71.756866
1949,89,2013,64,1805097.965753425,5,1273.75,70.564034
1949,90,2013,64,1803703.602739726,6,1193.8333,66.187881
1949,91,2013,64,1802354.219178082,7,1286.0833,71.355743
1949,92,2013,64,1800959.856164384,8,1237.5,68.713356
1949,93,2013,64,1799565.493150685,9,1214.75,67.502403
1949,94,2013,64,1798216.109589041,10,1278.9166,71.121407
1949,95,2013,64,1796821.746575342,11,1272.625,70.826447
1949,96,2013,64,1795472.363013699,12,1364.7083,76.008316
1949,97,2014,65,1794078,1,1619.7916,90.285461
1949,98,2014,65,1792520.398630137,2,1306.75,72.900146
1949,99,2014,65,1791113.532876712,3,1515.75,84.626129
1949,100,2014,65,1789555.931506849,4,1410.5417,78.82077
1949,101,2014,65,1788048.575342465,5,1396.125,78.080933
1949,102,2014,65,1786490.973972603,6,1336.5833,74.816124
1949,103,2014,65,1784983.617808219,7,1379.125,77.262611
1949,104,2014,65,1783426.016438356,8,1300.875,72.942474
1949,105,2014,65,1781868.415068493,9,1260.8333,70.759056
1949,106,2014,65,1780361.058904109,10,1396.5834,78.443825
1949,107,2014,65,1778803.457534246,11,1394.375,78.388367
1949,108,2014,65,1777296.101369863,12,1533.6667,86.292137
1949,109,2015,66,1775738.5,1,1810.2916,101.94585
1949,110,2015,66,1774731.679452055,2,1516.875,85.470665
1949,111,2015,66,1773822.293150685,3,1644.7917,92.725845
1949,112,2015,66,1772815.47260274,4,1523.25,85.922646
1949,113,2015,66,1771841.130136986,5,1483.875,83.747635
1949,114,2015,66,1770834.309589041,6,1440.1666,81.327011
1949,115,2015,66,1769859.967123288,7,1434.875,81.0728
1949,116,2015,66,1768853.146575342,8,1406.75,79.528931
1949,117,2015,66,1767846.326027397,9,1376.5417,77.865463
1949,118,2015,66,1766871.983561644,10,1503.375,85.086807
1949,119,2015,66,1765865.163013699,11,1427.5,80.838562
1949,120,2015,66,1764890.820547945,12,1563.8333,88.607933
1949,121,2016,67,1763884,1,1787,101.31052
1949,122,2016,67,1763144.192622951,2,1744.5,98.942558
1949,123,2016,67,1762452.114754098,3,1777.7084,100.86562
1949,124,2016,67,1761712.307377049,4,1682.9167,95.527328
1949,125,2016,67,1760996.364754098,5,1615.125,91.716545
1949,126,2016,67,1760256.557377049,6,1554.5833,88.31572
1949,127,2016,67,1759540.614754098,7,1543.125,87.700447
1949,128,2016,67,1758800.807377049,8,1541.75,87.659157
1949,129,2016,67,1758061,9,1477.9583,84.06752
1949,130,2016,67,1757345.057377049,10,1555.0834,88.490494
1949,131,2016,67,1756605.25,11,1538.5,87.58371
1949,132,2016,67,1755889.307377049,12,1694.4166,96.499054
1949,133,2017,68,1755149.5,1,2021.4584,115.173
1949,134,2017,68,1751988.858904109,2,1792,102.28375
1949,135,2017,68,1749134.08630137,3,1904.7083,108.89436
1949,136,2017,68,1745973.445205479,4,1734.25,99.328545
1949,137,2017,68,1742914.760273973,5,1796,103.04578
1949,138,2017,68,1739754.119178082,6,1601.875,92.074791
1949,139,2017,68,1736695.434246575,7,1657.9584,95.46627
1949,140,2017,68,1733534.793150685,8,1624.375,93.703049
1949,141,2017,68,1730374.152054794,9,1610.3334,93.062729
1949,142,2017,68,1727315.467123287,10,1664.0416,96.336868
1949,143,2017,68,1724154.826027397,11,1655.5,96.018059
1949,144,2017,68,1721096.14109589,12,1791.5416,104.09306
1949,145,2018,69,1717935.5,1,2256.5833,131.35437
1949,146,2018,69,1713843.287671233,2,1893.75,110.49727
1949,147,2018,69,1710147.095890411,3,1933.75,113.07507
1949,148,2018,69,1706054.883561644,4,1898.5,111.28012
1949,149,2018,69,1702094.678082192,5,1803.25,105.94299
1949,150,2018,69,1698002.465753425,6,1696.4583,99.909058
1949,151,2018,69,1694042.260273973,7,1738.25,102.6096
1949,152,2018,69,1689950.047945206,8,1700.75,100.63907
1949,153,2018,69,1685857.835616439,9,1696.625,100.63868
1949,154,2018,69,1681897.630136986,10,1850.2084,110.00719
1949,155,2018,69,1677805.417808219,11,1727.5,102.96188
1949,156,2018,69,1673845.212328767,12,1874.375,111.98019
1949,157,2019,70,1669753,1,2229.5833,133.52773
1949,158,2019,70,1668076.834246575,2,1953.25,117.09592
1949,159,2019,70,1666562.878082192,3,2131.0833,127.87296
1949,160,2019,70,1664886.712328767,4,2037.0001,122.35068
1949,161,2019,70,1663264.616438356,5,1965.5,118.17121
1949,162,2019,70,1661588.450684932,6,1897.75,114.213
1949,163,2019,70,1659966.354794521,7,1886.5417,113.6494
1949,164,2019,70,1658290.189041096,8,1870.625,112.80444
1949,165,2019,70,1656614.023287671,9,1801.0417,108.71825
1949,166,2019,70,1654991.92739726,10,1903.7083,115.02825
1949,167,2019,70,1653315.761643836,11,1871,113.16653
1949,168,2019,70,1651693.665753425,12,2020.7916,122.34663
1949,169,2020,71,1650017.5,1,2477.7083,150.16254
1949,170,2020,71,1647452.50409836,2,2226.5,135.14806
1949,171,2020,71,1645052.991803278,3,2388.5835,145.19797
1949,172,2020,71,1642487.995901639,4,2757.625,167.89316
1949,173,2020,71,1640005.741803278,5,2370.5,144.54218
1949,174,2020,71,1637440.745901639,6,2176.1665,132.90047
1949,175,2020,71,1634958.491803278,7,2435.875,148.98697
1949,176,2020,71,1632393.495901639,8,2365.125,144.88695
1949,177,2020,71,1629828.5,9,2217.5833,136.06236
1949,178,2020,71,1627346.245901639,10,2288.0415,140.59955
1949,179,2020,71,1624781.25,11,2522.625,155.25937
1949,180,2020,71,1622298.995901639,12,2989.125,184.25241
1949,181,2021,72,1619734,1,3575.0833,220.7204
1949,182,2021,72,1617083.24520548,2,2749.375,170.02063
1949,183,2021,72,1614689.015068493,3,2633.875,163.11964
1949,184,2021,72,1612038.260273973,4,2455.1667,152.30202
1949,185,2021,72,1609473.01369863,5,2471,153.52852
1949,186,2021,72,1606822.25890411,6,2227.2083,138.6095
1949,187,2021,72,1604257.012328767,7,2415.5835,150.57335
1949,188,2021,72,1601606.257534247,8,2842.125,177.45467
1949,189,2021,72,1598955.502739726,9,2883.625,180.3443
1949,190,2021,72,1596390.256164384,10,2807.1667,175.84465
1949,191,2021,72,1593739.501369863,11,2558.125,160.51086
1949,192,2021,72,1591174.254794521,12,2934.7917,184.44188
1950,1,2006,56,1929469,1,830.45831,43.040771
1950,2,2006,56,1929403.347945206,2,786.375,40.75742
1950,3,2006,56,1929344.049315069,3,799.95831,41.462708
1950,4,2006,56,1929278.397260274,4,757.41663,39.259064
1950,5,2006,56,1929214.863013699,5,773.125,40.074593
1950,6,2006,56,1929149.210958904,6,709.54163,36.780029
1950,7,2006,56,1929085.676712329,7,769.375,39.882885
1950,8,2006,56,1929020.024657534,8,750.125,38.886326
1950,9,2006,56,1928954.37260274,9,725.20837,37.595932
1950,10,2006,56,1928890.838356165,10,757.95837,39.295036
1950,11,2006,56,1928825.18630137,11,755.875,39.188362
1950,12,2006,56,1928761.652054795,12,781.875,40.53767
1950,13,2007,57,1928696,1,884,45.834076
1950,14,2007,57,1928142.034246575,2,828.75,42.981792
1950,15,2007,57,1927641.678082192,3,851.16663,44.155853
1950,16,2007,57,1927087.712328767,4,827.41675,42.936123
1950,17,2007,57,1926551.616438356,5,779.625,40.467381
1950,18,2007,57,1925997.650684932,6,804.16663,41.75325
1950,19,2007,57,1925461.554794521,7,807.875,41.957474
1950,20,2007,57,1924907.589041096,8,803.25,41.729275
1950,21,2007,57,1924353.623287671,9,759.875,39.487286
1950,22,2007,57,1923817.52739726,10,808.25,42.012821
1950,23,2007,57,1923263.561643836,11,788.5,40.99802
1950,24,2007,57,1922727.465753425,12,825.04169,42.909966
1950,25,2008,58,1922173.5,1,987.66669,51.382805
1950,26,2008,58,1921576.157103825,2,955.375,49.7183
1950,27,2008,58,1921017.352459016,3,944.5,49.166656
1950,28,2008,58,1920420.009562841,4,892.29169,46.46336
1950,29,2008,58,1919841.93579235,5,868.5,45.238098
1950,30,2008,58,1919244.592896175,6,830.5,43.272232
1950,31,2008,58,1918666.519125683,7,824.375,42.966038
1950,32,2008,58,1918069.176229508,8,831,43.324818
1950,33,2008,58,1917471.833333333,9,821.41669,42.838528
1950,34,2008,58,1916893.759562841,10,848.45837,44.26215
1950,35,2008,58,1916296.416666667,11,852.75,44.499901
1950,36,2008,58,1915718.342896175,12,868.75,45.348526
1950,37,2009,59,1915121,1,1093.4166,57.093868
1950,38,2009,59,1913345.506849315,2,933.625,48.795422
1950,39,2009,59,1911741.835616438,3,994.375,52.014084
1950,40,2009,59,1909966.342465753,4,948.25,49.647472
1950,41,2009,59,1908248.123287671,5,898.5,47.085072
1950,42,2009,59,1906472.630136986,6,896.16663,47.006531
1950,43,2009,59,1904754.410958904,7,882,46.305183
1950,44,2009,59,1902978.917808219,8,893.375,46.946133
1950,45,2009,59,1901203.424657534,9,901.16663,47.399799
1950,46,2009,59,1899485.205479452,10,953.91669,50.219749
1950,47,2009,59,1897709.712328767,11,896.375,47.23457
1950,48,2009,59,1895991.493150685,12,971.29169,51.228695
1950,49,2010,60,1894216,1,1051.9584,55.53529
1950,50,2010,60,1893252.834246575,2,958.875,50.646961
1950,51,2010,60,1892382.878082192,3,1078.9584,57.015862
1950,52,2010,60,1891419.712328767,4,988.375,52.255722
1950,53,2010,60,1890487.616438356,5,978.875,51.778969
1950,54,2010,60,1889524.450684932,6,960.95831,50.857151
1950,55,2010,60,1888592.35479452,7,966.45837,51.173477
1950,56,2010,60,1887629.189041096,8,974.75,51.638851
1950,57,2010,60,1886666.023287671,9,931.08331,49.350723
1950,58,2010,60,1885733.92739726,10,990,52.499454
1950,59,2010,60,1884770.761643836,11,978.25,51.902863
1950,60,2010,60,1883838.665753425,12,1080,57.32975
1950,61,2011,61,1882875.5,1,1152.875,61.229488
1950,62,2011,61,1882153.964383562,2,1025.5,54.485447
1950,63,2011,61,1881502.254794521,3,1126.5,59.872372
1950,64,2011,61,1880780.719178082,4,1045.2084,55.573112
1950,65,2011,61,1880082.45890411,5,1029.125,54.738289
1950,66,2011,61,1879360.923287671,6,1018.5416,54.196171
1950,67,2011,61,1878662.663013699,7,1009.125,53.715073
1950,68,2011,61,1877941.12739726,8,1017.125,54.161709
1950,69,2011,61,1877219.591780822,9,1032.4166,54.997116
1950,70,2011,61,1876521.331506849,10,1054.7916,56.209946
1950,71,2011,61,1875799.795890411,11,989.125,52.730839
1950,72,2011,61,1875101.535616438,12,1148.25,61.236683
1950,73,2012,62,1874380,1,1197.4166,63.883343
1950,74,2012,62,1873117.851092896,2,1116.25,59.593155
1950,75,2012,62,1871937.131147541,3,1173.875,62.709103
1950,76,2012,62,1870674.982240437,4,1101.25,58.869125
1950,77,2012,62,1869453.547814208,5,1149.375,61.481869
1950,78,2012,62,1868191.398907104,6,1070.4583,57.299175
1950,79,2012,62,1866969.964480874,7,1154.2084,61.822548
1950,80,2012,62,1865707.815573771,8,1138.25,61.009018
1950,81,2012,62,1864445.666666667,9,1108.0833,59.432316
1950,82,2012,62,1863224.232240437,10,1150.7917,61.763458
1950,83,2012,62,1861962.083333333,11,1112,59.721947
1950,84,2012,62,1860740.648907104,12,1285.8333,69.103302
1950,85,2013,63,1859478.5,1,1442.8333,77.593437
1950,86,2013,63,1858009.184931507,2,1251.75,67.370499
1950,87,2013,63,1856682.061643836,3,1360.9583,73.300552
1950,88,2013,63,1855212.746575342,4,1183.875,63.813435
1950,89,2013,63,1853790.828767123,5,1214,65.487434
1950,90,2013,63,1852321.51369863,6,1098.25,59.290462
1950,91,2013,63,1850899.595890411,7,1209.375,65.339851
1950,92,2013,63,1849430.280821918,8,1139.625,61.620327
1950,93,2013,63,1847960.965753424,9,1146.125,62.021061
1950,94,2013,63,1846539.047945206,10,1196.0417,64.772079
1950,95,2013,63,1845069.732876712,11,1201.125,65.099167
1950,96,2013,63,1843647.815068493,12,1334.125,72.363335
1950,97,2014,64,1842178.5,1,1543.7083,83.797974
1950,98,2014,64,1840743.539726028,2,1298.125,70.521774
1950,99,2014,64,1839447.446575343,3,1396.4166,75.915009
1950,100,2014,64,1838012.48630137,4,1273.3334,69.277733
1950,101,2014,64,1836623.815068493,5,1286.375,70.040199
1950,102,2014,64,1835188.854794521,6,1248.875,68.051582
1950,103,2014,64,1833800.183561644,7,1319.375,71.947586
1950,104,2014,64,1832365.223287671,8,1258.375,68.674904
1950,105,2014,64,1830930.263013699,9,1226.125,66.967323
1950,106,2014,64,1829541.591780822,10,1378.0416,75.321686
1950,107,2014,64,1828106.63150685,11,1285.625,70.325493
1950,108,2014,64,1826717.960273973,12,1420.875,77.782944
1950,109,2015,65,1825283,1,1720.0416,94.234245
1950,110,2015,65,1823690.449315068,2,1433.25,78.590637
1950,111,2015,65,1822252.016438356,3,1577.625,86.575569
1950,112,2015,65,1820659.465753424,4,1426.7917,78.366753
1950,113,2015,65,1819118.287671233,5,1399.375,76.926003
1950,114,2015,65,1817525.736986301,6,1353.9166,74.492294
1950,115,2015,65,1815984.55890411,7,1327.7083,73.112312
1950,116,2015,65,1814392.008219178,8,1362.875,75.114693
1950,117,2015,65,1812799.457534246,9,1369.8334,75.564529
1950,118,2015,65,1811258.279452055,10,1435.4584,79.251999
1950,119,2015,65,1809665.728767123,11,1357.25,75.000038
1950,120,2015,65,1808124.550684931,12,1467.0834,81.138405
1950,121,2016,66,1806532,1,1620.0834,89.679199
1950,122,2016,66,1805575.531420765,2,1619.375,89.687469
1950,123,2016,66,1804680.770491803,3,1677.5416,92.955032
1950,124,2016,66,1803724.301912568,4,1534.0834,85.05088
1950,125,2016,66,1802798.68715847,5,1512.125,83.876534
1950,126,2016,66,1801842.218579235,6,1466.875,81.409737
1950,127,2016,66,1800916.603825136,7,1506.9584,83.677299
1950,128,2016,66,1799960.135245902,8,1459.625,81.092072
1950,129,2016,66,1799003.666666667,9,1408.875,78.314178
1950,130,2016,66,1798078.051912568,10,1491.5833,82.954308
1950,131,2016,66,1797121.583333333,11,1445.375,80.427223
1950,132,2016,66,1796195.968579235,12,1658.4166,92.329384
1950,133,2017,67,1795239.5,1,1865.3333,103.90443
1950,134,2017,67,1794559.920547945,2,1574.625,87.744354
1950,135,2017,67,1793946.106849315,3,1780.7917,99.266739
1950,136,2017,67,1793266.52739726,4,1652.5417,92.152603
1950,137,2017,67,1792608.869863014,5,1648.375,91.953972
1950,138,2017,67,1791929.290410959,6,1527.25,85.22937
1950,139,2017,67,1791271.632876712,7,1564.6666,87.349487
1950,140,2017,67,1790592.053424657,8,1564,87.345413
1950,141,2017,67,1789912.473972603,9,1507.6666,84.231308
1950,142,2017,67,1789254.816438356,10,1563.0834,87.359459
1950,143,2017,67,1788575.236986301,11,1577.75,88.212669
1950,144,2017,67,1787917.579452055,12,1807.9584,101.1209
1950,145,2018,68,1787238,1,2170.8333,121.46302
1950,146,2018,68,1783864.817808219,2,1682.625,94.324692
1950,147,2018,68,1780818.07260274,3,1822.3334,102.33125
1950,148,2018,68,1777444.890410959,4,1747.6667,98.324669
1950,149,2018,68,1774180.520547945,5,1732.5,97.650719
1950,150,2018,68,1770807.338356164,6,1624.7916,91.754288
1950,151,2018,68,1767542.968493151,7,1609.6666,91.068031
1950,152,2018,68,1764169.78630137,8,1634.125,92.628555
1950,153,2018,68,1760796.604109589,9,1670.5416,94.874199
1950,154,2018,68,1757532.234246575,10,1747.0834,99.405479
1950,155,2018,68,1754159.052054795,11,1666.125,94.981407
1950,156,2018,68,1750894.682191781,12,1798.0833,102.69511
1950,157,2019,69,1747521.5,1,2056.25,117.66665
1950,158,2019,69,1744143.009589041,2,1842.125,105.61777
1950,159,2019,69,1741091.469863014,3,2002.9584,115.04039
1950,160,2019,69,1737712.979452055,4,1852.5001,106.60564
1950,161,2019,69,1734443.472602739,5,1877.375,108.24077
1950,162,2019,69,1731064.982191781,6,1750.125,101.10106
1950,163,2019,69,1727795.475342466,7,1777.6666,102.88641
1950,164,2019,69,1724416.984931507,8,1745,101.19362
1950,165,2019,69,1721038.494520548,9,1710.7084,99.399773
1950,166,2019,69,1717768.987671233,10,1828,106.41711
1950,167,2019,69,1714390.497260274,11,1774.5,103.50617
1950,168,2019,69,1711120.990410959,12,1972.8334,115.29479
1950,169,2020,70,1707742.5,1,2278.7083,133.43394
1950,170,2020,70,1705335.892076503,2,2056.25,120.57742
1950,171,2020,70,1703084.549180328,3,2206.25,129.54436
1950,172,2020,70,1700677.94125683,4,2588.625,152.21136
1950,173,2020,70,1698348.965846994,5,2239.625,131.87071
1950,174,2020,70,1695942.357923497,6,2002.9166,118.10051
1950,175,2020,70,1693613.382513661,7,2286.7915,135.02441
1950,176,2020,70,1691206.774590164,8,2196.75,129.89246
1950,177,2020,70,1688800.166666667,9,2066.5417,122.36745
1950,178,2020,70,1686471.19125683,10,2231.25,132.30289
1950,179,2020,70,1684064.583333333,11,2470.5,146.69865
1950,180,2020,70,1681735.607923497,12,2815.9583,167.44357
1950,181,2021,71,1679329,1,3382.4583,201.41725
1950,182,2021,71,1676848.660273973,2,2548.25,151.96661
1950,183,2021,71,1674608.353424657,3,2506.625,149.68425
1950,184,2021,71,1672128.01369863,4,2327.5835,139.19888
1950,185,2021,71,1669727.684931507,5,2291.875,137.26041
1950,186,2021,71,1667247.345205479,6,2080.7915,124.80401
1950,187,2021,71,1664847.016438356,7,2239.0415,134.48932
1950,188,2021,71,1662366.676712329,8,2695,162.11827
1950,189,2021,71,1659886.336986301,9,2842.7085,171.25923
1950,190,2021,71,1657486.008219178,10,2625.4585,158.40004
1950,191,2021,71,1655005.668493151,11,2523.875,152.49948
1950,192,2021,71,1652605.339726027,12,2918.4583,176.59741
1951,1,2006,55,1957046,1,817.79163,41.787041
1951,2,2006,55,1956756.426027398,2,721.875,36.891407
1951,3,2006,55,1956494.875342466,3,787.04169,40.227127
1951,4,2006,55,1956205.301369863,4,732,37.419384
1951,5,2006,55,1955925.068493151,5,710.625,36.331913
1951,6,2006,55,1955635.494520548,6,680.25,34.784088
1951,7,2006,55,1955355.261643836,7,741.08337,37.900192
1951,8,2006,55,1955065.687671233,8,730.375,37.358078
1951,9,2006,55,1954776.11369863,9,681.16663,34.846272
1951,10,2006,55,1954495.880821918,10,750.04169,38.375198
1951,11,2006,55,1954206.306849315,11,736.375,37.681538
1951,12,2006,55,1953926.073972603,12,817.375,41.832443
1951,13,2007,56,1953636.5,1,857.95831,43.915966
1951,14,2007,56,1953610.893150685,2,738.375,37.795399
1951,15,2007,56,1953587.764383562,3,784.33337,40.148357
1951,16,2007,56,1953562.157534247,4,758.08337,38.805183
1951,17,2007,56,1953537.376712329,5,769.125,39.370888
1951,18,2007,56,1953511.769863014,6,741.625,37.963684
1951,19,2007,56,1953486.989041096,7,778.08331,39.830482
1951,20,2007,56,1953461.382191781,8,766.25,39.225243
1951,21,2007,56,1953435.775342466,9,738.79163,37.820114
1951,22,2007,56,1953410.994520548,10,780.08337,39.934422
1951,23,2007,56,1953385.387671233,11,764.75,39.149982
1951,24,2007,56,1953360.606849315,12,808.625,41.396606
1951,25,2008,57,1953335,1,863.70831,44.21711
1951,26,2008,57,1952743.204918033,2,858.25,43.950993
1951,27,2008,57,1952189.590163935,3,880.5,45.103203
1951,28,2008,57,1951597.795081967,4,837.04169,42.890072
1951,29,2008,57,1951025.090163935,5,833,42.695503
1951,30,2008,57,1950433.295081967,6,783.33331,40.162014
1951,31,2008,57,1949860.590163935,7,779.70837,39.987904
1951,32,2008,57,1949268.795081967,8,836.5,42.913528
1951,33,2008,57,1948677,9,776.20831,39.832581
1951,34,2008,57,1948104.295081967,10,825.625,42.380943
1951,35,2008,57,1947512.5,11,793.25,40.731445
1951,36,2008,57,1946939.795081967,12,897.625,46.104404
1951,37,2009,58,1946348,1,918.83331,47.208069
1951,38,2009,58,1945767.450684932,2,879.5,45.200672
1951,39,2009,58,1945243.083561644,3,925.20837,47.562611
1951,40,2009,58,1944662.534246575,4,881.33337,45.320633
1951,41,2009,58,1944100.712328767,5,863.625,44.422852
1951,42,2009,58,1943520.163013699,6,842.95831,43.372757
1951,43,2009,58,1942958.34109589,7,859.625,44.243099
1951,44,2009,58,1942377.791780822,8,823.375,42.390053
1951,45,2009,58,1941797.242465754,9,859.70837,44.273849
1951,46,2009,58,1941235.420547945,10,906.91663,46.718529
1951,47,2009,58,1940654.871232877,11,902.375,46.498478
1951,48,2009,58,1940093.049315068,12,956.54163,49.303905
1951,49,2010,59,1939512.5,1,959.58331,49.475491
1951,50,2010,59,1938498.290410959,2,925.75,47.756039
1951,51,2010,59,1937582.230136986,3,971.20837,50.124756
1951,52,2010,59,1936568.020547945,4,929.83337,48.014496
1951,53,2010,59,1935586.52739726,5,911.25,47.078754
1951,54,2010,59,1934572.317808219,6,922.29163,47.674187
1951,55,2010,59,1933590.824657534,7,936.25,48.420277
1951,56,2010,59,1932576.615068493,8,926.75,47.954113
1951,57,2010,59,1931562.405479452,9,900.16663,46.603031
1951,58,2010,59,1930580.912328767,10,922.45831,47.781387
1951,59,2010,59,1929566.702739726,11,939.875,48.709122
1951,60,2010,59,1928585.209589041,12,1032.1666,53.519367
1951,61,2011,60,1927571,1,1102.5,57.196335
1951,62,2011,60,1926606.263013698,2,999.125,51.859325
1951,63,2011,60,1925734.887671233,3,1052.9167,54.676102
1951,64,2011,60,1924770.150684931,4,951.58337,49.438805
1951,65,2011,60,1923836.534246575,5,982.625,51.076324
1951,66,2011,60,1922871.797260274,6,959.12494,49.879818
1951,67,2011,60,1921938.180821917,7,958.45837,49.869366
1951,68,2011,60,1920973.443835616,8,981.25,51.080872
1951,69,2011,60,1920008.706849315,9,981.29169,51.108711
1951,70,2011,60,1919075.090410959,10,981.625,51.150944
1951,71,2011,60,1918110.353424657,11,992.25,51.730598
1951,72,2011,60,1917176.736986301,12,1054.0834,54.981022
1951,73,2012,61,1916212,1,1156.625,60.35997
1951,74,2012,61,1915601.952185792,2,1078,56.274738
1951,75,2012,61,1915031.262295082,3,1089.3334,56.88332
1951,76,2012,61,1914421.214480874,4,1077.0834,56.261566
1951,77,2012,61,1913830.845628415,5,1065.75,55.686741
1951,78,2012,61,1913220.797814208,6,1035.375,54.116859
1951,79,2012,61,1912630.428961749,7,1111.4583,58.1115
1951,80,2012,61,1912020.381147541,8,1091.75,57.099285
1951,81,2012,61,1911410.333333333,9,1021.6666,53.450932
1951,82,2012,61,1910819.964480874,10,1081.3334,56.590019
1951,83,2012,61,1910209.916666667,11,1097.75,57.467506
1951,84,2012,61,1909619.547814208,12,1215.0417,63.627426
1951,85,2013,62,1909009.5,1,1319.5416,69.121796
1951,86,2013,62,1907663.930136987,2,1111.375,58.258427
1951,87,2013,62,1906448.576712329,3,1287.7084,67.544876
1951,88,2013,62,1905103.006849315,4,1161.125,60.948147
1951,89,2013,62,1903800.842465754,5,1155,60.66811
1951,90,2013,62,1902455.27260274,6,1105.875,58.12883
1951,91,2013,62,1901153.108219178,7,1151.375,60.561928
1951,92,2013,62,1899807.538356164,8,1101,57.953239
1951,93,2013,62,1898461.968493151,9,1091.9166,57.515854
1951,94,2013,62,1897159.804109589,10,1140.9584,60.140343
1951,95,2013,62,1895814.234246576,11,1116,58.866528
1951,96,2013,62,1894512.069863014,12,1295.625,68.388321
1951,97,2014,63,1893166.5,1,1490.0416,78.706314
1951,98,2014,63,1891576.667123288,2,1243.875,65.758636
1951,99,2014,63,1890140.689041096,3,1323.875,70.041084
1951,100,2014,63,1888550.856164384,4,1248.0834,66.08683
1951,101,2014,63,1887012.308219178,5,1282.25,67.951332
1951,102,2014,63,1885422.475342466,6,1207.1666,64.026321
1951,103,2014,63,1883883.92739726,7,1215.875,64.540863
1951,104,2014,63,1882294.094520548,8,1253.875,66.614189
1951,105,2014,63,1880704.261643836,9,1215.0416,64.605675
1951,106,2014,63,1879165.71369863,10,1266.9584,67.421326
1951,107,2014,63,1877575.880821918,11,1286.75,68.532516
1951,108,2014,63,1876037.332876713,12,1355.625,72.260025
1951,109,2015,64,1874447.5,1,1599.6249,85.33847
1951,110,2015,64,1872959.202739726,2,1338.5,71.464447
1951,111,2015,64,1871614.934246575,3,1529.9166,81.743134
1951,112,2015,64,1870126.636986302,4,1346.7084,72.011612
1951,113,2015,64,1868686.349315069,5,1337.875,71.594414
1951,114,2015,64,1867198.052054795,6,1313.25,70.332657
1951,115,2015,64,1865757.764383562,7,1336.1667,71.615234
1951,116,2015,64,1864269.467123288,8,1305,70.00061
1951,117,2015,64,1862781.169863014,9,1303.625,69.982727
1951,118,2015,64,1861340.882191781,10,1422.4166,76.418922
1951,119,2015,64,1859852.584931507,11,1344.625,72.297394
1951,120,2015,64,1858412.297260274,12,1412.2084,75.990044
1951,121,2016,65,1856924,1,1486.2916,80.04052
1951,122,2016,65,1855235.304644809,2,1413.375,76.18306
1951,123,2016,65,1853655.557377049,3,1670.7917,90.134964
1951,124,2016,65,1851966.862021858,4,1499,80.940971
1951,125,2016,65,1850332.640710382,5,1453.5,78.553444
1951,126,2016,65,1848643.945355191,6,1410.9583,76.323959
1951,127,2016,65,1847009.724043716,7,1472.4166,79.718941
1951,128,2016,65,1845321.028688525,8,1350.5,73.185097
1951,129,2016,65,1843632.333333333,9,1428.7084,77.494217
1951,130,2016,65,1841998.112021858,10,1474.875,80.069298
1951,131,2016,65,1840309.416666667,11,1442.75,78.397141
1951,132,2016,65,1838675.195355191,12,1555.4167,84.594429
1951,133,2017,66,1836986.5,1,1735.0416,94.450432
1951,134,2017,66,1836038.919178082,2,1566.375,85.312737
1951,135,2017,66,1835183.039726028,3,1697.75,92.511208
1951,136,2017,66,1834235.45890411,4,1521.9167,82.972809
1951,137,2017,66,1833318.44520548,5,1506.25,82.15976
1951,138,2017,66,1832370.864383562,6,1495.2916,81.604202
1951,139,2017,66,1831453.850684932,7,1529.0833,83.490135
1951,140,2017,66,1830506.269863014,8,1509.625,82.470352
1951,141,2017,66,1829558.689041096,9,1448.7917,79.188042
1951,142,2017,66,1828641.675342466,10,1529.375,83.634483
1951,143,2017,66,1827694.094520548,11,1554.25,85.038849
1951,144,2017,66,1826777.080821918,12,1811.875,99.184242
1951,145,2018,67,1825829.5,1,2001.8333,109.63966
1951,146,2018,67,1825257.868493151,2,1648.125,90.295464
1951,147,2018,67,1824741.556164384,3,1754.0417,96.125488
1951,148,2018,67,1824169.924657534,4,1658.0417,90.892944
1951,149,2018,67,1823616.732876712,5,1625.25,89.122345
1951,150,2018,67,1823045.101369863,6,1587.875,87.100151
1951,151,2018,67,1822491.909589041,7,1552.4167,85.180992
1951,152,2018,67,1821920.278082192,8,1529.25,83.936165
1951,153,2018,67,1821348.646575343,9,1558.125,85.547874
1951,154,2018,67,1820795.454794521,10,1693.0833,92.985909
1951,155,2018,67,1820223.823287671,11,1556.875,85.532066
1951,156,2018,67,1819670.63150685,12,1814.1667,99.697533
1951,157,2019,68,1819099,1,1987.5416,109.25967
1951,158,2019,68,1816107.967123288,2,1734,95.478905
1951,159,2019,68,1813406.389041096,3,1853.4584,102.20866
1951,160,2019,68,1810415.356164384,4,1752.9585,96.826317
1951,161,2019,68,1807520.808219178,5,1809.5,100.1095
1951,162,2019,68,1804529.775342466,6,1644.2916,91.120224
1951,163,2019,68,1801635.22739726,7,1652.7084,91.733795
1951,164,2019,68,1798644.194520548,8,1640.875,91.228439
1951,165,2019,68,1795653.161643836,9,1626.3333,90.570564
1951,166,2019,68,1792758.61369863,10,1753.0834,97.786919
1951,167,2019,68,1789767.580821918,11,1744.75,97.484726
1951,168,2019,68,1786873.032876712,12,1799.4583,100.70432
1951,169,2020,69,1783882,1,2085.1667,116.88927
1951,170,2020,69,1781577.073770491,2,1956.25,109.8044
1951,171,2020,69,1779420.852459016,3,2096.1667,117.80051
1951,172,2020,69,1777115.926229508,4,2448.9585,137.80522
1951,173,2020,69,1774885.352459016,5,2098.375,118.22594
1951,174,2020,69,1772580.426229508,6,1916.5416,108.12156
1951,175,2020,69,1770349.852459016,7,2161.5415,122.09686
1951,176,2020,69,1768044.926229508,8,2119.5,119.87817
1951,177,2020,69,1765740,9,1996.3333,113.0593
1951,178,2020,69,1763509.426229508,10,2128.9167,120.72047
1951,179,2020,69,1761204.5,11,2335.625,132.6152
1951,180,2020,69,1758973.926229508,12,2774.5,157.73401
1951,181,2021,70,1756669,1,3136.0833,178.52443
1951,182,2021,70,1754256.817808219,2,2424.625,138.21381
1951,183,2021,70,1752078.07260274,3,2340.3335,133.57472
1951,184,2021,70,1749665.890410959,4,2147.4167,122.73296
1951,185,2021,70,1747331.520547945,5,2175.625,124.51129
1951,186,2021,70,1744919.338356164,6,2046.1665,117.26424
1951,187,2021,70,1742584.968493151,7,2186.9585,125.50082
1951,188,2021,70,1740172.78630137,8,2574.875,147.96663
1951,189,2021,70,1737760.604109589,9,2738.0833,157.56389
1951,190,2021,70,1735426.234246575,10,2610.125,150.40253
1951,191,2021,70,1733014.052054795,11,2346.875,135.42159
1951,192,2021,70,1730679.682191781,12,2771.375,160.13217
1952,1,2006,54,2016022.5,1,808.04169,40.080986
1952,2,2006,54,2015671.987671233,2,652.125,32.352734
1952,3,2006,54,2015355.395890411,3,743.20831,36.877281
1952,4,2006,54,2015004.883561644,4,712.375,35.353512
1952,5,2006,54,2014665.678082192,5,673.375,33.42366
1952,6,2006,54,2014315.165753425,6,663.70831,32.949577
1952,7,2006,54,2013975.960273972,7,688.41663,34.181969
1952,8,2006,54,2013625.447945205,8,690,34.266552
1952,9,2006,54,2013274.935616438,9,639.70837,31.774517
1952,10,2006,54,2012935.730136986,10,706.25,35.085571
1952,11,2006,54,2012585.217808219,11,693.75,34.470589
1952,12,2006,54,2012246.012328767,12,721.25,35.843033
1952,13,2007,55,2011895.5,1,788.62494,39.198105
1952,14,2007,55,2011585.032876713,2,752.25,37.395885
1952,15,2007,55,2011304.610958904,3,759,37.736702
1952,16,2007,55,2010994.143835617,4,723.41669,35.973087
1952,17,2007,55,2010693.691780822,5,723.625,35.988823
1952,18,2007,55,2010383.224657534,6,672.125,33.432682
1952,19,2007,55,2010082.77260274,7,752.83337,37.452854
1952,20,2007,55,2009772.305479452,8,749,37.267902
1952,21,2007,55,2009461.838356165,9,715.08337,35.585815
1952,22,2007,55,2009161.38630137,10,716.79163,35.676159
1952,23,2007,55,2008850.919178082,11,752.375,37.453003
1952,24,2007,55,2008550.467123288,12,786.91669,39.178337
1952,25,2008,56,2008240,1,833.66669,41.512302
1952,26,2008,56,2008250.968579235,2,802.875,39.978817
1952,27,2008,56,2008261.229508197,3,879.58337,43.798256
1952,28,2008,56,2008272.198087432,4,796.70837,39.671333
1952,29,2008,56,2008282.81284153,5,793.125,39.492695
1952,30,2008,56,2008293.781420765,6,749.5,37.320236
1952,31,2008,56,2008304.396174863,7,763.95831,38.039967
1952,32,2008,56,2008315.364754098,8,801.75,39.92152
1952,33,2008,56,2008326.333333333,9,719.25,35.813404
1952,34,2008,56,2008336.948087432,10,834.25,41.539345
1952,35,2008,56,2008347.916666667,11,796.25,39.647015
1952,36,2008,56,2008358.531420765,12,791.66669,39.418594
1952,37,2009,57,2008369.5,1,913.45831,45.482582
1952,38,2009,57,2007707.373972603,2,852.875,42.480045
1952,39,2009,57,2007109.324657534,3,880.70831,43.87944
1952,40,2009,57,2006447.198630137,4,853,42.512955
1952,41,2009,57,2005806.431506849,5,844.125,42.084072
1952,42,2009,57,2005144.305479452,6,793.41663,39.569054
1952,43,2009,57,2004503.538356164,7,813.16663,40.566982
1952,44,2009,57,2003841.412328767,8,818.5,40.846546
1952,45,2009,57,2003179.28630137,9,840.33331,41.949982
1952,46,2009,57,2002538.519178082,10,868.66669,43.378277
1952,47,2009,57,2001876.393150685,11,893.5,44.633125
1952,48,2009,57,2001235.626027397,12,897.54169,44.849377
1952,49,2010,58,2000573.5,1,970.75,48.523586
1952,50,2010,58,1999863.982191781,2,893.125,44.659286
1952,51,2010,58,1999223.12739726,3,989.375,49.487972
1952,52,2010,58,1998513.609589041,4,904.54175,45.260723
1952,53,2010,58,1997826.979452055,5,902.625,45.18034
1952,54,2010,58,1997117.461643836,6,837.58325,41.93961
1952,55,2010,58,1996430.831506849,7,909.75,45.568821
1952,56,2010,58,1995721.31369863,8,873.625,43.774899
1952,57,2010,58,1995011.795890411,9,881.375,44.178936
1952,58,2010,58,1994325.165753425,10,873.54169,43.801369
1952,59,2010,58,1993615.647945205,11,858.75,43.075005
1952,60,2010,58,1992929.017808219,12,960.04169,48.172398
1952,61,2011,59,1992219.5,1,1065.125,53.464241
1952,62,2011,59,1990950.071232877,2,981.625,49.304352
1952,63,2011,59,1989803.490410959,3,1015.7916,51.049847
1952,64,2011,59,1988534.061643835,4,950.08337,47.77808
1952,65,2011,59,1987305.582191781,5,991.875,49.910542
1952,66,2011,59,1986036.153424657,6,950.54163,47.861244
1952,67,2011,59,1984807.673972602,7,918.83337,46.29332
1952,68,2011,59,1983538.245205479,8,935.25,47.150589
1952,69,2011,59,1982268.816438356,9,931.66663,47.000015
1952,70,2011,59,1981040.336986301,10,928.54169,46.871418
1952,71,2011,59,1979770.908219178,11,945.875,47.776993
1952,72,2011,59,1978542.428767123,12,1012.625,51.180351
1952,73,2012,60,1977273,1,1056.1666,53.415318
1952,74,2012,60,1976274.901639344,2,1075.375,54.414242
1952,75,2012,60,1975341.196721312,3,1094.0834,55.387058
1952,76,2012,60,1974343.098360656,4,1048.4167,53.102055
1952,77,2012,60,1973377.196721312,5,1025.875,51.985752
1952,78,2012,60,1972379.098360656,6,1001.5416,50.778355
1952,79,2012,60,1971413.196721312,7,1066.0833,54.07711
1952,80,2012,60,1970415.098360656,8,1052,53.389767
1952,81,2012,60,1969417,9,1003.9583,50.977436
1952,82,2012,60,1968451.098360656,10,1041.625,52.91597
1952,83,2012,60,1967453,11,993.625,50.503113
1952,84,2012,60,1966487.098360656,12,1179.4166,59.975815
1952,85,2013,61,1965489,1,1219.625,62.051987
1952,86,2013,61,1965045.020547945,2,1116,56.792591
1952,87,2013,61,1964644.006849315,3,1220.1667,62.106251
1952,88,2013,61,1964200.02739726,4,1119.8334,57.012188
1952,89,2013,61,1963770.369863014,5,1099.25,55.976505
1952,90,2013,61,1963326.390410959,6,1055.9166,53.782021
1952,91,2013,61,1962896.732876712,7,1099.625,56.020523
1952,92,2013,61,1962452.753424658,8,1061.375,54.084106
1952,93,2013,61,1962008.773972603,9,1056.5833,53.852116
1952,94,2013,61,1961579.116438356,10,1108.25,56.497849
1952,95,2013,61,1961135.136986301,11,1150.5,58.665005
1952,96,2013,61,1960705.479452055,12,1257.5834,64.139328
1952,97,2014,62,1960261.5,1,1464.4999,74.709412
1952,98,2014,62,1958784.710958904,2,1195.875,61.051884
1952,99,2014,62,1957450.836986301,3,1314.5417,67.1558
1952,100,2014,62,1955974.047945206,4,1175.3334,60.089417
1952,101,2014,62,1954544.897260274,5,1225.125,62.680832
1952,102,2014,62,1953068.108219178,6,1175.3333,60.178814
1952,103,2014,62,1951638.957534247,7,1176,60.257046
1952,104,2014,62,1950162.168493151,8,1171.875,60.091156
1952,105,2014,62,1948685.379452055,9,1190.3333,61.083912
1952,106,2014,62,1947256.228767123,10,1255.4166,64.471054
1952,107,2014,62,1945779.439726027,11,1177,60.489899
1952,108,2014,62,1944350.289041096,12,1314.6666,67.6147
1952,109,2015,63,1942873.5,1,1454.7499,74.876198
1952,110,2015,63,1941139.835616438,2,1297.5,66.842171
1952,111,2015,63,1939573.945205479,3,1456.9167,75.115295
1952,112,2015,63,1937840.280821918,4,1282.75,66.194824
1952,113,2015,63,1936162.54109589,5,1344.375,69.435028
1952,114,2015,63,1934428.876712329,6,1277.4583,66.038002
1952,115,2015,63,1932751.136986301,7,1315.0417,68.039886
1952,116,2015,63,1931017.472602739,8,1238.75,64.150116
1952,117,2015,63,1929283.808219178,9,1231.2083,63.816856
1952,118,2015,63,1927606.068493151,10,1308,67.856186
1952,119,2015,63,1925872.404109589,11,1343.125,69.741119
1952,120,2015,63,1924194.664383562,12,1356.3333,70.488358
1952,121,2016,64,1922461,1,1537.875,79.995117
1952,122,2016,64,1920864.5,2,1455.75,75.786186
1952,123,2016,64,1919371,3,1565.0417,81.539307
1952,124,2016,64,1917774.5,4,1430.7084,74.602531
1952,125,2016,64,1916229.5,5,1388.5,72.460007
1952,126,2016,64,1914633,6,1323.8333,69.142921
1952,127,2016,64,1913088,7,1435.375,75.029221
1952,128,2016,64,1911491.5,8,1373.125,71.835266
1952,129,2016,64,1909895,9,1326.125,69.434448
1952,130,2016,64,1908350,10,1336.8334,70.051788
1952,131,2016,64,1906753.5,11,1395.875,73.206894
1952,132,2016,64,1905208.5,12,1528,80.201195
1952,133,2017,65,1903612,1,1729.8333,90.871101
1952,134,2017,65,1901790.304109589,2,1521,79.977272
1952,135,2017,65,1900144.901369863,3,1647.125,86.684181
1952,136,2017,65,1898323.205479452,4,1472.375,77.561874
1952,137,2017,65,1896560.273972603,5,1513.125,79.782593
1952,138,2017,65,1894738.578082192,6,1452.875,76.679443
1952,139,2017,65,1892975.646575343,7,1459.0417,77.076622
1952,140,2017,65,1891153.950684932,8,1469.5,77.70388
1952,141,2017,65,1889332.254794521,9,1426.6667,75.511688
1952,142,2017,65,1887569.323287671,10,1509.9583,79.99485
1952,143,2017,65,1885747.627397261,11,1472.375,78.079109
1952,144,2017,65,1883984.695890411,12,1589.6666,84.377892
1952,145,2018,66,1882163,1,1902.9166,101.10265
1952,146,2018,66,1881270.07260274,2,1702.125,90.47744
1952,147,2018,66,1880463.557534246,3,1656.125,88.070038
1952,148,2018,66,1879570.630136986,4,1566.6251,83.350159
1952,149,2018,66,1878706.506849315,5,1538.25,81.878143
1952,150,2018,66,1877813.579452055,6,1531.2916,81.546516
1952,151,2018,66,1876949.456164383,7,1553.9583,82.791695
1952,152,2018,66,1876056.528767123,8,1491,79.47522
1952,153,2018,66,1875163.601369863,9,1507.0834,80.370766
1952,154,2018,66,1874299.478082192,10,1569.625,83.744621
1952,155,2018,66,1873406.550684931,11,1651.375,88.148247
1952,156,2018,66,1872542.42739726,12,1586.9166,84.746628
1952,157,2019,67,1871649.5,1,1859.125,99.330833
1952,158,2019,67,1870249.616438356,2,1696.375,90.703133
1952,159,2019,67,1868985.205479452,3,1866.5416,99.869255
1952,160,2019,67,1867585.321917808,4,1687.6667,90.366249
1952,161,2019,67,1866230.595890411,5,1680.5,90.047821
1952,162,2019,67,1864830.712328767,6,1583.875,84.933983
1952,163,2019,67,1863475.98630137,7,1605.625,86.162903
1952,164,2019,67,1862076.102739726,8,1596.875,85.757774
1952,165,2019,67,1860676.219178082,9,1566.1667,84.171913
1952,166,2019,67,1859321.493150685,10,1638.625,88.130264
1952,167,2019,67,1857921.609589041,11,1680.75,90.463989
1952,168,2019,67,1856566.883561644,12,1708.625,92.031425
1952,169,2020,68,1855167,1,2020.3749,108.90528
1952,170,2020,68,1852947.662568306,2,1865.125,100.65719
1952,171,2020,68,1850871.508196721,3,2069.0417,111.78743
1952,172,2020,68,1848652.170765027,4,2324.7917,125.75604
1952,173,2020,68,1846504.424863388,5,2041.25,110.54671
1952,174,2020,68,1844285.087431694,6,1856.0833,100.63972
1952,175,2020,68,1842137.341530054,7,2106.0833,114.32824
1952,176,2020,68,1839918.00409836,8,2074.375,112.7428
1952,177,2020,68,1837698.666666666,9,1933.875,105.23352
1952,178,2020,68,1835550.920765027,10,2092.2917,113.98713
1952,179,2020,68,1833331.583333333,11,2114.875,115.35693
1952,180,2020,68,1831183.837431694,12,2583.25,141.06995
1952,181,2021,69,1828964.5,1,3035.7915,165.98416
1952,182,2021,69,1826584.167123288,2,2277.625,124.69313
1952,183,2021,69,1824434.189041096,3,2251.5833,123.41269
1952,184,2021,69,1822053.856164384,4,2069.8335,113.59892
1952,185,2021,69,1819750.308219178,5,2122.875,116.65749
1952,186,2021,69,1817369.975342466,6,1939.125,106.69952
1952,187,2021,69,1815066.42739726,7,2093.5833,115.34472
1952,188,2021,69,1812686.094520548,8,2517,138.85471
1952,189,2021,69,1810305.761643836,9,2664.375,147.17818
1952,190,2021,69,1808002.21369863,10,2532.2915,140.0602
1952,191,2021,69,1805621.880821918,11,2314.125,128.16222
1952,192,2021,69,1803318.332876712,12,2629.875,145.83531
1953,1,2006,53,2075659,1,695.125,33.489365
1953,2,2006,53,2076199.63150685,2,703,33.859943
1953,3,2006,53,2076687.943835617,3,700.375,33.725578
1953,4,2006,53,2077228.575342466,4,693.16669,33.369785
1953,5,2006,53,2077751.767123288,5,667.375,32.120056
1953,6,2006,53,2078292.398630137,6,638.375,30.716322
1953,7,2006,53,2078815.590410959,7,656.91663,31.600525
1953,8,2006,53,2079356.221917808,8,659.75,31.728571
1953,9,2006,53,2079896.853424658,9,618.20837,29.72303
1953,10,2006,53,2080420.045205479,10,668.08337,32.112907
1953,11,2006,53,2080960.676712329,11,682.75,32.809364
1953,12,2006,53,2081483.868493151,12,726.58331,34.906986
1953,13,2007,54,2082024.5,1,798.54163,38.354095
1953,14,2007,54,2081654.028767123,2,731.25,35.128315
1953,15,2007,54,2081319.409589041,3,752.33331,36.146942
1953,16,2007,54,2080948.938356164,4,714.79169,34.349316
1953,17,2007,54,2080590.417808219,5,703.75,33.824532
1953,18,2007,54,2080219.946575342,6,651.29163,31.308786
1953,19,2007,54,2079861.426027397,7,696.125,33.469776
1953,20,2007,54,2079490.954794521,8,706.5,33.974663
1953,21,2007,54,2079120.483561644,9,686.29163,33.008747
1953,22,2007,54,2078761.963013699,10,699.625,33.655849
1953,23,2007,54,2078391.491780822,11,711.625,34.23922
1953,24,2007,54,2078032.971232877,12,712.20831,34.273197
1953,25,2008,55,2077662.5,1,824.08331,39.663963
1953,26,2008,55,2077326.031420765,2,831.75,40.039455
1953,27,2008,55,2077011.270491803,3,833.125,40.111721
1953,28,2008,55,2076674.801912568,4,728,35.056042
1953,29,2008,55,2076349.18715847,5,736.5,35.470913
1953,30,2008,55,2076012.718579235,6,714.41663,34.412922
1953,31,2008,55,2075687.103825137,7,753.66663,36.309261
1953,32,2008,55,2075350.635245902,8,715,34.452011
1953,33,2008,55,2075014.166666667,9,712.04169,34.315029
1953,34,2008,55,2074688.551912568,10,783.375,37.758678
1953,35,2008,55,2074352.083333333,11,728.875,35.137478
1953,36,2008,55,2074026.468579235,12,822.45831,39.655151
1953,37,2009,56,2073690,1,876.37494,42.261616
1953,38,2009,56,2073611.056164383,2,787.5,37.977226
1953,39,2009,56,2073539.752054794,3,869.25,41.921066
1953,40,2009,56,2073460.808219178,4,833.75,40.210548
1953,41,2009,56,2073384.410958904,5,809.25,39.030388
1953,42,2009,56,2073305.467123287,6,780.20831,37.63113
1953,43,2009,56,2073229.069863013,7,775.5,37.405418
1953,44,2009,56,2073150.126027397,8,796.375,38.413765
1953,45,2009,56,2073071.182191781,9,799.04169,38.543861
1953,46,2009,56,2072994.784931507,10,880.20831,42.460709
1953,47,2009,56,2072915.84109589,11,833.375,40.20303
1953,48,2009,56,2072839.443835616,12,856.66669,41.328175
1953,49,2010,57,2072760.5,1,917.54163,44.266651
1953,50,2010,57,2072192.478082192,2,862.875,41.640678
1953,51,2010,57,2071679.426027397,3,908.70837,43.863369
1953,52,2010,57,2071111.404109589,4,851.75,41.125263
1953,53,2010,57,2070561.705479452,5,877.25,42.367729
1953,54,2010,57,2069993.683561644,6,787.45831,38.04158
1953,55,2010,57,2069443.984931507,7,857.375,41.43021
1953,56,2010,57,2068875.963013698,8,839.5,40.577591
1953,57,2010,57,2068307.94109589,9,859.29169,41.545635
1953,58,2010,57,2067758.242465753,10,899.04169,43.479053
1953,59,2010,57,2067190.220547945,11,931.125,45.043026
1953,60,2010,57,2066640.521917808,12,959.875,46.446152
1953,61,2011,58,2066072.5,1,1000.0417,48.40303
1953,62,2011,58,2065289.346575342,2,946.125,45.810772
1953,63,2011,58,2064581.982191781,3,986.375,47.776016
1953,64,2011,58,2063798.828767123,4,933.95837,45.254333
1953,65,2011,58,2063040.938356164,5,967.125,46.878613
1953,66,2011,58,2062257.784931507,6,928.45831,45.021446
1953,67,2011,58,2061499.894520548,7,900.41663,43.677742
1953,68,2011,58,2060716.74109589,8,916.75,44.48695
1953,69,2011,58,2059933.587671233,9,942.66663,45.76199
1953,70,2011,58,2059175.697260274,10,907.33331,44.062939
1953,71,2011,58,2058392.543835616,11,935.5,45.448086
1953,72,2011,58,2057634.653424657,12,988.95831,48.062874
1953,73,2012,59,2056851.5,1,1058,51.43784
1953,74,2012,59,2055271.55874317,2,958.125,46.617928
1953,75,2012,59,2053793.549180328,3,1052.5417,51.248665
1953,76,2012,59,2052213.607923497,4,990.75006,48.277142
1953,77,2012,59,2050684.632513661,5,984.375,48.002262
1953,78,2012,59,2049104.69125683,6,964.91663,47.089668
1953,79,2012,59,2047575.715846994,7,1014.8334,49.562679
1953,80,2012,59,2045995.774590164,8,1003.625,49.053131
1953,81,2012,59,2044415.833333333,9,986.79163,48.267658
1953,82,2012,59,2042886.857923497,10,1013.0417,49.588734
1953,83,2012,59,2041306.916666667,11,985.125,48.259525
1953,84,2012,59,2039777.94125683,12,1106.125,54.227718
1953,85,2013,60,2038198,1,1276.125,62.610455
1953,86,2013,60,2037214.578082192,2,1074.875,52.761993
1953,87,2013,60,2036326.326027398,3,1126.625,55.326347
1953,88,2013,60,2035342.904109589,4,1053.75,51.772602
1953,89,2013,60,2034391.205479452,5,1045.25,51.379005
1953,90,2013,60,2033407.783561644,6,1028.0833,50.55962
1953,91,2013,60,2032456.084931507,7,1031.5417,50.75346
1953,92,2013,60,2031472.663013699,8,1018.625,50.142197
1953,93,2013,60,2030489.241095891,9,1017.8334,50.127495
1953,94,2013,60,2029537.542465754,10,1080.625,53.244888
1953,95,2013,60,2028554.120547945,11,1062.5,52.377209
1953,96,2013,60,2027602.421917808,12,1188.9166,58.636574
1953,97,2014,61,2026619,1,1380.9999,68.143044
1953,98,2014,61,2026309.169863014,2,1153.375,56.919991
1953,99,2014,61,2026029.323287671,3,1246.1667,61.507835
1953,100,2014,61,2025719.493150685,4,1165.25,57.52277
1953,101,2014,61,2025419.657534247,5,1146.875,56.624069
1953,102,2014,61,2025109.82739726,6,1156.3333,57.099781
1953,103,2014,61,2024809.991780822,7,1137.5417,56.180172
1953,104,2014,61,2024500.161643836,8,1137,56.16201
1953,105,2014,61,2024190.331506849,9,1108.0416,54.73999
1953,106,2014,61,2023890.495890411,10,1183.2084,58.462074
1953,107,2014,61,2023580.665753425,11,1168.875,57.762707
1953,108,2014,61,2023280.830136986,12,1277.5416,63.142082
1953,109,2015,62,2022971,1,1491.4166,73.724075
1953,110,2015,62,2021345.453424657,2,1262.875,62.476952
1953,111,2015,62,2019877.217808219,3,1354.2084,67.04409
1953,112,2015,62,2018251.671232876,4,1256.7917,62.271309
1953,113,2015,62,2016678.561643835,5,1314.625,65.18763
1953,114,2015,62,2015053.015068493,6,1213.3333,60.213467
1953,115,2015,62,2013479.905479452,7,1243.9583,61.781509
1953,116,2015,62,2011854.358904109,8,1217.625,60.522522
1953,117,2015,62,2010228.812328767,9,1189.2084,59.15786
1953,118,2015,62,2008655.702739726,10,1249.5,62.205784
1953,119,2015,62,2007030.156164383,11,1245.875,62.07555
1953,120,2015,62,2005457.046575342,12,1294.5834,64.553032
1953,121,2016,63,2003831.5,1,1508.375,75.274544
1953,122,2016,63,2001904.24863388,2,1344.875,67.179787
1953,123,2016,63,2000101.336065574,3,1451.4583,72.569237
1953,124,2016,63,1998174.084699454,4,1424.75,71.302597
1953,125,2016,63,1996309.00273224,5,1330,66.622955
1953,126,2016,63,1994381.75136612,6,1286.8333,64.522919
1953,127,2016,63,1992516.669398907,7,1367.1667,68.615074
1953,128,2016,63,1990589.418032787,8,1361.625,68.403107
1953,129,2016,63,1988662.166666667,9,1267.375,63.73003
1953,130,2016,63,1986797.084699454,10,1379.375,69.427071
1953,131,2016,63,1984869.833333333,11,1351.375,68.083809
1953,132,2016,63,1983004.75136612,12,1451.2916,73.186493
1953,133,2017,64,1981077.5,1,1587.5416,80.135262
1953,134,2017,64,1979362.605479452,2,1468.75,74.203178
1953,135,2017,64,1977813.668493151,3,1543.9583,78.063889
1953,136,2017,64,1976098.773972603,4,1485.7083,75.183907
1953,137,2017,64,1974439.198630137,5,1486.125,75.268211
1953,138,2017,64,1972724.304109589,6,1411.0416,71.527565
1953,139,2017,64,1971064.728767123,7,1397.375,70.894424
1953,140,2017,64,1969349.834246575,8,1375.625,69.85173
1953,141,2017,64,1967634.939726027,9,1378.7916,70.073547
1953,142,2017,64,1965975.364383562,10,1500.4584,76.32132
1953,143,2017,64,1964260.469863014,11,1405,71.528191
1953,144,2017,64,1962600.894520548,12,1690.2084,86.120842
1953,145,2018,65,1960886,1,1829.7916,93.314537
1953,146,2018,65,1958964.552054795,2,1568.125,80.048668
1953,147,2018,65,1957229.050684931,3,1625,83.025543
1953,148,2018,65,1955307.602739726,4,1517.1251,77.590103
1953,149,2018,65,1953448.136986301,5,1481.875,75.859451
1953,150,2018,65,1951526.689041096,6,1486.5,76.171135
1953,151,2018,65,1949667.223287671,7,1499.5833,76.914833
1953,152,2018,65,1947745.775342466,8,1475.625,75.760658
1953,153,2018,65,1945824.32739726,9,1447.0416,74.366508
1953,154,2018,65,1943964.861643836,10,1486.75,76.480293
1953,155,2018,65,1942043.41369863,11,1503.375,77.412018
1953,156,2018,65,1940183.947945205,12,1635.4584,84.293983
1953,157,2019,66,1938262.5,1,1790.4166,92.372246
1953,158,2019,66,1937129.556164384,2,1612.25,83.228813
1953,159,2019,66,1936106.252054795,3,1802.1667,93.082016
1953,160,2019,66,1934973.308219178,4,1635.2501,84.510216
1953,161,2019,66,1933876.910958904,5,1616,83.562714
1953,162,2019,66,1932743.967123288,6,1526.7083,78.991745
1953,163,2019,66,1931647.569863014,7,1578.625,81.724274
1953,164,2019,66,1930514.626027397,8,1586.25,82.167213
1953,165,2019,66,1929381.682191781,9,1493.625,77.414696
1953,166,2019,66,1928285.284931507,10,1555.2084,80.652397
1953,167,2019,66,1927152.34109589,11,1600.25,83.037025
1953,168,2019,66,1926055.943835617,12,1758.6667,91.309227
1953,169,2020,67,1924923,1,2021.6666,105.02584
1953,170,2020,67,1922790.394808743,2,1757.25,91.390617
1953,171,2020,67,1920795.37704918,3,1953.2084,101.68748
1953,172,2020,67,1918662.771857924,4,2222.9167,115.8576
1953,173,2020,67,1916598.960382514,5,2021.375,105.46677
1953,174,2020,67,1914466.355191257,6,1789.875,93.492111
1953,175,2020,67,1912402.543715847,7,2057.5415,107.58936
1953,176,2020,67,1910269.93852459,8,2038.125,106.69304
1953,177,2020,67,1908137.333333333,9,1844,96.638748
1953,178,2020,67,1906073.521857924,10,1955.4166,102.58873
1953,179,2020,67,1903940.916666667,11,2100,110.29754
1953,180,2020,67,1901877.105191257,12,2581.7083,135.74527
1953,181,2021,68,1899744.5,1,2799.5415,147.36411
1953,182,2021,68,1897445.956164383,2,2225.375,117.28265
1953,183,2021,68,1895369.852054794,3,2125.625,112.1483
1953,184,2021,68,1893071.308219178,4,2030.4584,107.25736
1953,185,2021,68,1890846.910958904,5,2051.625,108.50297
1953,186,2021,68,1888548.367123288,6,1862.2083,98.60527
1953,187,2021,68,1886323.969863014,7,1989.625,105.47631
1953,188,2021,68,1884025.426027397,8,2520,133.75615
1953,189,2021,68,1881726.882191781,9,2534.7085,134.70119
1953,190,2021,68,1879502.484931507,10,2436.375,129.62872
1953,191,2021,68,1877203.94109589,11,2364.625,125.96527
1953,192,2021,68,1874979.543835616,12,2495.5835,133.09924
1954,1,2006,52,2149532,1,719.5,33.472401
1954,2,2006,52,2149404.984931507,2,658.625,30.6422
1954,3,2006,52,2149290.261643836,3,667.125,31.039316
1954,4,2006,52,2149163.246575342,4,637.20837,29.649137
1954,5,2006,52,2149040.328767123,5,645,30.013397
1954,6,2006,52,2148913.31369863,6,618.29163,28.772293
1954,7,2006,52,2148790.395890411,7,674.79169,31.403328
1954,8,2006,52,2148663.380821918,8,649.125,30.210642
1954,9,2006,52,2148536.365753425,9,614.29169,28.591169
1954,10,2006,52,2148413.447945205,10,635.66663,29.587723
1954,11,2006,52,2148286.432876712,11,602.375,28.039789
1954,12,2006,52,2148163.515068493,12,667.58331,31.076931
1954,13,2007,53,2148036.5,1,696.16669,32.409443
1954,14,2007,53,2148729.116438356,2,714.5,33.252213
1954,15,2007,53,2149354.705479452,3,715.95837,33.310387
1954,16,2007,53,2150047.321917808,4,664.16669,30.890795
1954,17,2007,53,2150717.595890411,5,685.125,31.855646
1954,18,2007,53,2151410.212328767,6,672.95831,31.279869
1954,19,2007,53,2152080.48630137,7,657.91663,30.57119
1954,20,2007,53,2152773.102739726,8,656,30.472324
1954,21,2007,53,2153465.719178082,9,646.41669,30.017506
1954,22,2007,53,2154135.993150685,10,681.58337,31.640684
1954,23,2007,53,2154828.609589041,11,638.625,29.636929
1954,24,2007,53,2155498.883561644,12,729.125,33.826275
1954,25,2008,54,2156191.5,1,777.91669,36.078274
1954,26,2008,54,2155776.006830601,2,747.625,34.680088
1954,27,2008,54,2155387.319672131,3,802,37.209091
1954,28,2008,54,2154971.826502732,4,725.95837,33.687603
1954,29,2008,54,2154569.736338797,5,718.375,33.341923
1954,30,2008,54,2154154.243169399,6,675.375,31.352211
1954,31,2008,54,2153752.153005464,7,729.41669,33.867252
1954,32,2008,54,2153336.659836065,8,701.625,32.583153
1954,33,2008,54,2152921.166666667,9,690.08331,32.053349
1954,34,2008,54,2152519.076502732,10,698.54169,32.45229
1954,35,2008,54,2152103.583333333,11,713.75,33.165226
1954,36,2008,54,2151701.493169399,12,791.41669,36.780972
1954,37,2009,55,2151286,1,837.20831,38.916645
1954,38,2009,55,2150858.964383562,2,773.375,35.956566
1954,39,2009,55,2150473.254794521,3,902.25,41.955879
1954,40,2009,55,2150046.219178082,4,780.58337,36.305424
1954,41,2009,55,2149632.95890411,5,760.75,35.389763
1954,42,2009,55,2149205.923287672,6,768.25,35.745762
1954,43,2009,55,2148792.663013699,7,788.41669,36.691147
1954,44,2009,55,2148365.62739726,8,754.375,35.113903
1954,45,2009,55,2147938.591780822,9,751.83331,35.002552
1954,46,2009,55,2147525.331506849,10,847,39.440746
1954,47,2009,55,2147098.295890411,11,829.375,38.627716
1954,48,2009,55,2146685.035616438,12,829.125,38.623505
1954,49,2010,56,2146258,1,882.54163,41.120014
1954,50,2010,56,2145615.960273973,2,792.5,36.93578
1954,51,2010,56,2145036.053424657,3,880.625,41.054089
1954,52,2010,56,2144394.01369863,4,817.79169,38.136261
1954,53,2010,56,2143772.684931507,5,790.5,36.874245
1954,54,2010,56,2143130.645205479,6,792.45831,36.976669
1954,55,2010,56,2142509.316438356,7,841.58331,39.280262
1954,56,2010,56,2141867.276712329,8,780.375,36.43433
1954,57,2010,56,2141225.236986301,9,780.45831,36.449146
1954,58,2010,56,2140603.908219178,10,852.58331,39.829102
1954,59,2010,56,2139961.86849315,11,853.75,39.895569
1954,60,2010,56,2139340.539726027,12,880.45831,41.155594
1954,61,2011,57,2138698.5,1,1021.2916,47.752949
1954,62,2011,57,2138226.323287671,2,914,42.745708
1954,63,2011,57,2137799.84109589,3,993.875,46.490555
1954,64,2011,57,2137327.664383561,4,890.12506,41.646637
1954,65,2011,57,2136870.719178082,5,924.75,43.275898
1954,66,2011,57,2136398.542465753,6,859.45831,40.229305
1954,67,2011,57,2135941.597260274,7,868.70837,40.670979
1954,68,2011,57,2135469.420547945,8,889.75,41.665314
1954,69,2011,57,2134997.243835616,9,886.125,41.504738
1954,70,2011,57,2134540.298630137,10,877.875,41.127121
1954,71,2011,57,2134068.121917808,11,858.875,40.245903
1954,72,2011,57,2133611.176712329,12,845.20831,39.613979
1954,73,2012,58,2133139,1,1009.875,47.342205
1954,74,2012,58,2132226.363387978,2,944.625,44.302284
1954,75,2012,58,2131372.606557377,3,995.66669,46.714809
1954,76,2012,58,2130459.969945355,4,975.66675,45.796062
1954,77,2012,58,2129576.773224044,5,974.25,45.748528
1954,78,2012,58,2128664.136612022,6,938.33331,44.080853
1954,79,2012,58,2127780.939890711,7,945.875,44.45359
1954,80,2012,58,2126868.303278689,8,946.875,44.51968
1954,81,2012,58,2125955.666666667,9,966.08331,45.442307
1954,82,2012,58,2125072.469945355,10,955.54163,44.96513
1954,83,2012,58,2124159.833333333,11,966.75,45.512112
1954,84,2012,58,2123276.636612022,12,1066.5834,50.232899
1954,85,2013,59,2122364,1,1186.2916,55.894825
1954,86,2013,59,2120502.853424658,2,1028.875,48.520332
1954,87,2013,59,2118821.817808219,3,1081.5834,51.046452
1954,88,2013,59,2116960.671232876,4,1032.75,48.784561
1954,89,2013,59,2115159.561643836,5,976.875,46.18446
1954,90,2013,59,2113298.415068493,6,1018.9166,48.214516
1954,91,2013,59,2111497.305479452,7,1013.25,47.987274
1954,92,2013,59,2109636.15890411,8,1008.375,47.798527
1954,93,2013,59,2107775.012328767,9,956.83337,45.395424
1954,94,2013,59,2105973.902739726,10,1031.4583,48.977734
1954,95,2013,59,2104112.756164384,11,974.625,46.32
1954,96,2013,59,2102311.646575342,12,1115.0834,53.040821
1954,97,2014,60,2100450.5,1,1310.5416,62.39336
1954,98,2014,60,2099459.264383561,2,1103,52.537338
1954,99,2014,60,2098563.954794521,3,1208.375,57.581043
1954,100,2014,60,2097572.719178082,4,1120.2917,53.408958
1954,101,2014,60,2096613.458904109,5,1109.75,52.930595
1954,102,2014,60,2095622.223287671,6,1115.1666,53.214108
1954,103,2014,60,2094662.963013698,7,1068.1667,50.994682
1954,104,2014,60,2093671.72739726,8,1093.5,52.228817
1954,105,2014,60,2092680.491780822,9,1051.0833,50.226646
1954,106,2014,60,2091721.231506849,10,1106,52.875114
1954,107,2014,60,2090729.995890411,11,1128.875,53.994297
1954,108,2014,60,2089770.735616438,12,1221.375,58.445408
1954,109,2015,61,2088779.5,1,1403.5416,67.194344
1954,110,2015,61,2088616.94109589,2,1144.625,54.803013
1954,111,2015,61,2088470.11369863,3,1332.7084,63.81266
1954,112,2015,61,2088307.554794521,4,1249.9584,59.855091
1954,113,2015,61,2088150.239726027,5,1197.875,57.365364
1954,114,2015,61,2087987.680821918,6,1173.375,56.196453
1954,115,2015,61,2087830.365753425,7,1193.25,57.15263
1954,116,2015,61,2087667.806849315,8,1147.375,54.959652
1954,117,2015,61,2087505.247945206,9,1189.625,56.987881
1954,118,2015,61,2087347.932876712,10,1159.6666,55.556938
1954,119,2015,61,2087185.373972603,11,1184.75,56.763046
1954,120,2015,61,2087028.05890411,12,1227.7916,58.829666
1954,121,2016,62,2086865.5,1,1421.9584,68.138474
1954,122,2016,62,2085057.378415301,2,1350.625,64.776398
1954,123,2016,62,2083365.909836066,3,1426.125,68.452927
1954,124,2016,62,2081557.788251366,4,1371.4584,65.886154
1954,125,2016,62,2079807.993169399,5,1305.875,62.788246
1954,126,2016,62,2077999.8715847,6,1261.2083,60.693375
1954,127,2016,62,2076250.076502732,7,1254.625,60.427452
1954,128,2016,62,2074441.954918033,8,1270.125,61.22731
1954,129,2016,62,2072633.833333333,9,1217.6666,58.749722
1954,130,2016,62,2070884.038251366,10,1287.5833,62.175537
1954,131,2016,62,2069075.916666667,11,1231.375,59.513283
1954,132,2016,62,2067326.1215847,12,1387.625,67.121727
1954,133,2017,63,2065518,1,1574.375,76.221802
1954,134,2017,63,2063391.569863013,2,1385.625,67.152786
1954,135,2017,63,2061470.923287671,3,1521.875,73.824715
1954,136,2017,63,2059344.493150685,4,1427.6667,69.326271
1954,137,2017,63,2057286.657534246,5,1389.625,67.546494
1954,138,2017,63,2055160.22739726,6,1324.5,64.447533
1954,139,2017,63,2053102.391780822,7,1359.7083,66.227005
1954,140,2017,63,2050975.961643836,8,1283.25,62.567772
1954,141,2017,63,2048849.531506849,9,1323.4584,64.5952
1954,142,2017,63,2046791.695890411,10,1408.75,68.827232
1954,143,2017,63,2044665.265753424,11,1376,67.297081
1954,144,2017,63,2042607.430136986,12,1493.75,73.12957
1954,145,2018,64,2040481,1,1778.3334,87.152657
1954,146,2018,64,2038676.332876712,2,1452.625,71.253342
1954,147,2018,64,2037046.310958904,3,1605.1667,78.798737
1954,148,2018,64,2035241.643835617,4,1457.2916,71.602882
1954,149,2018,64,2033495.191780822,5,1491.75,73.358917
1954,150,2018,64,2031690.524657534,6,1407.2083,69.262924
1954,151,2018,64,2029944.07260274,7,1454.0834,71.631699
1954,152,2018,64,2028139.405479452,8,1466.625,72.31382
1954,153,2018,64,2026334.738356164,9,1348.2084,66.53434
1954,154,2018,64,2024588.28630137,10,1392.25,68.767067
1954,155,2018,64,2022783.619178082,11,1454.625,71.912041
1954,156,2018,64,2021037.167123288,12,1542.1666,76.305702
1954,157,2019,65,2019232.5,1,1727.7916,85.56675
1954,158,2019,65,2016994.469863014,2,1501.875,74.461037
1954,159,2019,65,2014973.023287672,3,1717.375,85.230667
1954,160,2019,65,2012734.993150685,4,1567.3751,77.872902
1954,161,2019,65,2010569.157534247,5,1587,78.932877
1954,162,2019,65,2008331.127397261,6,1487.1666,74.049873
1954,163,2019,65,2006165.291780822,7,1482.9167,73.917976
1954,164,2019,65,2003927.261643836,8,1553.5,77.522774
1954,165,2019,65,2001689.23150685,9,1513.2083,75.596565
1954,166,2019,65,1999523.395890411,10,1505.1667,75.276276
1954,167,2019,65,1997285.365753425,11,1572.5,78.731865
1954,168,2019,65,1995119.530136987,12,1696.7916,85.047119
1954,169,2020,66,1992881.5,1,1852.875,92.97467
1954,170,2020,66,1990821.143442623,2,1766.875,88.751068
1954,171,2020,66,1988893.713114754,3,1864.8334,93.762344
1954,172,2020,66,1986833.356557377,4,2096.25,105.50709
1954,173,2020,66,1984839.463114754,5,1932.875,97.381927
1954,174,2020,66,1982779.106557377,6,1767.25,89.129951
1954,175,2020,66,1980785.213114754,7,1949.7083,98.431076
1954,176,2020,66,1978724.856557377,8,1949.125,98.504097
1954,177,2020,66,1976664.5,9,1831.5833,92.660301
1954,178,2020,66,1974670.606557377,10,1908.125,96.630043
1954,179,2020,66,1972610.25,11,1977.75,100.26056
1954,180,2020,66,1970616.356557377,12,2410.4585,122.32003
1954,181,2021,67,1968556,1,2764.0417,140.40961
1954,182,2021,67,1966359.416438356,2,2068.375,105.18804
1954,183,2021,67,1964375.405479452,3,2000.6667,101.84747
1954,184,2021,67,1962178.821917808,4,1982.7085,101.04627
1954,185,2021,67,1960053.095890411,5,1980.5,101.04318
1954,186,2021,67,1957856.512328767,6,1846.7083,94.32296
1954,187,2021,67,1955730.78630137,7,1950.75,99.745323
1954,188,2021,67,1953534.202739726,8,2386.5,122.16321
1954,189,2021,67,1951337.619178082,9,2473.25,126.74639
1954,190,2021,67,1949211.893150685,10,2362.375,121.19642
1954,191,2021,67,1947015.309589041,11,2134,109.60366
1954,192,2021,67,1944889.583561644,12,2476.5833,127.33799
1955,1,2006,51,2184656.5,1,682.29163,31.231071
1955,2,2006,51,2184911.039726027,2,632.5,28.948547
1955,3,2006,51,2185140.946575342,3,623.25,28.522188
1955,4,2006,51,2185395.48630137,4,577.29169,26.415892
1955,5,2006,51,2185641.815068493,5,644.875,29.505064
1955,6,2006,51,2185896.35479452,6,591.95831,27.080805
1955,7,2006,51,2186142.683561644,7,639.875,29.26959
1955,8,2006,51,2186397.223287671,8,601.875,27.528164
1955,9,2006,51,2186651.763013699,9,593.45837,27.140049
1955,10,2006,51,2186898.091780822,10,624.25,28.544998
1955,11,2006,51,2187152.631506849,11,582.25,26.62137
1955,12,2006,51,2187398.960273973,12,633.375,28.955624
1955,13,2007,52,2187653.5,1,699.625,31.980614
1955,14,2007,52,2187550.817808219,2,678.125,30.999279
1955,15,2007,52,2187458.07260274,3,666.5,30.469156
1955,16,2007,52,2187355.390410959,4,676.41669,30.92395
1955,17,2007,52,2187256.020547945,5,637.75,29.157537
1955,18,2007,52,2187153.338356164,6,650.20831,29.728519
1955,19,2007,52,2187053.968493151,7,655.91669,29.990877
1955,20,2007,52,2186951.28630137,8,649.75,29.71031
1955,21,2007,52,2186848.604109589,9,643.625,29.431622
1955,22,2007,52,2186749.234246575,10,687.29163,31.429832
1955,23,2007,52,2186646.552054795,11,654.375,29.925961
1955,24,2007,52,2186547.182191781,12,721.375,32.991512
1955,25,2008,53,2186444.5,1,730.95831,33.43137
1955,26,2008,53,2187253.930327869,2,752.625,34.409584
1955,27,2008,53,2188011.139344262,3,779.875,35.643101
1955,28,2008,53,2188820.569672131,4,710.5,32.460403
1955,29,2008,53,2189603.889344262,5,670.875,30.639103
1955,30,2008,53,2190413.319672131,6,666.58331,30.43185
1955,31,2008,53,2191196.639344262,7,703.33331,32.098137
1955,32,2008,53,2192006.069672131,8,696.375,31.768845
1955,33,2008,53,2192815.5,9,659.875,30.09259
1955,34,2008,53,2193598.819672131,10,694.25,31.648905
1955,35,2008,53,2194408.25,11,690.25,31.454948
1955,36,2008,53,2195191.569672131,12,761.25,34.678066
1955,37,2009,54,2196001,1,795.79163,36.238216
1955,38,2009,54,2195521.434246575,2,749.375,34.131985
1955,39,2009,54,2195088.278082191,3,780.70837,35.566151
1955,40,2009,54,2194608.712328767,4,755.95831,34.446156
1955,41,2009,54,2194144.616438356,5,772.25,35.19595
1955,42,2009,54,2193665.050684931,6,738.41663,33.66132
1955,43,2009,54,2193200.954794521,7,776.91663,35.42387
1955,44,2009,54,2192721.389041096,8,733.25,33.440182
1955,45,2009,54,2192241.823287671,9,758.125,34.58218
1955,46,2009,54,2191777.72739726,10,781.58337,35.65979
1955,47,2009,54,2191298.161643835,11,793.25,36.200005
1955,48,2009,54,2190834.065753425,12,808.83331,36.918968
1955,49,2010,55,2190354.5,1,848.04169,38.717098
1955,50,2010,55,2189698.616438356,2,800.125,36.540417
1955,51,2010,55,2189106.205479452,3,814.29163,37.197449
1955,52,2010,55,2188450.321917808,4,720.04169,32.901897
1955,53,2010,55,2187815.595890411,5,794.25,36.303333
1955,54,2010,55,2187159.712328767,6,758.75,34.691113
1955,55,2010,55,2186524.98630137,7,806.29169,36.875484
1955,56,2010,55,2185869.102739726,8,796.125,36.42144
1955,57,2010,55,2185213.219178082,9,762.33331,34.885994
1955,58,2010,55,2184578.493150685,10,828.5,37.924934
1955,59,2010,55,2183922.609589041,11,806.875,36.946136
1955,60,2010,55,2183287.883561644,12,836.75,38.325226
1955,61,2011,56,2182632,1,955.99994,43.800327
1955,62,2011,56,2182021.257534247,2,920.25,42.174198
1955,63,2011,56,2181469.619178082,3,892.625,40.918518
1955,64,2011,56,2180858.876712329,4,844.00006,38.700352
1955,65,2011,56,2180267.835616439,5,850.125,38.991768
1955,66,2011,56,2179657.093150685,6,821.75,37.700886
1955,67,2011,56,2179066.052054795,7,835.83337,38.357414
1955,68,2011,56,2178455.309589041,8,853.375,39.173401
1955,69,2011,56,2177844.567123288,9,824.29169,37.848969
1955,70,2011,56,2177253.526027397,10,857.54169,39.386395
1955,71,2011,56,2176642.783561644,11,818.25,37.592297
1955,72,2011,56,2176051.742465754,12,902.25,41.462708
1955,73,2012,57,2175441,1,960.16663,44.136642
1955,74,2012,57,2175016.020491803,2,896,41.195099
1955,75,2012,57,2174618.459016393,3,947.5,43.570862
1955,76,2012,57,2174193.479508197,4,953.375,43.849594
1955,77,2012,57,2173782.209016393,5,957.125,44.030399
1955,78,2012,57,2173357.229508197,6,915.95831,42.144859
1955,79,2012,57,2172945.959016393,7,912.125,41.976425
1955,80,2012,57,2172520.979508197,8,910.75,41.921345
1955,81,2012,57,2172096,9,919.5,42.332382
1955,82,2012,57,2171684.729508197,10,940.41669,43.303555
1955,83,2012,57,2171259.75,11,948.25,43.672802
1955,84,2012,57,2170848.479508197,12,1006.5416,46.366276
1955,85,2013,58,2170423.5,1,1165.7084,53.708797
1955,86,2013,58,2169422.794520548,2,1001.75,46.175877
1955,87,2013,58,2168518.931506849,3,1110.7084,51.219677
1955,88,2013,58,2167518.226027397,4,1029.5,47.496716
1955,89,2013,58,2166549.801369863,5,947.875,43.750435
1955,90,2013,58,2165549.095890411,6,968.79163,44.736534
1955,91,2013,58,2164580.671232877,7,973.75,44.985619
1955,92,2013,58,2163579.965753425,8,1007.25,46.554787
1955,93,2013,58,2162579.260273973,9,883.16669,40.838581
1955,94,2013,58,2161610.835616439,10,1013.6667,46.894043
1955,95,2013,58,2160610.130136986,11,1011.25,46.803909
1955,96,2013,58,2159641.705479452,12,1106.25,51.223774
1955,97,2014,59,2158641,1,1274.8333,59.057217
1955,98,2014,59,2156488.708219178,2,1072.25,49.722031
1955,99,2014,59,2154544.702739726,3,1132.3334,52.555576
1955,100,2014,59,2152392.410958904,4,1098.75,51.047848
1955,101,2014,59,2150309.547945206,5,1074.125,49.95211
1955,102,2014,59,2148157.256164384,6,1028.3333,47.870483
1955,103,2014,59,2146074.393150685,7,1033.75,48.169346
1955,104,2014,59,2143922.101369863,8,1042,48.602512
1955,105,2014,59,2141769.809589041,9,1001.0416,46.738991
1955,106,2014,59,2139686.946575343,10,1051.4166,49.138805
1955,107,2014,59,2137534.654794521,11,1060,49.58984
1955,108,2014,59,2135451.791780822,12,1151.9167,53.942532
1955,109,2015,60,2133299.5,1,1275.625,59.795872
1955,110,2015,60,2132321.301369863,2,1152.625,54.054939
1955,111,2015,60,2131437.767123288,3,1240.0834,58.180603
1955,112,2015,60,2130459.56849315,4,1186.5,55.692207
1955,113,2015,60,2129512.924657534,5,1172.5,55.05954
1955,114,2015,60,2128534.726027397,6,1133.125,53.234978
1955,115,2015,60,2127588.082191781,7,1143.125,53.72868
1955,116,2015,60,2126609.883561644,8,1115,52.430866
1955,117,2015,60,2125631.684931506,9,1113.25,52.372665
1955,118,2015,60,2124685.04109589,10,1159.375,54.56691
1955,119,2015,60,2123706.842465753,11,1130.75,53.244167
1955,120,2015,60,2122760.198630137,12,1176.125,55.405457
1955,121,2016,61,2121782,1,1348.6666,63.56292
1955,122,2016,61,2121708.989071038,2,1242,58.537716
1955,123,2016,61,2121640.68852459,3,1384.3334,65.248245
1955,124,2016,61,2121567.677595628,4,1272.7084,59.989056
1955,125,2016,61,2121497.021857923,5,1268.875,59.81036
1955,126,2016,61,2121424.010928961,6,1192.8333,56.227951
1955,127,2016,61,2121353.355191257,7,1224.625,57.728477
1955,128,2016,61,2121280.344262295,8,1221.125,57.565472
1955,129,2016,61,2121207.333333333,9,1165.7084,54.954948
1955,130,2016,61,2121136.677595628,10,1253.25,59.083889
1955,131,2016,61,2121063.666666667,11,1215.875,57.323833
1955,132,2016,61,2120993.010928961,12,1396.5,65.841805
1955,133,2017,62,2120920,1,1512,71.289818
1955,134,2017,62,2118901.9,2,1300.75,61.387928
1955,135,2017,62,2117079.1,3,1440.5,68.041862
1955,136,2017,62,2115061,4,1334.25,63.083286
1955,137,2017,62,2113108,5,1372.875,64.969467
1955,138,2017,62,2111089.9,6,1288.3333,61.026924
1955,139,2017,62,2109136.9,7,1332.25,63.165649
1955,140,2017,62,2107118.8,8,1267.5,60.153229
1955,141,2017,62,2105100.7,9,1241.4166,58.97184
1955,142,2017,62,2103147.7,10,1362.0416,64.762054
1955,143,2017,62,2101129.6,11,1299.5,61.847683
1955,144,2017,62,2099176.6,12,1549.2083,73.800758
1955,145,2018,63,2097158.5,1,1757.375,83.797913
1955,146,2018,63,2094901.147945205,2,1411.375,67.371918
1955,147,2018,63,2092862.249315068,3,1578.875,75.440941
1955,148,2018,63,2090604.897260274,4,1436.3334,68.704201
1955,149,2018,63,2088420.363013698,5,1390.75,66.593391
1955,150,2018,63,2086163.010958904,6,1335.6666,64.02504
1955,151,2018,63,2083978.476712329,7,1424.2916,68.344833
1955,152,2018,63,2081721.124657534,8,1366.875,65.660812
1955,153,2018,63,2079463.77260274,9,1278.0416,61.460152
1955,154,2018,63,2077279.238356164,10,1373.375,66.114128
1955,155,2018,63,2075021.88630137,11,1453.625,70.053474
1955,156,2018,63,2072837.352054794,12,1575.375,76.0009
1955,157,2019,64,2070580,1,1652.8749,79.82666
1955,158,2019,64,2068325.832876712,2,1539,74.408005
1955,159,2019,64,2066289.810958904,3,1680.7917,81.343468
1955,160,2019,64,2064035.643835617,4,1556.4167,75.406487
1955,161,2019,64,2061854.191780822,5,1532.625,74.332367
1955,162,2019,64,2059600.024657534,6,1420.5,68.969704
1955,163,2019,64,2057418.57260274,7,1427.1667,69.366867
1955,164,2019,64,2055164.405479452,8,1456.375,70.864159
1955,165,2019,64,2052910.238356164,9,1401.375,68.262848
1955,166,2019,64,2050728.78630137,10,1514.2084,73.83757
1955,167,2019,64,2048474.619178082,11,1512.25,73.823227
1955,168,2019,64,2046293.167123288,12,1628.8334,79.59922
1955,169,2020,65,2044039,1,1844.3333,90.229843
1955,170,2020,65,2042062.834699454,2,1666.25,81.596413
1955,171,2020,65,2040214.163934427,3,1860.75,91.203659
1955,172,2020,65,2038237.99863388,4,2081.4585,102.12048
1955,173,2020,65,2036325.580601093,5,1825.875,89.665176
1955,174,2020,65,2034349.415300547,6,1696.3333,83.38456
1955,175,2020,65,2032436.99726776,7,1843.2083,90.689568
1955,176,2020,65,2030460.831967213,8,1887.5,92.95919
1955,177,2020,65,2028484.666666667,9,1726.7916,85.127174
1955,178,2020,65,2026572.24863388,10,1884.4167,92.98542
1955,179,2020,65,2024596.083333334,11,1910.125,94.345978
1955,180,2020,65,2022683.665300547,12,2394.375,118.37614
1955,181,2021,66,2020707.5,1,2709.75,134.09908
1955,182,2021,66,2018593.639726027,2,2022.625,100.19971
1955,183,2021,66,2016684.346575342,3,1947.2916,96.559067
1955,184,2021,66,2014570.48630137,4,1919.5834,95.284996
1955,185,2021,66,2012524.815068493,5,1887.625,93.793877
1955,186,2021,66,2010410.954794521,6,1795.75,89.322533
1955,187,2021,66,2008365.283561644,7,1910.8333,95.143707
1955,188,2021,66,2006251.423287671,8,2274.75,113.38309
1955,189,2021,66,2004137.563013699,9,2446.75,122.08493
1955,190,2021,66,2002091.891780822,10,2291.7915,114.46985
1955,191,2021,66,1999978.031506849,11,2136.75,106.83868
1955,192,2021,66,1997932.360273973,12,2432.875,121.76964
1956,1,2006,50,2220838.5,1,621.08331,27.966164
1956,2,2006,50,2221035.031506849,2,563.5,25.371054
1956,3,2006,50,2221212.543835616,3,624.45837,28.1134
1956,4,2006,50,2221409.075342466,4,558.75,25.152954
1956,5,2006,50,2221599.267123288,5,624.125,28.0935
1956,6,2006,50,2221795.798630137,6,572.08331,25.74869
1956,7,2006,50,2221985.990410959,7,565.16663,25.435202
1956,8,2006,50,2222182.521917808,8,564.125,25.386078
1956,9,2006,50,2222379.053424657,9,587.125,26.41876
1956,10,2006,50,2222569.245205479,10,561.25,25.252306
1956,11,2006,50,2222765.776712329,11,614.25,27.634491
1956,12,2006,50,2222955.968493151,12,622.41669,27.999506
1956,13,2007,51,2223152.5,1,689.33331,31.007019
1956,14,2007,51,2223490.569863014,2,637.875,28.688002
1956,15,2007,51,2223795.923287671,3,639.875,28.773998
1956,16,2007,51,2224133.993150685,4,632.625,28.443655
1956,17,2007,51,2224461.157534247,5,596.375,26.809864
1956,18,2007,51,2224799.22739726,6,617.75,27.76655
1956,19,2007,51,2225126.391780822,7,643.625,28.925323
1956,20,2007,51,2225464.461643836,8,623.125,27.999773
1956,21,2007,51,2225802.531506849,9,649.41669,29.176743
1956,22,2007,51,2226129.695890411,10,640.125,28.755064
1956,23,2007,51,2226467.765753425,11,631.75,28.37454
1956,24,2007,51,2226794.930136987,12,645.29169,28.978497
1956,25,2008,52,2227133,1,751,33.720482
1956,26,2008,52,2227019.24863388,2,706.875,31.740858
1956,27,2008,52,2226912.836065574,3,746.95831,33.542324
1956,28,2008,52,2226799.084699453,4,678.29169,30.46039
1956,29,2008,52,2226689.002732241,5,651.625,29.264301
1956,30,2008,52,2226575.25136612,6,655.20831,29.426731
1956,31,2008,52,2226465.169398907,7,643.45837,28.900446
1956,32,2008,52,2226351.418032787,8,648.375,29.122761
1956,33,2008,52,2226237.666666667,9,629.33337,28.268921
1956,34,2008,52,2226127.584699453,10,664.75,29.861271
1956,35,2008,52,2226013.833333333,11,683.5,30.705111
1956,36,2008,52,2225903.75136612,12,741.79169,33.325417
1956,37,2009,53,2225790,1,790.16663,35.500504
1956,38,2009,53,2226406.64520548,2,745.625,33.490063
1956,39,2009,53,2226963.615068493,3,734.20837,32.969032
1956,40,2009,53,2227580.260273973,4,742.75,33.343357
1956,41,2009,53,2228177.01369863,5,754.875,33.878593
1956,42,2009,53,2228793.65890411,6,709.29163,31.824015
1956,43,2009,53,2229390.412328767,7,743.70831,33.359268
1956,44,2009,53,2230007.057534247,8,696.125,31.216269
1956,45,2009,53,2230623.702739726,9,704.375,31.577492
1956,46,2009,53,2231220.456164384,10,770.95837,34.553215
1956,47,2009,53,2231837.101369863,11,761.75,34.131077
1956,48,2009,53,2232433.85479452,12,773.5,34.648285
1956,49,2010,54,2233050.5,1,825.20831,36.954308
1956,50,2010,54,2232418.736986302,2,813.5,36.440296
1956,51,2010,54,2231848.112328767,3,828.45837,37.119835
1956,52,2010,54,2231216.349315069,4,703.625,31.53549
1956,53,2010,54,2230604.965753425,5,757.25,33.948189
1956,54,2010,54,2229973.202739726,6,719.66663,32.272434
1956,55,2010,54,2229361.819178083,7,753.125,33.782089
1956,56,2010,54,2228730.056164384,8,780.125,35.003117
1956,57,2010,54,2228098.293150685,9,740.08337,33.215919
1956,58,2010,54,2227486.909589041,10,792.75,35.589436
1956,59,2010,54,2226855.146575343,11,741.625,33.303692
1956,60,2010,54,2226243.763013699,12,796.66669,35.78524
1956,61,2011,55,2225612,1,885.49994,39.786808
1956,62,2011,55,2224931.571232877,2,855.5,38.450623
1956,63,2011,55,2224316.990410959,3,911.5,40.97887
1956,64,2011,55,2223636.561643835,4,847.00006,38.090759
1956,65,2011,55,2222978.082191781,5,795,35.762836
1956,66,2011,55,2222297.653424657,6,810.04163,36.450634
1956,67,2011,55,2221639.173972602,7,832.91663,37.491085
1956,68,2011,55,2220958.745205479,8,799.75,36.009224
1956,69,2011,55,2220278.316438356,9,795.125,35.811951
1956,70,2011,55,2219619.836986301,10,837.375,37.726055
1956,71,2011,55,2218939.408219178,11,828,37.315125
1956,72,2011,55,2218280.928767123,12,890.625,40.149334
1956,73,2012,56,2217600.5,1,939.91663,42.384399
1956,74,2012,56,2216968.896174863,2,906.875,40.906078
1956,75,2012,56,2216378.040983606,3,939.70831,42.398376
1956,76,2012,56,2215746.43715847,4,899.58337,40.599564
1956,77,2012,56,2215135.207650273,5,865.75,39.083393
1956,78,2012,56,2214503.603825137,6,865.54163,39.085129
1956,79,2012,56,2213892.37431694,7,890.66669,40.230804
1956,80,2012,56,2213260.770491803,8,852.875,38.534771
1956,81,2012,56,2212629.166666667,9,870.125,39.325386
1956,82,2012,56,2212017.93715847,10,941.58331,42.566711
1956,83,2012,56,2211386.333333333,11,906.625,40.998039
1956,84,2012,56,2210775.103825137,12,947.45837,42.856388
1956,85,2013,57,2210143.5,1,1066.9583,48.27552
1956,86,2013,57,2209822.331506849,2,962.25,43.544224
1956,87,2013,57,2209532.243835616,3,1070.0834,48.430313
1956,88,2013,57,2209211.075342466,4,964.45837,43.656235
1956,89,2013,57,2208900.267123288,5,949.75,42.99651
1956,90,2013,57,2208579.098630137,6,904.625,40.959591
1956,91,2013,57,2208268.290410959,7,920.125,41.667267
1956,92,2013,57,2207947.121917808,8,968.75,43.875599
1956,93,2013,57,2207625.953424658,9,861,39.001171
1956,94,2013,57,2207315.14520548,10,965.29169,43.731483
1956,95,2013,57,2206993.976712329,11,940.125,42.597534
1956,96,2013,57,2206683.168493151,12,1047.5416,47.471321
1956,97,2014,58,2206362,1,1224.1666,55.48349
1956,98,2014,58,2205265.95890411,2,1046.625,47.460262
1956,99,2014,58,2204275.98630137,3,1061.7084,48.165855
1956,100,2014,58,2203179.94520548,4,1059.75,48.100929
1956,101,2014,58,2202119.260273973,5,1045.875,47.494022
1956,102,2014,58,2201023.219178082,6,959.45831,43.591469
1956,103,2014,58,2199962.534246576,7,1044.5416,47.479973
1956,104,2014,58,2198866.493150685,8,1034.375,47.041283
1956,105,2014,58,2197770.452054795,9,989.25,45.011524
1956,106,2014,58,2196709.767123288,10,1036.25,47.172821
1956,107,2014,58,2195613.726027397,11,1016,46.274078
1956,108,2014,58,2194553.041095891,12,1103.9583,50.30447
1956,109,2015,59,2193457,1,1218.9584,55.572475
1956,110,2015,59,2190980.779452055,2,1121.25,51.175713
1956,111,2015,59,2188744.193150685,3,1195.625,54.626072
1956,112,2015,59,2186267.972602739,4,1131.0834,51.735806
1956,113,2015,59,2183871.630136986,5,1151.75,52.738907
1956,114,2015,59,2181395.409589041,6,1083.875,49.687233
1956,115,2015,59,2178999.067123287,7,1105.0833,50.715179
1956,116,2015,59,2176522.846575342,8,1117.875,51.360592
1956,117,2015,59,2174046.626027397,9,1071.5,49.285973
1956,118,2015,59,2171650.283561644,10,1119.875,51.567924
1956,119,2015,59,2169174.063013698,11,1150.25,53.027096
1956,120,2015,59,2166777.720547945,12,1147.1667,52.943443
1956,121,2016,60,2164301.5,1,1272.9166,58.814201
1956,122,2016,60,2163243.603825137,2,1191.375,55.073547
1956,123,2016,60,2162253.959016393,3,1380.75,63.856976
1956,124,2016,60,2161196.06284153,4,1241.6667,57.452759
1956,125,2016,60,2160172.292349727,5,1183.375,54.781509
1956,126,2016,60,2159114.396174863,6,1143.7916,52.975037
1956,127,2016,60,2158090.62568306,7,1156.125,53.571663
1956,128,2016,60,2157032.729508196,8,1149.625,53.296597
1956,129,2016,60,2155974.833333333,9,1132.875,52.545837
1956,130,2016,60,2154951.06284153,10,1202.125,55.784328
1956,131,2016,60,2153893.166666667,11,1162.625,53.97784
1956,132,2016,60,2152869.396174863,12,1328.9584,61.729633
1956,133,2017,61,2151811.5,1,1463.125,67.995033
1956,134,2017,61,2151829.463013698,2,1257.875,58.456074
1956,135,2017,61,2151845.687671233,3,1374.6667,63.883148
1956,136,2017,61,2151863.650684931,4,1245.2917,57.870384
1956,137,2017,61,2151881.034246575,5,1243.625,57.792461
1956,138,2017,61,2151898.997260274,6,1255.5833,58.347687
1956,139,2017,61,2151916.380821918,7,1307.9167,60.779163
1956,140,2017,61,2151934.343835616,8,1285.125,59.719528
1956,141,2017,61,2151952.306849315,9,1257.2084,58.421757
1956,142,2017,61,2151969.690410959,10,1345.7084,62.533798
1956,143,2017,61,2151987.653424657,11,1284.625,59.694813
1956,144,2017,61,2152005.036986301,12,1351.7084,62.811581
1956,145,2018,62,2152023,1,1625.7916,75.547127
1956,146,2018,62,2149862.342465754,2,1334,62.050484
1956,147,2018,62,2147910.780821918,3,1476.2083,68.727631
1956,148,2018,62,2145750.123287671,4,1386.2084,64.602509
1956,149,2018,62,2143659.164383561,5,1286.625,60.020035
1956,150,2018,62,2141498.506849315,6,1306,60.985332
1956,151,2018,62,2139407.547945206,7,1374.375,64.240913
1956,152,2018,62,2137246.890410959,8,1291.875,60.445755
1956,153,2018,62,2135086.232876712,9,1254.2084,58.742752
1956,154,2018,62,2132995.273972603,10,1384.2917,64.898956
1956,155,2018,62,2130834.616438356,11,1360.375,63.842354
1956,156,2018,62,2128743.657534246,12,1382.4584,64.942451
1956,157,2019,63,2126583,1,1622.3749,76.290222
1956,158,2019,63,2124793.110958904,2,1449.5,68.218407
1956,159,2019,63,2123176.436986301,3,1605.9166,75.637459
1956,160,2019,63,2121386.547945206,4,1497,70.567055
1956,161,2019,63,2119654.397260274,5,1448.25,68.324814
1956,162,2019,63,2117864.508219178,6,1373.1666,64.837318
1956,163,2019,63,2116132.357534247,7,1435.875,67.853745
1956,164,2019,63,2114342.468493151,8,1393.625,65.912926
1956,165,2019,63,2112552.579452055,9,1327.4583,62.836697
1956,166,2019,63,2110820.428767123,10,1465.1667,69.412193
1956,167,2019,63,2109030.539726027,11,1476,69.984764
1956,168,2019,63,2107298.389041096,12,1599.1666,75.887054
1956,169,2020,64,2105508.5,1,1711.7083,81.296669
1956,170,2020,64,2103595.859289617,2,1608,76.440536
1956,171,2020,64,2101806.614754098,3,1743.2916,82.942535
1956,172,2020,64,2099893.974043716,4,1934.0417,92.101875
1956,173,2020,64,2098043.031420765,5,1762.625,84.012817
1956,174,2020,64,2096130.390710382,6,1575.3333,75.15435
1956,175,2020,64,2094279.448087431,7,1818.9167,86.851677
1956,176,2020,64,2092366.807377049,8,1866.875,89.223122
1956,177,2020,64,2090454.166666667,9,1677.4583,80.243721
1956,178,2020,64,2088603.224043716,10,1753.125,83.937675
1956,179,2020,64,2086690.583333333,11,1787.5,85.661957
1956,180,2020,64,2084839.640710382,12,2315.4165,111.05969
1956,181,2021,65,2082927,1,2492.7083,119.67334
1956,182,2021,65,2080872.124657535,2,1978.5,95.080322
1956,183,2021,65,2079016.108219178,3,1920.75,92.387451
1956,184,2021,65,2076961.232876713,4,1777.625,85.587776
1956,185,2021,65,2074972.643835617,5,1888.125,90.995178
1956,186,2021,65,2072917.768493151,6,1730.4583,83.479347
1956,187,2021,65,2070929.179452055,7,1839.5,88.82486
1956,188,2021,65,2068874.304109589,8,2247.125,108.61583
1956,189,2021,65,2066819.428767124,9,2467.75,119.39843
1956,190,2021,65,2064830.839726028,10,2174.0833,105.29111
1956,191,2021,65,2062775.964383562,11,2086.875,101.16828
1956,192,2021,65,2060787.375342466,12,2384.0417,115.68597
1957,1,2006,49,2272737,1,641.20831,28.213045
1957,2,2006,49,2272578.942465753,2,543.875,23.932062
1957,3,2006,49,2272436.180821918,3,600.16669,26.410717
1957,4,2006,49,2272278.123287671,4,517.83337,22.789173
1957,5,2006,49,2272125.164383562,5,567,24.954611
1957,6,2006,49,2271967.106849315,6,571.45837,25.152582
1957,7,2006,49,2271814.147945206,7,523.875,23.059765
1957,8,2006,49,2271656.090410959,8,538.25,23.694168
1957,9,2006,49,2271498.032876712,9,550.45831,24.233273
1957,10,2006,49,2271345.073972603,10,575.875,25.35392
1957,11,2006,49,2271187.016438356,11,563,24.788799
1957,12,2006,49,2271034.057534247,12,557.79169,24.561132
1957,13,2007,50,2270876,1,648.29169,28.548088
1957,14,2007,50,2271152.834246575,2,590.625,26.005516
1957,15,2007,50,2271402.878082192,3,629.08337,27.695808
1957,16,2007,50,2271679.712328767,4,568.08337,25.007195
1957,17,2007,50,2271947.616438356,5,565.875,24.907043
1957,18,2007,50,2272224.450684931,6,567.83331,24.990194
1957,19,2007,50,2272492.35479452,7,590.66663,25.992018
1957,20,2007,50,2272769.189041096,8,582.75,25.640528
1957,21,2007,50,2273046.023287671,9,588.375,25.884871
1957,22,2007,50,2273313.92739726,10,554.16669,24.377043
1957,23,2007,50,2273590.761643835,11,590.375,25.966635
1957,24,2007,50,2273858.665753425,12,608.45831,26.758844
1957,25,2008,51,2274135.5,1,704,30.956818
1957,26,2008,51,2274522.915300547,2,695.25,30.566849
1957,27,2008,51,2274885.336065574,3,666.16669,29.283527
1957,28,2008,51,2275272.75136612,4,643.04169,28.26218
1957,29,2008,51,2275647.669398907,5,660.125,29.008224
1957,30,2008,51,2276035.084699454,6,616.79163,27.09939
1957,31,2008,51,2276410.002732241,7,634.75,27.883818
1957,32,2008,51,2276797.418032787,8,623.25,27.373978
1957,33,2008,51,2277184.833333333,9,606.54163,26.63559
1957,34,2008,51,2277559.75136612,10,614.83337,26.995268
1957,35,2008,51,2277947.166666667,11,599,26.295605
1957,36,2008,51,2278322.084699454,12,636.54163,27.939053
1957,37,2009,52,2278709.5,1,767.41669,33.677689
1957,38,2009,52,2278505.282191781,2,646.875,28.390322
1957,39,2009,52,2278320.82739726,3,741.45831,32.544071
1957,40,2009,52,2278116.609589041,4,718.5,31.539211
1957,41,2009,52,2277918.979452055,5,730.125,32.05228
1957,42,2009,52,2277714.761643836,6,691.83331,30.37401
1957,43,2009,52,2277517.131506849,7,694.375,30.488245
1957,44,2009,52,2277312.91369863,8,663.25,29.124237
1957,45,2009,52,2277108.695890411,9,638.625,28.045433
1957,46,2009,52,2276911.065753425,10,703.125,30.880653
1957,47,2009,52,2276706.847945205,11,659.125,28.950808
1957,48,2009,52,2276509.217808219,12,672.33331,29.53352
1957,49,2010,53,2276305,1,805.95831,35.406429
1957,50,2010,53,2275867.942465753,2,697.875,30.664125
1957,51,2010,53,2275473.180821918,3,781.58331,34.348167
1957,52,2010,53,2275036.123287671,4,710.20837,31.217455
1957,53,2010,53,2274613.164383561,5,713.125,31.351484
1957,54,2010,53,2274176.106849315,6,681.79163,29.979719
1957,55,2010,53,2273753.147945205,7,742.875,32.671753
1957,56,2010,53,2273316.090410959,8,715,31.451851
1957,57,2010,53,2272879.032876712,9,713.41669,31.388239
1957,58,2010,53,2272456.073972603,10,722.25,31.782793
1957,59,2010,53,2272019.016438356,11,709.375,31.222229
1957,60,2010,53,2271596.057534247,12,786.375,34.617729
1957,61,2011,54,2271159,1,849.12494,37.387295
1957,62,2011,54,2270409.649315068,2,779.5,34.333012
1957,63,2011,54,2269732.816438356,3,889.29169,39.180458
1957,64,2011,54,2268983.465753424,4,796.08337,35.085464
1957,65,2011,54,2268258.287671233,5,758.125,33.423222
1957,66,2011,54,2267508.936986301,6,718.33331,31.679403
1957,67,2011,54,2266783.758904109,7,803.83337,35.461407
1957,68,2011,54,2266034.408219178,8,774.375,34.173134
1957,69,2011,54,2265285.057534246,9,747.20831,32.98518
1957,70,2011,54,2264559.879452054,10,844.08337,37.273617
1957,71,2011,54,2263810.528767123,11,689.125,30.440931
1957,72,2011,54,2263085.350684932,12,775,34.245285
1957,73,2012,55,2262336,1,915.20831,40.454128
1957,74,2012,55,2261601.571038251,2,835.25,36.931793
1957,75,2012,55,2260914.524590164,3,867.125,38.352844
1957,76,2012,55,2260180.095628415,4,845.12506,37.391933
1957,77,2012,55,2259469.357923497,5,813.5,36.004028
1957,78,2012,55,2258734.928961749,6,805.66663,35.668934
1957,79,2012,55,2258024.19125683,7,842.95831,37.331676
1957,80,2012,55,2257289.762295082,8,808.375,35.811752
1957,81,2012,55,2256555.333333333,9,804.58337,35.65538
1957,82,2012,55,2255844.595628415,10,822.45837,36.459
1957,83,2012,55,2255110.166666667,11,829.25,36.772041
1957,84,2012,55,2254399.428961749,12,880.79163,39.069901
1957,85,2013,56,2253665,1,1064.1666,47.219379
1957,86,2013,56,2253083.94109589,2,936.75,41.576347
1957,87,2013,56,2252559.11369863,3,1008.7084,44.780552
1957,88,2013,56,2251978.054794521,4,921.83337,40.934387
1957,89,2013,56,2251415.739726027,5,919.75,40.852074
1957,90,2013,56,2250834.680821918,6,850.25,37.774876
1957,91,2013,56,2250272.365753425,7,884.41669,39.30265
1957,92,2013,56,2249691.306849315,8,885.125,39.344288
1957,93,2013,56,2249110.247945205,9,851.08331,37.840889
1957,94,2013,56,2248547.932876713,10,876.20831,38.967739
1957,95,2013,56,2247966.873972603,11,908,40.392056
1957,96,2013,56,2247404.55890411,12,932.875,41.508991
1957,97,2014,57,2246823.5,1,1201.4583,53.473637
1957,98,2014,57,2246586.965753424,2,1000,44.511967
1957,99,2014,57,2246373.321917808,3,1037.9584,46.205959
1957,100,2014,57,2246136.787671233,4,972.95837,43.316967
1957,101,2014,57,2245907.883561644,5,999.5,44.503162
1957,102,2014,57,2245671.349315068,6,940.74994,41.891701
1957,103,2014,57,2245442.445205479,7,1004,44.712791
1957,104,2014,57,2245205.910958904,8,957,42.624153
1957,105,2014,57,2244969.376712329,9,918.04169,40.893284
1957,106,2014,57,2244740.472602739,10,967.70837,43.110035
1957,107,2014,57,2244503.938356164,11,986.5,43.951805
1957,108,2014,57,2244275.034246575,12,1056.9583,47.095753
1957,109,2015,58,2244038.5,1,1170.5416,52.162277
1957,110,2015,58,2242821.049315068,2,1068.625,47.646469
1957,111,2015,58,2241721.416438356,3,1146,51.121429
1957,112,2015,58,2240503.965753425,4,1109.5,49.520107
1957,113,2015,58,2239325.787671233,5,1088.625,48.613964
1957,114,2015,58,2238108.336986301,6,1011.4583,45.192554
1957,115,2015,58,2236930.15890411,7,1052.75,47.062263
1957,116,2015,58,2235712.708219178,8,1039.75,46.506424
1957,117,2015,58,2234495.257534247,9,1034.7084,46.306133
1957,118,2015,58,2233317.079452055,10,1092.9583,48.938786
1957,119,2015,58,2232099.628767123,11,1024.5,45.898487
1957,120,2015,58,2230921.450684932,12,1084.6666,48.619671
1957,121,2016,59,2229704,1,1292.4166,57.963596
1957,122,2016,59,2226883.508196721,2,1220.625,54.813148
1957,123,2016,59,2224244.983606557,3,1304.2084,58.636005
1957,124,2016,59,2221424.491803279,4,1138.8334,51.265903
1957,125,2016,59,2218694.983606557,5,1162.5,52.395664
1957,126,2016,59,2215874.491803279,6,1071.8333,48.370667
1957,127,2016,59,2213144.983606557,7,1076.4166,48.637421
1957,128,2016,59,2210324.491803279,8,1076.625,48.708912
1957,129,2016,59,2207504,9,1078.9584,48.876846
1957,130,2016,59,2204774.491803279,10,1111.4167,50.409542
1957,131,2016,59,2201954,11,1172.5,53.248161
1957,132,2016,59,2199224.491803279,12,1134.3333,51.578785
1957,133,2017,60,2196404,1,1392.5,63.399082
1957,134,2017,60,2195283.838356164,2,1215.25,55.357307
1957,135,2017,60,2194272.079452055,3,1311.25,59.757858
1957,136,2017,60,2193151.917808219,4,1226.75,55.935478
1957,137,2017,60,2192067.890410959,5,1191.625,54.360771
1957,138,2017,60,2190947.728767123,6,1162.875,53.076347
1957,139,2017,60,2189863.701369863,7,1225.4167,55.958584
1957,140,2017,60,2188743.539726027,8,1208.625,55.220036
1957,141,2017,60,2187623.378082192,9,1199.2084,54.817863
1957,142,2017,60,2186539.350684932,10,1229.7916,56.243744
1957,143,2017,60,2185419.189041096,11,1150.125,52.627205
1957,144,2017,60,2184335.161643836,12,1295.0834,59.289589
1957,145,2018,61,2183215,1,1571.5834,71.984818
1957,146,2018,61,2183376.242465754,2,1308.375,59.924397
1957,147,2018,61,2183521.880821918,3,1403.125,64.25972
1957,148,2018,61,2183683.123287671,4,1274.2084,58.351341
1957,149,2018,61,2183839.164383562,5,1292,59.161865
1957,150,2018,61,2184000.406849315,6,1298.875,59.472286
1957,151,2018,61,2184156.447945205,7,1306.75,59.82859
1957,152,2018,61,2184317.690410959,8,1245.25,57.008648
1957,153,2018,61,2184478.932876712,9,1146.1666,52.468651
1957,154,2018,61,2184634.973972603,10,1257.1667,57.545849
1957,155,2018,61,2184796.216438356,11,1264.75,57.888695
1957,156,2018,61,2184952.257534246,12,1281.0416,58.630188
1957,157,2019,62,2185113.5,1,1517.1666,69.431938
1957,158,2019,62,2183160.24520548,2,1362.625,62.415253
1957,159,2019,62,2181396.015068493,3,1527.4584,70.022057
1957,160,2019,62,2179442.760273973,4,1421.0834,65.203979
1957,161,2019,62,2177552.513698631,5,1386.625,63.678143
1957,162,2019,62,2175599.25890411,6,1374.6666,63.185654
1957,163,2019,62,2173709.012328767,7,1358.375,62.491116
1957,164,2019,62,2171755.757534247,8,1318.125,60.693981
1957,165,2019,62,2169802.502739727,9,1308.375,60.299267
1957,166,2019,62,2167912.256164384,10,1328.2916,61.270542
1957,167,2019,62,2165959.001369863,11,1355.625,62.587749
1957,168,2019,62,2164068.754794521,12,1506,69.591133
1957,169,2020,63,2162115.5,1,1656.4584,76.612854
1957,170,2020,63,2160283.281420765,2,1608,74.434685
1957,171,2020,63,2158569.270491803,3,1651,76.485847
1957,172,2020,63,2156737.051912569,4,1908.9584,88.511414
1957,173,2020,63,2154963.93715847,5,1700.75,78.922432
1957,174,2020,63,2153131.718579235,6,1552.7916,72.117821
1957,175,2020,63,2151358.603825137,7,1750.4583,81.36525
1957,176,2020,63,2149526.385245902,8,1754,81.599373
1957,177,2020,63,2147694.166666667,9,1573.2916,73.254921
1957,178,2020,63,2145921.051912569,10,1643.2083,76.573563
1957,179,2020,63,2144088.833333333,11,1726.375,80.517883
1957,180,2020,63,2142315.718579235,12,2025.4584,94.54528
1957,181,2021,64,2140483.5,1,2390.9583,111.70178
1957,182,2021,64,2138504.08630137,2,1978.125,92.500404
1957,183,2021,64,2136716.228767123,3,1824.625,85.393883
1957,184,2021,64,2134736.815068493,4,1778.8334,83.327995
1957,185,2021,64,2132821.253424658,5,1852.875,86.874367
1957,186,2021,64,2130841.839726027,6,1707.9583,80.154152
1957,187,2021,64,2128926.278082192,7,1729.875,81.255753
1957,188,2021,64,2126946.864383562,8,2171.875,102.11233
1957,189,2021,64,2124967.450684932,9,2388.625,112.4076
1957,190,2021,64,2123051.889041096,10,2014,94.863434
1957,191,2021,64,2121072.475342466,11,1941.625,91.53978
1957,192,2021,64,2119156.91369863,12,2118.4583,99.967033
1958,1,2006,48,2280643.5,1,531.04169,23.284731
1958,2,2006,48,2280693.015068493,2,518.375,22.728838
1958,3,2006,48,2280737.738356164,3,552.125,24.208176
1958,4,2006,48,2280787.253424658,4,531.70837,23.312492
1958,5,2006,48,2280835.171232877,5,547.5,24.004366
1958,6,2006,48,2280884.68630137,6,523.41663,22.947966
1958,7,2006,48,2280932.604109589,7,490.29166,21.495228
1958,8,2006,48,2280982.119178082,8,495.125,21.706659
1958,9,2006,48,2281031.634246575,9,528.625,23.174822
1958,10,2006,48,2281079.552054795,10,533.33337,23.380745
1958,11,2006,48,2281129.067123288,11,522.625,22.910803
1958,12,2006,48,2281176.984931507,12,500.375,21.934948
1958,13,2007,49,2281226.5,1,585.58331,25.66967
1958,14,2007,49,2281067.465753424,2,555.875,24.369074
1958,15,2007,49,2280923.821917808,3,570.16669,24.997183
1958,16,2007,49,2280764.787671233,4,548.45837,24.047125
1958,17,2007,49,2280610.883561644,5,552.75,24.236927
1958,18,2007,49,2280451.849315068,6,511.41666,22.426111
1958,19,2007,49,2280297.945205479,7,557.79163,24.461348
1958,20,2007,49,2280138.910958904,8,550.625,24.148748
1958,21,2007,49,2279979.876712329,9,538.91663,23.636902
1958,22,2007,49,2279825.972602739,10,520.75,22.841656
1958,23,2007,49,2279666.938356164,11,511.5,22.437489
1958,24,2007,49,2279513.034246575,12,612.75,26.880741
1958,25,2008,50,2279354,1,679.95831,29.831184
1958,26,2008,50,2279678.229508197,2,662.75,29.072084
1958,27,2008,50,2279981.540983607,3,655.70831,28.759369
1958,28,2008,50,2280305.770491804,4,583.58337,25.592329
1958,29,2008,50,2280619.540983607,5,634,27.799463
1958,30,2008,50,2280943.770491804,6,618.04163,27.095873
1958,31,2008,50,2281257.540983607,7,592.41663,25.968863
1958,32,2008,50,2281581.770491804,8,572.25,25.081284
1958,33,2008,50,2281906,9,576.20831,25.251184
1958,34,2008,50,2282219.770491804,10,611.91669,26.812347
1958,35,2008,50,2282544,11,567.75,24.873562
1958,36,2008,50,2282857.770491804,12,633.91669,27.768559
1958,37,2009,51,2283182,1,683.66663,29.943588
1958,38,2009,51,2283463.802739726,2,611.375,26.774017
1958,39,2009,51,2283718.334246575,3,734.75,32.173409
1958,40,2009,51,2284000.136986301,4,601.875,26.351793
1958,41,2009,51,2284272.849315069,5,656.375,28.734528
1958,42,2009,51,2284554.652054795,6,622.625,27.25367
1958,43,2009,51,2284827.364383562,7,646.45837,28.293533
1958,44,2009,51,2285109.167123287,8,621.875,27.214235
1958,45,2009,51,2285390.969863014,9,623.41669,27.278339
1958,46,2009,51,2285663.682191781,10,682.625,29.865505
1958,47,2009,51,2285945.484931507,11,673,29.440773
1958,48,2009,51,2286218.197260274,12,679.5,29.721573
1958,49,2010,52,2286500,1,779.62494,34.09687
1958,50,2010,52,2286103.412328767,2,646,28.257689
1958,51,2010,52,2285745.204109589,3,765.25,33.479233
1958,52,2010,52,2285348.616438356,4,718.75,31.450344
1958,53,2010,52,2284964.821917808,5,683,29.89105
1958,54,2010,52,2284568.234246575,6,645,28.232906
1958,55,2010,52,2284184.439726028,7,713.95837,31.256599
1958,56,2010,52,2283787.852054795,8,677.25,29.65468
1958,57,2010,52,2283391.264383562,9,657.41663,28.791239
1958,58,2010,52,2283007.469863014,10,691.75,30.299944
1958,59,2010,52,2282610.882191781,11,659.625,28.897829
1958,60,2010,52,2282227.087671233,12,722.75,31.668627
1958,61,2011,53,2281830.5,1,803.37494,35.207478
1958,62,2011,53,2281403.421917808,2,756.25,33.148457
1958,63,2011,53,2281017.673972602,3,827.45837,36.275841
1958,64,2011,53,2280590.595890411,4,752.08337,32.97757
1958,65,2011,53,2280177.294520548,5,721.375,31.636795
1958,66,2011,53,2279750.216438356,6,660.45831,28.970644
1958,67,2011,53,2279336.915068493,7,782.16663,34.315533
1958,68,2011,53,2278909.836986301,8,735.875,32.290657
1958,69,2011,53,2278482.75890411,9,705.20837,30.950788
1958,70,2011,53,2278069.457534247,10,768.625,33.740192
1958,71,2011,53,2277642.379452055,11,708.375,31.101238
1958,72,2011,53,2277229.078082192,12,735.5,32.298023
1958,73,2012,54,2276802,1,912.79163,40.090954
1958,74,2012,54,2275930.612021858,2,815.25,35.820511
1958,75,2012,54,2275115.442622951,3,830.58337,36.507305
1958,76,2012,54,2274244.054644809,4,780.33337,34.311768
1958,77,2012,54,2273400.775956284,5,786.5,34.595749
1958,78,2012,54,2272529.387978142,6,762.625,33.558422
1958,79,2012,54,2271686.109289617,7,799.83337,35.208797
1958,80,2012,54,2270814.721311476,8,772.75,34.029636
1958,81,2012,54,2269943.333333333,9,744.75,32.809189
1958,82,2012,54,2269100.054644809,10,777.54163,34.266521
1958,83,2012,54,2268228.666666667,11,779.625,34.371536
1958,84,2012,54,2267385.387978142,12,821.45837,36.229324
1958,85,2013,55,2266514,1,1019.4166,44.977291
1958,86,2013,55,2265777.856164383,2,879.375,38.811176
1958,87,2013,55,2265112.952054794,3,940.33337,41.513752
1958,88,2013,55,2264376.808219178,4,849.25,37.504799
1958,89,2013,55,2263664.410958904,5,872.5,38.543697
1958,90,2013,55,2262928.267123288,6,826.66663,36.530838
1958,91,2013,55,2262215.869863014,7,833.41663,36.840721
1958,92,2013,55,2261479.726027397,8,824.25,36.447376
1958,93,2013,55,2260743.582191781,9,791.04169,34.990334
1958,94,2013,55,2260031.184931506,10,844.91669,37.385178
1958,95,2013,55,2259295.04109589,11,800.875,35.448006
1958,96,2013,55,2258582.643835616,12,877.20831,38.838886
1958,97,2014,56,2257846.5,1,1117.4999,49.494061
1958,98,2014,56,2257301.239726027,2,980,43.414677
1958,99,2014,56,2256808.746575342,3,1031.125,45.689518
1958,100,2014,56,2256263.48630137,4,912.625,40.448513
1958,101,2014,56,2255735.815068493,5,957.5,42.447346
1958,102,2014,56,2255190.554794521,6,890.5,39.486687
1958,103,2014,56,2254662.883561644,7,902.04163,40.007828
1958,104,2014,56,2254117.623287671,8,901.5,39.993477
1958,105,2014,56,2253572.363013699,9,883.75,39.215515
1958,106,2014,56,2253044.691780822,10,900.125,39.951492
1958,107,2014,56,2252499.431506849,11,949.75,42.164272
1958,108,2014,56,2251971.760273973,12,974.5,43.27319
1958,109,2015,57,2251426.5,1,1132.1666,50.286636
1958,110,2015,57,2251304.623287671,2,1066.25,47.361427
1958,111,2015,57,2251194.54109589,3,1143.75,50.806358
1958,112,2015,57,2251072.664383561,4,1027.4584,45.643055
1958,113,2015,57,2250954.719178082,5,1026.25,45.591766
1958,114,2015,57,2250832.842465753,6,942.41663,41.869686
1958,115,2015,57,2250714.897260274,7,998.58337,44.367386
1958,116,2015,57,2250593.020547945,8,950.875,42.249977
1958,117,2015,57,2250471.143835616,9,984.16669,43.731583
1958,118,2015,57,2250353.198630137,10,1013,45.015156
1958,119,2015,57,2250231.321917808,11,956.125,42.490074
1958,120,2015,57,2250113.376712329,12,1043.6666,46.382847
1958,121,2016,58,2249991.5,1,1252.125,55.650211
1958,122,2016,58,2248639.612021858,2,1147.25,51.019737
1958,123,2016,58,2247374.942622951,3,1222.5834,54.400509
1958,124,2016,58,2246023.054644809,4,1057.2084,47.070236
1958,125,2016,58,2244714.775956284,5,1086.75,48.413723
1958,126,2016,58,2243362.887978142,6,984.41663,43.88129
1958,127,2016,58,2242054.609289618,7,1048.7084,46.774433
1958,128,2016,58,2240702.721311476,8,1028.5,45.90078
1958,129,2016,58,2239350.833333333,9,1022.4583,45.658691
1958,130,2016,58,2238042.554644809,10,1068.0416,47.722134
1958,131,2016,58,2236690.666666667,11,1061.25,47.44733
1958,132,2016,58,2235382.387978142,12,1164.3334,52.08654
1958,133,2017,59,2234030.5,1,1289.4583,57.718918
1958,134,2017,59,2230867.735616438,2,1207.25,54.115715
1958,135,2017,59,2228011.045205479,3,1294.5834,58.104889
1958,136,2017,59,2224848.280821918,4,1149.6667,51.673939
1958,137,2017,59,2221787.541095891,5,1153.25,51.906403
1958,138,2017,59,2218624.776712329,6,1112.25,50.132408
1958,139,2017,59,2215564.036986301,7,1111.0833,50.149002
1958,140,2017,59,2212401.27260274,8,1132.375,51.183075
1958,141,2017,59,2209238.508219178,9,1121.25,50.752781
1958,142,2017,59,2206177.768493151,10,1103.4166,50.014854
1958,143,2017,59,2203015.004109589,11,1061.875,48.200989
1958,144,2017,59,2199954.264383561,12,1285.3333,58.425453
1958,145,2018,60,2196791.5,1,1490.0833,67.829979
1958,146,2018,60,2195696.605479452,2,1263.25,57.532993
1958,147,2018,60,2194707.668493151,3,1326.7084,60.450344
1958,148,2018,60,2193612.773972603,4,1207.9584,55.067074
1958,149,2018,60,2192553.198630137,5,1233.375,56.252911
1958,150,2018,60,2191458.304109589,6,1190.9583,54.345467
1958,151,2018,60,2190398.728767123,7,1212.3334,55.34761
1958,152,2018,60,2189303.834246575,8,1185.75,54.161053
1958,153,2018,60,2188208.939726028,9,1136.2916,51.927933
1958,154,2018,60,2187149.364383562,10,1167.5834,53.383797
1958,155,2018,60,2186054.469863014,11,1211,55.396606
1958,156,2018,60,2184994.894520548,12,1191.7084,54.540558
1958,157,2019,61,2183900,1,1540.6666,70.546577
1958,158,2019,61,2183891.973972603,2,1353.5,61.976509
1958,159,2019,61,2183884.724657535,3,1451,66.441238
1958,160,2019,61,2183876.698630137,4,1294.0417,59.254341
1958,161,2019,61,2183868.931506849,5,1326.625,60.746548
1958,162,2019,61,2183860.905479452,6,1284.5833,58.821659
1958,163,2019,61,2183853.138356165,7,1244.25,56.974983
1958,164,2019,61,2183845.112328767,8,1249.875,57.232769
1958,165,2019,61,2183837.08630137,9,1201.2917,55.008305
1958,166,2019,61,2183829.319178083,10,1265.9166,57.967747
1958,167,2019,61,2183821.293150685,11,1266.375,57.988949
1958,168,2019,61,2183813.526027397,12,1421.5,65.092552
1958,169,2020,62,2183805.5,1,1591.3333,72.869736
1958,170,2020,62,2182096.476775956,2,1459.75,66.896675
1958,171,2020,62,2180497.713114754,3,1557.6667,71.436295
1958,172,2020,62,2178788.689890711,4,1785.2501,81.937737
1958,173,2020,62,2177134.796448087,5,1613.125,74.093941
1958,174,2020,62,2175425.773224044,6,1522.5833,69.990128
1958,175,2020,62,2173771.879781421,7,1645.5417,75.699837
1958,176,2020,62,2172062.856557377,8,1610.375,74.14035
1958,177,2020,62,2170353.833333333,9,1519.6667,70.01931
1958,178,2020,62,2168699.939890711,10,1526.4167,70.383949
1958,179,2020,62,2166990.916666667,11,1608,74.204277
1958,180,2020,62,2165337.023224044,12,1918.125,88.583206
1958,181,2021,63,2163628,1,2314.2083,106.95962
1958,182,2021,63,2161755.21780822,2,1915.25,88.596985
1958,183,2021,63,2160063.67260274,3,1678.5834,77.7099
1958,184,2021,63,2158190.890410959,4,1696.1251,78.590134
1958,185,2021,63,2156378.520547945,5,1748.625,81.09082
1958,186,2021,63,2154505.738356165,6,1596.8333,74.11599
1958,187,2021,63,2152693.368493151,7,1647.0417,76.510742
1958,188,2021,63,2150820.58630137,8,2107.25,97.974236
1958,189,2021,63,2148947.804109589,9,2222.0835,103.40333
1958,190,2021,63,2147135.434246575,10,1968.7084,91.689995
1958,191,2021,63,2145262.652054795,11,1875.625,87.431023
1958,192,2021,63,2143450.282191781,12,2041.8334,95.259193
1959,1,2006,47,2320830.5,1,530.16663,22.843832
1959,2,2006,47,2320943.161643836,2,441,19.000896
1959,3,2006,47,2321044.920547945,3,526.625,22.689135
1959,4,2006,47,2321157.582191781,4,505.91669,21.795879
1959,5,2006,47,2321266.609589041,5,508.875,21.922298
1959,6,2006,47,2321379.271232877,6,466.45831,20.094015
1959,7,2006,47,2321488.298630137,7,464.54166,20.010509
1959,8,2006,47,2321600.960273973,8,439.75,18.941669
1959,9,2006,47,2321713.621917808,9,501.91669,21.618372
1959,10,2006,47,2321822.649315068,10,460.625,19.83894
1959,11,2006,47,2321935.310958904,11,470.75,20.274036
1959,12,2006,47,2322044.338356164,12,467.33331,20.125942
1959,13,2007,48,2322157,1,574.04169,24.720192
1959,14,2007,48,2322217.51369863,2,520.875,22.430069
1959,15,2007,48,2322272.171232877,3,596.875,25.702198
1959,16,2007,48,2322332.684931507,4,512.45837,22.066536
1959,17,2007,48,2322391.246575342,5,530.25,22.832069
1959,18,2007,48,2322451.760273973,6,523.125,22.524687
1959,19,2007,48,2322510.321917808,7,530.125,22.825518
1959,20,2007,48,2322570.835616438,8,514.625,22.157558
1959,21,2007,48,2322631.349315069,9,527.58331,22.714897
1959,22,2007,48,2322689.910958904,10,485.33331,20.895313
1959,23,2007,48,2322750.424657534,11,473,20.363789
1959,24,2007,48,2322808.98630137,12,565.08331,24.327583
1959,25,2008,49,2322869.5,1,652.58331,28.093843
1959,26,2008,49,2322709.036885246,2,613,26.391596
1959,27,2008,49,2322558.926229508,3,621.95837,26.779015
1959,28,2008,49,2322398.463114754,4,530.875,22.858912
1959,29,2008,49,2322243.176229508,5,565.5,24.351456
1959,30,2008,49,2322082.713114754,6,555.70831,23.931461
1959,31,2008,49,2321927.426229508,7,542.375,23.358826
1959,32,2008,49,2321766.963114754,8,528,22.741301
1959,33,2008,49,2321606.5,9,541.91663,23.342312
1959,34,2008,49,2321451.213114754,10,532.45837,22.936445
1959,35,2008,49,2321290.75,11,523,22.530569
1959,36,2008,49,2321135.463114754,12,597.58331,25.7453
1959,37,2009,50,2320975,1,650.99994,28.048555
1959,38,2009,50,2321071.184931507,2,611.25,26.334824
1959,39,2009,50,2321158.061643836,3,612.66669,26.394871
1959,40,2009,50,2321254.246575342,4,580.29169,24.999058
1959,41,2009,50,2321347.328767124,5,585,25.200882
1959,42,2009,50,2321443.513698631,6,558,24.036768
1959,43,2009,50,2321536.595890411,7,604.66663,26.045965
1959,44,2009,50,2321632.780821918,8,587.625,25.31085
1959,45,2009,50,2321728.965753425,9,555.29169,23.917162
1959,46,2009,50,2321822.047945206,10,657.45831,28.316483
1959,47,2009,50,2321918.232876712,11,595.625,25.652281
1959,48,2009,50,2322011.315068493,12,598.54169,25.776863
1959,49,2010,51,2322107.5,1,720.49994,31.027845
1959,50,2010,51,2321724.331506849,2,629.125,27.097317
1959,51,2010,51,2321378.243835616,3,637.83337,27.476496
1959,52,2010,51,2320995.075342466,4,640.33337,27.588743
1959,53,2010,51,2320624.267123288,5,626.125,26.980886
1959,54,2010,51,2320241.098630137,6,625.25,26.94763
1959,55,2010,51,2319870.290410959,7,652.41663,28.122978
1959,56,2010,51,2319487.121917808,8,625.875,26.983335
1959,57,2010,51,2319103.953424658,9,595.20831,25.665443
1959,58,2010,51,2318733.14520548,10,634.95831,27.383846
1959,59,2010,51,2318349.976712329,11,651.25,28.091099
1959,60,2010,51,2317979.168493151,12,660.58331,28.498241
1959,61,2011,52,2317596,1,743.08331,32.062675
1959,62,2011,52,2317243.831506849,2,715.25,30.866411
1959,63,2011,52,2316925.743835616,3,758.08337,32.719364
1959,64,2011,52,2316573.575342466,4,705.33337,30.447268
1959,65,2011,52,2316232.767123288,5,702.5,30.329422
1959,66,2011,52,2315880.598630137,6,664.83331,28.707582
1959,67,2011,52,2315539.790410959,7,718.45831,31.027681
1959,68,2011,52,2315187.621917808,8,721.75,31.17458
1959,69,2011,52,2314835.453424658,9,653.91663,28.248947
1959,70,2011,52,2314494.64520548,10,709.20831,30.642036
1959,71,2011,52,2314142.476712329,11,636.125,27.488585
1959,72,2011,52,2313801.668493151,12,702.375,30.355886
1959,73,2012,53,2313449.5,1,747.70831,32.320061
1959,74,2012,53,2313039.766393443,2,712.75,30.814428
1959,75,2012,53,2312656.467213115,3,785.58337,33.968876
1959,76,2012,53,2312246.733606557,4,733.91669,31.740414
1959,77,2012,53,2311850.217213115,5,760.25,32.884914
1959,78,2012,53,2311440.483606557,6,705.5,30.522093
1959,79,2012,53,2311043.967213115,7,733.375,31.733494
1959,80,2012,53,2310634.233606557,8,719.5,31.138638
1959,81,2012,53,2310224.5,9,706.33331,30.574228
1959,82,2012,53,2309827.983606557,10,774.79169,33.543262
1959,83,2012,53,2309418.25,11,719.75,31.165857
1959,84,2012,53,2309021.733606557,12,746.16663,32.315269
1959,85,2013,54,2308612,1,954.91669,41.363239
1959,86,2013,54,2307628.917808219,2,785.125,34.023018
1959,87,2013,54,2306740.97260274,3,857.58331,37.177269
1959,88,2013,54,2305757.890410959,4,815.83337,35.382439
1959,89,2013,54,2304806.520547945,5,818.25,35.501896
1959,90,2013,54,2303823.438356164,6,780.41663,33.874844
1959,91,2013,54,2302872.068493151,7,780.625,33.897888
1959,92,2013,54,2301888.98630137,8,762.5,33.124969
1959,93,2013,54,2300905.904109589,9,743.91663,32.331467
1959,94,2013,54,2299954.534246575,10,784.20837,34.096691
1959,95,2013,54,2298971.452054794,11,748.375,32.552601
1959,96,2013,54,2298020.082191781,12,854.875,37.2005
1959,97,2014,55,2297037,1,1057.0833,46.019428
1959,98,2014,55,2296285.865753425,2,926.5,40.347763
1959,99,2014,55,2295607.421917808,3,928.83331,40.46133
1959,100,2014,55,2294856.287671233,4,885.375,38.580849
1959,101,2014,55,2294129.383561644,5,880.125,38.364227
1959,102,2014,55,2293378.249315069,6,819.04163,35.713326
1959,103,2014,55,2292651.34520548,7,827,36.071774
1959,104,2014,55,2291900.210958904,8,872,38.047031
1959,105,2014,55,2291149.076712329,9,818.25,35.71352
1959,106,2014,55,2290422.17260274,10,874.33337,38.173458
1959,107,2014,55,2289671.038356164,11,876.75,38.291527
1959,108,2014,55,2288944.134246576,12,829.16669,36.224854
1959,109,2015,56,2288193,1,1020.5416,44.60033
1959,110,2015,56,2287694.834246575,2,958.75,41.909
1959,111,2015,56,2287244.878082192,3,1038.4167,45.40033
1959,112,2015,56,2286746.712328767,4,981.62506,42.926708
1959,113,2015,56,2286264.616438356,5,955.5,41.793064
1959,114,2015,56,2285766.450684931,6,922.79163,40.371212
1959,115,2015,56,2285284.35479452,7,941.83337,41.212963
1959,116,2015,56,2284786.189041096,8,896.25,39.226864
1959,117,2015,56,2284288.023287671,9,893.91663,39.13327
1959,118,2015,56,2283805.92739726,10,920.95837,40.325596
1959,119,2015,56,2283307.761643835,11,882.5,38.650066
1959,120,2015,56,2282825.665753425,12,985.45831,43.168358
1959,121,2016,57,2282327.5,1,1156.4583,50.670128
1959,122,2016,57,2282268.040983607,2,1035.25,45.36058
1959,123,2016,57,2282212.418032787,3,1132.4584,49.621078
1959,124,2016,57,2282152.959016393,4,1024.875,44.908253
1959,125,2016,57,2282095.418032787,5,1045,45.791248
1959,126,2016,57,2282035.959016393,6,942.29163,41.29171
1959,127,2016,57,2281978.418032787,7,974.45837,42.702347
1959,128,2016,57,2281918.959016393,8,992,43.472183
1959,129,2016,57,2281859.5,9,960.95837,42.112949
1959,130,2016,57,2281801.959016393,10,973.33337,42.656349
1959,131,2016,57,2281742.5,11,1021.375,44.762939
1959,132,2016,57,2281684.959016393,12,1034.7084,45.348434
1959,133,2017,58,2281625.5,1,1293.7083,56.701164
1959,134,2017,58,2280141.958904109,2,1124.25,49.306141
1959,135,2017,58,2278801.98630137,3,1152.25,50.56385
1959,136,2017,58,2277318.445205479,4,1096.4167,48.145077
1959,137,2017,58,2275882.760273973,5,1095.375,48.129677
1959,138,2017,58,2274399.219178082,6,1069,47.001423
1959,139,2017,58,2272963.534246575,7,1067.2917,46.955956
1959,140,2017,58,2271479.993150685,8,1037,45.653053
1959,141,2017,58,2269996.452054794,9,1033.2917,45.519531
1959,142,2017,58,2268560.767123288,10,1050.2917,46.297714
1959,143,2017,58,2267077.226027397,11,1078.25,47.561237
1959,144,2017,58,2265641.54109589,12,1189.1667,52.486977
1959,145,2018,59,2264158,1,1420.2083,62.72567
1959,146,2018,59,2260684.216438356,2,1164.25,51.499897
1959,147,2018,59,2257546.605479452,3,1260,55.812801
1959,148,2018,59,2254072.821917808,4,1139.75,50.564026
1959,149,2018,59,2250711.095890411,5,1101.75,48.951195
1959,150,2018,59,2247237.312328767,6,1096.9583,48.813637
1959,151,2018,59,2243875.58630137,7,1127.0416,50.227455
1959,152,2018,59,2240401.802739726,8,1137.125,50.755405
1959,153,2018,59,2236928.019178082,9,1090.5,48.749893
1959,154,2018,59,2233566.293150685,10,1112.625,49.813835
1959,155,2018,59,2230092.509589041,11,1078.125,48.344406
1959,156,2018,59,2226730.783561644,12,1212.9166,54.470734
1959,157,2019,60,2223257,1,1457.4584,65.555099
1959,158,2019,60,2221800.891780822,2,1246.875,56.120014
1959,159,2019,60,2220485.697260274,3,1347.875,60.701809
1959,160,2019,60,2219029.589041096,4,1280.2084,57.692261
1959,161,2019,60,2217620.452054794,5,1248.375,56.293446
1959,162,2019,60,2216164.343835616,6,1167.9583,52.70179
1959,163,2019,60,2214755.206849315,7,1189.0833,53.689152
1959,164,2019,60,2213299.098630137,8,1164.25,52.60247
1959,165,2019,60,2211842.990410959,9,1120.75,50.670414
1959,166,2019,60,2210433.853424658,10,1174.875,53.151329
1959,167,2019,60,2208977.74520548,11,1218.375,55.155602
1959,168,2019,60,2207568.608219178,12,1249.3334,56.593185
1959,169,2020,61,2206112.5,1,1438.9166,65.224083
1959,170,2020,61,2204510.494535519,2,1434.25,65.059792
1959,171,2020,61,2203011.844262295,3,1557.3334,70.691101
1959,172,2020,61,2201409.838797814,4,1656.4585,75.245346
1959,173,2020,61,2199859.510928962,5,1505.875,68.453232
1959,174,2020,61,2198257.505464481,6,1424.2083,64.788055
1959,175,2020,61,2196707.177595628,7,1554.5,70.765007
1959,176,2020,61,2195105.172131148,8,1538.25,70.07637
1959,177,2020,61,2193503.166666667,9,1385.375,63.158104
1959,178,2020,61,2191952.838797814,10,1453.5,66.31073
1959,179,2020,61,2190350.833333333,11,1582.375,72.242996
1959,180,2020,61,2188800.505464481,12,1837.3333,83.942474
1959,181,2021,62,2187198.5,1,2154.1665,98.489761
1959,182,2021,62,2185447.042465754,2,1655.75,75.762535
1959,183,2021,62,2183865.080821918,3,1615,73.951454
1959,184,2021,62,2182113.623287671,4,1598.2917,73.245117
1959,185,2021,62,2180418.664383562,5,1629.25,74.721886
1959,186,2021,62,2178667.206849315,6,1501.9166,68.937401
1959,187,2021,62,2176972.247945206,7,1586.4166,72.87262
1959,188,2021,62,2175220.790410959,8,2020.5,92.887123
1959,189,2021,62,2173469.332876713,9,2086.8333,96.013924
1959,190,2021,62,2171774.373972603,10,1907.4166,87.827568
1959,191,2021,62,2170022.916438357,11,1656.375,76.329842
1959,192,2021,62,2168327.957534247,12,1901,87.671242
1960,1,2006,46,2338751,1,485.95831,20.77854
1960,2,2006,46,2339408.836986301,2,416.625,17.808987
1960,3,2006,46,2340003.012328767,3,516.70837,22.081526
1960,4,2006,46,2340660.849315069,4,441.5,18.862194
1960,5,2006,46,2341297.465753425,5,449.5,19.198757
1960,6,2006,46,2341955.302739726,6,464.25,19.823179
1960,7,2006,46,2342591.919178082,7,444.25,18.964037
1960,8,2006,46,2343249.756164384,8,425.5,18.158543
1960,9,2006,46,2343907.593150685,9,468.625,19.993322
1960,10,2006,46,2344544.209589041,10,438.66669,18.710106
1960,11,2006,46,2345202.046575342,11,428.125,18.255356
1960,12,2006,46,2345838.663013699,12,432.45834,18.435127
1960,13,2007,47,2346496.5,1,527.83331,22.494528
1960,14,2007,47,2346619.438356164,2,473.25,20.167309
1960,15,2007,47,2346730.479452054,3,547.66669,23.337435
1960,16,2007,47,2346853.417808219,4,491.125,20.926956
1960,17,2007,47,2346972.390410959,5,507.125,21.607626
1960,18,2007,47,2347095.328767123,6,487.66663,20.777452
1960,19,2007,47,2347214.301369863,7,481.79166,20.526104
1960,20,2007,47,2347337.239726027,8,458.75,19.543421
1960,21,2007,47,2347460.178082192,9,469.625,20.005665
1960,22,2007,47,2347579.150684931,10,454.83334,19.374569
1960,23,2007,47,2347702.089041096,11,440.125,18.747055
1960,24,2007,47,2347821.061643836,12,475.79166,20.265244
1960,25,2008,48,2347944,1,572.58331,24.386583
1960,26,2008,48,2348031.325136612,2,569.5,24.254362
1960,27,2008,48,2348113.016393443,3,585.875,24.950886
1960,28,2008,48,2348200.341530054,4,475,20.228256
1960,29,2008,48,2348284.849726776,5,537,22.867754
1960,30,2008,48,2348372.174863388,6,470.875,20.051123
1960,31,2008,48,2348456.683060109,7,526,22.397688
1960,32,2008,48,2348544.008196721,8,510.875,21.75284
1960,33,2008,48,2348631.333333333,9,489.5,20.841927
1960,34,2008,48,2348715.841530054,10,493.58331,21.015028
1960,35,2008,48,2348803.166666667,11,491.625,20.930872
1960,36,2008,48,2348887.674863388,12,531.79169,22.64015
1960,37,2009,49,2348975,1,604.29163,25.725758
1960,38,2009,49,2348731.58630137,2,582,24.779331
1960,39,2009,49,2348511.728767124,3,594.16669,25.299711
1960,40,2009,49,2348268.315068493,4,544.75,23.197945
1960,41,2009,49,2348032.753424658,5,553.75,23.583572
1960,42,2009,49,2347789.339726028,6,547.75,23.330458
1960,43,2009,49,2347553.778082192,7,569.79169,24.271721
1960,44,2009,49,2347310.364383562,8,535.875,22.829321
1960,45,2009,49,2347066.950684932,9,542.58337,23.117508
1960,46,2009,49,2346831.389041096,10,587.66669,25.040857
1960,47,2009,49,2346587.975342466,11,562.125,23.954994
1960,48,2009,49,2346352.41369863,12,599.79169,25.562729
1960,49,2010,50,2346109,1,616.33331,26.270447
1960,50,2010,50,2345612.87260274,2,603.25,25.718225
1960,51,2010,50,2345164.757534246,3,630.58337,26.88866
1960,52,2010,50,2344668.630136986,4,609.25,25.984482
1960,53,2010,50,2344188.506849315,5,634.875,27.082933
1960,54,2010,50,2343692.379452055,6,590.25,25.18462
1960,55,2010,50,2343212.256164384,7,609.91669,26.029083
1960,56,2010,50,2342716.128767123,8,571.875,24.410769
1960,57,2010,50,2342220.001369863,9,581.54163,24.828651
1960,58,2010,50,2341739.878082192,10,601.20831,25.673574
1960,59,2010,50,2341243.750684931,11,584.5,24.965363
1960,60,2010,50,2340763.62739726,12,581.33331,24.835199
1960,61,2011,51,2340267.5,1,740.5,31.641682
1960,62,2011,51,2340001.749315069,2,699.875,29.909166
1960,63,2011,51,2339761.716438356,3,686.04163,29.321005
1960,64,2011,51,2339495.965753425,4,620.95837,26.5424
1960,65,2011,51,2339238.787671233,5,681.875,29.149439
1960,66,2011,51,2338973.036986302,6,632.45831,27.040001
1960,67,2011,51,2338715.85890411,7,629.95837,26.936079
1960,68,2011,51,2338450.108219178,8,653.25,27.935169
1960,69,2011,51,2338184.357534247,9,617.16669,26.395124
1960,70,2011,51,2337927.179452055,10,668.125,28.577665
1960,71,2011,51,2337661.428767123,11,611,26.137232
1960,72,2011,51,2337404.250684931,12,655,28.022539
1960,73,2012,52,2337138.5,1,760.95831,32.559402
1960,74,2012,52,2336829.55874317,2,707,30.254667
1960,75,2012,52,2336540.549180328,3,744.58331,31.866911
1960,76,2012,52,2336231.607923497,4,681.83337,29.185179
1960,77,2012,52,2335932.632513661,5,717,30.694378
1960,78,2012,52,2335623.69125683,6,673.625,28.841333
1960,79,2012,52,2335324.715846994,7,702.625,30.086823
1960,80,2012,52,2335015.774590164,8,699.5,29.95697
1960,81,2012,52,2334706.833333333,9,664.41669,28.45825
1960,82,2012,52,2334407.857923497,10,697.41669,29.875528
1960,83,2012,52,2334098.916666667,11,712,30.504276
1960,84,2012,52,2333799.94125683,12,729.58337,31.261608
1960,85,2013,53,2333491,1,836.83331,35.861862
1960,86,2013,53,2333096.365753425,2,780.875,33.469471
1960,87,2013,53,2332739.921917808,3,836.20837,35.846619
1960,88,2013,53,2332345.287671233,4,743.25,31.867065
1960,89,2013,53,2331963.383561644,5,798.375,34.236172
1960,90,2013,53,2331568.749315069,6,735.08331,31.527412
1960,91,2013,53,2331186.84520548,7,742.125,31.834642
1960,92,2013,53,2330792.210958904,8,692.75,29.721655
1960,93,2013,53,2330397.576712329,9,693.625,29.764235
1960,94,2013,53,2330015.67260274,10,715.95831,30.727617
1960,95,2013,53,2329621.038356164,11,695.75,29.865372
1960,96,2013,53,2329239.134246576,12,784.04169,33.660851
1960,97,2014,54,2328844.5,1,986.54169,42.361855
1960,98,2014,54,2327757.63150685,2,837.875,35.994942
1960,99,2014,54,2326775.943835617,3,847.66669,36.430954
1960,100,2014,54,2325689.075342466,4,830.70837,35.718807
1960,101,2014,54,2324637.267123288,5,834.25,35.887318
1960,102,2014,54,2323550.398630137,6,775.29163,33.36668
1960,103,2014,54,2322498.590410959,7,806.08337,34.707592
1960,104,2014,54,2321411.721917809,8,807.625,34.790253
1960,105,2014,54,2320324.853424658,9,762.25,32.851002
1960,106,2014,54,2319273.045205479,10,803.70831,34.653458
1960,107,2014,54,2318186.176712329,11,787.375,33.965134
1960,108,2014,54,2317134.368493151,12,816.29169,35.2285
1960,109,2015,55,2316047.5,1,1007.6249,43.506229
1960,110,2015,55,2315266.809589041,2,872.5,37.684643
1960,111,2015,55,2314561.669863014,3,937.08331,40.486427
1960,112,2015,55,2313780.979452055,4,878.20837,37.955555
1960,113,2015,55,2313025.47260274,5,873.25,37.753582
1960,114,2015,55,2312244.782191781,6,864.75,37.398724
1960,115,2015,55,2311489.275342466,7,891.83337,38.58263
1960,116,2015,55,2310708.584931507,8,865.25,37.445225
1960,117,2015,55,2309927.894520548,9,863,37.360474
1960,118,2015,55,2309172.387671233,10,847.375,36.696049
1960,119,2015,55,2308391.697260274,11,840.625,36.416046
1960,120,2015,55,2307636.190410959,12,870.875,37.738834
1960,121,2016,56,2306855.5,1,1006.9583,43.650688
1960,122,2016,56,2306381.225409836,2,970.125,42.062649
1960,123,2016,56,2305937.549180328,3,1134.0834,49.181011
1960,124,2016,56,2305463.274590164,4,980.54169,42.531219
1960,125,2016,56,2305004.299180328,5,995.75,43.199486
1960,126,2016,56,2304530.024590164,6,926.66663,40.210655
1960,127,2016,56,2304071.049180328,7,874.04163,37.934666
1960,128,2016,56,2303596.774590164,8,939.375,40.778622
1960,129,2016,56,2303122.5,9,914.375,39.701534
1960,130,2016,56,2302663.524590164,10,950,41.256569
1960,131,2016,56,2302189.25,11,927,40.266022
1960,132,2016,56,2301730.274590164,12,974.375,42.332283
1960,133,2017,57,2301256,1,1143.6666,49.697498
1960,134,2017,57,2301241.519178082,2,1017.375,44.209831
1960,135,2017,57,2301228.439726027,3,1159.5834,50.389755
1960,136,2017,57,2301213.958904109,4,1107.2084,48.114101
1960,137,2017,57,2301199.945205479,5,1058.375,45.99231
1960,138,2017,57,2301185.464383562,6,962.58331,41.829887
1960,139,2017,57,2301171.450684931,7,1021.2916,44.381378
1960,140,2017,57,2301156.969863013,8,989,42.978382
1960,141,2017,57,2301142.489041096,9,951.875,41.365322
1960,142,2017,57,2301128.475342466,10,942.45831,40.956352
1960,143,2017,57,2301113.994520548,11,1012.875,44.016724
1960,144,2017,57,2301099.980821918,12,1092.0416,47.457375
1960,145,2018,58,2301085.5,1,1349.5834,58.649857
1960,146,2018,58,2299466.875342466,2,1094,47.576244
1960,147,2018,58,2298004.891780822,3,1172.5417,51.024338
1960,148,2018,58,2296386.267123288,4,1084.0417,47.206421
1960,149,2018,58,2294819.856164384,5,1062.125,46.283588
1960,150,2018,58,2293201.23150685,6,1066.5,46.507038
1960,151,2018,58,2291634.820547945,7,1051.625,45.889729
1960,152,2018,58,2290016.195890411,8,1070.375,46.740936
1960,153,2018,58,2288397.571232877,9,993.04169,43.39463
1960,154,2018,58,2286831.160273973,10,1022.8333,44.727104
1960,155,2018,58,2285212.535616438,11,992.625,43.436878
1960,156,2018,58,2283646.124657534,12,1115.2916,48.8382
1960,157,2019,59,2282027.5,1,1303.7916,57.133038
1960,158,2019,59,2278453.030136987,2,1153.25,50.615482
1960,159,2019,59,2275224.476712329,3,1288.25,56.620789
1960,160,2019,59,2271650.006849315,4,1135.9584,50.005871
1960,161,2019,59,2268190.842465754,5,1136.5,50.106014
1960,162,2019,59,2264616.37260274,6,1121.2083,49.509853
1960,163,2019,59,2261157.208219178,7,1135.5,50.217648
1960,164,2019,59,2257582.738356165,8,1118,49.521996
1960,165,2019,59,2254008.268493151,9,1090.125,48.363842
1960,166,2019,59,2250549.104109589,10,1134,50.387703
1960,167,2019,59,2246974.634246576,11,1109.75,49.38863
1960,168,2019,59,2243515.469863014,12,1160.5416,51.72871
1960,169,2020,60,2239941,1,1454.6666,64.942184
1960,170,2020,60,2238434.87431694,2,1308.375,58.450439
1960,171,2020,60,2237025.918032787,3,1495.9584,66.872643
1960,172,2020,60,2235519.792349727,4,1599.8334,71.56427
1960,173,2020,60,2234062.25136612,5,1404.375,62.861946
1960,174,2020,60,2232556.12568306,6,1306.625,58.525963
1960,175,2020,60,2231098.584699454,7,1465.4583,65.683258
1960,176,2020,60,2229592.459016394,8,1475.25,66.166801
1960,177,2020,60,2228086.333333333,9,1291.625,57.97015
1960,178,2020,60,2226628.792349727,10,1353.125,60.770119
1960,179,2020,60,2225122.666666667,11,1480.375,66.530037
1960,180,2020,60,2223665.12568306,12,1627.9584,73.210594
1960,181,2021,61,2222159,1,2059.125,92.663261
1960,182,2021,61,2220534.430136986,2,1581.5,71.221596
1960,183,2021,61,2219067.076712328,3,1573.9166,70.926949
1960,184,2021,61,2217442.506849315,4,1495.4167,67.438805
1960,185,2021,61,2215870.342465753,5,1512,68.235039
1960,186,2021,61,2214245.77260274,6,1423.6666,64.295784
1960,187,2021,61,2212673.608219178,7,1539.5833,69.580223
1960,188,2021,61,2211049.038356164,8,1815.75,82.121651
1960,189,2021,61,2209424.468493151,9,1887.9583,85.450226
1960,190,2021,61,2207852.304109589,10,1668.75,75.582504
1960,191,2021,61,2206227.734246575,11,1576.125,71.439812
1960,192,2021,61,2204655.569863013,12,1798.2084,81.56414
1961,1,2006,45,2304217,1,438.99997,19.052023
1961,2,2006,45,2304391.364383562,2,389,16.880814
1961,3,2006,45,2304548.854794521,3,459.58334,19.942444
1961,4,2006,45,2304723.219178082,4,433,18.787506
1961,5,2006,45,2304891.95890411,5,417.125,18.097378
1961,6,2006,45,2305066.323287671,6,423.41666,18.368958
1961,7,2006,45,2305235.063013699,7,411.08334,17.8326
1961,8,2006,45,2305409.42739726,8,423.125,18.353573
1961,9,2006,45,2305583.791780822,9,427.83331,18.556398
1961,10,2006,45,2305752.531506849,10,378.41666,16.41185
1961,11,2006,45,2305926.895890411,11,387.125,16.78826
1961,12,2006,45,2306095.635616438,12,404.16666,17.526014
1961,13,2007,46,2306270,1,499.54166,21.660154
1961,14,2007,46,2307030.094520548,2,434.875,18.849993
1961,15,2007,46,2307716.63150685,3,462.375,20.036039
1961,16,2007,46,2308476.726027397,4,453.04169,19.625135
1961,17,2007,46,2309212.301369863,5,449,19.443859
1961,18,2007,46,2309972.395890411,6,413.41666,17.897039
1961,19,2007,46,2310707.971232877,7,425.625,18.41968
1961,20,2007,46,2311468.065753425,8,418.375,18.099968
1961,21,2007,46,2312228.160273973,9,419.08334,18.124653
1961,22,2007,46,2312963.735616439,10,419.70834,18.14591
1961,23,2007,46,2313723.830136986,11,436,18.844082
1961,24,2007,46,2314459.405479452,12,425.04169,18.36462
1961,25,2008,47,2315219.5,1,536.83331,23.187145
1961,26,2008,47,2315352.096994536,2,550.5,23.776081
1961,27,2008,47,2315476.139344262,3,527.25,22.770695
1961,28,2008,47,2315608.736338797,4,457.70834,19.766222
1961,29,2008,47,2315737.056010929,5,495.5,21.397076
1961,30,2008,47,2315869.653005464,6,462.33331,19.963701
1961,31,2008,47,2315997.972677595,7,467.70831,20.194677
1961,32,2008,47,2316130.569672131,8,461,19.903887
1961,33,2008,47,2316263.166666667,9,443.66669,19.154417
1961,34,2008,47,2316391.486338797,10,447.83334,19.333233
1961,35,2008,47,2316524.083333333,11,481.875,20.80164
1961,36,2008,47,2316652.403005464,12,459.04169,19.814871
1961,37,2009,48,2316785,1,588.25,25.390789
1961,38,2009,48,2316934.606849315,2,505.375,21.812225
1961,39,2009,48,2317069.735616439,3,567.20837,24.479555
1961,40,2009,48,2317219.342465754,4,494.79169,21.352821
1961,41,2009,48,2317364.123287671,5,521.875,22.520199
1961,42,2009,48,2317513.730136986,6,507.91666,21.916447
1961,43,2009,48,2317658.510958904,7,536,23.126789
1961,44,2009,48,2317808.11780822,8,490.625,21.167627
1961,45,2009,48,2317957.724657534,9,505.79169,21.820574
1961,46,2009,48,2318102.505479452,10,510.83331,22.036701
1961,47,2009,48,2318252.112328767,11,524.875,22.64098
1961,48,2009,48,2318396.893150685,12,531,22.903757
1961,49,2010,49,2318546.5,1,599.08331,25.838745
1961,50,2010,49,2318191.783561644,2,553.375,23.870975
1961,51,2010,49,2317871.394520548,3,582.45831,25.129017
1961,52,2010,49,2317516.678082192,4,521.75,22.513323
1961,53,2010,49,2317173.404109589,5,583,25.159964
1961,54,2010,49,2316818.687671233,6,509.16663,21.976973
1961,55,2010,49,2316475.41369863,7,579.04163,24.996666
1961,56,2010,49,2316120.697260274,8,508.125,21.938623
1961,57,2010,49,2315765.980821918,9,510.04169,22.024752
1961,58,2010,49,2315422.706849315,10,531.08337,22.936779
1961,59,2010,49,2315067.990410959,11,516.375,22.30496
1961,60,2010,49,2314724.716438356,12,524.33337,22.652084
1961,61,2011,50,2314370,1,637.95831,27.565096
1961,62,2011,50,2313813.61369863,2,624.75,27.000879
1961,63,2011,50,2313311.071232877,3,656.41669,28.375633
1961,64,2011,50,2312754.684931507,4,624.625,27.007835
1961,65,2011,50,2312216.246575342,5,625.875,27.068186
1961,66,2011,50,2311659.860273973,6,589.125,25.484934
1961,67,2011,50,2311121.421917808,7,596.04163,25.790148
1961,68,2011,50,2310565.035616438,8,566.5,24.517813
1961,69,2011,50,2310008.649315068,9,558.70831,24.186417
1961,70,2011,50,2309470.210958904,10,586.375,25.390022
1961,71,2011,50,2308913.824657534,11,552.125,23.91276
1961,72,2011,50,2308375.38630137,12,588.79169,25.506756
1961,73,2012,51,2307819,1,689.875,29.892942
1961,74,2012,51,2307634.05874317,2,626.25,27.138186
1961,75,2012,51,2307461.049180328,3,653.66669,28.328396
1961,76,2012,51,2307276.107923497,4,646.83337,28.034502
1961,77,2012,51,2307097.132513661,5,667,28.910789
1961,78,2012,51,2306912.19125683,6,626,27.135839
1961,79,2012,51,2306733.215846994,7,642.95831,27.873112
1961,80,2012,51,2306548.274590164,8,664.75,28.820122
1961,81,2012,51,2306363.333333333,9,580.875,25.185755
1961,82,2012,51,2306184.357923497,10,666.70837,28.909588
1961,83,2012,51,2305999.416666667,11,635,27.536867
1961,84,2012,51,2305820.44125683,12,669.58331,29.038832
1961,85,2013,52,2305635.5,1,806,34.957825
1961,86,2013,52,2305402.74520548,2,689.875,29.924273
1961,87,2013,52,2305192.515068493,3,745.79169,32.352684
1961,88,2013,52,2304959.760273973,4,719.75,31.226141
1961,89,2013,52,2304734.51369863,5,749.125,32.503742
1961,90,2013,52,2304501.75890411,6,687.70831,29.841951
1961,91,2013,52,2304276.512328767,7,688,29.857529
1961,92,2013,52,2304043.757534246,8,677.375,29.399399
1961,93,2013,52,2303811.002739726,9,629.54163,27.326097
1961,94,2013,52,2303585.756164384,10,716.25,31.092831
1961,95,2013,52,2303353.001369863,11,641.75,27.861557
1961,96,2013,52,2303127.754794521,12,749.375,32.537273
1961,97,2014,53,2302895,1,905.04163,39.300167
1961,98,2014,53,2302533.191780822,2,770.875,33.479431
1961,99,2014,53,2302206.397260274,3,804.54163,34.946545
1961,100,2014,53,2301844.589041096,4,772.08337,33.541943
1961,101,2014,53,2301494.452054795,5,780.375,33.907314
1961,102,2014,53,2301132.643835617,6,718.41663,31.220131
1961,103,2014,53,2300782.506849315,7,725.20831,31.520073
1961,104,2014,53,2300420.698630137,8,738,32.081089
1961,105,2014,53,2300058.890410959,9,706.08331,30.698488
1961,106,2014,53,2299708.753424658,10,750.375,32.629131
1961,107,2014,53,2299346.945205479,11,723.5,31.465456
1961,108,2014,53,2298996.808219178,12,802.58331,34.910152
1961,109,2015,54,2298635,1,949.83331,41.321625
1961,110,2015,54,2297434.790410959,2,813.125,35.392735
1961,111,2015,54,2296350.730136986,3,890.54169,38.780735
1961,112,2015,54,2295150.520547945,4,801.375,34.916012
1961,113,2015,54,2293989.02739726,5,829.375,36.15427
1961,114,2015,54,2292788.817808219,6,813.25,35.469906
1961,115,2015,54,2291627.324657534,7,831.875,36.300625
1961,116,2015,54,2290427.115068493,8,792.625,34.605991
1961,117,2015,54,2289226.905479452,9,803.5,35.099186
1961,118,2015,54,2288065.412328767,10,795.79163,34.780109
1961,119,2015,54,2286865.202739726,11,752,32.883442
1961,120,2015,54,2285703.709589041,12,797.95837,34.910839
1961,121,2016,55,2284503.5,1,1023.625,44.807327
1961,122,2016,55,2283681.237704918,2,932.875,40.849617
1961,123,2016,55,2282912.024590164,3,1020.5416,44.703503
1961,124,2016,55,2282089.762295082,4,887.12506,38.873363
1961,125,2016,55,2281294.024590164,5,887.125,38.886921
1961,126,2016,55,2280471.762295082,6,842.20825,36.931316
1961,127,2016,55,2279676.024590164,7,852.25,37.384697
1961,128,2016,55,2278853.762295082,8,870.625,38.204514
1961,129,2016,55,2278031.5,9,839.95837,36.872112
1961,130,2016,55,2277235.762295082,10,883.5,38.797035
1961,131,2016,55,2276413.5,11,865,37.998367
1961,132,2016,55,2275617.762295082,12,881.91663,38.755043
1961,133,2017,56,2274795.5,1,1019.125,44.800732
1961,134,2017,56,2274312.197260274,2,979.25,43.056973
1961,135,2017,56,2273875.665753425,3,1017.2917,44.738228
1961,136,2017,56,2273392.363013699,4,975.95837,42.929607
1961,137,2017,56,2272924.650684932,5,995.625,43.803696
1961,138,2017,56,2272441.347945206,6,925.79163,40.739956
1961,139,2017,56,2271973.635616438,7,920.83331,40.530106
1961,140,2017,56,2271490.332876713,8,895.25,39.412449
1961,141,2017,56,2271007.030136987,9,900.25,39.641003
1961,142,2017,56,2270539.317808219,10,899.375,39.610634
1961,143,2017,56,2270056.015068493,11,923.375,40.676308
1961,144,2017,56,2269588.302739726,12,980.66669,43.209011
1961,145,2018,57,2269105,1,1199.9583,52.882446
1961,146,2018,57,2269173.752054795,2,1060.5,46.735073
1961,147,2018,57,2269235.850684932,3,1099.8334,48.467125
1961,148,2018,57,2269304.602739726,4,1010.5,44.52906
1961,149,2018,57,2269371.136986302,5,990.75,43.657471
1961,150,2018,57,2269439.889041096,6,1007.7916,44.407063
1961,151,2018,57,2269506.423287672,7,967.45831,42.628578
1961,152,2018,57,2269575.175342466,8,1008.75,44.446644
1961,153,2018,57,2269643.92739726,9,960.875,42.335938
1961,154,2018,57,2269710.461643836,10,986.95837,43.483891
1961,155,2018,57,2269779.21369863,11,982.125,43.269627
1961,156,2018,57,2269845.747945206,12,1051.5833,46.3284
1961,157,2019,58,2269914.5,1,1226.6666,54.040215
1961,158,2019,58,2268814.424657534,2,1076.125,47.43116
1961,159,2019,58,2267820.808219178,3,1157.125,51.023651
1961,160,2019,58,2266720.732876712,4,1075.4167,47.443726
1961,161,2019,58,2265656.143835617,5,1096.25,48.38554
1961,162,2019,58,2264556.068493151,6,1030.375,45.500088
1961,163,2019,58,2263491.479452055,7,1054.375,46.581799
1961,164,2019,58,2262391.404109589,8,1036.25,45.803303
1961,165,2019,58,2261291.328767124,9,995.45831,44.021675
1961,166,2019,58,2260226.739726027,10,1049.8333,46.448139
1961,167,2019,58,2259126.664383562,11,1043.375,46.184883
1961,168,2019,58,2258062.075342466,12,1093.75,48.437553
1961,169,2020,59,2256962,1,1325,58.707237
1961,170,2020,59,2255567.12704918,2,1225.375,54.326691
1961,171,2020,59,2254262.245901639,3,1318.7916,58.50214
1961,172,2020,59,2252867.372950819,4,1455.3334,64.599159
1961,173,2020,59,2251517.495901639,5,1295.5,57.538971
1961,174,2020,59,2250122.622950819,6,1191.4166,52.948963
1961,175,2020,59,2248772.745901639,7,1388.125,61.728115
1961,176,2020,59,2247377.872950819,8,1317.875,58.64056
1961,177,2020,59,2245983,9,1246.6666,55.506504
1961,178,2020,59,2244633.122950819,10,1229.4583,54.773239
1961,179,2020,59,2243238.25,11,1291.875,57.589737
1961,180,2020,59,2241888.372950819,12,1489.625,66.445099
1961,181,2021,60,2240493.5,1,1893.5833,84.51635
1961,182,2021,60,2238985.031506849,2,1498.5,66.92765
1961,183,2021,60,2237622.543835617,3,1472.7084,65.815765
1961,184,2021,60,2236114.075342466,4,1387.4167,62.045883
1961,185,2021,60,2234654.267123288,5,1409.25,63.063446
1961,186,2021,60,2233145.798630137,6,1327.4166,59.441555
1961,187,2021,60,2231685.990410959,7,1422.1667,63.726112
1961,188,2021,60,2230177.521917808,8,1669,74.83709
1961,189,2021,60,2228669.053424657,9,1830.625,82.139832
1961,190,2021,60,2227209.24520548,10,1678.875,75.380211
1961,191,2021,60,2225700.776712329,11,1524.375,68.489662
1961,192,2021,60,2224240.968493151,12,1684.75,75.744942
1962,1,2006,44,2293985,1,435.91666,19.002594
1962,2,2006,44,2293267.710958904,2,358.875,15.649067
1962,3,2006,44,2292619.836986301,3,411.45831,17.947081
1962,4,2006,44,2291902.547945206,4,419,18.281755
1962,5,2006,44,2291208.397260274,5,370.125,16.154139
1962,6,2006,44,2290491.108219178,6,363.41666,15.866321
1962,7,2006,44,2289796.957534247,7,377.54166,16.487997
1962,8,2006,44,2289079.668493151,8,386.5,16.884516
1962,9,2006,44,2288362.379452055,9,392.33331,17.14472
1962,10,2006,44,2287668.228767123,10,396.25,17.321131
1962,11,2006,44,2286950.939726028,11,370.625,16.206076
1962,12,2006,44,2286256.789041096,12,361.79169,15.824631
1962,13,2007,45,2285539.5,1,464.29166,20.314314
1962,14,2007,45,2285760.831506849,2,394.75,17.26996
1962,15,2007,45,2285960.743835616,3,399.04169,17.456192
1962,16,2007,45,2286182.075342466,4,406.125,17.764334
1962,17,2007,45,2286396.267123288,5,395.25,17.287029
1962,18,2007,45,2286617.598630137,6,373.75,16.345102
1962,19,2007,45,2286831.790410959,7,391.83334,17.134331
1962,20,2007,45,2287053.121917808,8,410.875,17.965258
1962,21,2007,45,2287274.453424658,9,386.04166,16.877802
1962,22,2007,45,2287488.64520548,10,389.83331,17.041979
1962,23,2007,45,2287709.976712329,11,366,15.998531
1962,24,2007,45,2287924.168493151,12,393.29166,17.18989
1962,25,2008,46,2288145.5,1,462.125,20.196487
1962,26,2008,46,2288998.381147541,2,484,21.144619
1962,27,2008,46,2289796.237704918,3,476.5,20.809711
1962,28,2008,46,2290649.118852459,4,440.08334,19.212168
1962,29,2008,46,2291474.487704918,5,437.375,19.087055
1962,30,2008,46,2292327.368852459,6,427.29166,18.640079
1962,31,2008,46,2293152.737704918,7,418.04169,18.229998
1962,32,2008,46,2294005.618852459,8,443.375,19.327547
1962,33,2008,46,2294858.5,9,391.625,17.065323
1962,34,2008,46,2295683.868852459,10,429.875,18.725357
1962,35,2008,46,2296536.75,11,432.875,18.849035
1962,36,2008,46,2297362.118852459,12,434.91666,18.931131
1962,37,2009,47,2298215,1,588.20831,25.594137
1962,38,2009,47,2298235.128767123,2,457.875,19.922895
1962,39,2009,47,2298253.309589041,3,537.33331,23.380074
1962,40,2009,47,2298273.438356164,4,477.95834,20.79641
1962,41,2009,47,2298292.917808219,5,489.125,21.282101
1962,42,2009,47,2298313.046575342,6,438.66663,19.086462
1962,43,2009,47,2298332.526027397,7,496.66669,21.609871
1962,44,2009,47,2298352.65479452,8,457.75,19.916439
1962,45,2009,47,2298372.783561644,9,454.70834,19.783924
1962,46,2009,47,2298392.263013699,10,495.79169,21.571239
1962,47,2009,47,2298412.391780822,11,462.25,20.111708
1962,48,2009,47,2298431.871232877,12,436.95831,19.011148
1962,49,2010,48,2298452,1,553.04169,24.061485
1962,50,2010,48,2298391.571232876,2,479.25,20.851538
1962,51,2010,48,2298336.990410959,3,543.54169,23.649347
1962,52,2010,48,2298276.561643835,4,513.75,22.353706
1962,53,2010,48,2298218.082191781,5,498.5,21.690718
1962,54,2010,48,2298157.653424657,6,485.29166,21.116552
1962,55,2010,48,2298099.173972602,7,511.54169,22.259338
1962,56,2010,48,2298038.745205479,8,480,20.887377
1962,57,2010,48,2297978.316438356,9,453.08331,19.716606
1962,58,2010,48,2297919.836986301,10,508.45831,22.126896
1962,59,2010,48,2297859.408219178,11,466.875,20.317823
1962,60,2010,48,2297800.928767123,12,537.33331,23.384676
1962,61,2011,49,2297740.5,1,656.75,28.582426
1962,62,2011,49,2297279.576712328,2,585.125,25.470343
1962,63,2011,49,2296863.258904109,3,591.41669,25.748886
1962,64,2011,49,2296402.335616438,4,545.79169,23.76725
1962,65,2011,49,2295956.280821918,5,555.125,24.178379
1962,66,2011,49,2295495.357534247,6,530.41663,23.106848
1962,67,2011,49,2295049.302739726,7,533.58337,23.249321
1962,68,2011,49,2294588.379452054,8,514.125,22.405979
1962,69,2011,49,2294127.456164383,9,513.20831,22.370523
1962,70,2011,49,2293681.401369863,10,531.375,23.166904
1962,71,2011,49,2293220.478082192,11,507.25,22.119547
1962,72,2011,49,2292774.423287671,12,536.16669,23.385061
1962,73,2012,50,2292313.5,1,659.91663,28.788237
1962,74,2012,50,2291652.928961749,2,595.75,25.996519
1962,75,2012,50,2291034.975409836,3,597.58331,26.083553
1962,76,2012,50,2290374.404371585,4,590.45837,25.779993
1962,77,2012,50,2289735.142076503,5,597.125,26.078344
1962,78,2012,50,2289074.571038251,6,560.875,24.50226
1962,79,2012,50,2288435.30874317,7,575.5,25.148188
1962,80,2012,50,2287774.737704918,8,593,25.920383
1962,81,2012,50,2287114.166666667,9,520.83331,22.772511
1962,82,2012,50,2286474.904371585,10,577.70831,25.266331
1962,83,2012,50,2285814.333333333,11,575,25.155149
1962,84,2012,50,2285175.071038251,12,591.29169,25.875116
1962,85,2013,51,2284514.5,1,711.20831,31.131704
1962,86,2013,51,2284464.984931507,2,647.875,28.360031
1962,87,2013,51,2284420.261643836,3,672.16669,29.42395
1962,88,2013,51,2284370.746575342,4,642.375,28.120436
1962,89,2013,51,2284322.828767123,5,655.75,28.706537
1962,90,2013,51,2284273.31369863,6,602.75,26.386948
1962,91,2013,51,2284225.395890411,7,613.29163,26.848997
1962,92,2013,51,2284175.880821918,8,647.375,28.341732
1962,93,2013,51,2284126.365753425,9,595.125,26.054819
1962,94,2013,51,2284078.447945205,10,627.375,27.467314
1962,95,2013,51,2284028.932876713,11,616.625,26.99725
1962,96,2013,51,2283981.015068493,12,645.45831,28.260231
1962,97,2014,52,2283931.5,1,856.16663,37.486526
1962,98,2014,52,2283776.287671233,2,697.75,30.552467
1962,99,2014,52,2283636.095890411,3,755.58337,33.086857
1962,100,2014,52,2283480.883561644,4,695.33337,30.450588
1962,101,2014,52,2283330.678082192,5,693.75,30.383247
1962,102,2014,52,2283175.465753424,6,642.04163,28.120556
1962,103,2014,52,2283025.260273973,7,650.58337,28.496548
1962,104,2014,52,2282870.047945206,8,668.375,29.277838
1962,105,2014,52,2282714.835616438,9,675.25,29.581005
1962,106,2014,52,2282564.630136986,10,715.66669,31.353622
1962,107,2014,52,2282409.417808219,11,702.875,30.795307
1962,108,2014,52,2282259.212328767,12,698.5,30.605639
1962,109,2015,53,2282104,1,873,38.254173
1962,110,2015,53,2281770.176712329,2,756.625,33.159561
1962,111,2015,53,2281468.658904109,3,817.58331,35.835835
1962,112,2015,53,2281134.835616438,4,748.75,32.823574
1962,113,2015,53,2280811.780821918,5,792,34.72448
1962,114,2015,53,2280477.957534246,6,743.54163,32.604641
1962,115,2015,53,2280154.902739726,7,724.29163,31.765018
1962,116,2015,53,2279821.079452055,8,745.25,32.688969
1962,117,2015,53,2279487.256164383,9,761.29163,33.397495
1962,118,2015,53,2279164.201369863,10,778.08337,34.138977
1962,119,2015,53,2278830.378082192,11,686.625,30.130589
1962,120,2015,53,2278507.323287671,12,760.5,33.377113
1962,121,2016,54,2278173.5,1,897.20831,39.38279
1962,122,2016,54,2276837.62021858,2,852.625,37.447773
1962,123,2016,54,2275587.926229509,3,902.70837,39.669239
1962,124,2016,54,2274252.046448087,4,830.50006,36.517502
1962,125,2016,54,2272959.259562842,5,817.375,35.960831
1962,126,2016,54,2271623.379781421,6,747.375,32.900478
1962,127,2016,54,2270330.592896175,7,830.79169,36.593422
1962,128,2016,54,2268994.713114754,8,789.625,34.800655
1962,129,2016,54,2267658.833333333,9,789.91669,34.834019
1962,130,2016,54,2266366.046448087,10,824.83337,36.394535
1962,131,2016,54,2265030.166666667,11,779.25,34.403515
1962,132,2016,54,2263737.379781421,12,791.75,34.975346
1962,133,2017,55,2262401.5,1,974.33331,43.06633
1962,134,2017,55,2261517.490410959,2,883.625,39.072216
1962,135,2017,55,2260719.030136987,3,971.125,42.956467
1962,136,2017,55,2259835.020547945,4,872.58337,38.612701
1962,137,2017,55,2258979.527397261,5,885.625,39.204651
1962,138,2017,55,2258095.517808219,6,854.16663,37.826859
1962,139,2017,55,2257240.024657534,7,833.29169,36.916397
1962,140,2017,55,2256356.015068493,8,799,35.411079
1962,141,2017,55,2255472.005479452,9,833.45837,36.952724
1962,142,2017,55,2254616.512328767,10,837.20831,37.133068
1962,143,2017,55,2253732.502739726,11,786.875,34.914303
1962,144,2017,55,2252877.009589041,12,930,41.280548
1962,145,2018,56,2251993,1,1147.1249,50.93821
1962,146,2018,56,2251526.301369863,2,922.625,40.977757
1962,147,2018,56,2251104.767123288,3,970.25,43.101059
1962,148,2018,56,2250638.068493151,4,953.20837,42.352806
1962,149,2018,56,2250186.424657534,5,882.5,39.218971
1962,150,2018,56,2249719.726027397,6,897.25,39.882748
1962,151,2018,56,2249268.082191781,7,883.45837,39.277592
1962,152,2018,56,2248801.383561644,8,912.5,40.577171
1962,153,2018,56,2248334.684931506,9,860.83337,38.287598
1962,154,2018,56,2247883.04109589,10,884.04163,39.32774
1962,155,2018,56,2247416.342465753,11,885.75,39.411922
1962,156,2018,56,2246964.698630137,12,904.29169,40.245033
1962,157,2019,57,2246498,1,1144.0416,50.925556
1962,158,2019,57,2246795.217808219,2,953.125,42.421535
1962,159,2019,57,2247063.67260274,3,1065.0416,47.397038
1962,160,2019,57,2247360.890410959,4,991.79175,44.131397
1962,161,2019,57,2247648.520547945,5,999.375,44.463135
1962,162,2019,57,2247945.738356165,6,945.16663,42.045795
1962,163,2019,57,2248233.368493151,7,979.75,43.578663
1962,164,2019,57,2248530.58630137,8,921.5,40.982319
1962,165,2019,57,2248827.804109589,9,909.41663,40.439587
1962,166,2019,57,2249115.434246575,10,961.70837,42.759403
1962,167,2019,57,2249412.652054795,11,941.5,41.85537
1962,168,2019,57,2249700.282191781,12,972.16669,43.213165
1962,169,2020,58,2249997.5,1,1163.2916,51.701908
1962,170,2020,58,2248728.321038251,2,1058.25,47.059933
1962,171,2020,58,2247541.024590164,3,1157.875,51.517414
1962,172,2020,58,2246271.845628415,4,1329.25,59.175831
1962,173,2020,58,2245043.607923497,5,1199.75,53.439941
1962,174,2020,58,2243774.428961749,6,1109.7083,49.457211
1962,175,2020,58,2242546.19125683,7,1265.4167,56.427677
1962,176,2020,58,2241277.012295082,8,1252.875,55.900051
1962,177,2020,58,2240007.833333333,9,1160.625,51.813435
1962,178,2020,58,2238779.595628415,10,1184.7916,52.921314
1962,179,2020,58,2237510.416666667,11,1173.375,52.441097
1962,180,2020,58,2236282.178961749,12,1424.5834,63.703201
1962,181,2021,59,2235013,1,1712.3333,76.614021
1962,182,2021,59,2233622.671232877,2,1364,61.066715
1962,183,2021,59,2232366.890410959,3,1379.9166,61.81406
1962,184,2021,59,2230976.561643836,4,1300.875,58.309666
1962,185,2021,59,2229631.082191781,5,1282.125,57.503906
1962,186,2021,59,2228240.753424658,6,1252.5833,56.214001
1962,187,2021,59,2226895.273972603,7,1297.5417,58.26685
1962,188,2021,59,2225504.94520548,8,1563.375,70.2481
1962,189,2021,59,2224114.616438356,9,1679.1666,75.498207
1962,190,2021,59,2222769.136986302,10,1553.7084,69.899673
1962,191,2021,59,2221378.808219179,11,1325.5,59.670147
1962,192,2021,59,2220033.328767124,12,1473.9583,66.393517
1963,1,2006,43,2296296,1,364.54166,15.875203
1963,2,2006,43,2296019.080821917,2,343,14.9389
1963,3,2006,43,2295768.960273972,3,375.04169,16.336212
1963,4,2006,43,2295492.04109589,4,364.875,15.895285
1963,5,2006,43,2295224.05479452,5,342.5,14.922291
1963,6,2006,43,2294947.135616438,6,342.70831,14.933168
1963,7,2006,43,2294679.149315068,7,360.5,15.710258
1963,8,2006,43,2294402.230136986,8,336.375,14.660682
1963,9,2006,43,2294125.310958904,9,320.66669,13.977732
1963,10,2006,43,2293857.324657534,10,326.625,14.239116
1963,11,2006,43,2293580.405479452,11,337.5,14.714985
1963,12,2006,43,2293312.419178082,12,319.75,13.942715
1963,13,2007,44,2293035.5,1,421.91666,18.399918
1963,14,2007,44,2292222.832876712,2,359.5,15.683467
1963,15,2007,44,2291488.810958904,3,376.5,16.430367
1963,16,2007,44,2290676.143835616,4,390.875,17.06374
1963,17,2007,44,2289889.691780822,5,374.75,16.365417
1963,18,2007,44,2289077.024657534,6,353.91666,15.461107
1963,19,2007,44,2288290.57260274,7,369.95831,16.167454
1963,20,2007,44,2287477.905479452,8,363.25,15.879935
1963,21,2007,44,2286665.238356164,9,368.5,16.11517
1963,22,2007,44,2285878.78630137,10,383.20834,16.764158
1963,23,2007,44,2285066.119178082,11,316.625,13.856273
1963,24,2007,44,2284279.667123287,12,353.66666,15.482634
1963,25,2008,45,2283467,1,419.08331,18.35294
1963,26,2008,45,2283720.209016393,2,430.25,18.839874
1963,27,2008,45,2283957.081967213,3,411.04169,17.99691
1963,28,2008,45,2284210.290983607,4,392.00003,17.161293
1963,29,2008,45,2284455.331967213,5,407.375,17.832478
1963,30,2008,45,2284708.540983607,6,384.125,16.812866
1963,31,2008,45,2284953.581967213,7,389,17.024416
1963,32,2008,45,2285206.790983607,8,390.25,17.077229
1963,33,2008,45,2285460,9,360.83334,15.788216
1963,34,2008,45,2285705.040983607,10,393.95834,17.235746
1963,35,2008,45,2285958.25,11,388.375,16.989594
1963,36,2008,45,2286203.290983607,12,415.79166,18.186995
1963,37,2009,46,2286456.5,1,454.66666,19.88521
1963,38,2009,46,2287100.280821918,2,441.625,19.309385
1963,39,2009,46,2287681.760273973,3,479.66669,20.967369
1963,40,2009,46,2288325.54109589,4,438.20837,19.149738
1963,41,2009,46,2288948.554794521,5,446.625,19.512234
1963,42,2009,46,2289592.335616438,6,402.33331,17.572269
1963,43,2009,46,2290215.349315069,7,445.70831,19.461414
1963,44,2009,46,2290859.130136986,8,423.125,18.470144
1963,45,2009,46,2291502.910958904,9,394.95831,17.235777
1963,46,2009,46,2292125.924657534,10,451.66666,19.705141
1963,47,2009,46,2292769.705479452,11,441.75,19.26709
1963,48,2009,46,2293392.719178082,12,412.875,18.002804
1963,49,2010,47,2294036.5,1,506.33331,22.07172
1963,50,2010,47,2293829.479452055,2,434.625,18.947573
1963,51,2010,47,2293642.493150685,3,510.45831,22.255356
1963,52,2010,47,2293435.47260274,4,477,20.798492
1963,53,2010,47,2293235.130136986,5,433.875,18.919779
1963,54,2010,47,2293028.109589041,6,451.625,19.695572
1963,55,2010,47,2292827.767123288,7,445.79166,19.442877
1963,56,2010,47,2292620.746575342,8,470.625,20.527817
1963,57,2010,47,2292413.726027397,9,434.20831,18.941097
1963,58,2010,47,2292213.383561644,10,450.79169,19.666218
1963,59,2010,47,2292006.363013699,11,446.125,19.464388
1963,60,2010,47,2291806.020547945,12,445.04169,19.418819
1963,61,2011,48,2291599,1,579.29169,25.278929
1963,62,2011,48,2291744.063013699,2,510.875,22.291975
1963,63,2011,48,2291875.087671233,3,549.375,23.970547
1963,64,2011,48,2292020.150684932,4,487.08337,21.251268
1963,65,2011,48,2292160.534246576,5,509.5,22.227938
1963,66,2011,48,2292305.597260274,6,456.20831,19.901724
1963,67,2011,48,2292445.980821918,7,446,19.455202
1963,68,2011,48,2292591.043835617,8,462.375,20.168228
1963,69,2011,48,2292736.106849315,9,471.125,20.548592
1963,70,2011,48,2292876.490410959,10,486.375,21.212439
1963,71,2011,48,2293021.553424658,11,470.5,20.518778
1963,72,2011,48,2293161.936986302,12,494.70831,21.573196
1963,73,2012,49,2293307,1,564.70831,24.624191
1963,74,2012,49,2292711.181693989,2,553.5,24.141724
1963,75,2012,49,2292153.803278688,3,570.125,24.872894
1963,76,2012,49,2291557.984972678,4,527.25,23.008364
1963,77,2012,49,2290981.386612022,5,548.625,23.947161
1963,78,2012,49,2290385.568306011,6,527.25,23.020142
1963,79,2012,49,2289808.969945355,7,546.16669,23.852064
1963,80,2012,49,2289213.151639344,8,534.875,23.365015
1963,81,2012,49,2288617.333333333,9,476.83331,20.834995
1963,82,2012,49,2288040.734972678,10,558.16669,24.394962
1963,83,2012,49,2287444.916666667,11,504.125,22.038782
1963,84,2012,49,2286868.318306011,12,528.58331,23.11385
1963,85,2013,50,2286272.5,1,647.70831,28.33032
1963,86,2013,50,2285533.595890411,2,644.25,28.188166
1963,87,2013,50,2284866.198630137,3,615.125,26.921707
1963,88,2013,50,2284127.294520548,4,553.125,24.216032
1963,89,2013,50,2283412.226027397,5,576,25.225407
1963,90,2013,50,2282673.321917808,6,538.125,23.574333
1963,91,2013,50,2281958.253424658,7,570.95837,25.020544
1963,92,2013,50,2281219.349315068,8,583.5,25.578426
1963,93,2013,50,2280480.445205479,9,528.08331,23.15667
1963,94,2013,50,2279765.376712329,10,582.41669,25.54722
1963,95,2013,50,2279026.472602739,11,555.375,24.368958
1963,96,2013,50,2278311.404109589,12,621.83337,27.293608
1963,97,2014,51,2277572.5,1,764.91669,33.584736
1963,98,2014,51,2277655.520547945,2,672.25,29.514999
1963,99,2014,51,2277730.506849315,3,716.66663,31.464066
1963,100,2014,51,2277813.52739726,4,632.20837,27.755054
1963,101,2014,51,2277893.869863014,5,620.875,27.256538
1963,102,2014,51,2277976.890410959,6,601.54163,26.406836
1963,103,2014,51,2278057.232876712,7,607,26.645512
1963,104,2014,51,2278140.253424658,8,611,26.820122
1963,105,2014,51,2278223.273972603,9,614.04169,26.952656
1963,106,2014,51,2278303.616438356,10,617.95831,27.123615
1963,107,2014,51,2278386.636986301,11,590.75,25.928434
1963,108,2014,51,2278466.979452054,12,610.625,26.799818
1963,109,2015,52,2278550,1,778.95831,34.186581
1963,110,2015,52,2278474.580821918,2,695.125,30.50835
1963,111,2015,52,2278406.460273973,3,752.58337,33.031128
1963,112,2015,52,2278331.041095891,4,703.83337,30.892498
1963,113,2015,52,2278258.054794521,5,701.375,30.785582
1963,114,2015,52,2278182.635616438,6,643.45831,28.24437
1963,115,2015,52,2278109.649315068,7,653.45831,28.684235
1963,116,2015,52,2278034.230136986,8,679.375,29.822863
1963,117,2015,52,2277958.810958904,9,668.29169,29.337303
1963,118,2015,52,2277885.824657534,10,675.45837,29.652863
1963,119,2015,52,2277810.405479452,11,633.5,27.811796
1963,120,2015,52,2277737.419178082,12,694.79163,30.503588
1963,121,2016,53,2277662,1,827.99994,36.353065
1963,122,2016,53,2277321.381147541,2,778,34.162941
1963,123,2016,53,2277002.737704918,3,825.95831,36.273926
1963,124,2016,53,2276662.118852459,4,780.29175,34.273499
1963,125,2016,53,2276332.487704918,5,763.5,33.540794
1963,126,2016,53,2275991.868852459,6,691.83331,30.397003
1963,127,2016,53,2275662.237704918,7,747.91663,32.865891
1963,128,2016,53,2275321.618852459,8,726.375,31.924059
1963,129,2016,53,2274981,9,699.95831,30.767654
1963,130,2016,53,2274651.368852459,10,788.66669,34.671982
1963,131,2016,53,2274310.75,11,706.75,31.07535
1963,132,2016,53,2273981.118852459,12,751.58337,33.051434
1963,133,2017,54,2273640.5,1,933.54169,41.059338
1963,134,2017,54,2272158.360273973,2,825.625,36.336597
1963,135,2017,54,2270819.653424658,3,876.58337,38.60207
1963,136,2017,54,2269337.513698631,4,815.79175,35.948452
1963,137,2017,54,2267903.184931507,5,798,35.186687
1963,138,2017,54,2266421.045205479,6,752.91663,33.220509
1963,139,2017,54,2264986.716438356,7,744.91663,32.888344
1963,140,2017,54,2263504.576712329,8,732.5,32.36132
1963,141,2017,54,2262022.436986302,9,742.29169,32.815399
1963,142,2017,54,2260588.108219178,10,766.58337,33.910793
1963,143,2017,54,2259105.968493151,11,727,32.180874
1963,144,2017,54,2257671.639726028,12,815.875,36.137894
1963,145,2018,55,2256189.5,1,1010.6666,44.795288
1963,146,2018,55,2255250.412328767,2,902.125,40.001102
1963,147,2018,55,2254402.204109589,3,885.04169,39.258377
1963,148,2018,55,2253463.116438356,4,851.79175,37.799232
1963,149,2018,55,2252554.321917808,5,802.375,35.620674
1963,150,2018,55,2251615.234246575,6,850.91663,37.791386
1963,151,2018,55,2250706.439726027,7,826.70837,36.73106
1963,152,2018,55,2249767.352054794,8,824.125,36.631565
1963,153,2018,55,2248828.264383561,9,769.70831,34.227081
1963,154,2018,55,2247919.469863013,10,803.375,35.738602
1963,155,2018,55,2246980.38219178,11,798.5,35.536579
1963,156,2018,55,2246071.587671232,12,867.33331,38.61557
1963,157,2019,56,2245132.5,1,1002.2083,44.63916
1963,158,2019,56,2244669.071232877,2,866.125,38.585865
1963,159,2019,56,2244250.490410959,3,1011.4167,45.067013
1963,160,2019,56,2243787.061643836,4,897.91669,40.01791
1963,161,2019,56,2243338.582191781,5,896.25,39.951614
1963,162,2019,56,2242875.153424657,6,850.375,37.914505
1963,163,2019,56,2242426.673972602,7,890,39.689148
1963,164,2019,56,2241963.245205479,8,845.375,37.706905
1963,165,2019,56,2241499.816438356,9,843.66669,37.638489
1963,166,2019,56,2241051.336986301,10,855.33331,38.166611
1963,167,2019,56,2240587.908219178,11,884.25,39.465088
1963,168,2019,56,2240139.428767123,12,917.16669,40.942394
1963,169,2020,57,2239676,1,1142.3333,51.004398
1963,170,2020,57,2238525.908469945,2,989.25,44.192028
1963,171,2020,57,2237450.016393443,3,1111.7917,49.690128
1963,172,2020,57,2236299.924863388,4,1219.9584,54.55254
1963,173,2020,57,2235186.933060109,5,1101.125,49.263218
1963,174,2020,57,2234036.841530054,6,1037,46.418213
1963,175,2020,57,2232923.849726776,7,1143.1666,51.195953
1963,176,2020,57,2231773.758196721,8,1136.25,50.912418
1963,177,2020,57,2230623.666666667,9,1035.0834,46.403316
1963,178,2020,57,2229510.674863388,10,1054.9167,47.316067
1963,179,2020,57,2228360.583333333,11,1078.625,48.404419
1963,180,2020,57,2227247.591530054,12,1250.4583,56.143658
1963,181,2021,58,2226097.5,1,1466.875,65.894463
1963,182,2021,58,2224845.015068493,2,1219,54.790333
1963,183,2021,58,2223713.738356165,3,1244.5,55.964939
1963,184,2021,58,2222461.253424658,4,1195.25,53.780464
1963,185,2021,58,2221249.171232877,5,1186.375,53.410263
1963,186,2021,58,2219996.68630137,6,1159.5833,52.233559
1963,187,2021,58,2218784.604109589,7,1170.2083,52.740959
1963,188,2021,58,2217532.119178082,8,1516.75,68.398109
1963,189,2021,58,2216279.634246576,9,1544.875,69.70578
1963,190,2021,58,2215067.552054795,10,1387.75,62.650459
1963,191,2021,58,2213815.067123288,11,1179,53.256481
1963,192,2021,58,2212602.984931507,12,1373.9584,62.096924
1964,1,2006,42,2273686.5,1,352.625,15.508954
1964,2,2006,42,2273937.302739726,2,333,14.644203
1964,3,2006,42,2274163.834246575,3,350.41666,15.408593
1964,4,2006,42,2274414.636986301,4,309.29169,13.598738
1964,5,2006,42,2274657.349315069,5,318.5,14.002109
1964,6,2006,42,2274908.152054795,6,304.70831,13.394313
1964,7,2006,42,2275150.864383562,7,327.375,14.389155
1964,8,2006,42,2275401.667123288,8,286.75,12.602171
1964,9,2006,42,2275652.469863014,9,280.83331,12.340782
1964,10,2006,42,2275895.182191781,10,288.58334,12.679993
1964,11,2006,42,2276145.984931507,11,296.25,13.015422
1964,12,2006,42,2276388.697260274,12,237.5,10.433192
1964,13,2007,43,2276639.5,1,350.25,15.384518
1964,14,2007,43,2276299.306849315,2,316.5,13.904147
1964,15,2007,43,2275992.035616438,3,334.45834,14.695058
1964,16,2007,43,2275651.842465754,4,334.79169,14.711903
1964,17,2007,43,2275322.623287671,5,315,13.844191
1964,18,2007,43,2274982.430136987,6,320.91666,14.106336
1964,19,2007,43,2274653.210958904,7,334.04166,14.685389
1964,20,2007,43,2274313.017808219,8,303.375,13.339193
1964,21,2007,43,2273972.824657534,9,331.70834,14.587173
1964,22,2007,43,2273643.605479452,10,324.41666,14.26858
1964,23,2007,43,2273303.412328767,11,297.875,13.103178
1964,24,2007,43,2272974.193150685,12,298.33334,13.125241
1964,25,2008,44,2272634,1,418.79166,18.427589
1964,26,2008,44,2271713.909836065,2,395,17.387753
1964,27,2008,44,2270853.180327869,3,402.08334,17.706268
1964,28,2008,44,2269933.090163935,4,361,15.903552
1964,29,2008,44,2269042.680327869,5,367.375,16.190748
1964,30,2008,44,2268122.590163935,6,351.25,15.486377
1964,31,2008,44,2267232.180327869,7,368.79169,16.266163
1964,32,2008,44,2266312.090163935,8,325.625,14.368056
1964,33,2008,44,2265392,9,322.41669,14.232269
1964,34,2008,44,2264501.590163935,10,321.66669,14.204745
1964,35,2008,44,2263581.5,11,306,13.5184
1964,36,2008,44,2262691.090163935,12,312.45834,13.809147
1964,37,2009,45,2261771,1,445.79166,19.709848
1964,38,2009,45,2261918.738356164,2,381.75,16.877264
1964,39,2009,45,2262052.179452055,3,424.41666,18.762461
1964,40,2009,45,2262199.917808219,4,380.125,16.803333
1964,41,2009,45,2262342.890410959,5,396.625,17.531605
1964,42,2009,45,2262490.628767123,6,371.70831,16.429165
1964,43,2009,45,2262633.601369863,7,387.375,17.120537
1964,44,2009,45,2262781.339726028,8,372.5,16.462042
1964,45,2009,45,2262929.078082192,9,345.54169,15.269665
1964,46,2009,45,2263072.050684932,10,394.08334,17.413645
1964,47,2009,45,2263219.789041096,11,363.875,16.077759
1964,48,2009,45,2263362.761643836,12,359.29169,15.874242
1964,49,2010,46,2263510.5,1,466.75,20.620625
1964,50,2010,46,2263297.619178082,2,441,19.484844
1964,51,2010,46,2263105.339726028,3,458.20834,20.246885
1964,52,2010,46,2262892.458904109,4,437.83334,19.348394
1964,53,2010,46,2262686.445205479,5,399.875,17.672577
1964,54,2010,46,2262473.564383562,6,401.54166,17.747906
1964,55,2010,46,2262267.550684932,7,399.91669,17.677692
1964,56,2010,46,2262054.669863014,8,403.75,17.848818
1964,57,2010,46,2261841.789041096,9,372.20834,16.455984
1964,58,2010,46,2261635.775342466,10,353.66669,15.63765
1964,59,2010,46,2261422.894520548,11,372.25,16.460875
1964,60,2010,46,2261216.880821918,12,393.08331,17.383707
1964,61,2011,47,2261004,1,514.54163,22.757219
1964,62,2011,47,2260887.856164384,2,470.25,20.799351
1964,63,2011,47,2260782.952054795,3,519.66669,22.986137
1964,64,2011,47,2260666.808219178,4,434.91669,19.238424
1964,65,2011,47,2260554.410958904,5,453.25,20.05039
1964,66,2011,47,2260438.267123288,6,404.95831,17.915035
1964,67,2011,47,2260325.869863014,7,423.29169,18.72702
1964,68,2011,47,2260209.726027397,8,436,19.290245
1964,69,2011,47,2260093.582191781,9,438.875,19.418444
1964,70,2011,47,2259981.184931507,10,439,19.42494
1964,71,2011,47,2259865.041095891,11,395.125,17.484451
1964,72,2011,47,2259752.643835617,12,428.79169,18.975161
1964,73,2012,48,2259636.5,1,532,23.54361
1964,74,2012,48,2259960.306010929,2,463.875,20.525803
1964,75,2012,48,2260263.221311476,3,532.125,23.542612
1964,76,2012,48,2260587.027322405,4,476.16669,21.06385
1964,77,2012,48,2260900.387978142,5,503.875,22.286474
1964,78,2012,48,2261224.193989071,6,469,20.740978
1964,79,2012,48,2261537.554644809,7,469.125,20.743631
1964,80,2012,48,2261861.360655738,8,475.5,21.022509
1964,81,2012,48,2262185.166666667,9,462.58334,20.448519
1964,82,2012,48,2262498.527322405,10,463.20831,20.473309
1964,83,2012,48,2262822.333333333,11,433.75,19.168539
1964,84,2012,48,2263135.693989071,12,498.20834,22.014072
1964,85,2013,49,2263459.5,1,658.83331,29.107361
1964,86,2013,49,2262736.563013698,2,561.5,24.815084
1964,87,2013,49,2262083.587671233,3,602.20831,26.621841
1964,88,2013,49,2261360.650684931,4,502.41669,22.217451
1964,89,2013,49,2260661.034246575,5,509.5,22.537655
1964,90,2013,49,2259938.097260274,6,498.49997,22.058125
1964,91,2013,49,2259238.480821918,7,519.5,22.994474
1964,92,2013,49,2258515.543835616,8,502.375,22.243593
1964,93,2013,49,2257792.606849315,9,473.25,20.960739
1964,94,2013,49,2257092.990410959,10,487.54166,21.600424
1964,95,2013,49,2256370.053424657,11,450.75,19.976776
1964,96,2013,49,2255670.436986301,12,536.66669,23.791893
1964,97,2014,50,2254947.5,1,691.125,30.649273
1964,98,2014,50,2254171.098630137,2,597.75,26.517508
1964,99,2014,50,2253469.832876713,3,641.16669,28.452419
1964,100,2014,50,2252693.431506849,4,564.20837,25.045946
1964,101,2014,50,2251942.075342466,5,561.25,24.922932
1964,102,2014,50,2251165.673972603,6,532.20831,23.641455
1964,103,2014,50,2250414.317808219,7,556.66663,24.736183
1964,104,2014,50,2249637.916438356,8,561.75,24.970686
1964,105,2014,50,2248861.515068493,9,561.95831,24.988569
1964,106,2014,50,2248110.15890411,10,520.375,23.147221
1964,107,2014,50,2247333.757534247,11,544.375,24.223148
1964,108,2014,50,2246582.401369863,12,516.91669,23.009024
1964,109,2015,51,2245806,1,728.95831,32.458649
1964,110,2015,51,2246010.175342466,2,664,29.563536
1964,111,2015,51,2246194.591780822,3,651.20837,28.991629
1964,112,2015,51,2246398.767123288,4,652.70837,29.055767
1964,113,2015,51,2246596.356164384,5,621.375,27.658506
1964,114,2015,51,2246800.531506849,6,609.29163,27.118189
1964,115,2015,51,2246998.120547945,7,608.95837,27.100973
1964,116,2015,51,2247202.295890411,8,588.625,26.193682
1964,117,2015,51,2247406.471232877,9,567.125,25.234644
1964,118,2015,51,2247604.060273973,10,561.91663,25.000694
1964,119,2015,51,2247808.235616439,11,557.875,24.818621
1964,120,2015,51,2248005.824657534,12,628.75,27.969234
1964,121,2016,52,2248210,1,711.16663,31.63257
1964,122,2016,52,2248184.420765027,2,705.5,31.380878
1964,123,2016,52,2248160.491803279,3,773.58337,34.409615
1964,124,2016,52,2248134.912568306,4,669.95837,29.800631
1964,125,2016,52,2248110.158469945,5,680.125,30.253189
1964,126,2016,52,2248084.579234973,6,629.33331,27.994202
1964,127,2016,52,2248059.825136612,7,644.5,28.669167
1964,128,2016,52,2248034.24590164,8,644.875,28.686172
1964,129,2016,52,2248008.666666667,9,635.125,28.252783
1964,130,2016,52,2247983.912568306,10,659.29163,29.328129
1964,131,2016,52,2247958.333333333,11,631.5,28.092157
1964,132,2016,52,2247933.579234973,12,677.16663,30.12396
1964,133,2017,53,2247908,1,871.95831,38.789768
1964,134,2017,53,2247541.265753425,2,726.875,32.340897
1964,135,2017,53,2247210.021917808,3,755.375,33.613903
1964,136,2017,53,2246843.287671233,4,716.75,31.900311
1964,137,2017,53,2246488.383561644,5,771.875,34.35918
1964,138,2017,53,2246121.649315068,6,698.66663,31.105467
1964,139,2017,53,2245766.74520548,7,668.04163,29.746706
1964,140,2017,53,2245400.010958904,8,679.5,30.261869
1964,141,2017,53,2245033.276712329,9,655.20831,29.184793
1964,142,2017,53,2244678.37260274,10,710.83337,31.667494
1964,143,2017,53,2244311.638356165,11,658.875,29.357553
1964,144,2017,53,2243956.734246575,12,723.79169,32.255154
1964,145,2018,54,2243590,1,973.91663,43.408852
1964,146,2018,54,2241985.94109589,2,818.125,36.491085
1964,147,2018,54,2240537.11369863,3,814.08337,36.334297
1964,148,2018,54,2238933.054794521,4,756.25,33.777248
1964,149,2018,54,2237380.739726027,5,729,32.582741
1964,150,2018,54,2235776.680821918,6,754.625,33.752254
1964,151,2018,54,2234224.365753425,7,713.83331,31.949938
1964,152,2018,54,2232620.306849315,8,749.625,33.576019
1964,153,2018,54,2231016.247945205,9,687.375,30.80995
1964,154,2018,54,2229463.932876713,10,732,32.833004
1964,155,2018,54,2227859.873972603,11,711,31.914036
1964,156,2018,54,2226307.55890411,12,705.95837,31.709831
1964,157,2019,55,2224703.5,1,888.70831,39.947269
1964,158,2019,55,2223246.457534246,2,828,37.242836
1964,159,2019,55,2221930.419178082,3,898.25,40.426559
1964,160,2019,55,2220473.376712329,4,846.125,38.105614
1964,161,2019,55,2219063.335616438,5,833.5,37.560894
1964,162,2019,55,2217606.293150685,6,758.58331,34.207302
1964,163,2019,55,2216196.252054794,7,793.83331,35.81963
1964,164,2019,55,2214739.209589041,8,788.375,35.596741
1964,165,2019,55,2213282.167123287,9,753.45831,34.04258
1964,166,2019,55,2211872.126027397,10,771.04169,34.859234
1964,167,2019,55,2210415.083561644,11,724,32.754028
1964,168,2019,55,2209005.042465753,12,856.54163,38.774998
1964,169,2020,56,2207548,1,1032.1666,46.756248
1964,170,2020,56,2206507.509562842,2,922.875,41.825146
1964,171,2020,56,2205534.147540984,3,1025.25,46.485336
1964,172,2020,56,2204493.657103825,4,1094.125,49.63158
1964,173,2020,56,2203486.730874317,5,980.375,44.491985
1964,174,2020,56,2202446.240437158,6,929.54163,42.204964
1964,175,2020,56,2201439.31420765,7,1076.0834,48.880901
1964,176,2020,56,2200398.823770492,8,1026.375,46.644955
1964,177,2020,56,2199358.333333333,9,923.75,42.000885
1964,178,2020,56,2198351.407103825,10,978.45831,44.508732
1964,179,2020,56,2197310.916666667,11,993.5,45.214355
1964,180,2020,56,2196303.990437158,12,1076.25,49.002781
1964,181,2021,57,2195263.5,1,1459.4166,66.480247
1964,182,2021,57,2194155.823287671,2,1128,51.409294
1964,183,2021,57,2193155.34109589,3,1112.875,50.743099
1964,184,2021,57,2192047.664383561,4,1096.5417,50.023628
1964,185,2021,57,2190975.719178082,5,1126.125,51.398335
1964,186,2021,57,2189868.042465753,6,1039.1666,47.453392
1964,187,2021,57,2188796.097260274,7,1057.5,48.314232
1964,188,2021,57,2187688.420547945,8,1362.25,62.268921
1964,189,2021,57,2186580.743835616,9,1464.2917,66.967194
1964,190,2021,57,2185508.798630137,10,1208.3333,55.288418
1964,191,2021,57,2184401.121917808,11,1130.5,51.753315
1964,192,2021,57,2183329.176712329,12,1205.1666,55.198578
1965,1,2006,41,2177728.5,1,318.33334,14.617679
1965,2,2006,41,2178041.430136986,2,304.375,13.974711
1965,3,2006,41,2178324.076712329,3,300.45834,13.793097
1965,4,2006,41,2178637.006849315,4,274.04169,12.578584
1965,5,2006,41,2178939.842465753,5,267.75,12.288086
1965,6,2006,41,2179252.77260274,6,255.66666,11.73185
1965,7,2006,41,2179555.608219178,7,273.66669,12.556077
1965,8,2006,41,2179868.538356164,8,258.625,11.864247
1965,9,2006,41,2180181.468493151,9,255.16666,11.703918
1965,10,2006,41,2180484.304109589,10,257.08334,11.790195
1965,11,2006,41,2180797.234246575,11,233.25,10.69563
1965,12,2006,41,2181100.069863013,12,279.04166,12.79362
1965,13,2007,42,2181413,1,330.66666,15.15837
1965,14,2007,42,2181676.330136986,2,279.125,12.794061
1965,15,2007,42,2181914.176712329,3,281.75,12.912973
1965,16,2007,42,2182177.506849315,4,276.58334,12.674649
1965,17,2007,42,2182432.342465754,5,260.625,11.941951
1965,18,2007,42,2182695.67260274,6,271.70831,12.448291
1965,19,2007,42,2182950.508219178,7,302.29169,13.847849
1965,20,2007,42,2183213.838356164,8,262.5,12.023559
1965,21,2007,42,2183477.168493151,9,278.33334,12.747252
1965,22,2007,42,2183732.004109589,10,282.875,12.953742
1965,23,2007,42,2183995.334246575,11,241.75,11.069162
1965,24,2007,42,2184250.169863014,12,263.41666,12.059821
1965,25,2008,43,2184513.5,1,365.91666,16.750486
1965,26,2008,43,2184084.878415301,2,370.875,16.980797
1965,27,2008,43,2183683.909836066,3,347.375,15.907751
1965,28,2008,43,2183255.288251366,4,322.33334,14.763887
1965,29,2008,43,2182840.493169399,5,327.625,15.009113
1965,30,2008,43,2182411.871584699,6,304.125,13.93527
1965,31,2008,43,2181997.076502732,7,317.125,14.533704
1965,32,2008,43,2181568.454918033,8,298.625,13.688546
1965,33,2008,43,2181139.833333333,9,270.75,12.413235
1965,34,2008,43,2180725.038251366,10,263.04166,12.062119
1965,35,2008,43,2180296.416666667,11,269.625,12.366438
1965,36,2008,43,2179881.621584699,12,285,13.074104
1965,37,2009,44,2179453,1,416.20831,19.096916
1965,38,2009,44,2178662.797260274,2,364.75,16.74192
1965,39,2009,44,2177949.065753425,3,390.125,17.912495
1965,40,2009,44,2177158.863013699,4,343.125,15.760219
1965,41,2009,44,2176394.150684931,5,354.375,16.282667
1965,42,2009,44,2175603.947945205,6,337.66666,15.520594
1965,43,2009,44,2174839.235616438,7,333.125,15.317225
1965,44,2009,44,2174049.032876712,8,318.75,14.661583
1965,45,2009,44,2173258.830136986,9,303.95834,13.986293
1965,46,2009,44,2172494.117808219,10,327.375,15.069086
1965,47,2009,44,2171703.915068493,11,302.25,13.917644
1965,48,2009,44,2170939.202739726,12,298.54166,13.751728
1965,49,2010,45,2170149,1,434.375,20.015907
1965,50,2010,45,2169976.164383562,2,349.375,16.100407
1965,51,2010,45,2169820.054794521,3,376.125,17.334387
1965,52,2010,45,2169647.219178082,4,367.95831,16.959362
1965,53,2010,45,2169479.95890411,5,342.375,15.781432
1965,54,2010,45,2169307.123287671,6,348.875,16.082323
1965,55,2010,45,2169139.863013699,7,350.45831,16.156557
1965,56,2010,45,2168967.027397261,8,357,16.459448
1965,57,2010,45,2168794.191780822,9,334.54166,15.425238
1965,58,2010,45,2168626.931506849,10,335.16666,15.455247
1965,59,2010,45,2168454.095890411,11,346.25,15.967596
1965,60,2010,45,2168286.835616439,12,354.58334,16.353157
1965,61,2011,46,2168114,1,456.33331,21.047478
1965,62,2011,46,2167938.701369863,2,423.75,19.546217
1965,63,2011,46,2167780.367123288,3,465.29169,21.463968
1965,64,2011,46,2167605.068493151,4,393.41669,18.149832
1965,65,2011,46,2167435.424657534,5,408.875,18.86446
1965,66,2011,46,2167260.126027397,6,366.29166,16.90114
1965,67,2011,46,2167090.482191781,7,372.95831,17.210094
1965,68,2011,46,2166915.183561644,8,388,17.905638
1965,69,2011,46,2166739.884931507,9,368.66669,17.014811
1965,70,2011,46,2166570.24109589,10,356.16669,16.439194
1965,71,2011,46,2166394.942465753,11,384.125,17.73107
1965,72,2011,46,2166225.298630137,12,380,17.542034
1965,73,2012,47,2166050,1,461.79166,21.319529
1965,74,2012,47,2166017.094262295,2,443.5,20.475368
1965,75,2012,47,2165986.31147541,3,464.70834,21.454815
1965,76,2012,47,2165953.405737705,4,431.875,19.939257
1965,77,2012,47,2165921.56147541,5,443.875,20.493586
1965,78,2012,47,2165888.655737705,6,405.375,18.716335
1965,79,2012,47,2165856.81147541,7,387.95831,17.912464
1965,80,2012,47,2165823.905737705,8,395.625,18.26672
1965,81,2012,47,2165791,9,382.66669,17.66868
1965,82,2012,47,2165759.155737705,10,389.70834,17.994076
1965,83,2012,47,2165726.25,11,404.875,18.694653
1965,84,2012,47,2165694.405737705,12,405,18.700699
1965,85,2013,48,2165661.5,1,537.16669,24.803816
1965,86,2013,48,2166164.973972603,2,455.5,21.027946
1965,87,2013,48,2166619.724657535,3,499.875,23.071653
1965,88,2013,48,2167123.198630137,4,464.08334,21.414719
1965,89,2013,48,2167610.431506849,5,449.125,20.71982
1965,90,2013,48,2168113.905479452,6,448.91663,20.705399
1965,91,2013,48,2168601.138356165,7,434.41669,20.032116
1965,92,2013,48,2169104.612328767,8,454,20.930296
1965,93,2013,48,2169608.08630137,9,442.58334,20.399229
1965,94,2013,48,2170095.319178083,10,404.625,18.645494
1965,95,2013,48,2170598.793150685,11,415.125,19.124907
1965,96,2013,48,2171086.026027397,12,439.08334,20.224134
1965,97,2014,49,2171589.5,1,622.70831,28.675232
1965,98,2014,49,2170752.839726028,2,542.5,24.991329
1965,99,2014,49,2169997.146575343,3,584.83337,26.950882
1965,100,2014,49,2169160.48630137,4,489.12503,22.549047
1965,101,2014,49,2168350.815068494,5,492.125,22.69582
1965,102,2014,49,2167514.154794521,6,486.45831,22.443144
1965,103,2014,49,2166704.483561644,7,516,23.814968
1965,104,2014,49,2165867.823287671,8,467.375,21.579109
1965,105,2014,49,2165031.163013699,9,482,22.262959
1965,106,2014,49,2164221.491780822,10,504.16669,23.295521
1965,107,2014,49,2163384.83150685,11,464.75,21.48254
1965,108,2014,49,2162575.160273973,12,455.5,21.062851
1965,109,2015,50,2161738.5,1,655.29163,30.313177
1965,110,2015,50,2160975.008219178,2,576,26.654634
1965,111,2015,50,2160285.402739726,3,624.25,28.896645
1965,112,2015,50,2159521.910958904,4,579.5,26.834642
1965,113,2015,50,2158783.047945205,5,565.25,26.183733
1965,114,2015,50,2158019.556164383,6,537.58331,24.910957
1965,115,2015,50,2157280.693150685,7,534.41663,24.772697
1965,116,2015,50,2156517.201369863,8,511,23.695614
1965,117,2015,50,2155753.709589041,9,519.45831,24.096367
1965,118,2015,50,2155014.846575342,10,501.79166,23.284836
1965,119,2015,50,2154251.35479452,11,478,22.188683
1965,120,2015,50,2153512.491780822,12,532.08337,24.707699
1965,121,2016,51,2152749,1,665.58331,30.917831
1965,122,2016,51,2152991.833333333,2,631.75,29.342888
1965,123,2016,51,2153219,3,710.04169,32.975822
1965,124,2016,51,2153461.833333333,4,617.08337,28.655413
1965,125,2016,51,2153696.833333333,5,605.875,28.131861
1965,126,2016,51,2153939.666666667,6,563.70831,26.171036
1965,127,2016,51,2154174.666666667,7,596.08331,27.671076
1965,128,2016,51,2154417.5,8,562,26.085938
1965,129,2016,51,2154660.333333333,9,592.25,27.486931
1965,130,2016,51,2154895.333333333,10,592.16669,27.480068
1965,131,2016,51,2155138.166666667,11,490.75,22.771162
1965,132,2016,51,2155373.166666667,12,562.83337,26.113035
1965,133,2017,52,2155616,1,752.33331,34.901081
1965,134,2017,52,2155634.47260274,2,680.75,31.580029
1965,135,2017,52,2155651.157534247,3,720.25,33.412178
1965,136,2017,52,2155669.630136987,4,621.04169,28.809689
1965,137,2017,52,2155687.506849315,5,684.75,31.764809
1965,138,2017,52,2155705.979452055,6,617.25,28.63331
1965,139,2017,52,2155723.856164384,7,605.25,28.076416
1965,140,2017,52,2155742.328767124,8,615.5,28.551649
1965,141,2017,52,2155760.801369863,9,548.125,25.426058
1965,142,2017,52,2155778.678082192,10,620.04163,28.761841
1965,143,2017,52,2155797.150684932,11,587.875,27.269495
1965,144,2017,52,2155815.027397261,12,618.41663,28.685978
1965,145,2018,53,2155833.5,1,830.125,38.505989
1965,146,2018,53,2155423.578082192,2,743,34.471184
1965,147,2018,53,2155053.326027397,3,727.875,33.775265
1965,148,2018,53,2154643.404109589,4,669.33337,31.064693
1965,149,2018,53,2154246.705479452,5,702.25,32.5984
1965,150,2018,53,2153836.783561644,6,642.79163,29.844027
1965,151,2018,53,2153440.084931507,7,631.75,29.336781
1965,152,2018,53,2153030.163013699,8,650,30.190008
1965,153,2018,53,2152620.24109589,9,632.95837,29.404089
1965,154,2018,53,2152223.542465753,10,637.04169,29.599234
1965,155,2018,53,2151813.620547945,11,610.75,28.383034
1965,156,2018,53,2151416.921917808,12,627.125,29.149395
1965,157,2019,54,2151007,1,810.25,37.668404
1965,158,2019,54,2149509.82739726,2,733,34.1008
1965,159,2019,54,2148157.542465753,3,742.25,34.552868
1965,160,2019,54,2146660.369863014,4,778.875,36.283104
1965,161,2019,54,2145211.493150685,5,758.125,35.34034
1965,162,2019,54,2143714.320547945,6,687.875,32.087997
1965,163,2019,54,2142265.443835617,7,735.70837,34.342541
1965,164,2019,54,2140768.271232877,8,663.25,30.981869
1965,165,2019,54,2139271.098630137,9,651.04169,30.432875
1965,166,2019,54,2137822.221917808,10,685.33337,32.057549
1965,167,2019,54,2136325.049315069,11,690.625,32.327713
1965,168,2019,54,2134876.17260274,12,691.08337,32.37112
1965,169,2020,55,2133379,1,960,44.999035
1965,170,2020,55,2132453.743169399,2,831,38.969193
1965,171,2020,55,2131588.180327869,3,884.125,41.477291
1965,172,2020,55,2130662.923497268,4,982.20837,46.098721
1965,173,2020,55,2129767.513661202,5,872.25,40.955173
1965,174,2020,55,2128842.256830601,6,833.75,39.164478
1965,175,2020,55,2127946.846994536,7,996.5,46.829178
1965,176,2020,55,2127021.590163935,8,915,43.017899
1965,177,2020,55,2126096.333333333,9,815.375,38.350803
1965,178,2020,55,2125200.923497268,10,823.70831,38.759079
1965,179,2020,55,2124275.666666667,11,864.875,40.713879
1965,180,2020,55,2123380.256830601,12,1007.6667,47.45578
1965,181,2021,56,2122455,1,1345.7083,63.403381
1965,182,2021,56,2121488.819178082,2,1058.125,49.87653
1965,183,2021,56,2120616.139726027,3,1050.125,49.519806
1965,184,2021,56,2119649.958904109,4,955.41669,45.074268
1965,185,2021,56,2118714.945205479,5,996.625,47.039127
1965,186,2021,56,2117748.764383561,6,942.54163,44.506771
1965,187,2021,56,2116813.750684931,7,960.66663,45.382671
1965,188,2021,56,2115847.569863013,8,1199.375,56.685322
1965,189,2021,56,2114881.389041096,9,1272.2916,60.159008
1965,190,2021,56,2113946.375342465,10,1086.875,51.414501
1965,191,2021,56,2112980.194520548,11,1057.75,50.059628
1965,192,2021,56,2112045.180821918,12,1072.4584,50.778194
1966,1,2006,40,2075833,1,257.33331,12.396629
1966,2,2006,40,2076253.665753425,2,247.125,11.902448
1966,3,2006,40,2076633.621917808,3,251.91666,12.131011
1966,4,2006,40,2077054.287671233,4,225.37502,10.850704
1966,5,2006,40,2077461.383561644,5,219.25,10.553746
1966,6,2006,40,2077882.049315068,6,230.5,11.093026
1966,7,2006,40,2078289.145205479,7,247.45834,11.90683
1966,8,2006,40,2078709.810958904,8,229.875,11.058542
1966,9,2006,40,2079130.476712329,9,218.66667,10.517218
1966,10,2006,40,2079537.57260274,10,241.29167,11.603141
1966,11,2006,40,2079958.238356164,11,236.375,11.36441
1966,12,2006,40,2080365.334246575,12,216.79167,10.420846
1966,13,2007,41,2080786,1,275.45831,13.238186
1966,14,2007,41,2081092.984931507,2,237.125,11.394253
1966,15,2007,41,2081370.261643836,3,275.33334,13.228465
1966,16,2007,41,2081677.246575342,4,265.16669,12.738127
1966,17,2007,41,2081974.328767123,5,259.5,12.46413
1966,18,2007,41,2082281.31369863,6,253.99998,12.198159
1966,19,2007,41,2082578.395890411,7,258.125,12.394491
1966,20,2007,41,2082885.380821918,8,245.25,11.774531
1966,21,2007,41,2083192.365753425,9,231.54167,11.114753
1966,22,2007,41,2083489.447945205,10,245.125,11.765119
1966,23,2007,41,2083796.432876712,11,230.5,11.061542
1966,24,2007,41,2084093.515068493,12,264.875,12.709363
1966,25,2008,42,2084400.5,1,316.04166,15.162232
1966,26,2008,42,2084627.494535519,2,294.625,14.133221
1966,27,2008,42,2084839.844262295,3,323.5,15.51678
1966,28,2008,42,2085066.838797814,4,293.20834,14.0623
1966,29,2008,42,2085286.510928962,5,272.125,13.049766
1966,30,2008,42,2085513.505464481,6,265.125,12.712696
1966,31,2008,42,2085733.177595628,7,258.33331,12.385732
1966,32,2008,42,2085960.172131147,8,254.25,12.188632
1966,33,2008,42,2086187.166666667,9,259.95834,12.460931
1966,34,2008,42,2086406.838797814,10,246.45834,11.812573
1966,35,2008,42,2086633.833333333,11,273,13.083273
1966,36,2008,42,2086853.505464481,12,260.04166,12.460944
1966,37,2009,43,2087080.5,1,371.79166,17.813959
1966,38,2009,43,2086776.997260274,2,299.75,14.364257
1966,39,2009,43,2086502.865753425,3,318.29169,15.254793
1966,40,2009,43,2086199.363013699,4,322.91669,15.478707
1966,41,2009,43,2085905.650684932,5,296.5,14.214449
1966,42,2009,43,2085602.147945205,6,283.45831,13.591198
1966,43,2009,43,2085308.435616438,7,317.29169,15.215576
1966,44,2009,43,2085004.932876712,8,274.375,13.159441
1966,45,2009,43,2084701.430136986,9,273.58331,13.123381
1966,46,2009,43,2084407.717808219,10,278.16669,13.345119
1966,47,2009,43,2084104.215068493,11,267.875,12.853244
1966,48,2009,43,2083810.502739726,12,295.04166,14.158756
1966,49,2010,44,2083507,1,350.25,16.810598
1966,50,2010,44,2083443.938356164,2,293.875,14.105251
1966,51,2010,44,2083386.979452055,3,335,16.079586
1966,52,2010,44,2083323.917808219,4,319.08334,15.31607
1966,53,2010,44,2083262.890410959,5,303.875,14.586493
1966,54,2010,44,2083199.828767123,6,302.41666,14.51693
1966,55,2010,44,2083138.801369863,7,317.70831,15.251423
1966,56,2010,44,2083075.739726027,8,318.5,15.28989
1966,57,2010,44,2083012.678082192,9,295,14.16218
1966,58,2010,44,2082951.650684932,10,301.95834,14.496656
1966,59,2010,44,2082888.589041096,11,253,12.146593
1966,60,2010,44,2082827.561643836,12,308.91666,14.8316
1966,61,2011,45,2082764.5,1,415.08331,19.929441
1966,62,2011,45,2082549.878082192,2,330.875,15.887975
1966,63,2011,45,2082356.026027397,3,376.5,18.080482
1966,64,2011,45,2082141.404109589,4,355.95834,17.095781
1966,65,2011,45,2081933.705479452,5,360.75,17.327641
1966,66,2011,45,2081719.083561644,6,314.125,15.089692
1966,67,2011,45,2081511.384931507,7,318.125,15.283366
1966,68,2011,45,2081296.763013699,8,349.125,16.774399
1966,69,2011,45,2081082.14109589,9,322.45831,15.494742
1966,70,2011,45,2080874.442465753,10,337,16.195114
1966,71,2011,45,2080659.820547945,11,314.875,15.133421
1966,72,2011,45,2080452.121917808,12,323.375,15.543496
1966,73,2012,46,2080237.5,1,431.83331,20.758846
1966,74,2012,46,2080105.665300546,2,397.25,19.097588
1966,75,2012,46,2079982.336065574,3,376.04169,18.079081
1966,76,2012,46,2079850.50136612,4,374.91669,18.026136
1966,77,2012,46,2079722.919398907,5,382.75,18.403894
1966,78,2012,46,2079591.084699453,6,362.54166,17.433315
1966,79,2012,46,2079463.50273224,7,363.79169,17.494497
1966,80,2012,46,2079331.668032787,8,336.125,16.165051
1966,81,2012,46,2079199.833333333,9,351.41669,16.901535
1966,82,2012,46,2079072.25136612,10,334.25,16.076881
1966,83,2012,46,2078940.416666667,11,374.875,18.032022
1966,84,2012,46,2078812.834699453,12,384.70834,18.506155
1966,85,2013,47,2078681,1,471.49997,22.682652
1966,86,2013,47,2078734.082191781,2,414.5,19.94002
1966,87,2013,47,2078782.02739726,3,454.20834,21.849733
1966,88,2013,47,2078835.109589041,4,429.58334,20.664618
1966,89,2013,47,2078886.479452055,5,407.5,19.601839
1966,90,2013,47,2078939.561643836,6,378.75,18.218422
1966,91,2013,47,2078990.931506849,7,371.70831,17.879265
1966,92,2013,47,2079044.01369863,8,387.5,18.638374
1966,93,2013,47,2079097.095890411,9,379.04166,18.23107
1966,94,2013,47,2079148.465753425,10,377.125,18.138435
1966,95,2013,47,2079201.547945206,11,374.375,18.005711
1966,96,2013,47,2079252.917808219,12,412.95831,19.860899
1966,97,2014,48,2079306,1,566.33331,27.23665
1966,98,2014,48,2079960.652054795,2,451.25,21.695122
1966,99,2014,48,2080551.950684932,3,446.66669,21.468662
1966,100,2014,48,2081206.602739726,4,439.87503,21.135578
1966,101,2014,48,2081840.136986301,5,444.25,21.339294
1966,102,2014,48,2082494.789041096,6,434.58331,20.868399
1966,103,2014,48,2083128.323287671,7,438.75,21.062073
1966,104,2014,48,2083782.975342466,8,415.125,19.9217
1966,105,2014,48,2084437.62739726,9,410.79169,19.707554
1966,106,2014,48,2085071.161643836,10,423.45831,20.309057
1966,107,2014,48,2085725.81369863,11,415.5,19.921124
1966,108,2014,48,2086359.347945205,12,436.70831,20.931597
1966,109,2015,49,2087014,1,568.79169,27.253851
1966,110,2015,49,2086135.850684932,2,493,23.63221
1966,111,2015,49,2085342.683561644,3,562.04169,26.952005
1966,112,2015,49,2084464.534246576,4,478.70837,22.965532
1966,113,2015,49,2083614.712328767,5,506.5,24.308718
1966,114,2015,49,2082736.563013699,6,456.29166,21.908276
1966,115,2015,49,2081886.741095891,7,474.95831,22.813841
1966,116,2015,49,2081008.591780822,8,466.5,22.417015
1966,117,2015,49,2080130.442465754,9,452.91669,21.773476
1966,118,2015,49,2079280.620547946,10,462.70834,22.25329
1966,119,2015,49,2078402.471232877,11,455.75,21.927898
1966,120,2015,49,2077552.649315069,12,479.125,23.061991
1966,121,2016,50,2076674.5,1,583.91663,28.11787
1966,122,2016,50,2075779.692622951,2,570.25,27.471605
1966,123,2016,50,2074942.614754098,3,603.375,29.079117
1966,124,2016,50,2074047.807377049,4,532.08337,25.654345
1966,125,2016,50,2073181.864754098,5,538.625,25.980597
1966,126,2016,50,2072287.057377049,6,504.12497,24.326986
1966,127,2016,50,2071421.114754098,7,545.54169,26.33659
1966,128,2016,50,2070526.307377049,8,495.625,23.937151
1966,129,2016,50,2069631.5,9,572.20831,27.647835
1966,130,2016,50,2068765.557377049,10,510.16666,24.660439
1966,131,2016,50,2067870.75,11,492.125,23.798634
1966,132,2016,50,2067004.807377049,12,514.875,24.909231
1966,133,2017,51,2066110,1,663.95831,32.13567
1966,134,2017,51,2066433.546575343,2,593,28.696785
1966,135,2017,51,2066725.782191781,3,663,32.079727
1966,136,2017,51,2067049.328767123,4,606.16669,29.325216
1966,137,2017,51,2067362.438356164,5,596.75,28.865282
1966,138,2017,51,2067685.984931507,6,518.91663,25.096491
1966,139,2017,51,2067999.094520548,7,554.41663,26.809326
1966,140,2017,51,2068322.64109589,8,556.375,26.899817
1966,141,2017,51,2068646.187671233,9,511.875,24.744444
1966,142,2017,51,2068959.297260274,10,564.95837,27.306404
1966,143,2017,51,2069282.843835616,11,508.125,24.555609
1966,144,2017,51,2069595.953424658,12,595.79169,28.787827
1966,145,2018,52,2069919.5,1,736.58331,35.585117
1966,146,2018,52,2069915.465753425,2,598.75,28.926302
1966,147,2018,52,2069911.821917808,3,642.54169,31.041983
1966,148,2018,52,2069907.787671233,4,646.41669,31.22925
1966,149,2018,52,2069903.883561644,5,618.875,29.898731
1966,150,2018,52,2069899.849315068,6,557.95831,26.955812
1966,151,2018,52,2069895.945205479,7,604.625,29.210405
1966,152,2018,52,2069891.910958904,8,596.75,28.830008
1966,153,2018,52,2069887.876712329,9,594.79169,28.735455
1966,154,2018,52,2069883.97260274,10,582.75,28.153751
1966,155,2018,52,2069879.938356164,11,542.875,26.227367
1966,156,2018,52,2069876.034246575,12,609.625,29.452248
1966,157,2019,53,2069872,1,742.95831,35.893925
1966,158,2019,53,2069890.005479452,2,605.375,29.246723
1966,159,2019,53,2069906.268493151,3,698.58337,33.749516
1966,160,2019,53,2069924.273972603,4,647.70837,31.291405
1966,161,2019,53,2069941.698630137,5,673.125,32.519032
1966,162,2019,53,2069959.704109589,6,599.08331,28.941786
1966,163,2019,53,2069977.128767123,7,655.33337,31.658966
1966,164,2019,53,2069995.134246575,8,592.875,28.641371
1966,165,2019,53,2070013.139726027,9,576.375,27.844027
1966,166,2019,53,2070030.564383561,10,621.08331,30.003582
1966,167,2019,53,2070048.569863014,11,615.5,29.733603
1966,168,2019,53,2070065.994520548,12,592,28.598122
1966,169,2020,54,2070084,1,795.33331,38.420341
1966,170,2020,54,2069266.734972678,2,770.375,37.22937
1966,171,2020,54,2068502.196721312,3,751.54169,36.332653
1966,172,2020,54,2067684.931693989,4,890.5,43.06749
1966,173,2020,54,2066894.030054645,5,806,38.995708
1966,174,2020,54,2066076.765027322,6,767.75,37.159801
1966,175,2020,54,2065285.863387978,7,881.45837,42.679726
1966,176,2020,54,2064468.598360656,8,824.125,39.919476
1966,177,2020,54,2063651.333333333,9,728.45831,35.299484
1966,178,2020,54,2062860.431693989,10,758.29169,36.759235
1966,179,2020,54,2062043.166666667,11,821.75,39.85125
1966,180,2020,54,2061252.265027322,12,893.83331,43.363605
1966,181,2021,55,2060435,1,1148.25,55.728523
1966,182,2021,55,2059590.610958904,2,906.75,44.025738
1966,183,2021,55,2058827.936986301,3,902.75,43.847763
1966,184,2021,55,2057983.547945205,4,851.5,41.375454
1966,185,2021,55,2057166.397260274,5,887.625,43.147945
1966,186,2021,55,2056322.008219178,6,816.5,39.706818
1966,187,2021,55,2055504.857534247,7,835.375,40.640865
1966,188,2021,55,2054660.468493151,8,1126.375,54.820492
1966,189,2021,55,2053816.079452055,9,1119.8334,54.524521
1966,190,2021,55,2052998.928767123,10,998.5,48.636169
1966,191,2021,55,2052154.539726027,11,890.5,43.393417
1966,192,2021,55,2051337.389041096,12,979.79169,47.763557
1967,1,2006,39,2042384.5,1,263.45831,12.899546
1967,2,2006,39,2042734.92739726,2,216.125,10.580178
1967,3,2006,39,2043051.442465753,3,253.41667,12.403832
1967,4,2006,39,2043401.869863014,4,210.25002,10.289215
1967,5,2006,39,2043740.993150685,5,202.25,9.8960676
1967,6,2006,39,2044091.420547945,6,198.625,9.7170315
1967,7,2006,39,2044430.543835616,7,230.20834,11.260267
1967,8,2006,39,2044780.971232877,8,201.625,9.8604689
1967,9,2006,39,2045131.398630137,9,197.79166,9.6713419
1967,10,2006,39,2045470.521917808,10,205.75,10.05881
1967,11,2006,39,2045820.949315068,11,189,9.2383451
1967,12,2006,39,2046160.07260274,12,203.45833,9.9434223
1967,13,2007,40,2046510.5,1,239.16667,11.68656
1967,14,2007,40,2046924.41369863,2,230.5,11.260797
1967,15,2007,40,2047298.271232877,3,269.20834,13.149445
1967,16,2007,40,2047712.184931507,4,229.91669,11.227979
1967,17,2007,40,2048112.746575342,5,224.375,10.955208
1967,18,2007,40,2048526.660273973,6,245.91666,12.004562
1967,19,2007,40,2048927.221917808,7,220.625,10.76783
1967,20,2007,40,2049341.135616438,8,207.375,10.119106
1967,21,2007,40,2049755.049315069,9,204.125,9.9585066
1967,22,2007,40,2050155.610958904,10,229.08334,11.173949
1967,23,2007,40,2050569.524657534,11,202,9.8509216
1967,24,2007,40,2050970.08630137,12,213.25,10.397519
1967,25,2008,41,2051384,1,268.70831,13.098879
1967,26,2008,41,2051657.325136612,2,257.125,12.532551
1967,27,2008,41,2051913.016393443,3,306.08334,14.916975
1967,28,2008,41,2052186.341530055,4,248.54167,12.111068
1967,29,2008,41,2052450.849726776,5,255,12.42417
1967,30,2008,41,2052724.174863388,6,228.41666,11.127489
1967,31,2008,41,2052988.683060109,7,232.41666,11.320893
1967,32,2008,41,2053262.008196721,8,245.375,11.950497
1967,33,2008,41,2053535.333333333,9,237.91667,11.585711
1967,34,2008,41,2053799.841530055,10,252.125,12.276026
1967,35,2008,41,2054073.166666667,11,212.75,10.35747
1967,36,2008,41,2054337.674863388,12,199.58333,9.7152157
1967,37,2009,42,2054611,1,297.12497,14.461373
1967,38,2009,42,2054843.457534247,2,246.75,12.008214
1967,39,2009,42,2055053.419178082,3,283.79169,13.809456
1967,40,2009,42,2055285.876712329,4,270.25,13.149022
1967,41,2009,42,2055510.835616438,5,260.125,12.655005
1967,42,2009,42,2055743.293150685,6,255.08333,12.408326
1967,43,2009,42,2055968.252054795,7,279.95831,13.616859
1967,44,2009,42,2056200.709589041,8,249.625,12.140109
1967,45,2009,42,2056433.167123288,9,240.5,11.695007
1967,46,2009,42,2056658.126027397,10,257.125,12.502078
1967,47,2009,42,2056890.583561644,11,292,14.196185
1967,48,2009,42,2057115.542465753,12,265.29169,12.896295
1967,49,2010,43,2057348,1,330.29166,16.054243
1967,50,2010,43,2057410.424657534,2,275.75,13.402771
1967,51,2010,43,2057466.808219178,3,271.75,13.20799
1967,52,2010,43,2057529.232876712,4,283.04169,13.756387
1967,53,2010,43,2057589.643835616,5,281.25,13.668906
1967,54,2010,43,2057652.068493151,6,263.375,12.799783
1967,55,2010,43,2057712.479452055,7,288.41669,14.016375
1967,56,2010,43,2057774.904109589,8,264.625,12.859764
1967,57,2010,43,2057837.328767123,9,279.58334,13.58627
1967,58,2010,43,2057897.739726027,10,273.20834,13.27609
1967,59,2010,43,2057960.164383562,11,255.75,12.427354
1967,60,2010,43,2058020.575342466,12,281.125,13.65997
1967,61,2011,44,2058083,1,346.95834,16.858326
1967,62,2011,44,2057950.039726028,2,328.625,15.96856
1967,63,2011,44,2057829.946575343,3,353.04169,17.156019
1967,64,2011,44,2057696.98630137,4,335.25,16.292486
1967,65,2011,44,2057568.315068493,5,306.875,14.91445
1967,66,2011,44,2057435.354794521,6,276.33331,13.43096
1967,67,2011,44,2057306.683561644,7,283.66666,13.788253
1967,68,2011,44,2057173.723287671,8,317,15.409491
1967,69,2011,44,2057040.763013699,9,282.83334,13.749525
1967,70,2011,44,2056912.091780822,10,305.33331,14.844256
1967,71,2011,44,2056779.13150685,11,312,15.169349
1967,72,2011,44,2056650.460273973,12,298.95831,14.536175
1967,73,2012,45,2056517.5,1,378.58331,18.408951
1967,74,2012,45,2056256.075136612,2,339.875,16.528826
1967,75,2012,45,2056011.516393442,3,352.25,17.132687
1967,76,2012,45,2055750.091530054,4,312.54169,15.203292
1967,77,2012,45,2055497.099726776,5,341.375,16.607904
1967,78,2012,45,2055235.674863388,6,295.79166,14.392104
1967,79,2012,45,2054982.683060109,7,342.08331,16.64653
1967,80,2012,45,2054721.258196721,8,315,15.330546
1967,81,2012,45,2054459.833333333,9,315.16669,15.340611
1967,82,2012,45,2054206.841530054,10,320.625,15.608214
1967,83,2012,45,2053945.416666667,11,313.25,15.251136
1967,84,2012,45,2053692.424863388,12,347.58331,16.924799
1967,85,2013,46,2053431,1,456.29166,22.22094
1967,86,2013,46,2053368.787671233,2,346.25,16.862534
1967,87,2013,46,2053312.595890411,3,401.33334,19.545652
1967,88,2013,46,2053250.383561644,4,353.08331,17.19631
1967,89,2013,46,2053190.178082192,5,356.25,17.351048
1967,90,2013,46,2053127.965753425,6,339.5,16.535746
1967,91,2013,46,2053067.760273973,7,343.33331,16.72294
1967,92,2013,46,2053005.547945205,8,335.5,16.341894
1967,93,2013,46,2052943.335616438,9,334.04169,16.271355
1967,94,2013,46,2052883.130136986,10,326.5,15.904461
1967,95,2013,46,2052820.917808219,11,363.75,17.719519
1967,96,2013,46,2052760.712328767,12,357.375,17.409481
1967,97,2014,47,2052698.5,1,479.875,23.377764
1967,98,2014,47,2052827.808219178,2,376.625,18.346643
1967,99,2014,47,2052944.602739726,3,416.04169,20.265608
1967,100,2014,47,2053073.910958904,4,397.20837,19.347008
1967,101,2014,47,2053199.047945206,5,410.375,19.987103
1967,102,2014,47,2053328.356164384,6,366,17.824718
1967,103,2014,47,2053453.493150685,7,368.70831,17.955523
1967,104,2014,47,2053582.801369863,8,369.75,18.005117
1967,105,2014,47,2053712.109589041,9,368.20834,17.928917
1967,106,2014,47,2053837.246575342,10,370.33334,18.03129
1967,107,2014,47,2053966.554794521,11,386.375,18.811163
1967,108,2014,47,2054091.691780822,12,391.91669,19.079805
1967,109,2015,48,2054221,1,536.83331,26.133183
1967,110,2015,48,2055023.050684932,2,438.625,21.344044
1967,111,2015,48,2055747.483561644,3,449.91669,21.885796
1967,112,2015,48,2056549.534246576,4,449.04169,21.834713
1967,113,2015,48,2057325.712328767,5,443.125,21.538883
1967,114,2015,48,2058127.763013699,6,419.41666,20.378553
1967,115,2015,48,2058903.94109589,7,434.16669,21.087273
1967,116,2015,48,2059705.991780822,8,419.125,20.348778
1967,117,2015,48,2060508.042465754,9,416.25,20.201328
1967,118,2015,48,2061284.220547945,10,398,19.308352
1967,119,2015,48,2062086.271232877,11,414.625,20.107063
1967,120,2015,48,2062862.449315069,12,441.54166,21.40432
1967,121,2016,49,2063664.5,1,512,24.810234
1967,122,2016,49,2062650.139344262,2,486.125,23.567982
1967,123,2016,49,2061701.221311475,3,531.29169,25.769577
1967,124,2016,49,2060686.860655738,4,489.91669,23.774437
1967,125,2016,49,2059705.221311475,5,483.75,23.48637
1967,126,2016,49,2058690.860655738,6,459.16663,22.303816
1967,127,2016,49,2057709.221311475,7,472.75,22.974577
1967,128,2016,49,2056694.860655738,8,465.125,22.615168
1967,129,2016,49,2055680.5,9,469.125,22.82091
1967,130,2016,49,2054698.860655738,10,473.58334,23.048796
1967,131,2016,49,2053684.5,11,428.5,20.864939
1967,132,2016,49,2052702.860655738,12,469.875,22.890551
1967,133,2017,50,2051688.5,1,567.375,27.654051
1967,134,2017,50,2050666.264383562,2,481,23.455791
1967,135,2017,50,2049742.954794521,3,612.75,29.893991
1967,136,2017,50,2048720.719178082,4,526.20837,25.684729
1967,137,2017,50,2047731.45890411,5,516.5,25.223034
1967,138,2017,50,2046709.223287671,6,481.75,23.537785
1967,139,2017,50,2045719.963013699,7,505.58331,24.714199
1967,140,2017,50,2044697.72739726,8,512.375,25.058716
1967,141,2017,50,2043675.491780822,9,470.625,23.028362
1967,142,2017,50,2042686.231506849,10,506.125,24.777422
1967,143,2017,50,2041663.995890411,11,467.375,22.891867
1967,144,2017,50,2040674.735616439,12,545.16669,26.715021
1967,145,2018,51,2039652.5,1,634.87494,31.126623
1967,146,2018,51,2040027.217808219,2,559.25,27.413851
1967,147,2018,51,2040365.67260274,3,570.20837,27.946381
1967,148,2018,51,2040740.390410959,4,549.875,26.944878
1967,149,2018,51,2041103.020547945,5,558,27.33816
1967,150,2018,51,2041477.738356164,6,528.91663,25.908518
1967,151,2018,51,2041840.368493151,7,535.79163,26.240623
1967,152,2018,51,2042215.08630137,8,541.875,26.533689
1967,153,2018,51,2042589.804109589,9,516,25.262047
1967,154,2018,51,2042952.434246575,10,534.41669,26.159037
1967,155,2018,51,2043327.152054795,11,471.125,23.056759
1967,156,2018,51,2043689.782191781,12,491.125,24.03129
1967,157,2019,52,2044064.5,1,647.91663,31.697464
1967,158,2019,52,2044152.531506849,2,582.25,28.483686
1967,159,2019,52,2044232.043835616,3,642.75006,31.442129
1967,160,2019,52,2044320.075342466,4,584.125,28.573071
1967,161,2019,52,2044405.267123288,5,574.75,28.11331
1967,162,2019,52,2044493.298630137,6,544.625,26.63863
1967,163,2019,52,2044578.490410959,7,575.83331,28.163914
1967,164,2019,52,2044666.521917808,8,552.375,27.015408
1967,165,2019,52,2044754.553424658,9,514.79169,25.176208
1967,166,2019,52,2044839.745205479,10,579.70831,28.349817
1967,167,2019,52,2044927.776712329,11,573.5,28.045
1967,168,2019,52,2045012.968493151,12,565,27.628187
1967,169,2020,53,2045101,1,709.625,34.698776
1967,170,2020,53,2044369.450819672,2,677.5,33.139801
1967,171,2020,53,2043685.098360656,3,700.08331,34.255928
1967,172,2020,53,2042953.549180328,4,788.625,38.6022
1967,173,2020,53,2042245.598360656,5,703.375,34.441254
1967,174,2020,53,2041514.049180328,6,723.29163,35.429176
1967,175,2020,53,2040806.098360656,7,785.91663,38.510109
1967,176,2020,53,2040074.549180328,8,732,35.881042
1967,177,2020,53,2039343,9,656.41669,32.187656
1967,178,2020,53,2038635.049180328,10,702.70831,34.469551
1967,179,2020,53,2037903.5,11,718.25,35.244553
1967,180,2020,53,2037195.549180328,12,835.33331,41.004082
1967,181,2021,54,2036464,1,991.16669,48.670967
1967,182,2021,54,2035727.473972603,2,857.25,42.110252
1967,183,2021,54,2035062.224657534,3,805.29169,39.570862
1967,184,2021,54,2034325.698630137,4,795.29169,39.093628
1967,185,2021,54,2033612.931506849,5,787.5,38.724182
1967,186,2021,54,2032876.405479452,6,715.66663,35.204632
1967,187,2021,54,2032163.638356164,7,753.54163,37.080757
1967,188,2021,54,2031427.112328767,8,1045.5,51.466282
1967,189,2021,54,2030690.58630137,9,1042.7916,51.351578
1967,190,2021,54,2029977.819178082,10,915.29169,45.088753
1967,191,2021,54,2029241.293150685,11,811.125,39.971836
1967,192,2021,54,2028528.526027397,12,900.29169,44.381516
1968,1,2006,38,2051250,1,226.875,11.060329
1968,2,2006,38,2051857.557534246,2,187.75,9.1502457
1968,3,2006,38,2052406.319178082,3,211.58334,10.309038
1968,4,2006,38,2053013.876712329,4,184.04166,8.9644623
1968,5,2006,38,2053601.835616438,5,189.75,9.2398634
1968,6,2006,38,2054209.393150685,6,178.04166,8.6671619
1968,7,2006,38,2054797.352054794,7,199.75,9.7211533
1968,8,2006,38,2055404.909589041,8,189.875,9.2378387
1968,9,2006,38,2056012.467123288,9,181.95834,8.8500605
1968,10,2006,38,2056600.426027397,10,185.91666,9.039999
1968,11,2006,38,2057207.983561644,11,188.125,9.1446762
1968,12,2006,38,2057795.942465753,12,177.125,8.6075106
1968,13,2007,39,2058403.5,1,220.20833,10.698015
1968,14,2007,39,2058750.063013699,2,219.5,10.661809
1968,15,2007,39,2059063.087671233,3,257.08334,12.485453
1968,16,2007,39,2059409.650684932,4,217.95834,10.583535
1968,17,2007,39,2059745.034246575,5,201.75,9.7949018
1968,18,2007,39,2060091.597260274,6,217.79166,10.57194
1968,19,2007,39,2060426.980821918,7,218.04166,10.582353
1968,20,2007,39,2060773.543835616,8,189.125,9.1773787
1968,21,2007,39,2061120.106849315,9,194.45833,9.4345951
1968,22,2007,39,2061455.490410959,10,207.20833,10.051555
1968,23,2007,39,2061802.053424658,11,175.25,8.4998465
1968,24,2007,39,2062137.436986301,12,206.20833,9.9997377
1968,25,2008,40,2062484,1,215.95833,10.470788
1968,26,2008,40,2062863.62295082,2,253.625,12.294802
1968,27,2008,40,2063218.754098361,3,260.375,12.619844
1968,28,2008,40,2063598.37704918,4,238,11.533252
1968,29,2008,40,2063965.754098361,5,230.25,11.155708
1968,30,2008,40,2064345.37704918,6,207.25,10.039502
1968,31,2008,40,2064712.754098361,7,222.75,10.788425
1968,32,2008,40,2065092.37704918,8,215.875,10.453527
1968,33,2008,40,2065472,9,201.79166,9.7697601
1968,34,2008,40,2065839.37704918,10,218.375,10.570764
1968,35,2008,40,2066219,11,218.875,10.59302
1968,36,2008,40,2066586.37704918,12,216.16667,10.460084
1968,37,2009,41,2066966,1,275.45831,13.326697
1968,38,2009,41,2067296.978082192,2,231,11.174011
1968,39,2009,41,2067595.926027397,3,260.25,12.587082
1968,40,2009,41,2067926.904109589,4,240.83334,11.646125
1968,41,2009,41,2068247.205479452,5,238.875,11.549635
1968,42,2009,41,2068578.183561644,6,263.79166,12.752317
1968,43,2009,41,2068898.484931507,7,251.29167,12.146157
1968,44,2009,41,2069229.463013699,8,250.25,12.093874
1968,45,2009,41,2069560.44109589,9,220.79166,10.668529
1968,46,2009,41,2069880.742465754,10,239.75,11.582793
1968,47,2009,41,2070211.720547945,11,240.875,11.635283
1968,48,2009,41,2070532.021917808,12,229.5,11.084107
1968,49,2010,42,2070863,1,266.99997,12.893174
1968,50,2010,42,2071091.763013699,2,248.625,12.004539
1968,51,2010,42,2071298.387671233,3,254.45834,12.284968
1968,52,2010,42,2071527.150684932,4,251.08334,12.120688
1968,53,2010,42,2071748.534246575,5,252,12.163638
1968,54,2010,42,2071977.297260274,6,246.33333,11.888804
1968,55,2010,42,2072198.680821918,7,253.66667,12.241426
1968,56,2010,42,2072427.443835617,8,240.875,11.622844
1968,57,2010,42,2072656.206849315,9,237.91666,11.478828
1968,58,2010,42,2072877.590410959,10,247.41667,11.935904
1968,59,2010,42,2073106.353424658,11,232.625,11.221084
1968,60,2010,42,2073327.736986301,12,262.75,12.672864
1968,61,2011,43,2073556.5,1,322,15.528875
1968,62,2011,43,2073532.336986301,2,314.625,15.173383
1968,63,2011,43,2073510.512328767,3,294.79166,14.217032
1968,64,2011,43,2073486.349315068,4,295.83334,14.267436
1968,65,2011,43,2073462.965753425,5,287.375,13.859664
1968,66,2011,43,2073438.802739726,6,272.45831,13.140408
1968,67,2011,43,2073415.419178082,7,267.20834,12.887352
1968,68,2011,43,2073391.256164384,8,279.5,13.48033
1968,69,2011,43,2073367.093150685,9,284.875,13.739728
1968,70,2011,43,2073343.709589041,10,273.25,13.179194
1968,71,2011,43,2073319.546575343,11,243,11.720335
1968,72,2011,43,2073296.163013699,12,296.08334,14.280803
1968,73,2012,44,2073272,1,300.58334,14.498018
1968,74,2012,44,2073037.086065574,2,314.125,15.152888
1968,75,2012,44,2072817.327868852,3,306.08334,14.766538
1968,76,2012,44,2072582.413934426,4,308.70834,14.894865
1968,77,2012,44,2072355.077868852,5,309,14.910572
1968,78,2012,44,2072120.163934426,6,282.20831,13.619303
1968,79,2012,44,2071892.827868852,7,302.04169,14.578055
1968,80,2012,44,2071657.913934426,8,298.25,14.396682
1968,81,2012,44,2071423,9,286.54166,13.833083
1968,82,2012,44,2071195.663934426,10,294.66666,14.226887
1968,83,2012,44,2070960.75,11,306.75,14.811966
1968,84,2012,44,2070733.413934426,12,312.45834,15.08926
1968,85,2013,45,2070498.5,1,369.875,17.864056
1968,86,2013,45,2070222.090410959,2,328.875,15.885977
1968,87,2013,45,2069972.430136986,3,397.54166,19.205166
1968,88,2013,45,2069696.020547945,4,322.58334,15.586025
1968,89,2013,45,2069428.52739726,5,337.625,16.31489
1968,90,2013,45,2069152.117808219,6,314.04166,15.177311
1968,91,2013,45,2068884.624657534,7,323,15.612277
1968,92,2013,45,2068608.215068493,8,311.875,15.076562
1968,93,2013,45,2068331.805479452,9,295.95831,14.309034
1968,94,2013,45,2068064.312328767,10,325.08334,15.719209
1968,95,2013,45,2067787.902739726,11,335,16.200888
1968,96,2013,45,2067520.409589041,12,332.95834,16.104235
1968,97,2014,46,2067244,1,431.58331,20.877232
1968,98,2014,46,2067231.812328767,2,380,18.382071
1968,99,2014,46,2067220.804109589,3,405.20831,19.601599
1968,100,2014,46,2067208.616438356,4,355.25,17.185009
1968,101,2014,46,2067196.821917808,5,361.5,17.48745
1968,102,2014,46,2067184.634246575,6,336.79166,16.292288
1968,103,2014,46,2067172.839726027,7,344.125,16.647133
1968,104,2014,46,2067160.652054795,8,320.625,15.510406
1968,105,2014,46,2067148.464383562,9,319.75,15.468168
1968,106,2014,46,2067136.669863014,10,365.95834,17.703636
1968,107,2014,46,2067124.482191781,11,358.5,17.342932
1968,108,2014,46,2067112.687671233,12,377.54166,18.264202
1968,109,2015,47,2067100.5,1,439.58334,21.265697
1968,110,2015,47,2067293.506849315,2,354.125,17.129885
1968,111,2015,47,2067467.835616438,3,428.04169,20.703669
1968,112,2015,47,2067660.842465753,4,406.58337,19.663929
1968,113,2015,47,2067847.623287671,5,400.375,19.361919
1968,114,2015,47,2068040.630136986,6,404.04166,19.537415
1968,115,2015,47,2068227.410958904,7,412.375,19.938572
1968,116,2015,47,2068420.417808219,8,398.875,19.284039
1968,117,2015,47,2068613.424657534,9,366.375,17.71114
1968,118,2015,47,2068800.205479452,10,389.33334,18.819283
1968,119,2015,47,2068993.212328767,11,377.5,18.245588
1968,120,2015,47,2069179.993150685,12,398.79166,19.272932
1968,121,2016,48,2069373,1,486.875,23.527658
1968,122,2016,48,2070281.782786885,2,419.75,20.275019
1968,123,2016,48,2071131.934426229,3,475.70831,22.968517
1968,124,2016,48,2072040.717213115,4,427.625,20.637867
1968,125,2016,48,2072920.184426229,5,415.125,20.026096
1968,126,2016,48,2073828.967213115,6,418.625,20.18609
1968,127,2016,48,2074708.434426229,7,431.75,20.810154
1968,128,2016,48,2075617.217213115,8,415.375,20.012119
1968,129,2016,48,2076526,9,417.375,20.099676
1968,130,2016,48,2077405.467213115,10,430.20831,20.708923
1968,131,2016,48,2078314.25,11,432.125,20.792091
1968,132,2016,48,2079193.717213115,12,430.625,20.711153
1968,133,2017,49,2080102.5,1,483.95831,23.266081
1968,134,2017,49,2078940.679452055,2,477.5,22.968428
1968,135,2017,49,2077891.293150685,3,494.83334,23.814207
1968,136,2017,49,2076729.472602739,4,445.79169,21.466045
1968,137,2017,49,2075605.130136986,5,454.25,21.885183
1968,138,2017,49,2074443.309589041,6,485.16663,23.387798
1968,139,2017,49,2073318.967123288,7,457.33331,22.058029
1968,140,2017,49,2072157.146575342,8,470.75,22.717871
1968,141,2017,49,2070995.326027397,9,434.16669,20.964155
1968,142,2017,49,2069870.983561644,10,442.33331,21.37009
1968,143,2017,49,2068709.163013699,11,457.75,22.127325
1968,144,2017,49,2067584.820547945,12,477.83331,23.110699
1968,145,2018,50,2066423,1,628.54163,30.416891
1968,146,2018,50,2065223.936986301,2,488.375,23.647556
1968,147,2018,50,2064140.912328767,3,516.54169,25.024536
1968,148,2018,50,2062941.849315068,4,488.375,23.673716
1968,149,2018,50,2061781.465753425,5,499.25,24.214497
1968,150,2018,50,2060582.402739726,6,490.41666,23.799906
1968,151,2018,50,2059422.019178082,7,480.91666,23.35202
1968,152,2018,50,2058222.956164384,8,485.5,23.58831
1968,153,2018,50,2057023.893150685,9,460.375,22.380634
1968,154,2018,50,2055863.509589041,10,484.41666,23.562685
1968,155,2018,50,2054664.446575342,11,485.625,23.635246
1968,156,2018,50,2053504.063013699,12,493.66666,24.040209
1968,157,2019,51,2052305,1,597.16669,29.097366
1968,158,2019,51,2052734.498630137,2,498.875,24.302948
1968,159,2019,51,2053122.432876712,3,577.04169,28.105566
1968,160,2019,51,2053551.931506849,4,514.29169,25.044006
1968,161,2019,51,2053967.575342466,5,537.25,26.156693
1968,162,2019,51,2054397.073972603,6,512.29163,24.93635
1968,163,2019,51,2054812.717808219,7,545.5,26.547432
1968,164,2019,51,2055242.216438356,8,521,25.34981
1968,165,2019,51,2055671.715068493,9,493.45834,24.004725
1968,166,2019,51,2056087.35890411,10,513.41663,24.970564
1968,167,2019,51,2056516.857534247,11,546.25,26.561903
1968,168,2019,51,2056932.501369863,12,547.70831,26.627432
1968,169,2020,52,2057362,1,675.20831,32.81913
1968,170,2020,52,2056693.213114754,2,588.375,28.607815
1968,171,2020,52,2056067.573770492,3,671.25,32.647274
1968,172,2020,52,2055398.786885246,4,712.125,34.646561
1968,173,2020,52,2054751.573770492,5,674.625,32.832436
1968,174,2020,52,2054082.786885246,6,669,32.569283
1968,175,2020,52,2053435.573770492,7,718.41663,34.98608
1968,176,2020,52,2052766.786885246,8,683.125,33.278255
1968,177,2020,52,2052098,9,627.5,30.578463
1968,178,2020,52,2051450.786885246,10,673.375,32.824329
1968,179,2020,52,2050782,11,690.875,33.68837
1968,180,2020,52,2050134.786885246,12,811.91669,39.603088
1968,181,2021,53,2049466,1,948.91663,46.300678
1968,182,2021,53,2048811.942465753,2,759.625,37.076366
1968,183,2021,53,2048221.180821918,3,799.625,39.039974
1968,184,2021,53,2047567.123287671,4,739.54163,36.118065
1968,185,2021,53,2046934.164383561,5,749.375,36.609631
1968,186,2021,53,2046280.106849315,6,670.91663,32.787136
1968,187,2021,53,2045647.147945205,7,710.875,34.750618
1968,188,2021,53,2044993.090410959,8,929.875,45.470814
1968,189,2021,53,2044339.032876712,9,1024.2916,50.103806
1968,190,2021,53,2043706.073972603,10,891.66669,43.62989
1968,191,2021,53,2043052.016438356,11,755.75,36.991226
1968,192,2021,53,2042419.057534246,12,908.5,44.481567
1969,1,2006,37,2125531,1,200.25,9.421175
1969,2,2006,37,2125863.167123288,2,174,8.1849108
1969,3,2006,37,2126163.189041096,3,190.79167,8.9735193
1969,4,2006,37,2126495.356164384,4,168.5,7.9238358
1969,5,2006,37,2126816.808219178,5,172.875,8.1283445
1969,6,2006,37,2127148.975342466,6,163.66666,7.6941795
1969,7,2006,37,2127470.42739726,7,180.58334,8.4881716
1969,8,2006,37,2127802.594520548,8,190.5,8.952898
1969,9,2006,37,2128134.761643836,9,177,8.3171425
1969,10,2006,37,2128456.21369863,10,199.625,9.3788633
1969,11,2006,37,2128788.380821918,11,161.875,7.6040907
1969,12,2006,37,2129109.832876713,12,210.5,9.8867607
1969,13,2007,38,2129442,1,224.16667,10.527015
1969,14,2007,38,2130072.701369863,2,168.125,7.8929229
1969,15,2007,38,2130642.367123288,3,200.29167,9.4005299
1969,16,2007,38,2131273.068493151,4,201.33334,9.4466238
1969,17,2007,38,2131883.424657534,5,199.5,9.3579226
1969,18,2007,38,2132514.126027397,6,199.33333,9.3473396
1969,19,2007,38,2133124.482191781,7,204.5,9.5868759
1969,20,2007,38,2133755.183561644,8,197.875,9.2735567
1969,21,2007,38,2134385.884931507,9,193,9.0424137
1969,22,2007,38,2134996.24109589,10,186.95833,8.7568455
1969,23,2007,38,2135626.942465753,11,160.625,7.5212107
1969,24,2007,38,2136237.298630137,12,190.66667,8.9253511
1969,25,2008,39,2136868,1,214.12498,10.020506
1969,26,2008,39,2137172.663934426,2,220.625,10.323218
1969,27,2008,39,2137457.672131148,3,199.54166,9.3354673
1969,28,2008,39,2137762.336065574,4,216.04167,10.105972
1969,29,2008,39,2138057.172131148,5,211.375,9.8863115
1969,30,2008,39,2138361.836065574,6,198.5,9.2828074
1969,31,2008,39,2138656.672131148,7,207.54166,9.7042999
1969,32,2008,39,2138961.336065574,8,200.5,9.3737087
1969,33,2008,39,2139266,9,179.66666,8.3985186
1969,34,2008,39,2139560.836065574,10,187.625,8.7693233
1969,35,2008,39,2139865.5,11,207.875,9.7143955
1969,36,2008,39,2140160.336065574,12,198.79167,9.2886343
1969,37,2009,40,2140465,1,239.70833,11.198891
1969,38,2009,40,2140749.945205479,2,227.375,10.621278
1969,39,2009,40,2141007.315068493,3,241.83333,11.295306
1969,40,2009,40,2141292.260273973,4,223.625,10.44346
1969,41,2009,40,2141568.01369863,5,224,10.459626
1969,42,2009,40,2141852.958904109,6,229.29166,10.705294
1969,43,2009,40,2142128.712328767,7,228.58334,10.67085
1969,44,2009,40,2142413.657534246,8,233.375,10.893087
1969,45,2009,40,2142698.602739726,9,215.58333,10.061299
1969,46,2009,40,2142974.356164384,10,242.33333,11.30827
1969,47,2009,40,2143259.301369863,11,219.875,10.258908
1969,48,2009,40,2143535.054794521,12,234.70833,10.949592
1969,49,2010,41,2143820,1,244.25,11.393214
1969,50,2010,41,2144221.810958904,2,216.375,10.091074
1969,51,2010,41,2144584.736986301,3,270.04166,12.591792
1969,52,2010,41,2144986.547945206,4,239.04167,11.144204
1969,53,2010,41,2145375.397260274,5,228.25,10.639164
1969,54,2010,41,2145777.208219178,6,236.66666,11.029414
1969,55,2010,41,2146166.057534247,7,235.75,10.984705
1969,56,2010,41,2146567.868493151,8,242.125,11.279634
1969,57,2010,41,2146969.679452055,9,213.91666,9.9636555
1969,58,2010,41,2147358.528767123,10,234.875,10.937857
1969,59,2010,41,2147760.339726028,11,222.875,10.377089
1969,60,2010,41,2148149.189041096,12,242.83333,11.304305
1969,61,2011,42,2148551,1,297,13.82327
1969,62,2011,42,2148755.769863014,2,282.875,13.164596
1969,63,2011,42,2148940.723287671,3,273.75,12.738834
1969,64,2011,42,2149145.493150685,4,279,12.981904
1969,65,2011,42,2149343.657534247,5,274.375,12.765525
1969,66,2011,42,2149548.42739726,6,259.25,12.060673
1969,67,2011,42,2149746.591780822,7,252.25,11.733941
1969,68,2011,42,2149951.361643836,8,247.25,11.50026
1969,69,2011,42,2150156.13150685,9,252.75,11.75496
1969,70,2011,42,2150354.295890411,10,251.16667,11.680246
1969,71,2011,42,2150559.065753425,11,226.875,10.549582
1969,72,2011,42,2150757.230136986,12,248.08334,11.534698
1969,73,2012,43,2150962,1,313.54166,14.576811
1969,74,2012,43,2150795.18442623,2,286.25,13.309031
1969,75,2012,43,2150639.131147541,3,259.08334,12.046807
1969,76,2012,43,2150472.315573771,4,298.375,13.874859
1969,77,2012,43,2150310.881147541,5,287.125,13.35272
1969,78,2012,43,2150144.065573771,6,280.04166,13.024321
1969,79,2012,43,2149982.631147541,7,283.29169,13.176464
1969,80,2012,43,2149815.815573771,8,296.25,13.780251
1969,81,2012,43,2149649,9,253.375,11.786808
1969,82,2012,43,2149487.565573771,10,284.04166,13.21439
1969,83,2012,43,2149320.75,11,259.75,12.085214
1969,84,2012,43,2149159.315573771,12,288,13.400589
1969,85,2013,44,2148992.5,1,344.45831,16.028828
1969,86,2013,44,2148688.402739726,2,293.875,13.676949
1969,87,2013,44,2148413.734246575,3,330.83334,15.398959
1969,88,2013,44,2148109.636986301,4,303.20834,14.115124
1969,89,2013,44,2147815.349315069,5,297.875,13.868744
1969,90,2013,44,2147511.252054795,6,291.875,13.591314
1969,91,2013,44,2147216.964383562,7,297.91669,13.87455
1969,92,2013,44,2146912.867123288,8,288.375,13.432077
1969,93,2013,44,2146608.769863014,9,303.125,14.121111
1969,94,2013,44,2146314.482191781,10,297.91669,13.880383
1969,95,2013,44,2146010.384931507,11,315.25,14.69005
1969,96,2013,44,2145716.097260274,12,350.20834,16.321281
1969,97,2014,45,2145412,1,442.66666,20.633177
1969,98,2014,45,2145093.549315068,2,369.875,17.242838
1969,99,2014,45,2144805.916438356,3,344.83334,16.0776
1969,100,2014,45,2144487.465753425,4,319.625,14.904493
1969,101,2014,45,2144179.287671233,5,335,15.623693
1969,102,2014,45,2143860.836986301,6,323.83331,15.105146
1969,103,2014,45,2143552.65890411,7,335.66669,15.659363
1969,104,2014,45,2143234.208219178,8,334.125,15.589757
1969,105,2014,45,2142915.757534246,9,323.125,15.078754
1969,106,2014,45,2142607.579452055,10,336.125,15.68766
1969,107,2014,45,2142289.128767123,11,319.125,14.896449
1969,108,2014,45,2141980.950684932,12,362.625,16.929422
1969,109,2015,46,2141662.5,1,405.33331,18.926105
1969,110,2015,46,2141687.936986302,2,365.375,17.060143
1969,111,2015,46,2141710.912328767,3,376.04166,17.558002
1969,112,2015,46,2141736.349315069,4,376.33334,17.571413
1969,113,2015,46,2141760.965753425,5,389.75,18.197641
1969,114,2015,46,2141786.402739726,6,405.58331,18.936684
1969,115,2015,46,2141811.019178082,7,388.79166,18.152473
1969,116,2015,46,2141836.456164384,8,386.875,18.062771
1969,117,2015,46,2141861.893150685,9,348.70834,16.280617
1969,118,2015,46,2141886.509589041,10,371.20831,17.330904
1969,119,2015,46,2141911.946575343,11,347.625,16.229658
1969,120,2015,46,2141936.563013699,12,368.25,17.192387
1969,121,2016,47,2141962,1,435.91666,20.351278
1969,122,2016,47,2142159.56147541,2,389.875,18.200092
1969,123,2016,47,2142344.37704918,3,443.625,20.707455
1969,124,2016,47,2142541.93852459,4,392.04169,18.29797
1969,125,2016,47,2142733.12704918,5,396.625,18.510239
1969,126,2016,47,2142930.68852459,6,388.875,18.146877
1969,127,2016,47,2143121.87704918,7,415.29169,19.377884
1969,128,2016,47,2143319.43852459,8,394.875,18.423525
1969,129,2016,47,2143517,9,388.91666,18.143856
1969,130,2016,47,2143708.18852459,10,410.5,19.149061
1969,131,2016,47,2143905.75,11,418.25,19.508787
1969,132,2016,47,2144096.93852459,12,450.08331,20.991743
1969,133,2017,48,2144294.5,1,482.125,22.484085
1969,134,2017,48,2145325.356164384,2,448,20.882614
1969,135,2017,48,2146256.452054794,3,491.95831,22.921694
1969,136,2017,48,2147287.308219178,4,442.08337,20.587994
1969,137,2017,48,2148284.910958904,5,433.5,20.178888
1969,138,2017,48,2149315.767123288,6,456.25,21.227686
1969,139,2017,48,2150313.369863014,7,430.875,20.037777
1969,140,2017,48,2151344.226027397,8,433.75,20.161814
1969,141,2017,48,2152375.082191781,9,435.20831,20.21991
1969,142,2017,48,2153372.684931507,10,413.95834,19.223721
1969,143,2017,48,2154403.541095891,11,416.75,19.344101
1969,144,2017,48,2155401.143835616,12,493.20834,22.882439
1969,145,2018,49,2156432,1,546.20831,25.329262
1969,146,2018,49,2155099.594520548,2,466,21.623131
1969,147,2018,49,2153896.13150685,3,459.83334,21.348909
1969,148,2018,49,2152563.726027397,4,475.95834,22.111231
1969,149,2018,49,2151274.301369863,5,463.125,21.527939
1969,150,2018,49,2149941.895890411,6,450.75,20.965683
1969,151,2018,49,2148652.471232877,7,465.75,21.676376
1969,152,2018,49,2147320.065753425,8,454.625,21.17174
1969,153,2018,49,2145987.660273973,9,438.375,20.427656
1969,154,2018,49,2144698.235616439,10,470.04169,21.916449
1969,155,2018,49,2143365.830136986,11,482.875,22.528818
1969,156,2018,49,2142076.405479452,12,469.08334,21.898535
1969,157,2019,50,2140744,1,532.45831,24.872581
1969,158,2019,50,2138637.995890411,2,490.5,22.935158
1969,159,2019,50,2136735.798630137,3,547.625,25.629045
1969,160,2019,50,2134629.794520548,4,508.29169,23.811703
1969,161,2019,50,2132591.726027397,5,519.375,24.35417
1969,162,2019,50,2130485.721917808,6,481.95831,22.621992
1969,163,2019,50,2128447.653424658,7,517.25,24.301748
1969,164,2019,50,2126341.649315068,8,478.125,22.485804
1969,165,2019,50,2124235.64520548,9,487.75,22.961201
1969,166,2019,50,2122197.576712329,10,498.79169,23.503546
1969,167,2019,50,2120091.57260274,11,514.125,24.250132
1969,168,2019,50,2118053.504109589,12,501.95834,23.699039
1969,169,2020,51,2115947.5,1,610.08331,28.83263
1969,170,2020,51,2115317.166666667,2,532.875,25.191257
1969,171,2020,51,2114727.5,3,653.91669,30.922031
1969,172,2020,51,2114097.166666667,4,672.5,31.810268
1969,173,2020,51,2113487.166666667,5,635.5,30.068789
1969,174,2020,51,2112856.833333333,6,600.95831,28.442926
1969,175,2020,51,2112246.833333333,7,679.16669,32.153755
1969,176,2020,51,2111616.5,8,652.75,30.912336
1969,177,2020,51,2110986.166666667,9,599.91669,28.418789
1969,178,2020,51,2110376.166666667,10,621.5,29.449726
1969,179,2020,51,2109745.833333333,11,624.25,29.588873
1969,180,2020,51,2109135.833333333,12,795.66669,37.724773
1969,181,2021,52,2108505.5,1,943.66663,44.755238
1969,182,2021,52,2107891.317808219,2,691.75,32.817158
1969,183,2021,52,2107336.57260274,3,729.16669,34.601341
1969,184,2021,52,2106722.390410959,4,675.08337,32.04425
1969,185,2021,52,2106128.020547945,5,721.25,34.245308
1969,186,2021,52,2105513.838356164,6,642.5,30.515116
1969,187,2021,52,2104919.468493151,7,682.70837,32.433941
1969,188,2021,52,2104305.28630137,8,876.75,41.664581
1969,189,2021,52,2103691.104109589,9,975.125,46.35305
1969,190,2021,52,2103096.734246575,10,897.91663,42.694977
1969,191,2021,52,2102482.552054795,11,756,35.957493
1969,192,2021,52,2101888.182191781,12,875.45831,41.651043
1970,1,2006,36,2169051,1,181.625,8.3734779
1970,2,2006,36,2169350.043835616,2,143.75,6.6264086
1970,3,2006,36,2169620.147945205,3,186.25,8.5844517
1970,4,2006,36,2169919.191780822,4,159.41667,7.346664
1970,5,2006,36,2170208.589041096,5,170.75,7.8679075
1970,6,2006,36,2170507.632876712,6,151.33333,6.9722552
1970,7,2006,36,2170797.030136986,7,168.95834,7.7832398
1970,8,2006,36,2171096.073972603,8,184.5,8.4980116
1970,9,2006,36,2171395.117808219,9,162.83333,7.4990187
1970,10,2006,36,2171684.515068493,10,167.58333,7.7167439
1970,11,2006,36,2171983.55890411,11,152.75,7.032742
1970,12,2006,36,2172272.956164383,12,190.91667,8.7887974
1970,13,2007,37,2172572,1,204.04166,9.3917093
1970,14,2007,37,2172885.35479452,2,174.375,8.0250435
1970,15,2007,37,2173168.384931507,3,171,7.8686953
1970,16,2007,37,2173481.739726027,4,165.70834,7.6240964
1970,17,2007,37,2173784.98630137,5,175.125,8.0562248
1970,18,2007,37,2174098.34109589,6,178.33333,8.2026339
1970,19,2007,37,2174401.587671233,7,169.04166,7.774169
1970,20,2007,37,2174714.942465753,8,203.25,9.3460522
1970,21,2007,37,2175028.297260274,9,177.41667,8.1569824
1970,22,2007,37,2175331.543835617,10,186.95834,8.5944757
1970,23,2007,37,2175644.898630137,11,180,8.2734089
1970,24,2007,37,2175948.14520548,12,154.54167,7.1022682
1970,25,2008,38,2176261.5,1,194.66666,8.9450026
1970,26,2008,38,2176893.146174863,2,203.5,9.3481855
1970,27,2008,38,2177484.040983607,3,193.79167,8.8997974
1970,28,2008,38,2178115.68715847,4,192.91669,8.8570452
1970,29,2008,38,2178726.957650273,5,193.875,8.8985453
1970,30,2008,38,2179358.603825137,6,188.79166,8.6627169
1970,31,2008,38,2179969.87431694,7,190.5,8.7386532
1970,32,2008,38,2180601.520491803,8,188.75,8.6558685
1970,33,2008,38,2181233.166666667,9,175.70834,8.055459
1970,34,2008,38,2181844.43715847,10,192.29166,8.813262
1970,35,2008,38,2182476.083333333,11,179.75,8.2360582
1970,36,2008,38,2183087.353825137,12,186.5,8.5429468
1970,37,2009,39,2183719,1,232.08333,10.627893
1970,38,2009,39,2183982.542465753,2,202.625,9.2777758
1970,39,2009,39,2184220.580821918,3,218.70834,10.013107
1970,40,2009,39,2184484.123287671,4,219.5,10.048139
1970,41,2009,39,2184739.164383561,5,192.875,8.8282852
1970,42,2009,39,2185002.706849315,6,199.41666,9.1266088
1970,43,2009,39,2185257.747945205,7,206.33334,9.4420595
1970,44,2009,39,2185521.290410959,8,207.875,9.5114603
1970,45,2009,39,2185784.832876712,9,201.54166,9.2205629
1970,46,2009,39,2186039.873972603,10,226.58333,10.365013
1970,47,2009,39,2186303.416438356,11,192.625,8.8105335
1970,48,2009,39,2186558.457534247,12,224.45833,10.26537
1970,49,2010,40,2186822,1,249.125,11.392102
1970,50,2010,40,2187059.34109589,2,207.25,9.4761944
1970,51,2010,40,2187273.71369863,3,233.5,10.67539
1970,52,2010,40,2187511.054794521,4,226.41667,10.350424
1970,53,2010,40,2187740.739726027,5,201.5,9.2104149
1970,54,2010,40,2187978.080821918,6,215.45833,9.8473711
1970,55,2010,40,2188207.765753425,7,224.33334,10.251922
1970,56,2010,40,2188445.106849315,8,232.75,10.635405
1970,57,2010,40,2188682.447945205,9,186.91667,8.5401459
1970,58,2010,40,2188912.132876712,10,225.08333,10.282886
1970,59,2010,40,2189149.473972603,11,198.375,9.061738
1970,60,2010,40,2189379.15890411,12,219.95834,10.046608
1970,61,2011,41,2189616.5,1,251.79166,11.49935
1970,62,2011,41,2190222.061643836,2,272.75,12.453075
1970,63,2011,41,2190769.020547945,3,266.91669,12.183699
1970,64,2011,41,2191374.582191781,4,241.79167,11.03379
1970,65,2011,41,2191960.609589041,5,252.875,11.536475
1970,66,2011,41,2192566.171232876,6,226.95831,10.351264
1970,67,2011,41,2193152.198630137,7,233,10.623978
1970,68,2011,41,2193757.760273973,8,246,11.213635
1970,69,2011,41,2194363.321917808,9,234.16666,10.67128
1970,70,2011,41,2194949.349315068,10,209.79167,9.5579281
1970,71,2011,41,2195554.910958904,11,217.25,9.8949928
1970,72,2011,41,2196140.938356164,12,222.04166,10.110538
1970,73,2012,42,2196746.5,1,301.66666,13.73243
1970,74,2012,42,2196886.084699454,2,275.625,12.546167
1970,75,2012,42,2197016.663934426,3,263.04166,11.972674
1970,76,2012,42,2197156.24863388,4,275.875,12.556003
1970,77,2012,42,2197291.330601093,5,254.5,11.582442
1970,78,2012,42,2197430.915300547,6,253.74998,11.547575
1970,79,2012,42,2197565.99726776,7,270.70831,12.318552
1970,80,2012,42,2197705.581967213,8,270,12.28554
1970,81,2012,42,2197845.166666667,9,261.83334,11.913184
1970,82,2012,42,2197980.24863388,10,258.45831,11.758901
1970,83,2012,42,2198119.833333333,11,231.125,10.514668
1970,84,2012,42,2198254.915300547,12,265.91666,12.096716
1970,85,2013,43,2198394.5,1,353.91666,16.098869
1970,86,2013,43,2198137.115068493,2,297.125,13.517128
1970,87,2013,43,2197904.638356165,3,302.5,13.763108
1970,88,2013,43,2197647.253424658,4,282.04169,12.833801
1970,89,2013,43,2197398.171232877,5,273.875,12.463604
1970,90,2013,43,2197140.78630137,6,267.125,12.157846
1970,91,2013,43,2196891.704109589,7,291.95831,13.289609
1970,92,2013,43,2196634.319178082,8,290.25,13.213396
1970,93,2013,43,2196376.934246575,9,295.41666,13.45018
1970,94,2013,43,2196127.852054795,10,261.5,11.907321
1970,95,2013,43,2195870.467123288,11,273.625,12.46089
1970,96,2013,43,2195621.384931507,12,280.08331,12.756449
1970,97,2014,44,2195364,1,386.375,17.599586
1970,98,2014,44,2194989.112328767,2,342.75,15.615111
1970,99,2014,44,2194650.504109589,3,332.125,15.133389
1970,100,2014,44,2194275.616438356,4,317.54169,14.471368
1970,101,2014,44,2193912.821917808,5,331.875,15.127083
1970,102,2014,44,2193537.934246575,6,302,13.767713
1970,103,2014,44,2193175.139726027,7,307.625,14.026467
1970,104,2014,44,2192800.252054794,8,327.875,14.952342
1970,105,2014,44,2192425.364383562,9,284.95831,12.997401
1970,106,2014,44,2192062.569863013,10,327.20831,14.92696
1970,107,2014,44,2191687.682191781,11,304.375,13.887699
1970,108,2014,44,2191324.887671233,12,302.58334,13.808237
1970,109,2015,45,2190950,1,366.70831,16.737411
1970,110,2015,45,2190596.302739726,2,338.5,15.452414
1970,111,2015,45,2190276.834246575,3,381.45834,17.415987
1970,112,2015,45,2189923.136986301,4,367.125,16.764288
1970,113,2015,45,2189580.849315068,5,360.875,16.481464
1970,114,2015,45,2189227.152054795,6,357.04166,16.309027
1970,115,2015,45,2188884.864383562,7,362.41669,16.557138
1970,116,2015,45,2188531.167123287,8,340.25,15.546957
1970,117,2015,45,2188177.469863013,9,333.41669,15.237186
1970,118,2015,45,2187835.182191781,10,369.95834,16.90979
1970,119,2015,45,2187481.484931507,11,330,15.085842
1970,120,2015,45,2187139.197260274,12,334.41669,15.290142
1970,121,2016,46,2186785.5,1,387.45831,17.718166
1970,122,2016,46,2186772.159836065,2,390.875,17.874519
1970,123,2016,46,2186759.680327869,3,423.66669,19.374176
1970,124,2016,46,2186746.340163935,4,399.70837,18.278681
1970,125,2016,46,2186733.430327869,5,401.875,18.377869
1970,126,2016,46,2186720.090163935,6,365.04166,16.693571
1970,127,2016,46,2186707.180327869,7,407.04169,18.614367
1970,128,2016,46,2186693.840163935,8,396.5,18.132397
1970,129,2016,46,2186680.5,9,357.04169,16.328022
1970,130,2016,46,2186667.590163935,10,377.125,17.246563
1970,131,2016,46,2186654.25,11,376.625,17.223803
1970,132,2016,46,2186641.340163935,12,396.375,18.127115
1970,133,2017,47,2186628,1,461.5,21.105556
1970,134,2017,47,2186831.156164384,2,408.75,18.691429
1970,135,2017,47,2187014.652054795,3,458.375,20.958937
1970,136,2017,47,2187217.808219178,4,438.875,20.065445
1970,137,2017,47,2187414.410958904,5,419.625,19.183607
1970,138,2017,47,2187617.567123288,6,419.375,19.170399
1970,139,2017,47,2187814.169863014,7,428.33334,19.57814
1970,140,2017,47,2188017.326027398,8,406,18.555613
1970,141,2017,47,2188220.482191781,9,407.83331,18.637671
1970,142,2017,47,2188417.084931507,10,386.25,17.649744
1970,143,2017,47,2188620.24109589,11,402.25,18.37916
1970,144,2017,47,2188816.843835616,12,420.20834,19.197968
1970,145,2018,48,2189020,1,482.41666,22.038019
1970,146,2018,48,2190173.879452055,2,434.75,19.850021
1970,147,2018,48,2191216.093150685,3,470.54169,21.473997
1970,148,2018,48,2192369.97260274,4,417.37503,19.037619
1970,149,2018,48,2193486.630136986,5,445.25,20.298733
1970,150,2018,48,2194640.509589041,6,425.41666,19.384344
1970,151,2018,48,2195757.167123288,7,442.95834,20.173376
1970,152,2018,48,2196911.046575342,8,429.75,19.561556
1970,153,2018,48,2198064.926027397,9,409.91666,18.648979
1970,154,2018,48,2199181.583561644,10,414.375,18.842237
1970,155,2018,48,2200335.463013698,11,426.875,19.400452
1970,156,2018,48,2201452.120547945,12,458.41666,20.823376
1970,157,2019,49,2202606,1,540.08331,24.520197
1970,158,2019,49,2199901.950684931,2,484.5,22.023708
1970,159,2019,49,2197459.583561644,3,489.04169,22.254866
1970,160,2019,49,2194755.534246575,4,484.70837,22.084846
1970,161,2019,49,2192138.712328767,5,487.625,22.244259
1970,162,2019,49,2189434.663013699,6,469.29163,21.434374
1970,163,2019,49,2186817.84109589,7,472,21.583874
1970,164,2019,49,2184113.791780822,8,462.25,21.16419
1970,165,2019,49,2181409.742465753,9,459.08331,21.045258
1970,166,2019,49,2178792.920547945,10,431.70831,19.814104
1970,167,2019,49,2176088.871232877,11,496.875,22.833397
1970,168,2019,49,2173472.049315068,12,496.16666,22.828297
1970,169,2020,50,2170768,1,587.375,27.058395
1970,170,2020,50,2170171.715846994,2,556,25.620092
1970,171,2020,50,2169613.901639344,3,563.75,25.983887
1970,172,2020,50,2169017.617486339,4,656.70837,30.276766
1970,173,2020,50,2168440.568306011,5,618.875,28.540094
1970,174,2020,50,2167844.284153005,6,566.875,26.149248
1970,175,2020,50,2167267.234972678,7,641.83331,29.614866
1970,176,2020,50,2166670.950819672,8,609.5,28.130714
1970,177,2020,50,2166074.666666667,9,554.58337,25.603151
1970,178,2020,50,2165497.617486339,10,589.20831,27.20891
1970,179,2020,50,2164901.333333333,11,594,27.43774
1970,180,2020,50,2164324.284153005,12,692.45831,31.994204
1970,181,2021,51,2163728,1,863.33331,39.900269
1970,182,2021,51,2163135.942465753,2,630.125,29.130161
1970,183,2021,51,2162601.180821917,3,670.66663,31.012035
1970,184,2021,51,2162009.123287671,4,658.875,30.475126
1970,185,2021,51,2161436.164383561,5,658.125,30.448505
1970,186,2021,51,2160844.106849315,6,630.79163,29.191908
1970,187,2021,51,2160271.147945205,7,643.66663,29.795641
1970,188,2021,51,2159679.090410959,8,852.375,39.46767
1970,189,2021,51,2159087.032876712,9,938.70831,43.477097
1970,190,2021,51,2158514.073972602,10,831.125,38.504498
1970,191,2021,51,2157922.016438356,11,734.25,34.025791
1970,192,2021,51,2157349.057534246,12,802.125,37.181049
1971,1,2006,35,2088864,1,150.20833,7.1909099
1971,2,2006,35,2089860.756164384,2,172.625,8.2601194
1971,3,2006,35,2090761.052054795,3,167.83334,8.02738
1971,4,2006,35,2091757.808219178,4,150.125,7.1769781
1971,5,2006,35,2092722.410958904,5,148.125,7.0781007
1971,6,2006,35,2093719.167123288,6,156.625,7.4807072
1971,7,2006,35,2094683.769863014,7,155.41666,7.4195762
1971,8,2006,35,2095680.526027397,8,150.625,7.1874027
1971,9,2006,35,2096677.282191781,9,128.66667,6.136694
1971,10,2006,35,2097641.884931507,10,134.25,6.400044
1971,11,2006,35,2098638.641095891,11,133.625,6.3672228
1971,12,2006,35,2099603.243835616,12,140.16667,6.6758647
1971,13,2007,36,2100600,1,181.45833,8.6384048
1971,14,2007,36,2100866.897260274,2,160.75,7.6516032
1971,15,2007,36,2101107.965753425,3,171,8.1385632
1971,16,2007,36,2101374.863013699,4,145.375,6.9180899
1971,17,2007,36,2101633.150684931,5,171.625,8.1662683
1971,18,2007,36,2101900.047945206,6,161.16666,7.667665
1971,19,2007,36,2102158.335616439,7,155.16667,7.3813028
1971,20,2007,36,2102425.232876712,8,170.875,8.1275187
1971,21,2007,36,2102692.130136986,9,158.95833,7.5597529
1971,22,2007,36,2102950.417808219,10,167.41666,7.9610367
1971,23,2007,36,2103217.315068493,11,157.625,7.4944706
1971,24,2007,36,2103475.602739726,12,176,8.3671045
1971,25,2008,37,2103742.5,1,209.04167,9.936657
1971,26,2008,37,2104028.953551913,2,196.375,9.3332844
1971,27,2008,37,2104296.926229508,3,189.66667,9.0133038
1971,28,2008,37,2104583.379781421,4,158.70834,7.5410814
1971,29,2008,37,2104860.592896175,5,167.5,7.9577718
1971,30,2008,37,2105147.046448087,6,174.45833,8.2872276
1971,31,2008,37,2105424.259562842,7,152.5,7.2431955
1971,32,2008,37,2105710.713114754,8,166.5,7.9070692
1971,33,2008,37,2105997.166666667,9,154.04166,7.3144283
1971,34,2008,37,2106274.379781421,10,153.83333,7.303575
1971,35,2008,37,2106560.833333333,11,146.25,6.9425955
1971,36,2008,37,2106838.046448087,12,183.125,8.6919355
1971,37,2009,38,2107124.5,1,209.75,9.9543238
1971,38,2009,38,2107729.042465753,2,203.75,9.6668024
1971,39,2009,38,2108275.080821918,3,188.70834,8.950841
1971,40,2009,38,2108879.623287671,4,190.20834,9.0194025
1971,41,2009,38,2109464.664383562,5,191.75,9.0899839
1971,42,2009,38,2110069.206849315,6,195.08333,9.2453518
1971,43,2009,38,2110654.247945205,7,201.33333,9.5389061
1971,44,2009,38,2111258.790410959,8,176.875,8.3777037
1971,45,2009,38,2111863.332876712,9,186.08333,8.8113337
1971,46,2009,38,2112448.373972603,10,195.08334,9.2349405
1971,47,2009,38,2113052.916438356,11,179.375,8.4889021
1971,48,2009,38,2113637.957534247,12,160.75,7.6053705
1971,49,2010,39,2114242.5,1,227.58333,10.764297
1971,50,2010,39,2114474.278082192,2,219.5,10.380831
1971,51,2010,39,2114683.626027397,3,217.125,10.267493
1971,52,2010,39,2114915.404109589,4,208.95834,9.8802223
1971,53,2010,39,2115139.705479452,5,204.875,9.686121
1971,54,2010,39,2115371.483561644,6,202.70833,9.5826349
1971,55,2010,39,2115595.784931507,7,201.83333,9.5402594
1971,56,2010,39,2115827.563013698,8,209.125,9.8838396
1971,57,2010,39,2116059.34109589,9,179.83333,8.4985008
1971,58,2010,39,2116283.642465753,10,185.79167,8.7791481
1971,59,2010,39,2116515.420547945,11,185.375,8.7585001
1971,60,2010,39,2116739.721917808,12,200.79166,9.4858923
1971,61,2011,40,2116971.5,1,266.91666,12.60842
1971,62,2011,40,2117266.12739726,2,250,11.807679
1971,63,2011,40,2117532.242465754,3,252.54167,11.926226
1971,64,2011,40,2117826.869863014,4,222.91669,10.525727
1971,65,2011,40,2118111.993150685,5,223.75,10.563653
1971,66,2011,40,2118406.620547945,6,212.125,10.013422
1971,67,2011,40,2118691.743835616,7,202.66666,9.5656509
1971,68,2011,40,2118986.371232877,8,222.625,10.506203
1971,69,2011,40,2119280.998630137,9,186.25,8.7883577
1971,70,2011,40,2119566.121917808,10,210.29166,9.9214487
1971,71,2011,40,2119860.749315069,11,222.125,10.478283
1971,72,2011,40,2120145.87260274,12,187.45834,8.8417664
1971,73,2012,41,2120440.5,1,269.33331,12.701762
1971,74,2012,41,2121225.325136612,2,233.625,11.013681
1971,75,2012,41,2121959.516393443,3,241.125,11.363317
1971,76,2012,41,2122744.341530055,4,262.54169,12.368032
1971,77,2012,41,2123503.849726776,5,251.125,11.825974
1971,78,2012,41,2124288.674863388,6,226.875,10.680046
1971,79,2012,41,2125048.183060109,7,241.41666,11.360526
1971,80,2012,41,2125833.008196721,8,232.625,10.942769
1971,81,2012,41,2126617.833333333,9,220.41666,10.364657
1971,82,2012,41,2127377.341530055,10,234.58334,11.02688
1971,83,2012,41,2128162.166666667,11,215.75,10.137856
1971,84,2012,41,2128921.674863388,12,221.875,10.421943
1971,85,2013,42,2129706.5,1,326.83331,15.346401
1971,86,2013,42,2129814.023287671,2,270.875,12.718246
1971,87,2013,42,2129911.14109589,3,260.83334,12.246208
1971,88,2013,42,2130018.664383561,4,250.375,11.754592
1971,89,2013,42,2130122.719178082,5,271.25,12.734008
1971,90,2013,42,2130230.242465753,6,239.75,11.254652
1971,91,2013,42,2130334.297260274,7,253.66667,11.907365
1971,92,2013,42,2130441.820547945,8,263.875,12.385928
1971,93,2013,42,2130549.343835616,9,240.125,11.270567
1971,94,2013,42,2130653.398630137,10,247.66666,11.623977
1971,95,2013,42,2130760.921917808,11,240,11.263582
1971,96,2013,42,2130864.976712329,12,244.41667,11.470304
1971,97,2014,43,2130972.5,1,326.45831,15.319687
1971,98,2014,43,2130682.246575342,2,300.375,14.097597
1971,99,2014,43,2130420.082191781,3,337.54169,15.843903
1971,100,2014,43,2130129.828767124,4,290.875,13.655271
1971,101,2014,43,2129848.938356164,5,294.25,13.815534
1971,102,2014,43,2129558.684931507,6,284.875,13.377185
1971,103,2014,43,2129277.794520548,7,262.625,12.333994
1971,104,2014,43,2128987.541095891,8,280.25,13.163534
1971,105,2014,43,2128697.287671233,9,264.58334,12.429355
1971,106,2014,43,2128416.397260274,10,271.58334,12.759878
1971,107,2014,43,2128126.143835617,11,274.125,12.88105
1971,108,2014,43,2127845.253424658,12,284.66666,13.378165
1971,109,2015,44,2127555,1,359.45834,16.895372
1971,110,2015,44,2127113.356164383,2,318.75,14.985097
1971,111,2015,44,2126714.452054794,3,364.5,17.139112
1971,112,2015,44,2126272.808219178,4,321.375,15.114476
1971,113,2015,44,2125845.410958904,5,324.125,15.246876
1971,114,2015,44,2125403.767123288,6,309.33331,14.554096
1971,115,2015,44,2124976.369863014,7,315.91666,14.866832
1971,116,2015,44,2124534.726027397,8,293.25,13.803022
1971,117,2015,44,2124093.082191781,9,297.25,13.994207
1971,118,2015,44,2123665.684931506,10,307.66666,14.487528
1971,119,2015,44,2123224.04109589,11,300,14.129456
1971,120,2015,44,2122796.643835616,12,309.04166,14.558231
1971,121,2016,45,2122355,1,373.75,17.610155
1971,122,2016,45,2121922.693989071,2,396.5,18.685883
1971,123,2016,45,2121518.278688524,3,393.08331,18.528397
1971,124,2016,45,2121085.972677595,4,355.08334,16.740639
1971,125,2016,45,2120667.612021858,5,360.625,17.005259
1971,126,2016,45,2120235.306010929,6,337.375,15.912148
1971,127,2016,45,2119816.945355191,7,366.25,17.277435
1971,128,2016,45,2119384.639344262,8,328.75,15.511578
1971,129,2016,45,2118952.333333333,9,327.45834,15.453785
1971,130,2016,45,2118533.972677595,10,327.04166,15.437168
1971,131,2016,45,2118101.666666667,11,315.875,14.913118
1971,132,2016,45,2117683.306010929,12,327.875,15.482721
1971,133,2017,46,2117251,1,446.45834,21.086699
1971,134,2017,46,2117197.875342466,2,375.375,17.729803
1971,135,2017,46,2117149.891780822,3,407.79169,19.261353
1971,136,2017,46,2117096.767123288,4,395.33334,18.673372
1971,137,2017,46,2117045.356164384,5,381.25,18.008589
1971,138,2017,46,2116992.23150685,6,367.04166,17.337885
1971,139,2017,46,2116940.820547945,7,372.95831,17.617796
1971,140,2017,46,2116887.695890411,8,370.75,17.51392
1971,141,2017,46,2116834.571232877,9,360.29169,17.020304
1971,142,2017,46,2116783.160273973,10,342.79166,16.193991
1971,143,2017,46,2116730.035616438,11,340.625,16.092037
1971,144,2017,46,2116678.624657535,12,346.08331,16.3503
1971,145,2018,47,2116625.5,1,490.16666,23.15793
1971,146,2018,47,2116822.456164383,2,407.75,19.262362
1971,147,2018,47,2117000.352054794,3,426.79169,20.160208
1971,148,2018,47,2117197.308219178,4,403.70837,19.068056
1971,149,2018,47,2117387.910958904,5,403.5,19.056499
1971,150,2018,47,2117584.867123288,6,386.375,18.246021
1971,151,2018,47,2117775.469863013,7,414.625,19.578327
1971,152,2018,47,2117972.426027397,8,399.375,18.856478
1971,153,2018,47,2118169.382191781,9,378.04169,17.847567
1971,154,2018,47,2118359.984931507,10,359.625,16.976576
1971,155,2018,47,2118556.94109589,11,373.5,17.629925
1971,156,2018,47,2118747.543835616,12,405.29166,19.128832
1971,157,2019,48,2118944.5,1,471.70831,22.261477
1971,158,2019,48,2119692.109589041,2,453.125,21.376925
1971,159,2019,48,2120367.369863014,3,466.08331,21.981253
1971,160,2019,48,2121114.979452055,4,436.95834,20.600409
1971,161,2019,48,2121838.47260274,5,455.375,21.461342
1971,162,2019,48,2122586.082191781,6,403.83331,19.025534
1971,163,2019,48,2123309.575342466,7,431.58331,20.325972
1971,164,2019,48,2124057.184931507,8,428.5,20.173656
1971,165,2019,48,2124804.794520548,9,414,19.484142
1971,166,2019,48,2125528.287671233,10,383.125,18.024931
1971,167,2019,48,2126275.897260274,11,433.75,20.399517
1971,168,2019,48,2126999.390410959,12,401.125,18.858727
1971,169,2020,49,2127747,1,547.54163,25.733398
1971,170,2020,49,2127218.81420765,2,474.625,22.311996
1971,171,2020,49,2126724.704918033,3,519.375,24.421356
1971,172,2020,49,2126196.519125683,4,619.45837,29.134577
1971,173,2020,49,2125685.371584699,5,557.75,26.238596
1971,174,2020,49,2125157.18579235,6,542.125,25.509878
1971,175,2020,49,2124646.038251366,7,588.75,27.710499
1971,176,2020,49,2124117.852459016,8,557.375,26.240305
1971,177,2020,49,2123589.666666667,9,479.79169,22.593428
1971,178,2020,49,2123078.519125683,10,503.25,23.703787
1971,179,2020,49,2122550.333333333,11,504.375,23.762688
1971,180,2020,49,2122039.18579235,12,615.16669,28.989412
1971,181,2021,50,2121511,1,777.74994,36.660191
1971,182,2021,50,2120985.443835617,2,648.5,30.575411
1971,183,2021,50,2120510.747945206,3,650.33337,30.668715
1971,184,2021,50,2119985.191780822,4,630.16669,29.725052
1971,185,2021,50,2119476.589041096,5,588.125,27.748596
1971,186,2021,50,2118951.032876712,6,589.58331,27.824301
1971,187,2021,50,2118442.430136987,7,600.125,28.328596
1971,188,2021,50,2117916.873972603,8,771.875,36.445007
1971,189,2021,50,2117391.317808219,9,852.66663,40.269676
1971,190,2021,50,2116882.715068494,10,677.625,32.010513
1971,191,2021,50,2116357.15890411,11,664.5,31.398293
1971,192,2021,50,2115848.556164384,12,697.41669,32.961559
1972,1,2006,34,1977681.5,1,153.99998,7.7868953
1972,2,2006,34,1978726.454794521,2,139.125,7.0310373
1972,3,2006,34,1979670.284931507,3,148.45834,7.499145
1972,4,2006,34,1980715.239726027,4,127.79167,6.4517941
1972,5,2006,34,1981726.48630137,5,122.375,6.1751709
1972,6,2006,34,1982771.44109589,6,149.20833,7.5252409
1972,7,2006,34,1983782.687671233,7,146.83334,7.4016848
1972,8,2006,34,1984827.642465753,8,119.875,6.0395675
1972,9,2006,34,1985872.597260274,9,122.66667,6.1769657
1972,10,2006,34,1986883.843835616,10,131.16666,6.6016269
1972,11,2006,34,1987928.798630137,11,119.625,6.0175695
1972,12,2006,34,1988940.045205479,12,124.58333,6.2638049
1972,13,2007,35,1989985,1,168.75,8.4799633
1972,14,2007,35,1991012.798630137,2,143.375,7.2011089
1972,15,2007,35,1991941.132876712,3,165.58333,8.3126621
1972,16,2007,35,1992968.931506849,4,138.125,6.9306149
1972,17,2007,35,1993963.575342466,5,160.125,8.030488
1972,18,2007,35,1994991.373972603,6,135,6.7669463
1972,19,2007,35,1995986.017808219,7,139.66666,6.9973764
1972,20,2007,35,1997013.816438356,8,151.625,7.5925865
1972,21,2007,35,1998041.615068493,9,132.04167,6.6085548
1972,22,2007,35,1999036.25890411,10,136.66667,6.836628
1972,23,2007,35,2000064.057534247,11,142.625,7.1310215
1972,24,2007,35,2001058.701369863,12,132.91667,6.6423173
1972,25,2008,36,2002086.5,1,184.625,9.2216291
1972,26,2008,36,2002290.244535519,2,169.875,8.4840345
1972,27,2008,36,2002480.844262295,3,172.625,8.6205568
1972,28,2008,36,2002684.588797814,4,149.75,7.4774632
1972,29,2008,36,2002881.760928962,5,152.125,7.5953059
1972,30,2008,36,2003085.505464481,6,140.45833,7.0120983
1972,31,2008,36,2003282.677595628,7,145.04166,7.2401991
1972,32,2008,36,2003486.422131147,8,162.125,8.092144
1972,33,2008,36,2003690.166666667,9,152.08333,7.5901618
1972,34,2008,36,2003887.338797814,10,144.58334,7.2151432
1972,35,2008,36,2004091.083333333,11,142.875,7.1291671
1972,36,2008,36,2004288.255464481,12,164.79166,8.2219543
1972,37,2009,37,2004492,1,180.70833,9.0151682
1972,38,2009,37,2004757.028767123,2,179,8.9287624
1972,39,2009,37,2004996.409589041,3,175.41666,8.7489758
1972,40,2009,37,2005261.438356164,4,169.91667,8.4735422
1972,41,2009,37,2005517.917808219,5,175.375,8.7446241
1972,42,2009,37,2005782.946575342,6,168.625,8.4069414
1972,43,2009,37,2006039.426027397,7,176.125,8.7797375
1972,44,2009,37,2006304.454794521,8,166.75,8.3113012
1972,45,2009,37,2006569.483561644,9,170.66666,8.5053949
1972,46,2009,37,2006825.963013699,10,159.5,7.9478741
1972,47,2009,37,2007090.991780822,11,147.375,7.3427162
1972,48,2009,37,2007347.471232877,12,148.41667,7.393671
1972,49,2010,38,2007612.5,1,193.70833,9.6486912
1972,50,2010,38,2008029.046575343,2,192,9.561615
1972,51,2010,38,2008405.282191781,3,188.29167,9.3751831
1972,52,2010,38,2008821.828767123,4,166.5,8.2884407
1972,53,2010,38,2009224.938356164,5,190.875,9.4999323
1972,54,2010,38,2009641.484931507,6,181.04166,9.0086546
1972,55,2010,38,2010044.594520548,7,186.29167,9.2680368
1972,56,2010,38,2010461.14109589,8,174.625,8.6858187
1972,57,2010,38,2010877.687671233,9,159.75,7.9442921
1972,58,2010,38,2011280.797260274,10,172.83334,8.5931978
1972,59,2010,38,2011697.343835616,11,169.125,8.4070797
1972,60,2010,38,2012100.453424657,12,150.16667,7.4631796
1972,61,2011,39,2012517,1,195.75,9.7266254
1972,62,2011,39,2012680.493150685,2,198.125,9.8438377
1972,63,2011,39,2012828.164383562,3,222.79166,11.068588
1972,64,2011,39,2012991.657534247,4,193.95834,9.6353273
1972,65,2011,39,2013149.876712329,5,190.5,9.4627829
1972,66,2011,39,2013313.369863014,6,208.29166,10.345715
1972,67,2011,39,2013471.589041096,7,186.20834,9.2481241
1972,68,2011,39,2013635.082191781,8,179.375,8.9080191
1972,69,2011,39,2013798.575342466,9,173.375,8.6093512
1972,70,2011,39,2013956.794520548,10,178.95834,8.8859081
1972,71,2011,39,2014120.287671233,11,195.875,9.7250891
1972,72,2011,39,2014278.506849315,12,168.75,8.3776894
1972,73,2012,40,2014442,1,229.70833,11.403075
1972,74,2012,40,2014773.598360656,2,200.5,9.9514904
1972,75,2012,40,2015083.803278688,3,213.54167,10.597161
1972,76,2012,40,2015415.401639344,4,214.20834,10.628496
1972,77,2012,40,2015736.303278688,5,246,12.203978
1972,78,2012,40,2016067.901639344,6,203.20833,10.079439
1972,79,2012,40,2016388.803278688,7,214.79167,10.652294
1972,80,2012,40,2016720.401639344,8,192.25,9.5328035
1972,81,2012,40,2017052,9,195.04166,9.6696396
1972,82,2012,40,2017372.901639344,10,215.75,10.694602
1972,83,2012,40,2017704.5,11,209.625,10.389281
1972,84,2012,40,2018025.401639344,12,196.04167,9.714529
1972,85,2013,41,2018357,1,275.24997,13.637328
1972,86,2013,41,2019323.265753425,2,228,11.290912
1972,87,2013,41,2020196.021917808,3,269.875,13.358852
1972,88,2013,41,2021162.287671233,4,231.16667,11.437314
1972,89,2013,41,2022097.383561644,5,237.875,11.763776
1972,90,2013,41,2023063.649315068,6,215.625,10.65834
1972,91,2013,41,2023998.745205479,7,213.20834,10.534016
1972,92,2013,41,2024965.010958904,8,226.5,11.185378
1972,93,2013,41,2025931.276712329,9,200.875,9.9151936
1972,94,2013,41,2026866.37260274,10,226.20834,11.160496
1972,95,2013,41,2027832.638356164,11,216.75,10.688752
1972,96,2013,41,2028767.734246575,12,226.70833,11.174682
1972,97,2014,42,2029734,1,334.66666,16.488203
1972,98,2014,42,2029874.179452055,2,255.5,12.586987
1972,99,2014,42,2030000.793150685,3,295.08334,14.536119
1972,100,2014,42,2030140.97260274,4,268.41669,13.221579
1972,101,2014,42,2030276.630136986,5,257.875,12.701471
1972,102,2014,42,2030416.809589041,6,258.45831,12.729323
1972,103,2014,42,2030552.467123288,7,230.08334,11.331071
1972,104,2014,42,2030692.646575342,8,246.875,12.157182
1972,105,2014,42,2030832.826027397,9,235.66666,11.604434
1972,106,2014,42,2030968.483561644,10,274.41666,13.511616
1972,107,2014,42,2031108.663013699,11,252.5,12.431634
1972,108,2014,42,2031244.320547945,12,274.41666,13.509781
1972,109,2015,43,2031384.5,1,343.29166,16.899393
1972,110,2015,43,2031026.683561644,2,253.75,12.493681
1972,111,2015,43,2030703.494520548,3,275.45834,13.564675
1972,112,2015,43,2030345.678082192,4,288.375,14.203246
1972,113,2015,43,2029999.404109589,5,284.25,14.002467
1972,114,2015,43,2029641.587671233,6,281.45831,13.86739
1972,115,2015,43,2029295.31369863,7,283.08334,13.949835
1972,116,2015,43,2028937.497260274,8,266.5,13.134953
1972,117,2015,43,2028579.680821918,9,266.58334,13.141379
1972,118,2015,43,2028233.406849315,10,282.29166,13.918105
1972,119,2015,43,2027875.590410959,11,261,12.870612
1972,120,2015,43,2027529.316438356,12,274.45834,13.536591
1972,121,2016,44,2027171.5,1,343,16.920128
1972,122,2016,44,2026633.700819672,2,339.25,16.739582
1972,123,2016,44,2026130.598360656,3,326.25,16.102121
1972,124,2016,44,2025592.799180328,4,317.58334,15.678538
1972,125,2016,44,2025072.348360656,5,330.75,16.33275
1972,126,2016,44,2024534.549180328,6,281.375,13.898256
1972,127,2016,44,2024014.098360656,7,311.08334,15.369623
1972,128,2016,44,2023476.299180328,8,296.5,14.653001
1972,129,2016,44,2022938.5,9,278.625,13.773281
1972,130,2016,44,2022418.049180328,10,283.54169,14.019935
1972,131,2016,44,2021880.25,11,296.625,14.670751
1972,132,2016,44,2021359.799180328,12,317.33334,15.699003
1972,133,2017,45,2020822,1,364.75,18.049585
1972,134,2017,45,2020291.687671233,2,341.875,16.922062
1972,135,2017,45,2019812.695890411,3,356.08334,17.629522
1972,136,2017,45,2019282.383561644,4,346.58334,17.163689
1972,137,2017,45,2018769.178082192,5,333.125,16.50139
1972,138,2017,45,2018238.865753424,6,307.875,15.254637
1972,139,2017,45,2017725.660273972,7,313.79166,15.55175
1972,140,2017,45,2017195.347945205,8,311.25,15.429839
1972,141,2017,45,2016665.035616438,9,301.375,14.944227
1972,142,2017,45,2016151.830136986,10,306.08334,15.181562
1972,143,2017,45,2015621.517808219,11,286.5,14.213978
1972,144,2017,45,2015108.312328767,12,343,17.021418
1972,145,2018,46,2014578,1,445.45831,22.111744
1972,146,2018,46,2014494.17260274,2,372,18.466173
1972,147,2018,46,2014418.457534247,3,404.33331,20.071962
1972,148,2018,46,2014334.630136986,4,375.5,18.641392
1972,149,2018,46,2014253.506849315,5,343.75,17.065876
1972,150,2018,46,2014169.679452055,6,333.58331,16.561829
1972,151,2018,46,2014088.556164383,7,370.875,18.414036
1972,152,2018,46,2014004.728767123,8,353.25,17.53968
1972,153,2018,46,2013920.901369863,9,320.83334,15.930781
1972,154,2018,46,2013839.778082192,10,349,17.330078
1972,155,2018,46,2013755.950684931,11,358.25,17.79014
1972,156,2018,46,2013674.82739726,12,361.79169,17.966738
1972,157,2019,47,2013591,1,440.91666,21.897032
1972,158,2019,47,2014298.479452055,2,359.625,17.853611
1972,159,2019,47,2014937.493150685,3,417.66669,20.728518
1972,160,2019,47,2015644.97260274,4,359.91669,17.856155
1972,161,2019,47,2016329.630136986,5,408.25,20.247185
1972,162,2019,47,2017037.109589041,6,357.20831,17.709557
1972,163,2019,47,2017721.767123288,7,369.95831,18.335447
1972,164,2019,47,2018429.246575342,8,345.375,17.111078
1972,165,2019,47,2019136.726027397,9,336.25,16.653156
1972,166,2019,47,2019821.383561644,10,353.625,17.507736
1972,167,2019,47,2020528.863013699,11,379.5,18.782211
1972,168,2019,47,2021213.520547945,12,377.83334,18.693392
1972,169,2020,48,2021921,1,487.83331,24.12722
1972,170,2020,48,2021475.862021858,2,441.625,21.846663
1972,171,2020,48,2021059.442622951,3,437.875,21.665617
1972,172,2020,48,2020614.304644809,4,542.25,26.835897
1972,173,2020,48,2020183.525956284,5,499.25,24.7131
1972,174,2020,48,2019738.387978142,6,488.62497,24.192488
1972,175,2020,48,2019307.609289618,7,516.875,25.596645
1972,176,2020,48,2018862.471311475,8,517.25,25.620863
1972,177,2020,48,2018417.333333333,9,467.04166,23.139004
1972,178,2020,48,2017986.554644809,10,424.20834,21.021366
1972,179,2020,48,2017541.416666667,11,471.875,23.388615
1972,180,2020,48,2017110.637978142,12,552.58331,27.394794
1972,181,2021,49,2016665.5,1,743.24994,36.855389
1972,182,2021,49,2016255.408219178,2,611.625,30.334698
1972,183,2021,49,2015885.002739726,3,538.16669,26.696299
1972,184,2021,49,2015474.910958904,4,511.66669,25.386904
1972,185,2021,49,2015078.047945206,5,543.875,26.990271
1972,186,2021,49,2014667.956164384,6,491.04166,24.373329
1972,187,2021,49,2014271.093150685,7,557.91669,27.698193
1972,188,2021,49,2013861.001369863,8,723.5,35.926014
1972,189,2021,49,2013450.909589041,9,750.58337,37.278454
1972,190,2021,49,2013054.046575343,10,614.29169,30.515409
1972,191,2021,49,2012643.954794521,11,501,24.89263
1972,192,2021,49,2012247.091780822,12,676.70831,33.629482
1973,1,2006,33,1906832.5,1,130.375,6.837255
1973,2,2006,33,1907511.27260274,2,117,6.1336465
1973,3,2006,33,1908124.357534247,3,127.70833,6.6928725
1973,4,2006,33,1908803.130136986,4,114.75001,6.011621
1973,5,2006,33,1909460.006849315,5,122.5,6.4154263
1973,6,2006,33,1910138.779452055,6,120.58333,6.3128047
1973,7,2006,33,1910795.656164384,7,144.45833,7.5601139
1973,8,2006,33,1911474.428767123,8,115.75,6.0555348
1973,9,2006,33,1912153.201369863,9,111.54166,5.8333015
1973,10,2006,33,1912810.078082192,10,116.16667,6.0730896
1973,11,2006,33,1913488.850684932,11,122.375,6.3953862
1973,12,2006,33,1914145.72739726,12,121.125,6.327888
1973,13,2007,34,1914824.5,1,161.125,8.414609
1973,14,2007,34,1915877.947945205,2,129.125,6.7397299
1973,15,2007,34,1916829.449315069,3,138.95834,7.2493849
1973,16,2007,34,1917882.897260274,4,131.04167,6.8326211
1973,17,2007,34,1918902.363013699,5,131.125,6.8333335
1973,18,2007,34,1919955.810958904,6,122.45833,6.3781848
1973,19,2007,34,1920975.276712329,7,125,6.5071115
1973,20,2007,34,1922028.724657534,8,142,7.3880267
1973,21,2007,34,1923082.17260274,9,114.5,5.9539838
1973,22,2007,34,1924101.638356165,10,111,5.7689261
1973,23,2007,34,1925155.08630137,11,127,6.5968709
1973,24,2007,34,1926174.552054795,12,121.41666,6.3035131
1973,25,2008,35,1927228,1,130.70833,6.7821932
1973,26,2008,35,1928237.913934426,2,158.875,8.2393875
1973,27,2008,35,1929182.672131148,3,150.58333,7.8055506
1973,28,2008,35,1930192.586065574,4,154.66667,8.0130177
1973,29,2008,35,1931169.922131148,5,130.375,6.7510891
1973,30,2008,35,1932179.836065574,6,117.29166,6.0704317
1973,31,2008,35,1933157.172131148,7,143.58334,7.4274015
1973,32,2008,35,1934167.086065574,8,144.625,7.4773788
1973,33,2008,35,1935177,9,137.29166,7.0945272
1973,34,2008,35,1936154.336065574,10,133.91667,6.9166322
1973,35,2008,35,1937164.25,11,123.75,6.3882036
1973,36,2008,35,1938141.586065574,12,138.125,7.1266723
1973,37,2009,36,1939151.5,1,172.33333,8.8870478
1973,38,2009,36,1939477.721917808,2,159.625,8.2303085
1973,39,2009,36,1939772.373972603,3,155.5,8.0164042
1973,40,2009,36,1940098.595890411,4,143.29167,7.3857932
1973,41,2009,36,1940414.294520548,5,140.375,7.2342796
1973,42,2009,36,1940740.516438356,6,141.16666,7.2738552
1973,43,2009,36,1941056.215068493,7,155.04166,7.9874892
1973,44,2009,36,1941382.436986302,8,152.125,7.8359108
1973,45,2009,36,1941708.65890411,9,134.125,6.9075761
1973,46,2009,36,1942024.357534247,10,152,7.8268843
1973,47,2009,36,1942350.579452055,11,149.125,7.6775532
1973,48,2009,36,1942666.278082192,12,154.70833,7.9637108
1973,49,2010,37,1942992.5,1,164.12498,8.4470215
1973,50,2010,37,1943510.32739726,2,165.75,8.5283823
1973,51,2010,37,1943978.042465753,3,175.29167,9.0171633
1973,52,2010,37,1944495.869863014,4,158.58334,8.1554995
1973,53,2010,37,1944996.993150685,5,175.25,9.0102968
1973,54,2010,37,1945514.820547945,6,166.20833,8.5431538
1973,55,2010,37,1946015.943835616,7,175.875,9.0376959
1973,56,2010,37,1946533.771232877,8,142.5,7.3207054
1973,57,2010,37,1947051.598630137,9,161.625,8.301013
1973,58,2010,37,1947552.721917808,10,159.33333,8.1812077
1973,59,2010,37,1948070.549315068,11,151.25,7.7640924
1973,60,2010,37,1948571.67260274,12,156.625,8.0379391
1973,61,2011,38,1949089.5,1,188.20833,9.6562176
1973,62,2011,38,1949487.319178082,2,176.625,9.0600739
1973,63,2011,38,1949846.639726027,3,191.54167,9.8234224
1973,64,2011,38,1950244.45890411,4,182,9.3321638
1973,65,2011,38,1950629.44520548,5,166.5,8.5357065
1973,66,2011,38,1951027.264383562,6,189.75,9.725646
1973,67,2011,38,1951412.250684932,7,182.08334,9.3308496
1973,68,2011,38,1951810.069863014,8,159.625,8.1783056
1973,69,2011,38,1952207.889041096,9,165.375,8.4711781
1973,70,2011,38,1952592.875342466,10,174.75,8.9496384
1973,71,2011,38,1952990.694520548,11,164.875,8.4421806
1973,72,2011,38,1953375.680821918,12,169.91666,8.698616
1973,73,2012,39,1953773.5,1,199.41666,10.206744
1973,74,2012,39,1953845.452185792,2,179.5,9.1870108
1973,75,2012,39,1953912.762295082,3,204.04167,10.442721
1973,76,2012,39,1953984.714480874,4,179.83334,9.2034159
1973,77,2012,39,1954054.345628415,5,210.25,10.759681
1973,78,2012,39,1954126.297814208,6,174.125,8.9106321
1973,79,2012,39,1954195.928961749,7,190.20833,9.7333298
1973,80,2012,39,1954267.881147541,8,185,9.4664602
1973,81,2012,39,1954339.833333333,9,168.91667,8.643158
1973,82,2012,39,1954409.464480874,10,181.91666,9.3080111
1973,83,2012,39,1954481.416666667,11,174,8.9026175
1973,84,2012,39,1954551.047814208,12,190.20833,9.7315607
1973,85,2013,40,1954623,1,232.625,11.901272
1973,86,2013,40,1955015.21369863,2,222.75,11.393773
1973,87,2013,40,1955369.471232877,3,220.41667,11.27238
1973,88,2013,40,1955761.684931507,4,195.625,10.002497
1973,89,2013,40,1956141.246575342,5,212.125,10.844053
1973,90,2013,40,1956533.460273972,6,200.70833,10.258365
1973,91,2013,40,1956913.021917808,7,202.41666,10.343672
1973,92,2013,40,1957305.235616438,8,197.875,10.109563
1973,93,2013,40,1957697.449315068,9,185.20833,9.4605188
1973,94,2013,40,1958077.010958904,10,204.375,10.437536
1973,95,2013,40,1958469.224657534,11,191.25,9.7652798
1973,96,2013,40,1958848.78630137,12,223.125,11.390619
1973,97,2014,41,1959241,1,279.41666,14.261475
1973,98,2014,41,1960449.745205479,2,217.375,11.088017
1973,99,2014,41,1961541.515068493,3,221.375,11.285767
1973,100,2014,41,1962750.260273973,4,236,12.023945
1973,101,2014,41,1963920.01369863,5,227.125,11.56488
1973,102,2014,41,1965128.75890411,6,225.66666,11.483556
1973,103,2014,41,1966298.512328767,7,217.29166,11.050797
1973,104,2014,41,1967507.257534247,8,210.875,10.717876
1973,105,2014,41,1968716.002739726,9,192.125,9.7588987
1973,106,2014,41,1969885.756164384,10,218.83334,11.108935
1973,107,2014,41,1971094.501369863,11,227.25,11.529127
1973,108,2014,41,1972264.254794521,12,237.58333,12.046222
1973,109,2015,42,1973473,1,258.125,13.079733
1973,110,2015,42,1973587.57260274,2,248,12.565948
1973,111,2015,42,1973691.057534246,3,257.41669,13.0424
1973,112,2015,42,1973805.630136986,4,256.54169,12.997313
1973,113,2015,42,1973916.506849315,5,258,13.070461
1973,114,2015,42,1974031.079452055,6,241.04166,12.210631
1973,115,2015,42,1974141.956164384,7,247.16666,12.520206
1973,116,2015,42,1974256.528767123,8,253.375,12.833945
1973,117,2015,42,1974371.101369863,9,221.45833,11.216652
1973,118,2015,42,1974481.978082192,10,267.33331,13.539415
1973,119,2015,42,1974596.550684931,11,256,12.964674
1973,120,2015,42,1974707.42739726,12,250,12.660103
1973,121,2016,43,1974822,1,295.70834,14.973924
1973,122,2016,43,1974354.586065574,2,301.875,15.289806
1973,123,2016,43,1973917.327868852,3,321.41669,16.28319
1973,124,2016,43,1973449.913934426,4,278.875,14.131344
1973,125,2016,43,1972997.577868852,5,287.5,14.571736
1973,126,2016,43,1972530.163934426,6,252.70833,12.811379
1973,127,2016,43,1972077.827868852,7,272.66666,13.826364
1973,128,2016,43,1971610.413934426,8,282.25,14.315708
1973,129,2016,43,1971143,9,238.625,12.10592
1973,130,2016,43,1970690.663934426,10,259.95834,13.19123
1973,131,2016,43,1970223.25,11,265.25,13.462941
1973,132,2016,43,1969770.913934426,12,264.29166,13.41738
1973,133,2017,44,1969303.5,1,356.58331,18.107079
1973,134,2017,44,1968608.250684932,2,279.625,14.204197
1973,135,2017,44,1967980.283561644,3,309.29169,15.716199
1973,136,2017,44,1967285.034246576,4,297.29169,15.111775
1973,137,2017,44,1966612.212328767,5,301.5,15.330933
1973,138,2017,44,1965916.963013699,6,284.79166,14.486454
1973,139,2017,44,1965244.141095891,7,305.45834,15.543023
1973,140,2017,44,1964548.891780822,8,283.75,14.44352
1973,141,2017,44,1963853.642465753,9,287.25,14.626854
1973,142,2017,44,1963180.820547945,10,267.33334,13.617357
1973,143,2017,44,1962485.571232877,11,266.875,13.598826
1973,144,2017,44,1961812.749315069,12,339.16669,17.288433
1973,145,2018,45,1961117.5,1,383.5,19.555178
1973,146,2018,45,1960471.001369863,2,327,16.679665
1973,147,2018,45,1959887.067123288,3,318.25,16.23818
1973,148,2018,45,1959240.568493151,4,331.625,16.926201
1973,149,2018,45,1958614.924657534,5,310.5,15.85304
1973,150,2018,45,1957968.426027397,6,287.625,14.689971
1973,151,2018,45,1957342.782191781,7,308.41669,15.756907
1973,152,2018,45,1956696.283561644,8,298,15.229753
1973,153,2018,45,1956049.784931507,9,306.66669,15.677857
1973,154,2018,45,1955424.14109589,10,315.75,16.147392
1973,155,2018,45,1954777.642465753,11,315,16.114365
1973,156,2018,45,1954151.998630137,12,301.54166,15.430819
1973,157,2019,46,1953505.5,1,413.04166,21.143614
1973,158,2019,46,1954144.609589041,2,377.75,19.330709
1973,159,2019,46,1954721.869863014,3,346.33331,17.717779
1973,160,2019,46,1955360.979452055,4,338.33334,17.302858
1973,161,2019,46,1955979.47260274,5,349.625,17.874676
1973,162,2019,46,1956618.582191781,6,322.5,16.482517
1973,163,2019,46,1957237.075342466,7,332.08331,16.966944
1973,164,2019,46,1957876.184931507,8,300.25,15.335495
1973,165,2019,46,1958515.294520548,9,311.41669,15.900651
1973,166,2019,46,1959133.787671233,10,304.45834,15.540457
1973,167,2019,46,1959772.897260274,11,338.875,17.291544
1973,168,2019,46,1960391.390410959,12,379.875,19.377508
1973,169,2020,47,1961030.5,1,413.20831,21.070978
1973,170,2020,47,1960642.703551913,2,418,21.31954
1973,171,2020,47,1960279.926229508,3,418.5,21.348991
1973,172,2020,47,1959892.129781421,4,454.54169,23.192179
1973,173,2020,47,1959516.842896175,5,454.5,23.194492
1973,174,2020,47,1959129.046448088,6,413,21.080795
1973,175,2020,47,1958753.759562842,7,443.41666,22.637693
1973,176,2020,47,1958365.963114754,8,476.625,24.337893
1973,177,2020,47,1957978.166666667,9,414.625,21.176182
1973,178,2020,47,1957602.879781421,10,434.33331,22.186998
1973,179,2020,47,1957215.083333333,11,453.25,23.157904
1973,180,2020,47,1956839.796448088,12,501.125,25.608892
1973,181,2021,48,1956452,1,608.66663,31.110737
1973,182,2021,48,1956137.371232877,2,521,26.634121
1973,183,2021,48,1955853.190410959,3,490.54169,25.0807
1973,184,2021,48,1955538.561643836,4,496.375,25.383034
1973,185,2021,48,1955234.082191781,5,489.25,25.022579
1973,186,2021,48,1954919.453424658,6,437.20831,22.364517
1973,187,2021,48,1954614.973972603,7,478.66669,24.489052
1973,188,2021,48,1954300.34520548,8,663.375,33.944374
1973,189,2021,48,1953985.716438356,9,672.41663,34.412567
1973,190,2021,48,1953681.236986302,10,580.875,29.732332
1973,191,2021,48,1953366.608219178,11,508.75,26.044779
1973,192,2021,48,1953062.128767123,12,555.25,28.429714
1974,1,2006,32,1892855.5,1,115.91666,6.1239047
1974,2,2006,32,1894965.368493151,2,104.625,5.5212092
1974,3,2006,32,1896871.056164383,3,105.83334,5.5793638
1974,4,2006,32,1898980.924657534,4,106.08334,5.5863299
1974,5,2006,32,1901022.732876712,5,118.75,6.2466373
1974,6,2006,32,1903132.601369863,6,113,5.9375787
1974,7,2006,32,1905174.409589041,7,123.95834,6.5064034
1974,8,2006,32,1907284.278082192,8,119.875,6.2851143
1974,9,2006,32,1909394.146575342,9,96.791672,5.0692348
1974,10,2006,32,1911435.954794521,10,110.41667,5.7766347
1974,11,2006,32,1913545.823287671,11,102,5.3304186
1974,12,2006,32,1915587.631506849,12,118.125,6.1665149
1974,13,2007,33,1917697.5,1,118.49999,6.179285
1974,14,2007,33,1918338.563013699,2,108.625,5.6624522
1974,15,2007,33,1918917.587671233,3,115.16667,6.0016475
1974,16,2007,33,1919558.650684932,4,109.66667,5.713119
1974,17,2007,33,1920179.034246575,5,116,6.0411034
1974,18,2007,33,1920820.097260274,6,127.58333,6.642128
1974,19,2007,33,1921440.480821918,7,126.08334,6.5619173
1974,20,2007,33,1922081.543835616,8,132.875,6.9130783
1974,21,2007,33,1922722.606849315,9,113.125,5.883584
1974,22,2007,33,1923342.990410959,10,117.08333,6.087491
1974,23,2007,33,1923984.053424658,11,118.875,6.1785855
1974,24,2007,33,1924604.436986301,12,119.08334,6.1874189
1974,25,2008,34,1925245.5,1,144.875,7.5250144
1974,26,2008,34,1926288.573770492,2,136.125,7.0666981
1974,27,2008,34,1927264.352459016,3,126.25,6.550736
1974,28,2008,34,1928307.426229508,4,119.375,6.1906624
1974,29,2008,34,1929316.852459016,5,118.625,6.1485496
1974,30,2008,34,1930359.926229508,6,118.62499,6.1452265
1974,31,2008,34,1931369.352459016,7,130.16666,6.7396045
1974,32,2008,34,1932412.426229508,8,114.25,5.9122992
1974,33,2008,34,1933455.5,9,113,5.8444581
1974,34,2008,34,1934464.926229508,10,114.375,5.9124875
1974,35,2008,34,1935508,11,110.5,5.7090955
1974,36,2008,34,1936517.426229508,12,110.16666,5.6889062
1974,37,2009,35,1937560.5,1,133.74998,6.9030094
1974,38,2009,35,1938482.389041096,2,123.5,6.3709631
1974,39,2009,35,1939315.063013699,3,147.875,7.6251149
1974,40,2009,35,1940236.952054794,4,137.58334,7.0910587
1974,41,2009,35,1941129.102739726,5,131.75,6.7872868
1974,42,2009,35,1942050.991780822,6,131.5,6.7711921
1974,43,2009,35,1942943.142465753,7,135.375,6.9675226
1974,44,2009,35,1943865.031506849,8,138.875,7.1442719
1974,45,2009,35,1944786.920547945,9,136.58333,7.0230484
1974,46,2009,35,1945679.071232877,10,149.625,7.6901174
1974,47,2009,35,1946600.960273973,11,140.375,7.211288
1974,48,2009,35,1947493.110958904,12,121.45834,6.2366505
1974,49,2010,36,1948415,1,165.70833,8.504776
1974,50,2010,36,1949040.732876712,2,130.125,6.6763611
1974,51,2010,36,1949605.910958904,3,161.04167,8.2602167
1974,52,2010,36,1950231.643835616,4,152.70834,7.830267
1974,53,2010,36,1950837.191780822,5,165.25,8.4707222
1974,54,2010,36,1951462.924657534,6,148.29166,7.5989995
1974,55,2010,36,1952068.47260274,7,145.70833,7.464304
1974,56,2010,36,1952694.205479452,8,138.875,7.1119685
1974,57,2010,36,1953319.938356164,9,148.29167,7.5917759
1974,58,2010,36,1953925.48630137,10,157.58333,8.0649614
1974,59,2010,36,1954551.219178082,11,144.625,7.3993969
1974,60,2010,36,1955156.767123288,12,140.70833,7.1967797
1974,61,2011,37,1955782.5,1,148.29167,7.5822167
1974,62,2011,37,1956309.62739726,2,165,8.434248
1974,63,2011,37,1956785.742465754,3,151.125,7.7231245
1974,64,2011,37,1957312.869863014,4,162.95834,8.3256159
1974,65,2011,37,1957822.993150685,5,141.625,7.2337999
1974,66,2011,37,1958350.120547945,6,166.25,8.4892893
1974,67,2011,37,1958860.243835616,7,166.58333,8.5040951
1974,68,2011,37,1959387.371232877,8,153.875,7.85322
1974,69,2011,37,1959914.498630137,9,163.125,8.3230667
1974,70,2011,37,1960424.621917808,10,180.75,9.2199411
1974,71,2011,37,1960951.749315069,11,145.25,7.4071174
1974,72,2011,37,1961461.87260274,12,159.45834,8.1295662
1974,73,2012,38,1961989,1,185.70833,9.4653091
1974,74,2012,38,1962339.18989071,2,154,7.8477769
1974,75,2012,38,1962666.786885246,3,182.95833,9.3219252
1974,76,2012,38,1963016.976775956,4,155.04167,7.8981318
1974,77,2012,38,1963355.870218579,5,174.625,8.8942099
1974,78,2012,38,1963706.06010929,6,166.45833,8.4767437
1974,79,2012,38,1964044.953551913,7,175.45834,8.9335194
1974,80,2012,38,1964395.143442623,8,166.625,8.482255
1974,81,2012,38,1964745.333333333,9,151.20833,7.6960778
1974,82,2012,38,1965084.226775956,10,171.625,8.7337227
1974,83,2012,38,1965434.416666667,11,170.75,8.6876469
1974,84,2012,38,1965773.31010929,12,160.29167,8.1541281
1974,85,2013,39,1966123.5,1,177.91666,9.0491085
1974,86,2013,39,1966170.594520548,2,187.125,9.517231
1974,87,2013,39,1966213.131506849,3,211.79166,10.771551
1974,88,2013,39,1966260.226027397,4,187.91667,9.5570602
1974,89,2013,39,1966305.801369863,5,186,9.459363
1974,90,2013,39,1966352.895890411,6,180.875,9.1985016
1974,91,2013,39,1966398.471232877,7,180.29166,9.168623
1974,92,2013,39,1966445.565753425,8,184.5,9.382411
1974,93,2013,39,1966492.660273973,9,181.29166,9.2190351
1974,94,2013,39,1966538.235616438,10,181,9.2039909
1974,95,2013,39,1966585.330136986,11,191.5,9.7376909
1974,96,2013,39,1966630.905479452,12,180.83333,9.1950827
1974,97,2014,40,1966678,1,242.91667,12.351624
1974,98,2014,40,1967161.175342466,2,219,11.132794
1974,99,2014,40,1967597.591780822,3,204.375,10.387033
1974,100,2014,40,1968080.767123288,4,198.5,10.085968
1974,101,2014,40,1968548.356164384,5,202.125,10.267718
1974,102,2014,40,1969031.531506849,6,202.33333,10.275779
1974,103,2014,40,1969499.120547945,7,199.83334,10.146404
1974,104,2014,40,1969982.295890411,8,197.75,10.038161
1974,105,2014,40,1970465.471232877,9,183.95834,9.3357811
1974,106,2014,40,1970933.060273973,10,191.125,9.6971836
1974,107,2014,40,1971416.235616439,11,204.75,10.385935
1974,108,2014,40,1971883.824657534,12,183.29167,9.2952576
1974,109,2015,41,1972367,1,259.125,13.137768
1974,110,2015,41,1973772.106849315,2,220,11.146171
1974,111,2015,41,1975041.235616438,3,237.91666,12.046162
1974,112,2015,41,1976446.342465753,4,226.66667,11.468395
1974,113,2015,41,1977806.123287671,5,225.5,11.401522
1974,114,2015,41,1979211.230136986,6,208.91666,10.555552
1974,115,2015,41,1980571.010958904,7,212.20833,10.714502
1974,116,2015,41,1981976.117808219,8,241.875,12.20373
1974,117,2015,41,1983381.224657534,9,220.875,11.136286
1974,118,2015,41,1984741.005479452,10,223.625,11.267213
1974,119,2015,41,1986146.112328767,11,222.75,11.215187
1974,120,2015,41,1987505.893150685,12,211.625,10.647767
1974,121,2016,42,1988911,1,265.41666,13.344823
1974,122,2016,42,1988971.983606557,2,268.875,13.51829
1974,123,2016,42,1989029.032786885,3,277.29166,13.941056
1974,124,2016,42,1989090.016393443,4,257.29169,12.935145
1974,125,2016,42,1989149.032786885,5,239.625,12.046609
1974,126,2016,42,1989210.016393443,6,256.58331,12.898754
1974,127,2016,42,1989269.032786885,7,249.33334,12.533917
1974,128,2016,42,1989330.016393443,8,249.75,12.554478
1974,129,2016,42,1989391,9,253.79167,12.757255
1974,130,2016,42,1989450.016393443,10,238.58333,11.992426
1974,131,2016,42,1989511,11,214.625,10.787827
1974,132,2016,42,1989570.016393443,12,247.625,12.446157
1974,133,2017,43,1989631,1,300.62497,15.109584
1974,134,2017,43,1988929.593150685,2,247,12.41874
1974,135,2017,43,1988296.064383562,3,305.70834,15.375394
1974,136,2017,43,1987594.657534247,4,298,14.992996
1974,137,2017,43,1986915.876712329,5,256.625,12.915746
1974,138,2017,43,1986214.469863014,6,274.29166,13.809771
1974,139,2017,43,1985535.689041096,7,287.66666,14.488113
1974,140,2017,43,1984834.282191781,8,274.25,13.817274
1974,141,2017,43,1984132.875342466,9,269.875,13.60166
1974,142,2017,43,1983454.094520548,10,278.79169,14.055868
1974,143,2017,43,1982752.687671233,11,284.25,14.33613
1974,144,2017,43,1982073.906849315,12,272.875,13.767145
1974,145,2018,44,1981372.5,1,303.08334,15.296637
1974,146,2018,44,1980516.390410959,2,304.625,15.381089
1974,147,2018,44,1979743.130136986,3,300.875,15.197679
1974,148,2018,44,1978887.020547945,4,286.70834,14.488363
1974,149,2018,44,1978058.52739726,5,296.625,14.995765
1974,150,2018,44,1977202.417808219,6,293.625,14.850528
1974,151,2018,44,1976373.924657534,7,284.875,14.414023
1974,152,2018,44,1975517.815068493,8,284.5,14.401287
1974,153,2018,44,1974661.705479452,9,282.79166,14.321018
1974,154,2018,44,1973833.212328767,10,269.79169,13.668413
1974,155,2018,44,1972977.102739726,11,285.375,14.464182
1974,156,2018,44,1972148.609589041,12,257.79166,13.071614
1974,157,2019,45,1971292.5,1,346.04166,17.554049
1974,158,2019,45,1970698.361643835,2,320.875,16.282299
1974,159,2019,45,1970161.720547945,3,327.70834,16.633575
1974,160,2019,45,1969567.582191781,4,304.16669,15.443323
1974,161,2019,45,1968992.609589041,5,316.625,16.080559
1974,162,2019,45,1968398.471232876,6,290.29166,14.747606
1974,163,2019,45,1967823.498630137,7,305.91669,15.545941
1974,164,2019,45,1967229.360273972,8,292.5,14.868628
1974,165,2019,45,1966635.221917808,9,287.20834,14.604048
1974,166,2019,45,1966060.249315068,10,319.125,16.231699
1974,167,2019,45,1965466.110958904,11,281.5,14.322303
1974,168,2019,45,1964891.138356164,12,306.20834,15.583985
1974,169,2020,46,1964297,1,371.08334,18.891407
1974,170,2020,46,1963950.113387978,2,363.75,18.521347
1974,171,2020,46,1963625.606557377,3,384.375,19.57476
1974,172,2020,46,1963278.719945355,4,406.50003,20.705162
1974,173,2020,46,1962943.023224044,5,395,20.122847
1974,174,2020,46,1962596.136612022,6,403.5,20.559502
1974,175,2020,46,1962260.43989071,7,416.08334,21.204287
1974,176,2020,46,1961913.553278689,8,450.25,22.949533
1974,177,2020,46,1961566.666666667,9,377.54169,19.246946
1974,178,2020,46,1961230.969945355,10,404.58334,20.629051
1974,179,2020,46,1960884.083333333,11,428.25,21.83964
1974,180,2020,46,1960548.386612022,12,467.375,23.838993
1974,181,2021,47,1960201.5,1,553.25,28.224138
1974,182,2021,47,1959942.45890411,2,489,24.949713
1974,183,2021,47,1959708.48630137,3,461.20834,23.534538
1974,184,2021,47,1959449.445205479,4,461.625,23.558914
1974,185,2021,47,1959198.760273973,5,441.125,22.515581
1974,186,2021,47,1958939.719178082,6,412.875,21.076452
1974,187,2021,47,1958689.034246575,7,435.33331,22.22575
1974,188,2021,47,1958429.993150685,8,605,30.892092
1974,189,2021,47,1958170.952054794,9,651.29169,33.260204
1974,190,2021,47,1957920.267123288,10,584.29169,29.842466
1974,191,2021,47,1957661.226027397,11,478.875,24.461586
1974,192,2021,47,1957410.54109589,12,527,26.923325
1975,1,2006,31,1887071,1,113.70834,6.0256524
1975,2,2006,31,1888183.178082192,2,111.625,5.9117675
1975,3,2006,31,1889187.726027397,3,120.91667,6.4004583
1975,4,2006,31,1890299.904109589,4,111.91667,5.9205775
1975,5,2006,31,1891376.205479452,5,97,5.128541
1975,6,2006,31,1892488.383561644,6,98.791664,5.2201991
1975,7,2006,31,1893564.684931507,7,107.54167,5.6793237
1975,8,2006,31,1894676.863013699,8,114.75,6.0564418
1975,9,2006,31,1895789.04109589,9,93.708328,4.9429722
1975,10,2006,31,1896865.342465753,10,108.41666,5.71557
1975,11,2006,31,1897977.520547945,11,100.75,5.3082819
1975,12,2006,31,1899053.821917808,12,110.33334,5.8099108
1975,13,2007,32,1900166,1,129,6.7888803
1975,14,2007,32,1902427.258904109,2,105.125,5.5258355
1975,15,2007,32,1904469.68630137,3,112.41667,5.902781
1975,16,2007,32,1906730.945205479,4,93.125,4.8840137
1975,17,2007,32,1908919.260273973,5,118.75,6.2207975
1975,18,2007,32,1911180.519178082,6,117.41666,6.143672
1975,19,2007,32,1913368.834246575,7,122.125,6.3827214
1975,20,2007,32,1915630.093150685,8,123.5,6.4469647
1975,21,2007,32,1917891.352054795,9,101.25,5.2792354
1975,22,2007,32,1920079.667123288,10,103.375,5.3838911
1975,23,2007,32,1922340.926027397,11,103.125,5.364553
1975,24,2007,32,1924529.24109589,12,117.08334,6.0837388
1975,25,2008,33,1926790.5,1,96.416664,5.0040035
1975,26,2008,33,1927366.075136612,2,129,6.6930718
1975,27,2008,33,1927904.516393443,3,109.70834,5.6905484
1975,28,2008,33,1928480.091530055,4,123.58334,6.4083285
1975,29,2008,33,1929037.099726776,5,127.125,6.5900755
1975,30,2008,33,1929612.674863388,6,118.83333,6.1584034
1975,31,2008,33,1930169.683060109,7,121.70833,6.3055768
1975,32,2008,33,1930745.258196721,8,113,5.8526621
1975,33,2008,33,1931320.833333333,9,103.875,5.3784437
1975,34,2008,33,1931877.841530055,10,115.54166,5.9807954
1975,35,2008,33,1932453.416666667,11,112.5,5.8216152
1975,36,2008,33,1933010.424863388,12,113.79167,5.8867593
1975,37,2009,34,1933586,1,128.5,6.6456833
1975,38,2009,34,1934443.001369863,2,132.25,6.8365932
1975,39,2009,34,1935217.067123288,3,153.125,7.912549
1975,40,2009,34,1936074.068493151,4,122,6.3014116
1975,41,2009,34,1936903.424657534,5,133,6.8666306
1975,42,2009,34,1937760.426027397,6,130.20833,6.7195268
1975,43,2009,34,1938589.782191781,7,127.33333,6.5683484
1975,44,2009,34,1939446.783561644,8,132,6.8060646
1975,45,2009,34,1940303.784931507,9,121.04166,6.2382841
1975,46,2009,34,1941133.14109589,10,142.66666,7.3496585
1975,47,2009,34,1941990.142465753,11,132,6.7971511
1975,48,2009,34,1942819.498630137,12,127.66666,6.5712056
1975,49,2010,35,1943676.5,1,135.58333,6.9756117
1975,50,2010,35,1944245.201369863,2,133.25,6.8535595
1975,51,2010,35,1944758.867123288,3,146.41667,7.5287828
1975,52,2010,35,1945327.568493151,4,134.125,6.8947258
1975,53,2010,35,1945877.924657534,5,151.125,7.7664175
1975,54,2010,35,1946446.626027397,6,128.83333,6.6188984
1975,55,2010,35,1946996.982191781,7,135.75,6.9722757
1975,56,2010,35,1947565.683561644,8,132.375,6.7969465
1975,57,2010,35,1948134.384931507,9,131.79167,6.7650194
1975,58,2010,35,1948684.74109589,10,112.875,5.7923684
1975,59,2010,35,1949253.442465753,11,146.625,7.5221105
1975,60,2010,35,1949803.798630137,12,143.83334,7.376811
1975,61,2011,36,1950372.5,1,177.25,9.0880079
1975,62,2011,36,1951126.182191781,2,148.375,7.6045823
1975,63,2011,36,1951806.92739726,3,167.375,8.575387
1975,64,2011,36,1952560.609589041,4,149.83334,7.6736846
1975,65,2011,36,1953289.979452055,5,144.5,7.3977752
1975,66,2011,36,1954043.661643836,6,148.16666,7.5825663
1975,67,2011,36,1954773.031506849,7,159.83334,8.176568
1975,68,2011,36,1955526.71369863,8,138.25,7.0697064
1975,69,2011,36,1956280.395890411,9,138.5,7.079762
1975,70,2011,36,1957009.765753425,10,141.625,7.2368059
1975,71,2011,36,1957763.447945205,11,125.5,6.4103761
1975,72,2011,36,1958492.817808219,12,141.75,7.2377086
1975,73,2012,37,1959246.5,1,177.66666,9.0681114
1975,74,2012,37,1959753.468579235,2,147.75,7.5392137
1975,75,2012,37,1960227.729508197,3,154.79167,7.8966169
1975,76,2012,37,1960734.698087432,4,148.25,7.5609412
1975,77,2012,37,1961225.31284153,5,160.125,8.1645384
1975,78,2012,37,1961732.281420765,6,152.79166,7.788609
1975,79,2012,37,1962222.896174863,7,178.25,9.0840855
1975,80,2012,37,1962729.864754098,8,147,7.4895687
1975,81,2012,37,1963236.833333333,9,154.375,7.8632898
1975,82,2012,37,1963727.448087432,10,154.375,7.8613253
1975,83,2012,37,1964234.416666667,11,148.25,7.5474696
1975,84,2012,37,1964725.031420765,12,171.45833,8.7268362
1975,85,2013,38,1965232,1,176.08333,8.9599257
1975,86,2013,38,1965616.187671233,2,193,9.8188038
1975,87,2013,38,1965963.195890411,3,175.08334,8.9057283
1975,88,2013,38,1966347.383561644,4,184.20834,9.3680468
1975,89,2013,38,1966719.178082192,5,177.25,9.0124712
1975,90,2013,38,1967103.365753425,6,179.20833,9.1102648
1975,91,2013,38,1967475.160273973,7,175.125,8.9010019
1975,92,2013,38,1967859.347945205,8,163,8.2831125
1975,93,2013,38,1968243.535616438,9,159.75,8.116374
1975,94,2013,38,1968615.330136986,10,156.20834,7.9349346
1975,95,2013,38,1968999.517808219,11,173.625,8.8179302
1975,96,2013,38,1969371.312328767,12,159.83334,8.1159582
1975,97,2014,39,1969755.5,1,239.95833,12.182137
1975,98,2014,39,1969762.082191781,2,207.75,10.546959
1975,99,2014,39,1969768.02739726,3,210.58334,10.690768
1975,100,2014,39,1969774.609589041,4,179.20834,9.0979109
1975,101,2014,39,1969780.979452055,5,197.125,10.007458
1975,102,2014,39,1969787.561643836,6,190.04166,9.6478252
1975,103,2014,39,1969793.931506849,7,188.08333,9.5483761
1975,104,2014,39,1969800.51369863,8,193.75,9.8360214
1975,105,2014,39,1969807.095890411,9,174.66667,8.867197
1975,106,2014,39,1969813.465753425,10,195.125,9.9057598
1975,107,2014,39,1969820.047945206,11,201.125,10.210323
1975,108,2014,39,1969826.417808219,12,192.5,9.7724342
1975,109,2015,40,1969833,1,216.04167,10.967512
1975,110,2015,40,1970395.58630137,2,212.625,10.79098
1975,111,2015,40,1970903.728767123,3,226.66667,11.500647
1975,112,2015,40,1971466.315068493,4,199.33334,10.110918
1975,113,2015,40,1972010.753424658,5,202.125,10.249691
1975,114,2015,40,1972573.339726027,6,204.5,10.367168
1975,115,2015,40,1973117.778082192,7,200.33334,10.153136
1975,116,2015,40,1973680.364383562,8,205.125,10.393021
1975,117,2015,40,1974242.950684932,9,201.5,10.206444
1975,118,2015,40,1974787.389041096,10,208.25,10.545439
1975,119,2015,40,1975349.975342466,11,205.75,10.415875
1975,120,2015,40,1975894.41369863,12,196.58333,9.9490805
1975,121,2016,41,1976457,1,251,12.699492
1975,122,2016,41,1977964.607923497,2,237.875,12.026252
1975,123,2016,41,1979374.950819672,3,247.58334,12.508158
1975,124,2016,41,1980882.55874317,4,242.16667,12.225191
1975,125,2016,41,1982341.534153006,5,216.625,10.927733
1975,126,2016,41,1983849.142076503,6,224.24998,11.303782
1975,127,2016,41,1985308.117486339,7,243.625,12.271395
1975,128,2016,41,1986815.725409836,8,238.875,12.023007
1975,129,2016,41,1988323.333333333,9,225.04166,11.318162
1975,130,2016,41,1989782.30874317,10,218.95834,11.004135
1975,131,2016,41,1991289.916666667,11,246.5,12.378911
1975,132,2016,41,1992748.892076503,12,233.58333,11.721663
1975,133,2017,42,1994256.5,1,289.74997,14.529222
1975,134,2017,42,1994122.138356164,2,273.875,13.734114
1975,135,2017,42,1994000.779452055,3,254.20834,12.748658
1975,136,2017,42,1993866.417808219,4,279.91669,14.038889
1975,137,2017,42,1993736.390410959,5,252.75,12.677202
1975,138,2017,42,1993602.028767123,6,255.125,12.797188
1975,139,2017,42,1993472.001369863,7,266.5,13.368635
1975,140,2017,42,1993337.639726027,8,250.25,12.55432
1975,141,2017,42,1993203.278082192,9,257.04169,12.895909
1975,142,2017,42,1993073.250684931,10,250.75,12.581073
1975,143,2017,42,1992938.889041096,11,265.125,13.303218
1975,144,2017,42,1992808.861643836,12,282.45831,14.173879
1975,145,2018,43,1992674.5,1,304.45831,15.278878
1975,146,2018,43,1991807.773972603,2,290.25,14.572189
1975,147,2018,43,1991024.924657534,3,280.66669,14.096593
1975,148,2018,43,1990158.198630137,4,274.625,13.799154
1975,149,2018,43,1989319.431506849,5,265,13.321138
1975,150,2018,43,1988452.705479452,6,281.79166,14.171404
1975,151,2018,43,1987613.938356164,7,267.875,13.477215
1975,152,2018,43,1986747.212328767,8,278.375,14.011597
1975,153,2018,43,1985880.48630137,9,276.95834,13.946375
1975,154,2018,43,1985041.719178082,10,261.58334,13.177725
1975,155,2018,43,1984174.993150685,11,272.375,13.727367
1975,156,2018,43,1983336.226027397,12,261.75,13.19746
1975,157,2019,44,1982469.5,1,365.20831,18.421888
1975,158,2019,44,1981440.002739726,2,275.875,13.922955
1975,159,2019,44,1980510.134246575,3,286.83334,14.482801
1975,160,2019,44,1979480.636986301,4,289.125,14.606104
1975,161,2019,44,1978484.349315068,5,287.75,14.543962
1975,162,2019,44,1977454.852054795,6,295.91666,14.964521
1975,163,2019,44,1976458.564383562,7,277.04169,14.017076
1975,164,2019,44,1975429.067123288,8,297.875,15.079002
1975,165,2019,44,1974399.569863014,9,258.58331,13.096807
1975,166,2019,44,1973403.282191781,10,305.41666,15.476646
1975,167,2019,44,1972373.784931507,11,260,13.182086
1975,168,2019,44,1971377.497260274,12,329.83331,16.73111
1975,169,2020,45,1970348,1,348.83331,17.704147
1975,170,2020,45,1970044.056010929,2,322.125,16.351156
1975,171,2020,45,1969759.721311475,3,359.875,18.269995
1975,172,2020,45,1969455.777322404,4,378.95831,19.241777
1975,173,2020,45,1969161.637978142,5,381.75,19.386423
1975,174,2020,45,1968857.693989071,6,378.54166,19.226461
1975,175,2020,45,1968563.554644809,7,384.5,19.532009
1975,176,2020,45,1968259.610655738,8,406.25,20.640062
1975,177,2020,45,1967955.666666667,9,368.45831,18.722897
1975,178,2020,45,1967661.527322404,10,357.79166,18.183598
1975,179,2020,45,1967357.583333333,11,359.375,18.266888
1975,180,2020,45,1967063.443989071,12,463.125,23.54398
1975,181,2021,46,1966759.5,1,511.20834,25.992418
1975,182,2021,46,1966560.84520548,2,448.5,22.806313
1975,183,2021,46,1966381.415068493,3,441.54169,22.454529
1975,184,2021,46,1966182.760273973,4,421.45834,21.43536
1975,185,2021,46,1965990.51369863,5,435,22.126251
1975,186,2021,46,1965791.85890411,6,394.54166,20.070368
1975,187,2021,46,1965599.612328767,7,422.75,21.507433
1975,188,2021,46,1965400.957534247,8,544.375,27.69791
1975,189,2021,46,1965202.302739726,9,573.08331,29.161543
1975,190,2021,46,1965010.056164384,10,511.79166,26.045244
1975,191,2021,46,1964811.401369863,11,439,22.343111
1975,192,2021,46,1964619.154794521,12,505.875,25.749266
1976,1,2006,30,1876567.5,1,106.54166,5.6774759
1976,2,2006,30,1877914.598630137,2,84.75,4.5129848
1976,3,2006,30,1879131.332876712,3,95.25,5.0688314
1976,4,2006,30,1880478.431506849,4,102.00001,5.4241519
1976,5,2006,30,1881782.075342466,5,94.25,5.0085502
1976,6,2006,30,1883129.173972603,6,85.208328,4.5248265
1976,7,2006,30,1884432.817808219,7,110.70833,5.8748884
1976,8,2006,30,1885779.916438356,8,106,5.6210165
1976,9,2006,30,1887127.015068493,9,98.958328,5.2438617
1976,10,2006,30,1888430.65890411,10,99.291672,5.2578936
1976,11,2006,30,1889777.757534246,11,99.25,5.2519403
1976,12,2006,30,1891081.401369863,12,105.20834,5.5633955
1976,13,2007,31,1892428.5,1,105.95833,5.5990663
1976,14,2007,31,1893517.491780822,2,98.5,5.2019587
1976,15,2007,31,1894501.097260274,3,115.25,6.083396
1976,16,2007,31,1895590.089041096,4,105.08334,5.5435691
1976,17,2007,31,1896643.952054795,5,112.75,5.9447107
1976,18,2007,31,1897732.943835617,6,98.541664,5.1925993
1976,19,2007,31,1898786.806849315,7,111.5,5.8721704
1976,20,2007,31,1899875.798630137,8,105.875,5.5727329
1976,21,2007,31,1900964.790410959,9,96.708328,5.0873289
1976,22,2007,31,1902018.653424658,10,100.58334,5.2882414
1976,23,2007,31,1903107.64520548,11,93.125,4.8933125
1976,24,2007,31,1904161.508219178,12,108.375,5.6914816
1976,25,2008,32,1905250.5,1,106.33333,5.581068
1976,26,2008,32,1907686.62568306,2,120.875,6.3362083
1976,27,2008,32,1909965.581967213,3,104.33334,5.4625769
1976,28,2008,32,1912401.707650273,4,107.41667,5.6168466
1976,29,2008,32,1914759.24863388,5,127.25,6.6457443
1976,30,2008,32,1917195.37431694,6,109.54166,5.7136412
1976,31,2008,32,1919552.915300546,7,115.70833,6.0278792
1976,32,2008,32,1921989.040983606,8,113.375,5.8988371
1976,33,2008,32,1924425.166666667,9,115.04167,5.9779758
1976,34,2008,32,1926782.707650273,10,111.45834,5.7846866
1976,35,2008,32,1929218.833333333,11,100.75,5.222321
1976,36,2008,32,1931576.37431694,12,110.16666,5.7034588
1976,37,2009,33,1934012.5,1,138.74998,7.1742029
1976,38,2009,33,1934688.767123288,2,119.375,6.1702433
1976,39,2009,33,1935299.589041096,3,140.58334,7.2641644
1976,40,2009,33,1935975.856164384,4,121.125,6.2565346
1976,41,2009,33,1936630.308219178,5,128.875,6.6546001
1976,42,2009,33,1937306.575342466,6,122.375,6.3167596
1976,43,2009,33,1937961.02739726,7,131.54166,6.7876315
1976,44,2009,33,1938637.294520548,8,124,6.3962455
1976,45,2009,33,1939313.561643836,9,116.25,5.9943891
1976,46,2009,33,1939968.01369863,10,129.91667,6.696846
1976,47,2009,33,1940644.280821918,11,118.75,6.119102
1976,48,2009,33,1941298.732876712,12,117.45834,6.0505028
1976,49,2010,34,1941975,1,125.91666,6.4839487
1976,50,2010,34,1942566.930136986,2,102.25,5.2636538
1976,51,2010,34,1943101.576712329,3,142.58334,7.3379254
1976,52,2010,34,1943693.506849315,4,126.16667,6.4910784
1976,53,2010,34,1944266.342465753,5,129.75,6.6734686
1976,54,2010,34,1944858.27260274,6,116.625,5.9965811
1976,55,2010,34,1945431.108219178,7,127.20834,6.538825
1976,56,2010,34,1946023.038356164,8,121.625,6.2499261
1976,57,2010,34,1946614.968493151,9,119.5,6.1388617
1976,58,2010,34,1947187.804109589,10,128.70834,6.6099606
1976,59,2010,34,1947779.734246575,11,131.25,6.7384415
1976,60,2010,34,1948352.569863014,12,135.375,6.9481778
1976,61,2011,35,1948944.5,1,160.20833,8.2202616
1976,62,2011,35,1949531.928767123,2,130,6.6682673
1976,63,2011,35,1950062.509589041,3,175.66667,9.0082588
1976,64,2011,35,1950649.938356164,4,133.5,6.8438725
1976,65,2011,35,1951218.417808219,5,146.5,7.5081291
1976,66,2011,35,1951805.846575343,6,133.16666,6.822741
1976,67,2011,35,1952374.326027397,7,142.83334,7.3158789
1976,68,2011,35,1952961.754794521,8,143.125,7.3286123
1976,69,2011,35,1953549.183561644,9,132.25,6.7697296
1976,70,2011,35,1954117.663013699,10,139.70834,7.1494336
1976,71,2011,35,1954705.091780822,11,146.625,7.5011315
1976,72,2011,35,1955273.571232877,12,148.66666,7.6033688
1976,73,2012,36,1955861,1,146.41667,7.4860468
1976,74,2012,36,1956726.713114754,2,151.125,7.7233577
1976,75,2012,36,1957536.573770492,3,141.875,7.2476296
1976,76,2012,36,1958402.286885246,4,158.08334,8.0720568
1976,77,2012,36,1959240.073770492,5,159,8.1153917
1976,78,2012,36,1960105.786885246,6,142.875,7.2891474
1976,79,2012,36,1960943.573770492,7,167.45833,8.5396814
1976,80,2012,36,1961809.286885246,8,151.5,7.7224631
1976,81,2012,36,1962675,9,159.125,8.1075573
1976,82,2012,36,1963512.786885246,10,149.20833,7.5990505
1976,83,2012,36,1964378.5,11,135.375,6.8914928
1976,84,2012,36,1965216.286885246,12,140.375,7.1429796
1976,85,2013,37,1966082,1,177.125,9.0090342
1976,86,2013,37,1966638.51369863,2,174.875,8.8920765
1976,87,2013,37,1967141.171232877,3,176.95833,8.9957104
1976,88,2013,37,1967697.684931507,4,153.91667,7.8221707
1976,89,2013,37,1968236.246575342,5,165.75,8.4212456
1976,90,2013,37,1968792.760273973,6,165.58333,8.4103994
1976,91,2013,37,1969331.321917808,7,176.58334,8.9666653
1976,92,2013,37,1969887.835616438,8,155.375,7.8875051
1976,93,2013,37,1970444.349315068,9,158.08333,8.0227251
1976,94,2013,37,1970982.910958904,10,173.16667,8.7858028
1976,95,2013,37,1971539.424657534,11,159.625,8.0964651
1976,96,2013,37,1972077.98630137,12,171.45833,8.6942978
1976,97,2014,38,1972634.5,1,214.79167,10.888569
1976,98,2014,38,1973031.809589041,2,175.25,8.8822689
1976,99,2014,38,1973390.669863014,3,172.45833,8.7391882
1976,100,2014,38,1973787.979452055,4,160,8.1062403
1976,101,2014,38,1974172.47260274,5,200.75,10.168818
1976,102,2014,38,1974569.782191781,6,184.08333,9.3227053
1976,103,2014,38,1974954.275342466,7,183.58334,9.2955742
1976,104,2014,38,1975351.584931507,8,180,9.1123018
1976,105,2014,38,1975748.894520548,9,184.16666,9.3213596
1976,106,2014,38,1976133.387671233,10,181.16666,9.1677341
1976,107,2014,38,1976530.697260274,11,203.625,10.302142
1976,108,2014,38,1976915.190410959,12,195.875,9.9081135
1976,109,2015,39,1977312.5,1,215.70833,10.909167
1976,110,2015,39,1977260.904109589,2,164.875,8.3385553
1976,111,2015,39,1977214.301369863,3,217.33334,10.991897
1976,112,2015,39,1977162.705479452,4,188.875,9.5528307
1976,113,2015,39,1977112.773972603,5,187.75,9.49617
1976,114,2015,39,1977061.178082192,6,184.25,9.3193874
1976,115,2015,39,1977011.246575342,7,197.33334,9.9813967
1976,116,2015,39,1976959.650684932,8,218.5,11.052324
1976,117,2015,39,1976908.05479452,9,191,9.6615524
1976,118,2015,39,1976858.123287671,10,214.125,10.831581
1976,119,2015,39,1976806.52739726,11,171.625,8.6819324
1976,120,2015,39,1976756.595890411,12,217.08333,10.981793
1976,121,2016,40,1976705,1,227.79167,11.523808
1976,122,2016,40,1977171.821038251,2,220.125,11.133327
1976,123,2016,40,1977608.524590164,3,238.5,12.06002
1976,124,2016,40,1978075.345628415,4,229.25,11.589548
1976,125,2016,40,1978527.107923497,5,210.875,10.658181
1976,126,2016,40,1978993.928961749,6,202.33333,10.22405
1976,127,2016,40,1979445.69125683,7,236.33334,11.93937
1976,128,2016,40,1979912.512295082,8,235.625,11.900779
1976,129,2016,40,1980379.333333333,9,229.54166,11.590793
1976,130,2016,40,1980831.095628415,10,246.66666,12.452685
1976,131,2016,40,1981297.916666667,11,228.375,11.526535
1976,132,2016,40,1981749.678961749,12,240.66667,12.144151
1976,133,2017,41,1982216.5,1,238.66666,12.040393
1976,134,2017,41,1983795.206849315,2,215.625,10.869317
1976,135,2017,41,1985221.135616438,3,242.25,12.202671
1976,136,2017,41,1986799.842465753,4,236.58334,11.90776
1976,137,2017,41,1988327.623287671,5,233,11.71839
1976,138,2017,41,1989906.330136986,6,239.375,12.029461
1976,139,2017,41,1991434.110958904,7,257.75,12.942934
1976,140,2017,41,1993012.817808219,8,229.625,11.521502
1976,141,2017,41,1994591.524657534,9,259.95834,13.033162
1976,142,2017,41,1996119.305479452,10,255.45833,12.797749
1976,143,2017,41,1997698.012328767,11,247.125,12.370488
1976,144,2017,41,1999225.793150685,12,262.875,13.14884
1976,145,2018,42,2000804.5,1,290.49997,14.519158
1976,146,2018,42,2000557.476712329,2,254,12.696461
1976,147,2018,42,2000334.35890411,3,252.125,12.604143
1976,148,2018,42,2000087.335616439,4,251.08334,12.553619
1976,149,2018,42,1999848.280821918,5,232.625,11.632133
1976,150,2018,42,1999601.257534247,6,243.58333,12.181595
1976,151,2018,42,1999362.202739726,7,257.04169,12.856184
1976,152,2018,42,1999115.179452055,8,265.125,13.262117
1976,153,2018,42,1998868.156164384,9,246.41666,12.327809
1976,154,2018,42,1998629.101369863,10,251.70833,12.594049
1976,155,2018,42,1998382.078082192,11,250,12.51012
1976,156,2018,42,1998143.023287671,12,247.625,12.392756
1976,157,2019,43,1997896,1,257.16666,12.871874
1976,158,2019,43,1997487.224657534,2,258.625,12.947517
1976,159,2019,43,1997118.008219178,3,298.79166,14.961142
1976,160,2019,43,1996709.232876712,4,279.125,13.979251
1976,161,2019,43,1996313.643835616,5,266.875,13.36839
1976,162,2019,43,1995904.868493151,6,264.75,13.26466
1976,163,2019,43,1995509.279452055,7,259.54166,13.006287
1976,164,2019,43,1995100.504109589,8,278.25,13.946666
1976,165,2019,43,1994691.728767123,9,268.70834,13.471171
1976,166,2019,43,1994296.139726027,10,281.79166,14.12988
1976,167,2019,43,1993887.364383562,11,248.375,12.456822
1976,168,2019,43,1993491.775342466,12,271.58334,13.6235
1976,169,2020,44,1993083,1,322.33331,16.172598
1976,170,2020,44,1992824.031420765,2,285.75,14.338948
1976,171,2020,44,1992581.770491803,3,339.66666,17.04656
1976,172,2020,44,1992322.801912568,4,364.375,18.288954
1976,173,2020,44,1992072.18715847,5,373.125,18.730495
1976,174,2020,44,1991813.218579235,6,330.58331,16.597105
1976,175,2020,44,1991562.603825137,7,373.79169,18.768764
1976,176,2020,44,1991303.635245902,8,369.875,18.574516
1976,177,2020,44,1991044.666666667,9,354.25,17.792168
1976,178,2020,44,1990794.051912568,10,355.125,17.83836
1976,179,2020,44,1990535.083333333,11,373.625,18.770079
1976,180,2020,44,1990284.468579235,12,403.58334,20.277672
1976,181,2021,45,1990025.5,1,468.16666,23.525661
1976,182,2021,45,1989884.25890411,2,363.625,18.273676
1976,183,2021,45,1989756.68630137,3,424.95834,21.357302
1976,184,2021,45,1989615.445205479,4,391.29169,19.666698
1976,185,2021,45,1989478.760273973,5,413.125,20.76549
1976,186,2021,45,1989337.519178082,6,368.33331,18.515375
1976,187,2021,45,1989200.834246575,7,414.95834,20.860556
1976,188,2021,45,1989059.593150685,8,535.75,26.934839
1976,189,2021,45,1988918.352054795,9,596.25,29.978605
1976,190,2021,45,1988781.667123288,10,506.25,25.455282
1976,191,2021,45,1988640.426027397,11,416.5,20.943956
1976,192,2021,45,1988503.741095891,12,460.91669,23.179071
1977,1,2006,29,1904144,1,96.166664,5.0503883
1977,2,2006,29,1905535.263013699,2,107.75,5.6545792
1977,3,2006,29,1906791.887671233,3,95.625,5.0149679
1977,4,2006,29,1908183.150684932,4,101.12501,5.2995443
1977,5,2006,29,1909529.534246576,5,99.125,5.1910691
1977,6,2006,29,1910920.797260274,6,90.375,4.7293954
1977,7,2006,29,1912267.180821918,7,104.33333,5.4560018
1977,8,2006,29,1913658.443835617,8,94.25,4.9251213
1977,9,2006,29,1915049.706849315,9,84,4.3863091
1977,10,2006,29,1916396.090410959,10,85.916672,4.483242
1977,11,2006,29,1917787.353424658,11,95.5,4.9796972
1977,12,2006,29,1919133.736986301,12,108.83333,5.6709609
1977,13,2007,30,1920525,1,105.04166,5.4694242
1977,14,2007,30,1921942.506849315,2,96.75,5.0339694
1977,15,2007,30,1923222.835616438,3,120,6.2395267
1977,16,2007,30,1924640.342465753,4,95.666672,4.9706259
1977,17,2007,30,1926012.123287671,5,110.125,5.717773
1977,18,2007,30,1927429.630136986,6,102.125,5.2985072
1977,19,2007,30,1928801.410958904,7,114.125,5.9168868
1977,20,2007,30,1930218.917808219,8,86.75,4.4943089
1977,21,2007,30,1931636.424657534,9,97,5.0216489
1977,22,2007,30,1933008.205479452,10,103.375,5.3478823
1977,23,2007,30,1934425.712328767,11,107.75,5.5701284
1977,24,2007,30,1935797.493150685,12,111.83333,5.7771192
1977,25,2008,31,1937215,1,114.66666,5.9191504
1977,26,2008,31,1938311.349726776,2,112.375,5.7975721
1977,27,2008,31,1939336.967213115,3,112.625,5.8073974
1977,28,2008,31,1940433.316939891,4,107.16667,5.5228219
1977,29,2008,31,1941494.300546448,5,111.5,5.7429991
1977,30,2008,31,1942590.650273224,6,97.375,5.0126362
1977,31,2008,31,1943651.633879781,7,116.91667,6.0153098
1977,32,2008,31,1944747.983606557,8,106.25,5.4634328
1977,33,2008,31,1945844.333333333,9,89.541672,4.6016874
1977,34,2008,31,1946905.316939891,10,115.54166,5.9346318
1977,35,2008,31,1948001.666666667,11,101.625,5.2168846
1977,36,2008,31,1949062.650273224,12,96.583336,4.9553738
1977,37,2009,32,1950159,1,111.16666,5.7003899
1977,38,2009,32,1952350.7,2,110.875,5.6790514
1977,39,2009,32,1954330.3,3,119.58333,6.1188903
1977,40,2009,32,1956522,4,111.125,5.6797214
1977,41,2009,32,1958643,5,117.125,5.9799056
1977,42,2009,32,1960834.7,6,115.29166,5.8797235
1977,43,2009,32,1962955.7,7,119.54166,6.0898809
1977,44,2009,32,1965147.4,8,106,5.3939972
1977,45,2009,32,1967339.1,9,115.16667,5.853931
1977,46,2009,32,1969460.1,10,117.5,5.9661021
1977,47,2009,32,1971651.8,11,103.875,5.268425
1977,48,2009,32,1973772.8,12,110.29166,5.5878601
1977,49,2010,33,1975964.5,1,124.49999,6.3007202
1977,50,2010,33,1976684.124657534,2,118.25,5.9822407
1977,51,2010,33,1977334.108219178,3,124.70834,6.3068924
1977,52,2010,33,1978053.732876712,4,113.75,5.7506022
1977,53,2010,33,1978750.143835617,5,124.25,6.2792163
1977,54,2010,33,1979469.768493151,6,116.375,5.8790998
1977,55,2010,33,1980166.179452055,7,114.625,5.7886558
1977,56,2010,33,1980885.804109589,8,114.625,5.7865524
1977,57,2010,33,1981605.428767123,9,105.375,5.3176579
1977,58,2010,33,1982301.839726028,10,138.375,6.9805212
1977,59,2010,33,1983021.464383562,11,119.375,6.0198541
1977,60,2010,33,1983717.875342466,12,126.375,6.3706136
1977,61,2011,34,1984437.5,1,164.54167,8.2916031
1977,62,2011,34,1984965.391780822,2,129.125,6.5051513
1977,63,2011,34,1985442.197260274,3,139.83333,7.0429311
1977,64,2011,34,1985970.089041096,4,142,7.1501579
1977,65,2011,34,1986480.952054795,5,148.75,7.4881163
1977,66,2011,34,1987008.843835616,6,113.875,5.7309761
1977,67,2011,34,1987519.706849315,7,128.91667,6.4863091
1977,68,2011,34,1988047.598630137,8,142.25,7.155261
1977,69,2011,34,1988575.490410959,9,131.875,6.6316314
1977,70,2011,34,1989086.353424658,10,135.66667,6.8205523
1977,71,2011,34,1989614.24520548,11,135.125,6.7915177
1977,72,2011,34,1990125.108219178,12,119.29166,5.9941792
1977,73,2012,35,1990653,1,134.125,6.7377386
1977,74,2012,35,1991263.047814208,2,134.5,6.7545071
1977,75,2012,35,1991833.737704918,3,158.20833,7.9428482
1977,76,2012,35,1992443.785519126,4,141.66667,7.1101966
1977,77,2012,35,1993034.154371585,5,146.5,7.3506017
1977,78,2012,35,1993644.202185792,6,152.83334,7.666029
1977,79,2012,35,1994234.571038251,7,142.45834,7.1435099
1977,80,2012,35,1994844.618852459,8,157.25,7.8828197
1977,81,2012,35,1995454.666666667,9,139.45834,6.9888005
1977,82,2012,35,1996045.035519126,10,152.95834,7.6630707
1977,83,2012,35,1996655.083333333,11,130.5,6.5359311
1977,84,2012,35,1997245.452185792,12,143.79167,7.1994991
1977,85,2013,36,1997855.5,1,157.875,7.9022231
1977,86,2013,36,1998885.591780822,2,143,7.1539865
1977,87,2013,36,1999815.997260274,3,155.875,7.794467
1977,88,2013,36,2000846.089041096,4,144,7.1969552
1977,89,2013,36,2001842.952054794,5,152.125,7.5992475
1977,90,2013,36,2002873.043835616,6,141.33333,7.0565295
1977,91,2013,36,2003869.906849315,7,166.58333,8.3130808
1977,92,2013,36,2004899.998630137,8,172.375,8.5976858
1977,93,2013,36,2005930.090410959,9,166.66666,8.3086967
1977,94,2013,36,2006926.953424658,10,172.66666,8.6035347
1977,95,2013,36,2007957.045205479,11,145.75,7.2586212
1977,96,2013,36,2008953.908219178,12,185.41667,9.2295132
1977,97,2014,37,2009984,1,186.95833,9.3014832
1977,98,2014,37,2010587.268493151,2,159.625,7.9392228
1977,99,2014,37,2011132.156164384,3,177.16667,8.8093004
1977,100,2014,37,2011735.424657534,4,170.875,8.4939098
1977,101,2014,37,2012319.232876712,5,189.875,9.4356298
1977,102,2014,37,2012922.501369863,6,168.16666,8.354353
1977,103,2014,37,2013506.309589041,7,160.58334,7.9753089
1977,104,2014,37,2014109.578082192,8,174,8.6390533
1977,105,2014,37,2014712.846575342,9,150.33334,7.4617753
1977,106,2014,37,2015296.65479452,10,171.45834,8.5078468
1977,107,2014,37,2015899.923287671,11,163.75,8.1229229
1977,108,2014,37,2016483.731506849,12,180.66667,8.9594908
1977,109,2015,38,2017087,1,185.75,9.2088242
1977,110,2015,38,2017446.515068493,2,191,9.4674129
1977,111,2015,38,2017771.238356164,3,218.125,10.810195
1977,112,2015,38,2018130.753424658,4,188.08334,9.3196812
1977,113,2015,38,2018478.671232877,5,194.75,9.6483555
1977,114,2015,38,2018838.18630137,6,164.33333,8.1399946
1977,115,2015,38,2019186.104109589,7,198.83333,9.8472013
1977,116,2015,38,2019545.619178082,8,203.625,10.082713
1977,117,2015,38,2019905.134246575,9,189.58334,9.3857546
1977,118,2015,38,2020253.052054795,10,209.66667,10.378238
1977,119,2015,38,2020612.567123288,11,160.875,7.9616947
1977,120,2015,38,2020960.484931507,12,206.5,10.217914
1977,121,2016,39,2021320,1,222.25,10.99529
1977,122,2016,39,2021058.363387978,2,199.5,9.8710661
1977,123,2016,39,2020813.606557377,3,207.08333,10.247522
1977,124,2016,39,2020551.969945355,4,197.125,9.7559977
1977,125,2016,39,2020298.773224044,5,203.375,10.066581
1977,126,2016,39,2020037.136612022,6,210.08333,10.399974
1977,127,2016,39,2019783.93989071,7,239.83333,11.874207
1977,128,2016,39,2019522.303278688,8,232.375,11.506433
1977,129,2016,39,2019260.666666667,9,224.54167,11.119994
1977,130,2016,39,2019007.469945355,10,235.20834,11.649701
1977,131,2016,39,2018745.833333333,11,198.75,9.8452215
1977,132,2016,39,2018492.636612022,12,253.45833,12.556812
1977,133,2017,40,2018231,1,253.70833,12.570827
1977,134,2017,40,2018622.321917808,2,206.625,10.235942
1977,135,2017,40,2018975.773972603,3,258.70834,12.813841
1977,136,2017,40,2019367.095890411,4,235.66667,11.670323
1977,137,2017,40,2019745.794520548,5,235.375,11.653694
1977,138,2017,40,2020137.116438356,6,226,11.18736
1977,139,2017,40,2020515.815068493,7,258.79166,12.808198
1977,140,2017,40,2020907.136986302,8,218.375,10.805791
1977,141,2017,40,2021298.45890411,9,229.41667,11.349965
1977,142,2017,40,2021677.157534247,10,224.95833,11.127312
1977,143,2017,40,2022068.479452055,11,213.5,10.558495
1977,144,2017,40,2022447.178082192,12,251.45833,12.43337
1977,145,2018,41,2022838.5,1,256.25,12.667843
1977,146,2018,41,2024487.997260274,2,229.125,11.317677
1977,147,2018,41,2025977.865753425,3,260.66666,12.866215
1977,148,2018,41,2027627.363013699,4,256.33334,12.642035
1977,149,2018,41,2029223.650684932,5,235.875,11.623903
1977,150,2018,41,2030873.147945205,6,236.16666,11.628823
1977,151,2018,41,2032469.435616438,7,271.66666,13.366334
1977,152,2018,41,2034118.932876712,8,250.375,12.308769
1977,153,2018,41,2035768.430136986,9,230.875,11.340926
1977,154,2018,41,2037364.717808219,10,260.08334,12.765675
1977,155,2018,41,2039014.215068493,11,229.5,11.255439
1977,156,2018,41,2040610.502739726,12,222.08333,10.883181
1977,157,2019,42,2042260,1,306.20831,14.993601
1977,158,2019,42,2041860.22739726,2,238.875,11.698891
1977,159,2019,42,2041499.142465753,3,260.20834,12.745944
1977,160,2019,42,2041099.369863014,4,260,12.738234
1977,161,2019,42,2040712.493150685,5,259.875,12.734523
1977,162,2019,42,2040312.720547945,6,236.95833,11.613824
1977,163,2019,42,2039925.843835616,7,245.20834,12.020453
1977,164,2019,42,2039526.071232877,8,279.625,13.710293
1977,165,2019,42,2039126.298630137,9,259.70834,12.736256
1977,166,2019,42,2038739.421917808,10,266.70831,13.082021
1977,167,2019,42,2038339.649315068,11,253.125,12.418196
1977,168,2019,42,2037952.77260274,12,254.625,12.494156
1977,169,2020,43,2037553,1,328.875,16.140684
1977,170,2020,43,2037328.12295082,2,271.625,13.332413
1977,171,2020,43,2037117.754098361,3,309.45834,15.190989
1977,172,2020,43,2036892.87704918,4,336.33334,16.512077
1977,173,2020,43,2036675.254098361,5,335.5,16.472925
1977,174,2020,43,2036450.37704918,6,331.875,16.29674
1977,175,2020,43,2036232.754098361,7,347.91669,17.086292
1977,176,2020,43,2036007.87704918,8,345.125,16.951063
1977,177,2020,43,2035783,9,323.5,15.890692
1977,178,2020,43,2035565.37704918,10,308.70834,15.16573
1977,179,2020,43,2035340.5,11,335.875,16.502153
1977,180,2020,43,2035122.87704918,12,404.83334,19.89233
1977,181,2021,44,2034898,1,427.41666,21.004328
1977,182,2021,44,2034800.243835617,2,381.125,18.730339
1977,183,2021,44,2034711.947945206,3,381.33334,18.741392
1977,184,2021,44,2034614.191780822,4,385.29169,18.936842
1977,185,2021,44,2034519.589041096,5,380.125,18.683771
1977,186,2021,44,2034421.832876713,6,336.16666,16.523941
1977,187,2021,44,2034327.230136986,7,385.875,18.968187
1977,188,2021,44,2034229.473972603,8,550.125,27.043409
1977,189,2021,44,2034131.717808219,9,543.20831,26.704678
1977,190,2021,44,2034037.115068493,10,473.58334,23.282925
1977,191,2021,44,2033939.35890411,11,400.875,19.70929
1977,192,2021,44,2033844.756164384,12,469.54166,23.086407
1978,1,2006,28,1962835.5,1,100.24999,5.1074066
1978,2,2006,28,1961923.97260274,2,84.875,4.3261104
1978,3,2006,28,1961100.657534247,3,84.625,4.3151789
1978,4,2006,28,1960189.130136986,4,96.666672,4.9314971
1978,5,2006,28,1959307.006849315,5,100.625,5.1357446
1978,6,2006,28,1958395.479452055,6,93.375,4.7679338
1978,7,2006,28,1957513.356164383,7,101.33334,5.1766357
1978,8,2006,28,1956601.828767123,8,90.875,4.6445322
1978,9,2006,28,1955690.301369863,9,98.958336,5.0600209
1978,10,2006,28,1954808.178082192,10,93.291664,4.7724204
1978,11,2006,28,1953896.650684932,11,115.125,5.8920722
1978,12,2006,28,1953014.52739726,12,107.08334,5.4829769
1978,13,2007,29,1952103,1,105.99999,5.4300408
1978,14,2007,29,1953549.426027397,2,104.875,5.3684335
1978,15,2007,29,1954855.875342466,3,119.375,6.1065884
1978,16,2007,29,1956302.301369863,4,92.625,4.7346978
1978,17,2007,29,1957702.068493151,5,108.625,5.5485969
1978,18,2007,29,1959148.494520548,6,102.875,5.2510056
1978,19,2007,29,1960548.261643836,7,114.5,5.8402033
1978,20,2007,29,1961994.687671233,8,86.25,4.3960361
1978,21,2007,29,1963441.11369863,9,94.166672,4.7960019
1978,22,2007,29,1964840.880821918,10,104.79166,5.3333411
1978,23,2007,29,1966287.306849315,11,94.25,4.7932973
1978,24,2007,29,1967687.073972603,12,112,5.6919618
1978,25,2008,30,1969133.5,1,128.54166,6.5278282
1978,26,2008,30,1970611.209016393,2,108,5.4805331
1978,27,2008,30,1971993.581967213,3,101,5.1217203
1978,28,2008,30,1973471.290983607,4,107.375,5.4409204
1978,29,2008,30,1974901.331967213,5,100.25,5.0762029
1978,30,2008,30,1976379.040983607,6,95.791664,4.8468266
1978,31,2008,30,1977809.081967213,7,112.20833,5.6733651
1978,32,2008,30,1979286.790983607,8,98.375,4.9702249
1978,33,2008,30,1980764.5,9,84.791664,4.2807546
1978,34,2008,30,1982194.540983607,10,117,5.9025488
1978,35,2008,30,1983672.25,11,105.5,5.318419
1978,36,2008,30,1985102.290983607,12,110.375,5.5601668
1978,37,2009,31,1986580,1,136.83333,6.8878841
1978,38,2009,31,1987628.267123288,2,85.625,4.307898
1978,39,2009,31,1988575.089041096,3,114.45834,5.7557964
1978,40,2009,31,1989623.356164384,4,101.04167,5.0784321
1978,41,2009,31,1990637.808219178,5,105.625,5.3060884
1978,42,2009,31,1991686.075342466,6,110.04166,5.5250506
1978,43,2009,31,1992700.52739726,7,113.875,5.7146068
1978,44,2009,31,1993748.794520548,8,107,5.3667746
1978,45,2009,31,1994797.061643836,9,104.79167,5.2532496
1978,46,2009,31,1995811.51369863,10,128.45833,6.4363956
1978,47,2009,31,1996859.780821918,11,130.875,6.5540404
1978,48,2009,31,1997874.232876712,12,121.5,6.0814638
1978,49,2010,32,1998922.5,1,135.54166,6.780736
1978,50,2010,32,1999711.343835616,2,120.25,6.0133681
1978,51,2010,32,2000423.847945205,3,132.08333,6.602767
1978,52,2010,32,2001212.691780822,4,112.75,5.6340837
1978,53,2010,32,2001976.089041096,5,130.5,6.5185595
1978,54,2010,32,2002764.932876712,6,112.04166,5.5943489
1978,55,2010,32,2003528.330136986,7,111.66667,5.5735011
1978,56,2010,32,2004317.173972602,8,108.25,5.4008417
1978,57,2010,32,2005106.017808219,9,109.5,5.4610577
1978,58,2010,32,2005869.415068493,10,126.33333,6.298183
1978,59,2010,32,2006658.258904109,11,119.75,5.9676328
1978,60,2010,32,2007421.656164384,12,97.25,4.844523
1978,61,2011,33,2008210.5,1,153.66666,7.6519198
1978,62,2011,33,2008946.261643836,2,123.125,6.1288347
1978,63,2011,33,2009610.820547945,3,125.66667,6.253284
1978,64,2011,33,2010346.582191781,4,142.875,7.1069837
1978,65,2011,33,2011058.609589041,5,134.375,6.6818042
1978,66,2011,33,2011794.371232877,6,115.41666,5.7370009
1978,67,2011,33,2012506.398630137,7,130.16666,6.4678879
1978,68,2011,33,2013242.160273972,8,138.25,6.867033
1978,69,2011,33,2013977.921917808,9,115.41666,5.7307811
1978,70,2011,33,2014689.949315069,10,124.5,6.1796107
1978,71,2011,33,2015425.710958904,11,130.375,6.4688568
1978,72,2011,33,2016137.738356164,12,132.375,6.5657716
1978,73,2012,34,2016873.5,1,158.625,7.8648958
1978,74,2012,34,2017330.792349727,2,113,5.6014609
1978,75,2012,34,2017758.581967213,3,126,6.2445526
1978,76,2012,34,2018215.87431694,4,123.08334,6.0986209
1978,77,2012,34,2018658.415300547,5,126.125,6.2479615
1978,78,2012,34,2019115.707650273,6,149.95833,7.4269309
1978,79,2012,34,2019558.24863388,7,139.125,6.8888826
1978,80,2012,34,2020015.540983607,8,150.5,7.4504375
1978,81,2012,34,2020472.833333333,9,130.29166,6.4485726
1978,82,2012,34,2020915.37431694,10,143.70833,7.1110511
1978,83,2012,34,2021372.666666667,11,139.625,6.9074349
1978,84,2012,34,2021815.207650273,12,144,7.1223125
1978,85,2013,35,2022272.5,1,177.29166,8.7669516
1978,86,2013,35,2022946.771232877,2,125,6.1791048
1978,87,2013,35,2023555.790410959,3,162.16667,8.0139465
1978,88,2013,35,2024230.061643836,4,146.04167,7.2146773
1978,89,2013,35,2024882.582191781,5,140.625,6.9448471
1978,90,2013,35,2025556.853424658,6,140.20833,6.9219646
1978,91,2013,35,2026209.373972603,7,165.79167,8.1823568
1978,92,2013,35,2026883.645205479,8,167.25,8.2515841
1978,93,2013,35,2027557.916438356,9,132.875,6.5534501
1978,94,2013,35,2028210.436986301,10,165.45834,8.1578493
1978,95,2013,35,2028884.708219178,11,150.125,7.3993855
1978,96,2013,35,2029537.228767123,12,137.125,6.7564664
1978,97,2014,36,2030211.5,1,185.08333,9.1164551
1978,98,2014,36,2031446.828767124,2,184.125,9.0637369
1978,99,2014,36,2032562.609589041,3,172.54166,8.4888725
1978,100,2014,36,2033797.938356165,4,153.08334,7.526969
1978,101,2014,36,2034993.417808219,5,159.375,7.8317208
1978,102,2014,36,2036228.746575342,6,179.75,8.8275938
1978,103,2014,36,2037424.226027397,7,154.75,7.5953746
1978,104,2014,36,2038659.554794521,8,178.375,8.7496214
1978,105,2014,36,2039894.883561644,9,152.41666,7.4717898
1978,106,2014,36,2041090.363013699,10,160.5,7.8634443
1978,107,2014,36,2042325.691780822,11,181.625,8.8930473
1978,108,2014,36,2043521.171232877,12,164.66666,8.0579863
1978,109,2015,37,2044756.5,1,180.70833,8.8376455
1978,110,2015,37,2045326.560273973,2,180.875,8.8433313
1978,111,2015,37,2045841.453424658,3,176.54167,8.6292934
1978,112,2015,37,2046411.51369863,4,174,8.5026884
1978,113,2015,37,2046963.184931507,5,200.875,9.8133173
1978,114,2015,37,2047533.24520548,6,168.25,8.217205
1978,115,2015,37,2048084.916438356,7,201.33334,9.8303223
1978,116,2015,37,2048654.976712329,8,195.5,9.5428467
1978,117,2015,37,2049225.036986301,9,204.58333,9.983449
1978,118,2015,37,2049776.708219178,10,191.375,9.3363829
1978,119,2015,37,2050346.768493151,11,186.25,9.0838289
1978,120,2015,37,2050898.439726027,12,166.70834,8.1285515
1978,121,2016,38,2051468.5,1,204.79166,9.982686
1978,122,2016,38,2051694.478142077,2,195.75,9.5408945
1978,123,2016,38,2051905.87704918,3,197.25,9.6130142
1978,124,2016,38,2052131.855191257,4,205.29167,10.003824
1978,125,2016,38,2052350.543715847,5,208.5,10.159083
1978,126,2016,38,2052576.521857924,6,216.33333,10.539598
1978,127,2016,38,2052795.210382514,7,218.125,10.625755
1978,128,2016,38,2053021.18852459,8,227,11.056875
1978,129,2016,38,2053247.166666667,9,201.29166,9.8035765
1978,130,2016,38,2053465.855191257,10,217.33333,10.583733
1978,131,2016,38,2053691.833333333,11,205.5,10.00637
1978,132,2016,38,2053910.521857924,12,220.45834,10.73359
1978,133,2017,39,2054136.5,1,244.83333,11.919039
1978,134,2017,39,2053642.835616438,2,210.625,10.256166
1978,135,2017,39,2053196.945205479,3,227.66666,11.088398
1978,136,2017,39,2052703.280821918,4,221.54167,10.792679
1978,137,2017,39,2052225.54109589,5,241,11.743349
1978,138,2017,39,2051731.876712329,6,212.875,10.375381
1978,139,2017,39,2051254.136986301,7,234.91666,11.452343
1978,140,2017,39,2050760.47260274,8,230,11.215352
1978,141,2017,39,2050266.808219178,9,196.875,9.6024084
1978,142,2017,39,2049789.068493151,10,210.45834,10.267317
1978,143,2017,39,2049295.404109589,11,229.125,11.180672
1978,144,2017,39,2048817.664383562,12,233.75,11.409019
1978,145,2018,40,2048324,1,262.29166,12.805184
1978,146,2018,40,2048598.753424658,2,202.125,9.8664999
1978,147,2018,40,2048846.917808219,3,249.04167,12.155211
1978,148,2018,40,2049121.671232877,4,242.95834,11.856707
1978,149,2018,40,2049387.561643836,5,234,11.418045
1978,150,2018,40,2049662.315068493,6,233.375,11.386022
1978,151,2018,40,2049928.205479452,7,255.70833,12.474014
1978,152,2018,40,2050202.95890411,8,239,11.657382
1978,153,2018,40,2050477.712328767,9,257.625,12.564145
1978,154,2018,40,2050743.602739726,10,240.04166,11.705103
1978,155,2018,40,2051018.356164383,11,221.75,10.811703
1978,156,2018,40,2051284.246575342,12,261.25,12.735924
1978,157,2019,41,2051559,1,285.58334,13.920308
1978,158,2019,41,2053140.297260274,2,217.25,10.581352
1978,159,2019,41,2054568.565753425,3,259.33334,12.622277
1978,160,2019,41,2056149.863013698,4,262.33334,12.758474
1978,161,2019,41,2057680.150684931,5,256.375,12.459419
1978,162,2019,41,2059261.447945205,6,231,11.217614
1978,163,2019,41,2060791.735616438,7,259.875,12.610445
1978,164,2019,41,2062373.032876712,8,289.625,14.043289
1978,165,2019,41,2063954.330136986,9,247.33333,11.983469
1978,166,2019,41,2065484.617808219,10,245,11.861623
1978,167,2019,41,2067065.915068493,11,254.875,12.330279
1978,168,2019,41,2068596.202739726,12,279.875,13.529707
1978,169,2020,42,2070177.5,1,302.33334,14.604223
1978,170,2020,42,2069966.640710383,2,282.25,13.635486
1978,171,2020,42,2069769.385245902,3,309.16666,14.937251
1978,172,2020,42,2069558.525956284,4,325.875,15.746112
1978,173,2020,42,2069354.468579235,5,325.75,15.741624
1978,174,2020,42,2069143.609289618,6,327.45831,15.825789
1978,175,2020,42,2068939.551912569,7,361.125,17.454594
1978,176,2020,42,2068728.692622951,8,343.125,16.586273
1978,177,2020,42,2068517.833333333,9,329.29169,15.919209
1978,178,2020,42,2068313.775956284,10,331.625,16.033592
1978,179,2020,42,2068102.916666667,11,332.625,16.08358
1978,180,2020,42,2067898.859289618,12,377.20831,18.241138
1978,181,2021,43,2067688,1,458.62497,22.180569
1978,182,2021,43,2067635.554794521,2,370.875,17.937155
1978,183,2021,43,2067588.184931507,3,377.08331,18.237835
1978,184,2021,43,2067535.739726027,4,375.70831,18.171793
1978,185,2021,43,2067484.98630137,5,377.25,18.246807
1978,186,2021,43,2067432.54109589,6,344.08331,16.643024
1978,187,2021,43,2067381.787671233,7,361.33334,17.477823
1978,188,2021,43,2067329.342465753,8,528.875,25.582523
1978,189,2021,43,2067276.897260274,9,522.625,25.280842
1978,190,2021,43,2067226.143835616,10,458.45834,22.177464
1978,191,2021,43,2067173.698630137,11,414.75,20.063625
1978,192,2021,43,2067122.945205479,12,434.54166,21.021568
1979,1,2006,27,2045251,1,105.20833,5.1440301
1979,2,2006,27,2046117.853424658,2,85.125,4.1603174
1979,3,2006,27,2046900.817808219,3,103.08334,5.0360689
1979,4,2006,27,2047767.671232877,4,90.125,4.401134
1979,5,2006,27,2048606.561643836,5,101.125,4.9362822
1979,6,2006,27,2049473.415068493,6,97.291664,4.7471542
1979,7,2006,27,2050312.305479452,7,106.08333,5.1740084
1979,8,2006,27,2051179.15890411,8,90.75,4.4242845
1979,9,2006,27,2052046.012328767,9,95.958328,4.6762271
1979,10,2006,27,2052884.902739726,10,78.583336,3.8279464
1979,11,2006,27,2053751.756164384,11,104,5.0639033
1979,12,2006,27,2054590.646575342,12,99.333336,4.834702
1979,13,2007,28,2055457.5,1,105.70833,5.1428127
1979,14,2007,28,2054132.568493151,2,78.5,3.8215644
1979,15,2007,28,2052935.856164384,3,114.08333,5.5570822
1979,16,2007,28,2051610.924657534,4,99.583344,4.85391
1979,17,2007,28,2050328.732876712,5,97.375,4.7492385
1979,18,2007,28,2049003.801369863,6,100.75,4.9170237
1979,19,2007,28,2047721.609589041,7,107.375,5.2436328
1979,20,2007,28,2046396.678082192,8,90.625,4.4285159
1979,21,2007,28,2045071.746575342,9,93,4.5475178
1979,22,2007,28,2043789.554794521,10,95.5,4.6726923
1979,23,2007,28,2042464.623287671,11,87.625,4.2901602
1979,24,2007,28,2041182.431506849,12,90.916672,4.4541178
1979,25,2008,29,2039857.5,1,95.708328,4.6919127
1979,26,2008,29,2041325.256830601,2,107.75,5.2784338
1979,27,2008,29,2042698.319672131,3,119.79166,5.8643837
1979,28,2008,29,2044166.076502732,4,104.79167,5.1263776
1979,29,2008,29,2045586.486338798,5,94.375,4.6135912
1979,30,2008,29,2047054.243169399,6,94.291664,4.6062121
1979,31,2008,29,2048474.653005464,7,111.70834,5.4532447
1979,32,2008,29,2049942.409836065,8,93.75,4.5732994
1979,33,2008,29,2051410.166666667,9,91.541672,4.462378
1979,34,2008,29,2052830.576502732,10,105.125,5.1209779
1979,35,2008,29,2054298.333333333,11,91.125,4.4358211
1979,36,2008,29,2055718.743169399,12,97.583328,4.7469201
1979,37,2009,30,2057186.5,1,109.91666,5.3430576
1979,38,2009,30,2058799.136986301,2,110.875,5.3854208
1979,39,2009,30,2060255.712328767,3,104.33334,5.0640965
1979,40,2009,30,2061868.349315068,4,120.08334,5.8240066
1979,41,2009,30,2063428.965753424,5,108.25,5.2461219
1979,42,2009,30,2065041.602739726,6,110.95833,5.3731766
1979,43,2009,30,2066602.219178082,7,108.79167,5.2642775
1979,44,2009,30,2068214.856164383,8,106.125,5.1312366
1979,45,2009,30,2069827.493150685,9,112.33334,5.4271836
1979,46,2009,30,2071388.109589041,10,120.125,5.7992511
1979,47,2009,30,2073000.746575342,11,120.125,5.7947397
1979,48,2009,30,2074561.363013699,12,117.20834,5.6497889
1979,49,2010,31,2076174,1,124.20833,5.9825587
1979,50,2010,31,2077023.782191781,2,119.75,5.765461
1979,51,2010,31,2077791.32739726,3,120.58334,5.8034382
1979,52,2010,31,2078641.109589041,4,107.29167,5.1616254
1979,53,2010,31,2079463.479452055,5,119.5,5.7466745
1979,54,2010,31,2080313.261643836,6,110.04166,5.2896681
1979,55,2010,31,2081135.631506849,7,115.04167,5.5278316
1979,56,2010,31,2081985.41369863,8,107.875,5.1813521
1979,57,2010,31,2082835.195890411,9,128.58334,6.1734767
1979,58,2010,31,2083657.565753425,10,122.20834,5.8650875
1979,59,2010,31,2084507.347945205,11,116.5,5.5888505
1979,60,2010,31,2085329.717808219,12,122.83333,5.8903551
1979,61,2011,32,2086179.5,1,145.37498,6.9684792
1979,62,2011,32,2087042.021917808,2,124.125,5.9474125
1979,63,2011,32,2087821.073972603,3,128.04167,6.1327896
1979,64,2011,32,2088683.595890411,4,139.75,6.6908174
1979,65,2011,32,2089518.294520548,5,128.75,6.1617074
1979,66,2011,32,2090380.816438356,6,119.33333,5.7086883
1979,67,2011,32,2091215.515068493,7,133.08333,6.3639221
1979,68,2011,32,2092078.036986301,8,133.375,6.3752403
1979,69,2011,32,2092940.55890411,9,125.29167,5.9863944
1979,70,2011,32,2093775.257534246,10,149.70834,7.1501632
1979,71,2011,32,2094637.779452055,11,128.25,6.122777
1979,72,2011,32,2095472.478082192,12,124.375,5.9354157
1979,73,2012,33,2096335,1,127.37499,6.0760798
1979,74,2012,33,2097076.24726776,2,130.5,6.2229495
1979,75,2012,33,2097769.672131148,3,142.5,6.7929287
1979,76,2012,33,2098510.919398907,4,126.875,6.0459538
1979,77,2012,33,2099228.255464481,5,119.375,5.6866136
1979,78,2012,33,2099969.502732241,6,138.5,6.5953341
1979,79,2012,33,2100686.838797814,7,141.125,6.7180409
1979,80,2012,33,2101428.086065574,8,139.125,6.6204977
1979,81,2012,33,2102169.333333333,9,124.33333,5.914525
1979,82,2012,33,2102886.669398907,10,118.83334,5.6509624
1979,83,2012,33,2103627.916666667,11,130.5,6.2035685
1979,84,2012,33,2104345.252732241,12,134.41666,6.3875761
1979,85,2013,34,2105086.5,1,160.54166,7.6263685
1979,86,2013,34,2105548.867123288,2,144,6.8390718
1979,87,2013,34,2105966.489041096,3,159.20833,7.5598698
1979,88,2013,34,2106428.856164384,4,147.20834,6.9885268
1979,89,2013,34,2106876.308219178,5,133.875,6.3541937
1979,90,2013,34,2107338.675342466,6,146.75,6.9637594
1979,91,2013,34,2107786.12739726,7,143.54166,6.8100677
1979,92,2013,34,2108248.494520548,8,138.375,6.5635052
1979,93,2013,34,2108710.861643835,9,125.08333,5.9317441
1979,94,2013,34,2109158.31369863,10,152.125,7.2125926
1979,95,2013,34,2109620.680821918,11,144.875,6.8673482
1979,96,2013,34,2110068.132876712,12,141.70833,6.7158175
1979,97,2014,35,2110530.5,1,165.08333,7.821888
1979,98,2014,35,2111338.835616438,2,175.125,8.2945004
1979,99,2014,35,2112068.945205479,3,163.66667,7.7491159
1979,100,2014,35,2112877.280821918,4,148.91667,7.0480514
1979,101,2014,35,2113659.54109589,5,153.125,7.244544
1979,102,2014,35,2114467.876712329,6,173.54166,8.2073441
1979,103,2014,35,2115250.136986301,7,156.5,7.3986521
1979,104,2014,35,2116058.472602739,8,169.75,8.0219898
1979,105,2014,35,2116866.808219178,9,162.125,7.6587248
1979,106,2014,35,2117649.068493151,10,150.08334,7.0872622
1979,107,2014,35,2118457.404109589,11,161.375,7.6175714
1979,108,2014,35,2119239.664383561,12,156.33334,7.3768601
1979,109,2015,36,2120048,1,195.20833,9.2077312
1979,110,2015,36,2121422.998630137,2,157,7.4006929
1979,111,2015,36,2122664.932876712,3,186.66667,8.7939777
1979,112,2015,36,2124039.931506849,4,161.375,7.5975504
1979,113,2015,36,2125370.575342466,5,202.625,9.5336313
1979,114,2015,36,2126745.573972603,6,179.375,8.434248
1979,115,2015,36,2128076.217808219,7,184.41666,8.6658859
1979,116,2015,36,2129451.216438356,8,188.625,8.8579159
1979,117,2015,36,2130826.215068493,9,178.41667,8.3731213
1979,118,2015,36,2132156.858904109,10,176.70833,8.2877731
1979,119,2015,36,2133531.857534247,11,187.375,8.7823858
1979,120,2015,36,2134862.501369863,12,181.29166,8.4919596
1979,121,2016,37,2136237.5,1,199.83333,9.3544531
1979,122,2016,37,2136748.830601093,2,193,9.0324144
1979,123,2016,37,2137227.172131148,3,204.29167,9.5587254
1979,124,2016,37,2137738.502732241,4,195.125,9.1276369
1979,125,2016,37,2138233.338797814,5,195.875,9.1605997
1979,126,2016,37,2138744.669398907,6,203.91666,9.5344086
1979,127,2016,37,2139239.505464481,7,223.95834,10.469064
1979,128,2016,37,2139750.836065574,8,202.125,9.4461937
1979,129,2016,37,2140262.166666667,9,193.29166,9.0312138
1979,130,2016,37,2140757.002732241,10,226.66667,10.588155
1979,131,2016,37,2141268.333333333,11,194.75,9.0950766
1979,132,2016,37,2141763.169398907,12,223.79166,10.448945
1979,133,2017,38,2142274.5,1,196.45833,9.1705484
1979,134,2017,38,2142293.694520548,2,209.5,9.7792377
1979,135,2017,38,2142311.031506849,3,215.41667,10.055341
1979,136,2017,38,2142330.226027397,4,203.04169,9.4776096
1979,137,2017,38,2142348.801369863,5,213,9.942359
1979,138,2017,38,2142367.995890411,6,193,9.0087233
1979,139,2017,38,2142386.571232877,7,214.70834,10.021923
1979,140,2017,38,2142405.765753425,8,228.375,10.659745
1979,141,2017,38,2142424.960273973,9,225.83333,10.541015
1979,142,2017,38,2142443.535616438,10,210.58334,9.8291197
1979,143,2017,38,2142462.730136986,11,239.875,11.196227
1979,144,2017,38,2142481.305479452,12,247.375,11.546192
1979,145,2018,39,2142500.5,1,269.33331,12.57098
1979,146,2018,39,2141764.18630137,2,205,9.5715485
1979,147,2018,39,2141099.128767123,3,250.70834,11.709329
1979,148,2018,39,2140362.815068493,4,226.04167,10.560905
1979,149,2018,39,2139650.253424658,5,232.125,10.848736
1979,150,2018,39,2138913.939726027,6,233.79166,10.930391
1979,151,2018,39,2138201.378082192,7,227.33334,10.631989
1979,152,2018,39,2137465.064383562,8,234.125,10.953396
1979,153,2018,39,2136728.750684931,9,226.5,10.600316
1979,154,2018,39,2136016.189041096,10,221.33334,10.361969
1979,155,2018,39,2135279.875342465,11,219.25,10.267975
1979,156,2018,39,2134567.31369863,12,246.70834,11.557768
1979,157,2019,40,2133831,1,231.58333,10.852937
1979,158,2019,40,2133839.238356164,2,221.75,10.392067
1979,159,2019,40,2133846.679452055,3,255.70834,11.983445
1979,160,2019,40,2133854.917808219,4,259.25,12.149373
1979,161,2019,40,2133862.890410959,5,246,11.528388
1979,162,2019,40,2133871.128767123,6,239.70833,11.233496
1979,163,2019,40,2133879.101369863,7,268.5,12.582719
1979,164,2019,40,2133887.339726027,8,266.25,12.477228
1979,165,2019,40,2133895.578082192,9,250.66666,11.746903
1979,166,2019,40,2133903.550684931,10,251.08334,11.766387
1979,167,2019,40,2133911.789041096,11,262.875,12.318925
1979,168,2019,40,2133919.761643835,12,284.83334,13.347894
1979,169,2020,41,2133928,1,286.5,13.425945
1979,170,2020,41,2133737.934426229,2,275.625,12.917472
1979,171,2020,41,2133560.131147541,3,292.41669,13.705575
1979,172,2020,41,2133370.065573771,4,321.58334,15.073959
1979,173,2020,41,2133186.131147541,5,315.625,14.795943
1979,174,2020,41,2132996.065573771,6,317.45831,14.883211
1979,175,2020,41,2132812.131147541,7,370.66666,17.379246
1979,176,2020,41,2132622.065573771,8,333.625,15.643888
1979,177,2020,41,2132432,9,319,14.959445
1979,178,2020,41,2132248.065573771,10,313.29166,14.693021
1979,179,2020,41,2132058,11,319,14.96207
1979,180,2020,41,2131874.065573771,12,356.83334,16.738012
1979,181,2021,42,2131684,1,425.33331,19.952925
1979,182,2021,42,2131682.556164383,2,338.25,15.867747
1979,183,2021,42,2131681.252054794,3,381.875,17.914263
1979,184,2021,42,2131679.808219178,4,377.41669,17.70513
1979,185,2021,42,2131678.410958904,5,376.625,17.668003
1979,186,2021,42,2131676.967123288,6,352.79166,16.549959
1979,187,2021,42,2131675.569863013,7,373.66666,17.529245
1979,188,2021,42,2131674.126027397,8,485,22.752071
1979,189,2021,42,2131672.682191781,9,506.45834,23.75873
1979,190,2021,42,2131671.284931506,10,418.20831,19.618799
1979,191,2021,42,2131669.84109589,11,414.375,19.438986
1979,192,2021,42,2131668.443835616,12,421.5,19.773243
1980,1,2006,26,2103230,1,86.833336,4.1285706
1980,2,2006,26,2104232.191780822,2,92.75,4.4077835
1980,3,2006,26,2105137.397260274,3,91.583336,4.3504682
1980,4,2006,26,2106139.589041096,4,90.333336,4.2890477
1980,5,2006,26,2107109.452054794,5,98.875,4.6924472
1980,6,2006,26,2108111.643835616,6,94.5,4.4826846
1980,7,2006,26,2109081.506849315,7,98.333328,4.6623769
1980,8,2006,26,2110083.698630137,8,93.125,4.413332
1980,9,2006,26,2111085.890410959,9,84.625,4.0086007
1980,10,2006,26,2112055.753424658,10,94.583336,4.4782596
1980,11,2006,26,2113057.945205479,11,90.625,4.2888079
1980,12,2006,26,2114027.808219178,12,100.91666,4.7736678
1980,13,2007,27,2115030,1,99,4.6807847
1980,14,2007,27,2115763.638356164,2,97,4.5846329
1980,15,2007,27,2116426.279452055,3,101.54167,4.7977891
1980,16,2007,27,2117159.917808219,4,100.41667,4.7429895
1980,17,2007,27,2117869.890410959,5,91,4.2967701
1980,18,2007,27,2118603.528767123,6,99.875,4.71419
1980,19,2007,27,2119313.501369863,7,103.29167,4.873827
1980,20,2007,27,2120047.139726027,8,88.5,4.1744356
1980,21,2007,27,2120780.778082192,9,94.416664,4.4519768
1980,22,2007,27,2121490.750684931,10,99.333336,4.6822424
1980,23,2007,27,2122224.389041096,11,92.25,4.3468542
1980,24,2007,27,2122934.361643835,12,116.83333,5.5033884
1980,25,2008,28,2123668,1,111.70833,5.2601595
1980,26,2008,28,2121900.195355191,2,104.375,4.9189401
1980,27,2008,28,2120246.442622951,3,114.625,5.4062114
1980,28,2008,28,2118478.637978142,4,108.45834,5.1196337
1980,29,2008,28,2116767.859289618,5,99.5,4.7005625
1980,30,2008,28,2115000.054644809,6,96.083328,4.5429468
1980,31,2008,28,2113289.275956284,7,103.16666,4.8818049
1980,32,2008,28,2111521.471311476,8,91.75,4.3452082
1980,33,2008,28,2109753.666666667,9,87.333336,4.139504
1980,34,2008,28,2108042.887978142,10,101.20834,4.8010569
1980,35,2008,28,2106275.083333333,11,97.75,4.6408944
1980,36,2008,28,2104564.304644809,12,92.208336,4.3813505
1980,37,2009,29,2102796.5,1,108.66666,5.1677213
1980,38,2009,29,2103975.773972603,2,110.375,5.2460203
1980,39,2009,29,2105040.924657534,3,113.25,5.3799429
1980,40,2009,29,2106220.198630137,4,106.29167,5.0465603
1980,41,2009,29,2107361.431506849,5,115.625,5.4867191
1980,42,2009,29,2108540.705479452,6,99.958328,4.7406402
1980,43,2009,29,2109681.938356164,7,99.916672,4.7361012
1980,44,2009,29,2110861.212328767,8,108.25,5.1282387
1980,45,2009,29,2112040.48630137,9,104.25,4.9359851
1980,46,2009,29,2113181.719178082,10,112.25,5.3118954
1980,47,2009,29,2114360.993150685,11,119.75,5.6636496
1980,48,2009,29,2115502.226027397,12,133.29166,6.3007097
1980,49,2010,30,2116681.5,1,106.58333,5.0353975
1980,50,2010,30,2117488.773972603,2,104.875,4.9528008
1980,51,2010,30,2118217.924657534,3,119,5.6179299
1980,52,2010,30,2119025.198630137,4,118.29167,5.5823627
1980,53,2010,30,2119806.431506849,5,125.375,5.9144549
1980,54,2010,30,2120613.705479452,6,108.20833,5.1026893
1980,55,2010,30,2121394.938356164,7,112.875,5.3207912
1980,56,2010,30,2122202.212328767,8,119,5.6073828
1980,57,2010,30,2123009.48630137,9,104.54167,4.9242206
1980,58,2010,30,2123790.719178082,10,118.04166,5.5580649
1980,59,2010,30,2124597.993150685,11,92.375,4.3478813
1980,60,2010,30,2125379.226027397,12,121.125,5.6989832
1980,61,2011,31,2126186.5,1,130.5,6.1377497
1980,62,2011,31,2127197.991780822,2,124.125,5.8351407
1980,63,2011,31,2128111.597260274,3,116.33334,5.4665055
1980,64,2011,31,2129123.089041096,4,127.29167,5.9785962
1980,65,2011,31,2130101.952054794,5,132.75,6.2320962
1980,66,2011,31,2131113.443835616,6,119.58333,5.6113076
1980,67,2011,31,2132092.306849315,7,119.91667,5.6243658
1980,68,2011,31,2133103.798630137,8,123.75,5.8014054
1980,69,2011,31,2134115.290410959,9,118.54167,5.554605
1980,70,2011,31,2135094.153424657,10,125.33333,5.8701549
1980,71,2011,31,2136105.64520548,11,117.5,5.5006642
1980,72,2011,31,2137084.508219178,12,102.91667,4.8157511
1980,73,2012,32,2138096,1,135.875,6.3549533
1980,74,2012,32,2139018.927595628,2,107.25,5.0139809
1980,75,2012,32,2139882.31147541,3,133.625,6.2445021
1980,76,2012,32,2140805.239071038,4,113.75,5.3134212
1980,77,2012,32,2141698.394808743,5,128.5,5.9999113
1980,78,2012,32,2142621.322404372,6,120.54166,5.6258965
1980,79,2012,32,2143514.478142076,7,134.29166,6.2650223
1980,80,2012,32,2144437.405737705,8,130.625,6.091341
1980,81,2012,32,2145360.333333333,9,125.54166,5.8517752
1980,82,2012,32,2146253.489071038,10,120.125,5.5969625
1980,83,2012,32,2147176.416666667,11,121.125,5.6411295
1980,84,2012,32,2148069.572404372,12,123.45834,5.7474084
1980,85,2013,33,2148992.5,1,150.29167,6.9935875
1980,86,2013,33,2149831.878082192,2,131,6.0934997
1980,87,2013,33,2150590.026027397,3,157.08334,7.3041973
1980,88,2013,33,2151429.404109589,4,138.58334,6.4414544
1980,89,2013,33,2152241.705479452,5,127.125,5.9066319
1980,90,2013,33,2153081.083561644,6,136.25,6.3281407
1980,91,2013,33,2153893.384931507,7,139.875,6.4940538
1980,92,2013,33,2154732.763013699,8,141.625,6.572741
1980,93,2013,33,2155572.141095891,9,126.58334,5.8723774
1980,94,2013,33,2156384.442465753,10,119.70834,5.5513449
1980,95,2013,33,2157223.820547945,11,125.625,5.8234568
1980,96,2013,33,2158036.121917808,12,130.5,6.0471649
1980,97,2014,34,2158875.5,1,188.16666,8.7159567
1980,98,2014,34,2159406.661643836,2,153,7.0852795
1980,99,2014,34,2159886.420547945,3,151.20834,7.0007544
1980,100,2014,34,2160417.582191781,4,153.95834,7.1263232
1980,101,2014,34,2160931.609589041,5,129.5,5.9927855
1980,102,2014,34,2161462.771232876,6,148.375,6.8645644
1980,103,2014,34,2161976.798630137,7,139.625,6.45821
1980,104,2014,34,2162507.960273973,8,148,6.8439054
1980,105,2014,34,2163039.121917808,9,161.58334,7.4701996
1980,106,2014,34,2163553.149315068,10,150.375,6.9503722
1980,107,2014,34,2164084.310958904,11,161.5,7.4627409
1980,108,2014,34,2164598.338356164,12,171.33333,7.9152479
1980,109,2015,35,2165129.5,1,154.45833,7.1339073
1980,110,2015,35,2166012.235616439,2,143.25,6.6135359
1980,111,2015,35,2166809.545205479,3,170.45833,7.8667889
1980,112,2015,35,2167692.280821918,4,160.625,7.4099541
1980,113,2015,35,2168546.541095891,5,186.75,8.6117592
1980,114,2015,35,2169429.276712329,6,176.875,8.1530657
1980,115,2015,35,2170283.536986302,7,185.41667,8.5434303
1980,116,2015,35,2171166.27260274,8,175.625,8.0889702
1980,117,2015,35,2172049.008219178,9,153.66667,7.0747333
1980,118,2015,35,2172903.268493151,10,190.625,8.7728252
1980,119,2015,35,2173786.004109589,11,173.875,7.9987173
1980,120,2015,35,2174640.264383562,12,165.70834,7.6200347
1980,121,2016,36,2175523,1,195.875,9.003582
1980,122,2016,36,2176974.960382514,2,187.5,8.6128693
1980,123,2016,36,2178333.24590164,3,208,9.5485849
1980,124,2016,36,2179785.206284153,4,202.12502,9.2727032
1980,125,2016,36,2181190.329234973,5,191.625,8.7853403
1980,126,2016,36,2182642.289617486,6,185.875,8.5160542
1980,127,2016,36,2184047.412568306,7,216.33334,9.905158
1980,128,2016,36,2185499.37295082,8,189,8.6479092
1980,129,2016,36,2186951.333333333,9,195.83333,8.954627
1980,130,2016,36,2188356.456284153,10,214.16666,9.786644
1980,131,2016,36,2189808.416666667,11,208.75,9.5327978
1980,132,2016,36,2191213.539617486,12,205.79167,9.3916759
1980,133,2017,37,2192665.5,1,229.45833,10.464812
1980,134,2017,37,2192973.079452055,2,215.375,9.8211422
1980,135,2017,37,2193250.893150685,3,220.125,10.036471
1980,136,2017,37,2193558.47260274,4,205.08334,9.3493452
1980,137,2017,37,2193856.130136986,5,198.625,9.0536928
1980,138,2017,37,2194163.709589041,6,200.95833,9.1587667
1980,139,2017,37,2194461.367123288,7,207.79166,9.468914
1980,140,2017,37,2194768.946575343,8,210.75,9.6023779
1980,141,2017,37,2195076.526027397,9,227.54167,10.366002
1980,142,2017,37,2195374.183561644,10,203.08333,9.2505112
1980,143,2017,37,2195681.763013699,11,196.375,8.9436913
1980,144,2017,37,2195979.420547945,12,248,11.293366
1980,145,2018,38,2196287,1,275.66666,12.551486
1980,146,2018,38,2196141.045205479,2,217,9.8809681
1980,147,2018,38,2196009.215068493,3,238.04167,10.839739
1980,148,2018,38,2195863.260273973,4,201.08334,9.1573706
1980,149,2018,38,2195722.01369863,5,223,10.156113
1980,150,2018,38,2195576.05890411,6,218.83333,9.9670124
1980,151,2018,38,2195434.812328767,7,220,10.020794
1980,152,2018,38,2195288.857534247,8,222.375,10.129646
1980,153,2018,38,2195142.902739726,9,209.70834,9.5532885
1980,154,2018,38,2195001.656164384,10,211.66666,9.6431208
1980,155,2018,38,2194855.701369863,11,210.25,9.5792179
1980,156,2018,38,2194714.454794521,12,210.54166,9.5931234
1980,157,2019,39,2194568.5,1,266.62497,12.149312
1980,158,2019,39,2193233.75890411,2,241.25,10.99974
1980,159,2019,39,2192028.18630137,3,260.58334,11.887774
1980,160,2019,39,2190693.44520548,4,233.625,10.664432
1980,161,2019,39,2189401.760273973,5,252,11.509994
1980,162,2019,39,2188067.019178082,6,244.5,11.174247
1980,163,2019,39,2186775.334246575,7,236.45834,10.813107
1980,164,2019,39,2185440.593150685,8,274.5,12.560396
1980,165,2019,39,2184105.852054795,9,222.54167,10.189143
1980,166,2019,39,2182814.167123288,10,258.75,11.853964
1980,167,2019,39,2181479.426027398,11,263.125,12.061769
1980,168,2019,39,2180187.74109589,12,258.16666,11.841487
1980,169,2020,40,2178853,1,273.83331,12.567774
1980,170,2020,40,2178707.952185792,2,262.875,12.065638
1980,171,2020,40,2178572.262295082,3,308,14.137699
1980,172,2020,40,2178427.214480874,4,297.83334,13.671944
1980,173,2020,40,2178286.845628415,5,318.5,14.621582
1980,174,2020,40,2178141.797814208,6,291.70831,13.39253
1980,175,2020,40,2178001.428961749,7,340.66669,15.641252
1980,176,2020,40,2177856.381147541,8,327.5,15.037723
1980,177,2020,40,2177711.333333333,9,287.20834,13.18854
1980,178,2020,40,2177570.964480874,10,308.375,14.161422
1980,179,2020,40,2177425.916666667,11,317.875,14.59866
1980,180,2020,40,2177285.547814208,12,325.33334,14.942153
1980,181,2021,41,2177140.5,1,385.75,17.718195
1980,182,2021,41,2177207.128767123,2,308.625,14.17527
1980,183,2021,41,2177267.309589041,3,368.95834,16.945936
1980,184,2021,41,2177333.938356164,4,347.54169,15.9618
1980,185,2021,41,2177398.417808219,5,350.125,16.079969
1980,186,2021,41,2177465.046575342,6,338,15.522637
1980,187,2021,41,2177529.526027397,7,364.20834,16.72576
1980,188,2021,41,2177596.15479452,8,476.375,21.876186
1980,189,2021,41,2177662.783561644,9,471.79169,21.665049
1980,190,2021,41,2177727.263013699,10,408.79169,18.771482
1980,191,2021,41,2177793.891780822,11,336.125,15.434197
1980,192,2021,41,2177858.371232877,12,445.91669,20.475008
1981,1,2006,25,2089174,1,83.416664,3.992806
1981,2,2006,25,2090375.738356164,2,91.5,4.3772035
1981,3,2006,25,2091461.179452055,3,89.375,4.2733283
1981,4,2006,25,2092662.917808219,4,91.625,4.3783927
1981,5,2006,25,2093825.890410959,5,89.75,4.2864118
1981,6,2006,25,2095027.628767123,6,89.375,4.2660537
1981,7,2006,25,2096190.601369863,7,87.75,4.1861653
1981,8,2006,25,2097392.339726028,8,96.875,4.6188307
1981,9,2006,25,2098594.078082192,9,87.666672,4.1774001
1981,10,2006,25,2099757.050684932,10,105.54167,5.0263753
1981,11,2006,25,2100958.789041096,11,84.625,4.0279231
1981,12,2006,25,2102121.761643836,12,95.25,4.531136
1981,13,2007,26,2103323.5,1,99.125,4.7127795
1981,14,2007,26,2104267.471232877,2,100,4.7522478
1981,15,2007,26,2105120.090410959,3,92.666664,4.4019656
1981,16,2007,26,2106064.061643836,4,99.000008,4.7007122
1981,17,2007,26,2106977.582191781,5,96,4.5562897
1981,18,2007,26,2107921.553424657,6,94.083328,4.4633222
1981,19,2007,26,2108835.073972603,7,96.666664,4.583889
1981,20,2007,26,2109779.045205479,8,88.875,4.2125263
1981,21,2007,26,2110723.016438356,9,88.625,4.1987982
1981,22,2007,26,2111636.536986302,10,96.25,4.5580759
1981,23,2007,26,2112580.508219178,11,79.875,3.780921
1981,24,2007,26,2113494.028767123,12,79.666672,3.7694297
1981,25,2008,27,2114438,1,105.16666,4.9737406
1981,26,2008,27,2115016.62431694,2,94.125,4.4503198
1981,27,2008,27,2115557.918032787,3,96.125,4.5437188
1981,28,2008,27,2116136.542349727,4,92.083336,4.3514838
1981,29,2008,27,2116696.50136612,5,102.125,4.8247352
1981,30,2008,27,2117275.12568306,6,94.083328,4.4436045
1981,31,2008,27,2117835.084699453,7,91.833328,4.3361888
1981,32,2008,27,2118413.709016393,8,96.625,4.5611959
1981,33,2008,27,2118992.333333333,9,83.583328,3.9444847
1981,34,2008,27,2119552.292349727,10,99.416664,4.6904559
1981,35,2008,27,2120130.916666667,11,71.875,3.3901207
1981,36,2008,27,2120690.87568306,12,90.083336,4.2478294
1981,37,2009,28,2121269.5,1,123.58333,5.8259134
1981,38,2009,28,2119843.160273972,2,110.25,5.2008567
1981,39,2009,28,2118554.853424658,3,100.66666,4.7516665
1981,40,2009,28,2117128.51369863,4,93.5,4.4163594
1981,41,2009,28,2115748.184931507,5,98.25,4.6437473
1981,42,2009,28,2114321.845205479,6,92.625,4.3808374
1981,43,2009,28,2112941.516438356,7,99,4.6854115
1981,44,2009,28,2111515.176712329,8,97.625,4.623457
1981,45,2009,28,2110088.836986301,9,101.83333,4.8260207
1981,46,2009,28,2108708.508219178,10,104.66667,4.9635439
1981,47,2009,28,2107282.168493151,11,106,5.0301757
1981,48,2009,28,2105901.839726027,12,98.541664,4.6793094
1981,49,2010,29,2104475.5,1,119.75,5.6902537
1981,50,2010,29,2105213.215068493,2,108.5,5.1538725
1981,51,2010,29,2105879.538356164,3,117.95834,5.6013808
1981,52,2010,29,2106617.253424658,4,101.70834,4.8280411
1981,53,2010,29,2107331.171232877,5,123.875,5.8782883
1981,54,2010,29,2108068.88630137,6,99.458328,4.7179828
1981,55,2010,29,2108782.804109589,7,102.75,4.872479
1981,56,2010,29,2109520.519178082,8,106.25,5.0366898
1981,57,2010,29,2110258.234246575,9,102.625,4.8631487
1981,58,2010,29,2110972.152054795,10,107.5,5.0924406
1981,59,2010,29,2111709.867123288,11,99.5,4.7118216
1981,60,2010,29,2112423.784931507,12,123.875,5.8641167
1981,61,2011,30,2113161.5,1,118.33333,5.599824
1981,62,2011,30,2114121.14109589,2,117,5.5342145
1981,63,2011,30,2114987.91369863,3,125.04166,5.912169
1981,64,2011,30,2115947.554794521,4,124.5,5.8838887
1981,65,2011,30,2116876.239726027,5,126.375,5.9698815
1981,66,2011,30,2117835.880821918,6,116.75,5.5127029
1981,67,2011,30,2118764.565753425,7,111.25,5.2507014
1981,68,2011,30,2119724.206849315,8,111.875,5.2778091
1981,69,2011,30,2120683.847945205,9,113.70834,5.3618712
1981,70,2011,30,2121612.532876712,10,113.04167,5.3281016
1981,71,2011,30,2122572.173972603,11,113.375,5.3413968
1981,72,2011,30,2123500.858904109,12,107.75,5.0741677
1981,73,2012,31,2124460.5,1,132.125,6.2192259
1981,74,2012,31,2125625.710382514,2,117.75,5.5395455
1981,75,2012,31,2126715.74590164,3,132.25,6.2185087
1981,76,2012,31,2127880.956284153,4,116.83334,5.4905953
1981,77,2012,31,2129008.579234973,5,124.5,5.8477921
1981,78,2012,31,2130173.789617486,6,120.75,5.6685514
1981,79,2012,31,2131301.412568306,7,142.83333,6.7016954
1981,80,2012,31,2132466.62295082,8,116.125,5.4455719
1981,81,2012,31,2133631.833333333,9,106.45833,4.9895358
1981,82,2012,31,2134759.456284153,10,126.75,5.9374371
1981,83,2012,31,2135924.666666667,11,147.125,6.8881173
1981,84,2012,31,2137052.289617486,12,132.58333,6.2040281
1981,85,2013,32,2138217.5,1,155.125,7.2548747
1981,86,2013,32,2139283.602739726,2,135.5,6.3338962
1981,87,2013,32,2140246.534246575,3,143.91667,6.7243032
1981,88,2013,32,2141312.636986301,4,135.04167,6.3064904
1981,89,2013,32,2142344.349315069,5,117.5,5.4846458
1981,90,2013,32,2143410.452054794,6,122.29166,5.7054706
1981,91,2013,32,2144442.164383562,7,133.33333,6.2176228
1981,92,2013,32,2145508.267123288,8,152.25,7.0962205
1981,93,2013,32,2146574.369863014,9,118.20833,5.5068359
1981,94,2013,32,2147606.082191781,10,132.58333,6.1735406
1981,95,2013,32,2148672.184931507,11,122.125,5.683743
1981,96,2013,32,2149703.897260274,12,133.83333,6.2256632
1981,97,2014,33,2150770,1,147.12498,6.8405728
1981,98,2014,33,2151756.436986301,2,138.875,6.4540296
1981,99,2014,33,2152647.412328767,3,150.75,7.0030046
1981,100,2014,33,2153633.849315069,4,138.5,6.4309912
1981,101,2014,33,2154588.465753424,5,132.5,6.1496663
1981,102,2014,33,2155574.902739726,6,135.79166,6.2995563
1981,103,2014,33,2156529.519178082,7,130.54167,6.0533218
1981,104,2014,33,2157515.956164383,8,135.25,6.2687831
1981,105,2014,33,2158502.393150685,9,146.83334,6.8025565
1981,106,2014,33,2159457.009589041,10,139.125,6.4425917
1981,107,2014,33,2160443.446575343,11,154.125,7.1339521
1981,108,2014,33,2161398.063013698,12,152.83333,7.0710402
1981,109,2015,34,2162384.5,1,165.125,7.6362462
1981,110,2015,34,2162901.223287671,2,146.25,6.7617512
1981,111,2015,34,2163367.94109589,3,157,7.2572026
1981,112,2015,34,2163884.664383562,4,143.20834,6.6181135
1981,113,2015,34,2164384.719178082,5,181.375,8.3799801
1981,114,2015,34,2164901.442465753,6,163.29166,7.5426831
1981,115,2015,34,2165401.497260274,7,171.20833,7.9065394
1981,116,2015,34,2165918.220547945,8,164.25,7.5833888
1981,117,2015,34,2166434.943835617,9,167.41666,7.7277489
1981,118,2015,34,2166934.998630137,10,168.875,7.7932658
1981,119,2015,34,2167451.721917808,11,154.5,7.1281862
1981,120,2015,34,2167951.776712329,12,153.5,7.0804157
1981,121,2016,35,2168468.5,1,192.125,8.8599396
1981,122,2016,35,2169299.952185792,2,195,8.9890747
1981,123,2016,35,2170077.762295082,3,186.70833,8.6037617
1981,124,2016,35,2170909.214480874,4,186.20833,8.5774355
1981,125,2016,35,2171713.845628415,5,178.125,8.2020473
1981,126,2016,35,2172545.297814208,6,183.91666,8.4654922
1981,127,2016,35,2173349.928961749,7,188.625,8.678998
1981,128,2016,35,2174181.381147541,8,197.125,9.0666313
1981,129,2016,35,2175012.833333333,9,167.95834,7.722177
1981,130,2016,35,2175817.464480874,10,185.45834,8.5236168
1981,131,2016,35,2176648.916666667,11,173.375,7.9652257
1981,132,2016,35,2177453.547814208,12,221.29167,10.162866
1981,133,2017,36,2178285,1,216.25,9.9275351
1981,134,2017,36,2179694.990410959,2,185.375,8.5046301
1981,135,2017,36,2180968.530136986,3,229.29167,10.513296
1981,136,2017,36,2182378.520547945,4,196.25002,8.9924831
1981,137,2017,36,2183743.02739726,5,192,8.792243
1981,138,2017,36,2185153.017808219,6,195,8.9238605
1981,139,2017,36,2186517.524657534,7,195.125,8.9240084
1981,140,2017,36,2187927.515068493,8,202.75,9.2667608
1981,141,2017,36,2189337.505479452,9,208.54166,9.5253315
1981,142,2017,36,2190702.012328767,10,201,9.1751413
1981,143,2017,36,2192112.002739726,11,190.875,8.7073565
1981,144,2017,36,2193476.509589041,12,194.33334,8.8596048
1981,145,2018,37,2194886.5,1,244.58333,11.143325
1981,146,2018,37,2195051.861643835,2,203.625,9.2765465
1981,147,2018,37,2195201.220547945,3,220.70834,10.054128
1981,148,2018,37,2195366.582191781,4,202.54167,9.2258701
1981,149,2018,37,2195526.609589041,5,209.25,9.5307426
1981,150,2018,37,2195691.971232877,6,213.20833,9.7103024
1981,151,2018,37,2195851.998630137,7,231.375,10.536912
1981,152,2018,37,2196017.360273973,8,202.875,9.2383146
1981,153,2018,37,2196182.721917808,9,202.20833,9.207263
1981,154,2018,37,2196342.749315069,10,213.95834,9.7415733
1981,155,2018,37,2196508.110958904,11,219.5,9.9931345
1981,156,2018,37,2196668.138356165,12,206.125,9.3835297
1981,157,2019,38,2196833.5,1,235.58333,10.723768
1981,158,2019,38,2196891.423287672,2,236,10.742452
1981,159,2019,38,2196943.741095891,3,242.29166,11.028578
1981,160,2019,38,2197001.664383562,4,220.375,10.030716
1981,161,2019,38,2197057.719178082,5,229.5,10.445788
1981,162,2019,38,2197115.642465753,6,214.625,9.7684889
1981,163,2019,38,2197171.697260274,7,219.95834,10.010977
1981,164,2019,38,2197229.620547946,8,249.875,11.372275
1981,165,2019,38,2197287.543835617,9,216.375,9.8473682
1981,166,2019,38,2197343.598630137,10,234.66666,10.679562
1981,167,2019,38,2197401.521917808,11,211.375,9.6193161
1981,168,2019,38,2197457.576712329,12,228.25,10.387004
1981,169,2020,39,2197515.5,1,246.91666,11.236174
1981,170,2020,39,2197413.183060109,2,241,10.967442
1981,171,2020,39,2197317.467213115,3,280.25,12.754188
1981,172,2020,39,2197215.150273224,4,282.95834,12.878044
1981,173,2020,39,2197116.133879781,5,312.5,14.22319
1981,174,2020,39,2197013.81693989,6,277.375,12.625092
1981,175,2020,39,2196914.800546448,7,327.79169,14.920547
1981,176,2020,39,2196812.483606557,8,314,14.293437
1981,177,2020,39,2196710.166666667,9,268.5,12.222823
1981,178,2020,39,2196611.150273224,10,277.33334,12.625509
1981,179,2020,39,2196508.833333333,11,300.5,13.6808
1981,180,2020,39,2196409.81693989,12,320.16666,14.576818
1981,181,2021,40,2196307.5,1,356.79166,16.245068
1981,182,2021,40,2196456.512328767,2,287.625,13.094955
1981,183,2021,40,2196591.104109589,3,355,16.161406
1981,184,2021,40,2196740.116438356,4,346.70834,15.782857
1981,185,2021,40,2196884.321917808,5,337.625,15.368356
1981,186,2021,40,2197033.334246575,6,305.29166,13.895632
1981,187,2021,40,2197177.539726027,7,344.04166,15.658346
1981,188,2021,40,2197326.552054795,8,460.125,20.94022
1981,189,2021,40,2197475.564383562,9,456.75,20.785213
1981,190,2021,40,2197619.769863014,10,392.375,17.854544
1981,191,2021,40,2197768.782191781,11,362.625,16.499689
1981,192,2021,40,2197912.987671233,12,367.45831,16.71851
1982,1,2006,24,2049388,1,92,4.4891453
1982,2,2006,24,2051396.205479452,2,92.75,4.5213108
1982,3,2006,24,2053210.068493151,3,85.333328,4.1560936
1982,4,2006,24,2055218.273972603,4,81.291672,3.955379
1982,5,2006,24,2057161.698630137,5,80.75,3.9253113
1982,6,2006,24,2059169.904109589,6,87.333328,4.2411909
1982,7,2006,24,2061113.328767123,7,83.375,4.0451441
1982,8,2006,24,2063121.534246575,8,83.625,4.0533242
1982,9,2006,24,2065129.739726027,9,92.833328,4.4952784
1982,10,2006,24,2067073.164383562,10,91.958336,4.4487219
1982,11,2006,24,2069081.369863014,11,77,3.7214582
1982,12,2006,24,2071024.794520548,12,93.083336,4.4945545
1982,13,2007,25,2073033,1,100.875,4.8660583
1982,14,2007,25,2074168.958904109,2,73,3.5194819
1982,15,2007,25,2075194.98630137,3,82.083336,3.9554517
1982,16,2007,25,2076330.945205479,4,94.041672,4.5292234
1982,17,2007,25,2077430.260273973,5,93.75,4.5127869
1982,18,2007,25,2078566.219178082,6,91.166664,4.3860359
1982,19,2007,25,2079665.534246575,7,94.083336,4.5239649
1982,20,2007,25,2080801.493150685,8,85.625,4.1150007
1982,21,2007,25,2081937.452054794,9,86,4.1307678
1982,22,2007,25,2083036.767123288,10,91.041664,4.3706222
1982,23,2007,25,2084172.726027397,11,88.5,4.2462893
1982,24,2007,25,2085272.04109589,12,99.083328,4.7515779
1982,25,2008,26,2086408,1,108.33333,5.1923366
1982,26,2008,26,2087251.394808743,2,100.75,4.8269219
1982,27,2008,26,2088040.37704918,3,89.208336,4.2723475
1982,28,2008,26,2088883.771857923,4,88.5,4.2367125
1982,29,2008,26,2089699.960382514,5,90.625,4.3367472
1982,30,2008,26,2090543.355191257,6,90.708328,4.3389835
1982,31,2008,26,2091359.543715847,7,99.208336,4.7437243
1982,32,2008,26,2092202.93852459,8,100,4.7796512
1982,33,2008,26,2093046.333333333,9,87.958336,4.2024074
1982,34,2008,26,2093862.521857923,10,87.916672,4.1987796
1982,35,2008,26,2094705.916666667,11,89,4.2488065
1982,36,2008,26,2095522.105191257,12,73.708328,3.5174208
1982,37,2009,27,2096365.5,1,112.91666,5.3863063
1982,38,2009,27,2097228.998630137,2,90.625,4.321178
1982,39,2009,27,2098008.932876712,3,107.625,5.1298637
1982,40,2009,27,2098872.431506849,4,96.750008,4.6096182
1982,41,2009,27,2099708.075342466,5,94.875,4.5184851
1982,42,2009,27,2100571.573972603,6,99.708328,4.7467237
1982,43,2009,27,2101407.217808219,7,100.08333,4.7626815
1982,44,2009,27,2102270.716438356,8,86.5,4.1145988
1982,45,2009,27,2103134.215068493,9,98.75,4.6953731
1982,46,2009,27,2103969.858904109,10,114.875,5.4599166
1982,47,2009,27,2104833.357534247,11,92.625,4.4005861
1982,48,2009,27,2105669.001369863,12,102.75,4.8796844
1982,49,2010,28,2106532.5,1,113.04166,5.3662434
1982,50,2010,28,2107345.167123288,2,89.625,4.2529817
1982,51,2010,28,2108079.189041096,3,107.95833,5.1211705
1982,52,2010,28,2108891.856164384,4,96.333336,4.5679598
1982,53,2010,28,2109678.308219178,5,103.75,4.9178114
1982,54,2010,28,2110490.975342466,6,85.791664,4.0650096
1982,55,2010,28,2111277.42739726,7,101.625,4.8134365
1982,56,2010,28,2112090.094520548,8,108.75,5.1489282
1982,57,2010,28,2112902.761643836,9,88.583336,4.1924949
1982,58,2010,28,2113689.21369863,10,104.20834,4.9301634
1982,59,2010,28,2114501.880821918,11,98.375,4.6523957
1982,60,2010,28,2115288.332876712,12,106.75,5.0465932
1982,61,2011,29,2116101,1,102.91666,4.8635044
1982,62,2011,29,2116875.405479452,2,109.25,5.1609082
1982,63,2011,29,2117574.868493151,3,107.08334,5.0568852
1982,64,2011,29,2118349.273972603,4,112.5,5.310739
1982,65,2011,29,2119098.698630137,5,107,5.0493164
1982,66,2011,29,2119873.104109589,6,99.666664,4.701539
1982,67,2011,29,2120622.528767123,7,119.41667,5.6312084
1982,68,2011,29,2121396.934246575,8,105.75,4.9849229
1982,69,2011,29,2122171.339726028,9,95.583336,4.504035
1982,70,2011,29,2122920.764383561,10,93.791672,4.4180489
1982,71,2011,29,2123695.169863014,11,101.625,4.7852912
1982,72,2011,29,2124444.594520548,12,91.708328,4.3168144
1982,73,2012,30,2125219,1,112.29166,5.2837691
1982,74,2012,30,2126361.849726776,2,129.625,6.0960932
1982,75,2012,30,2127430.967213115,3,118.625,5.575974
1982,76,2012,30,2128573.81693989,4,110.50001,5.1912699
1982,77,2012,30,2129679.800546448,5,118.625,5.570086
1982,78,2012,30,2130822.650273224,6,127.375,5.9777384
1982,79,2012,30,2131928.633879781,7,133.04167,6.2404375
1982,80,2012,30,2133071.483606557,8,102.75,4.8169975
1982,81,2012,30,2134214.333333333,9,108.625,5.089695
1982,82,2012,30,2135320.31693989,10,124.83334,5.8461175
1982,83,2012,30,2136463.166666667,11,107.25,5.019979
1982,84,2012,30,2137569.150273224,12,127.25,5.9530239
1982,85,2013,31,2138712,1,112.54166,5.2621236
1982,86,2013,31,2140136.726027397,2,117.875,5.5078259
1982,87,2013,31,2141423.575342466,3,133.5,6.2341704
1982,88,2013,31,2142848.301369863,4,118.91667,5.5494676
1982,89,2013,31,2144227.068493151,5,115.375,5.3807268
1982,90,2013,31,2145651.794520548,6,117.66666,5.4839592
1982,91,2013,31,2147030.561643835,7,121.5,5.6589785
1982,92,2013,31,2148455.287671233,8,135.5,6.3068571
1982,93,2013,31,2149880.01369863,9,112.875,5.2502928
1982,94,2013,31,2151258.780821918,10,112.66667,5.2372441
1982,95,2013,31,2152683.506849315,11,123.75,5.7486386
1982,96,2013,31,2154062.273972603,12,118.66666,5.5089707
1982,97,2014,32,2155487,1,170.99998,7.9332414
1982,98,2014,32,2156744.326027397,2,136.25,6.3173923
1982,99,2014,32,2157879.975342466,3,144.33334,6.688664
1982,100,2014,32,2159137.301369863,4,113.875,5.274097
1982,101,2014,32,2160354.068493151,5,128.75,5.959671
1982,102,2014,32,2161611.394520548,6,122.20833,5.6535754
1982,103,2014,32,2162828.161643836,7,119.625,5.5309525
1982,104,2014,32,2164085.487671233,8,136.75,6.3190665
1982,105,2014,32,2165342.81369863,9,126.125,5.8247128
1982,106,2014,32,2166559.580821918,10,134.41667,6.2041531
1982,107,2014,32,2167816.906849315,11,132,6.0890751
1982,108,2014,32,2169033.673972603,12,128.04167,5.9031668
1982,109,2015,33,2170291,1,167.625,7.7236185
1982,110,2015,33,2171352.94109589,2,154.125,7.0981092
1982,111,2015,33,2172312.11369863,3,157.625,7.2560935
1982,112,2015,33,2173374.054794521,4,171.20834,7.8775368
1982,113,2015,33,2174401.739726027,5,180.25,8.2896366
1982,114,2015,33,2175463.680821918,6,143.83333,6.6116171
1982,115,2015,33,2176491.365753425,7,150.33334,6.9071417
1982,116,2015,33,2177553.306849315,8,160.25,7.3591771
1982,117,2015,33,2178615.247945206,9,153.04167,7.0247221
1982,118,2015,33,2179642.932876713,10,150.125,6.8875961
1982,119,2015,33,2180704.873972603,11,147.625,6.7695999
1982,120,2015,33,2181732.55890411,12,155.875,7.1445513
1982,121,2016,34,2182794.5,1,171.54166,7.8588095
1982,122,2016,34,2183173.741803279,2,173.25,7.9356947
1982,123,2016,34,2183528.516393443,3,175.08334,8.0183678
1982,124,2016,34,2183907.758196721,4,181.75,8.322238
1982,125,2016,34,2184274.766393443,5,177.625,8.1319895
1982,126,2016,34,2184654.008196721,6,165.58333,7.5793843
1982,127,2016,34,2185021.016393443,7,185.66666,8.4972477
1982,128,2016,34,2185400.258196721,8,179.5,8.2135983
1982,129,2016,34,2185779.5,9,172.29167,7.8823905
1982,130,2016,34,2186146.508196721,10,175.04166,8.0068588
1982,131,2016,34,2186525.75,11,173.25,7.9235291
1982,132,2016,34,2186892.758196721,12,195.16666,8.9243813
1982,133,2017,35,2187272,1,199.25,9.1095209
1982,134,2017,35,2187958.543835617,2,197,9.0038271
1982,135,2017,35,2188578.647945206,3,212.95833,9.7304401
1982,136,2017,35,2189265.191780822,4,189.66666,8.6634846
1982,137,2017,35,2189929.589041096,5,204.375,9.3324919
1982,138,2017,35,2190616.132876712,6,202.79166,9.2572889
1982,139,2017,35,2191280.530136986,7,199.125,9.0871525
1982,140,2017,35,2191967.073972603,8,189.5,8.6452026
1982,141,2017,35,2192653.617808219,9,178.20834,8.1275196
1982,142,2017,35,2193318.015068493,10,182.79167,8.3340254
1982,143,2017,35,2194004.55890411,11,194.5,8.8650684
1982,144,2017,35,2194668.956164384,12,204.45833,9.3161354
1982,145,2018,36,2195355.5,1,234.25,10.670254
1982,146,2018,36,2196740.478082192,2,207.375,9.4401226
1982,147,2018,36,2197991.426027397,3,206.58334,9.3987331
1982,148,2018,36,2199376.404109589,4,188.125,8.5535612
1982,149,2018,36,2200716.705479452,5,199.625,9.0709085
1982,150,2018,36,2202101.683561644,6,203.08333,9.22225
1982,151,2018,36,2203441.984931507,7,226.375,10.273699
1982,152,2018,36,2204826.963013698,8,194.375,8.8158846
1982,153,2018,36,2206211.94109589,9,201.83333,9.1484108
1982,154,2018,36,2207552.242465753,10,204.70834,9.2730913
1982,155,2018,36,2208937.220547945,11,199.125,9.0145159
1982,156,2018,36,2210277.521917808,12,192.58334,8.7130842
1982,157,2019,37,2211662.5,1,246.95833,11.166185
1982,158,2019,37,2211748.068493151,2,186.5,8.4322443
1982,159,2019,37,2211825.356164383,3,247.45834,11.187969
1982,160,2019,37,2211910.924657534,4,211.375,9.5562162
1982,161,2019,37,2211993.732876712,5,220.375,9.9627314
1982,162,2019,37,2212079.301369863,6,188.83333,8.5364628
1982,163,2019,37,2212162.109589041,7,216.875,9.8037567
1982,164,2019,37,2212247.678082192,8,215.75,9.7525244
1982,165,2019,37,2212333.246575342,9,204.83333,9.2587013
1982,166,2019,37,2212416.054794521,10,222.45834,10.054996
1982,167,2019,37,2212501.623287671,11,190,8.5875645
1982,168,2019,37,2212584.431506849,12,219.33334,9.9129934
1982,169,2020,38,2212670,1,244.87498,11.066946
1982,170,2020,38,2212606.729508197,2,239.875,10.841285
1982,171,2020,38,2212547.540983607,3,249.70834,11.286011
1982,172,2020,38,2212484.270491804,4,289.45834,13.082956
1982,173,2020,38,2212423.040983607,5,270.625,12.232064
1982,174,2020,38,2212359.770491804,6,286.79166,12.963157
1982,175,2020,38,2212298.540983607,7,304.83331,13.779032
1982,176,2020,38,2212235.270491804,8,280,12.656881
1982,177,2020,38,2212172,9,260.04169,11.755039
1982,178,2020,38,2212110.770491804,10,280.875,12.697149
1982,179,2020,38,2212047.5,11,304.125,13.748574
1982,180,2020,38,2211986.270491804,12,299.875,13.55682
1982,181,2021,39,2211923,1,352.04166,15.915638
1982,182,2021,39,2212167.602739726,2,305.25,13.798683
1982,183,2021,39,2212388.534246575,3,309.5,13.989406
1982,184,2021,39,2212633.136986301,4,316.08334,14.285393
1982,185,2021,39,2212869.849315068,5,330.125,14.91841
1982,186,2021,39,2213114.452054794,6,287.95831,13.011452
1982,187,2021,39,2213351.164383561,7,321.66669,14.533016
1982,188,2021,39,2213595.767123288,8,435.125,19.656931
1982,189,2021,39,2213840.369863014,9,430.91666,19.464666
1982,190,2021,39,2214077.082191781,10,373.75,16.880623
1982,191,2021,39,2214321.684931507,11,320.75,14.485249
1982,192,2021,39,2214558.397260274,12,324.70834,14.662442
1983,1,2006,23,2022779,1,69.333336,3.4276278
1983,2,2006,23,2023803.571232877,2,76,3.7553051
1983,3,2006,23,2024728.990410959,3,80.041672,3.9532042
1983,4,2006,23,2025753.561643836,4,84.333336,4.1630602
1983,5,2006,23,2026745.082191781,5,69.375,3.422976
1983,6,2006,23,2027769.653424657,6,81.166664,4.0027556
1983,7,2006,23,2028761.173972603,7,87.958328,4.3355684
1983,8,2006,23,2029785.745205479,8,83.75,4.1260514
1983,9,2006,23,2030810.316438356,9,77.708328,3.8264689
1983,10,2006,23,2031801.836986301,10,91.166672,4.4869862
1983,11,2006,23,2032826.408219178,11,81.25,3.9968982
1983,12,2006,23,2033817.928767123,12,84.375,4.1486015
1983,13,2007,24,2034842.5,1,75.75,3.722647
1983,14,2007,24,2036904.806849315,2,80.125,3.9336643
1983,15,2007,24,2038767.535616438,3,91.875,4.5063992
1983,16,2007,24,2040829.842465753,4,85.5,4.1894722
1983,17,2007,24,2042825.623287671,5,84.75,4.1486654
1983,18,2007,24,2044887.930136986,6,85.333328,4.1730075
1983,19,2007,24,2046883.710958904,7,81.458328,3.9796267
1983,20,2007,24,2048946.017808219,8,81.125,3.9593527
1983,21,2007,24,2051008.324657534,9,86.708336,4.2275953
1983,22,2007,24,2053004.105479452,10,80.5,3.9210832
1983,23,2007,24,2055066.412328767,11,79.5,3.8684881
1983,24,2007,24,2057062.193150685,12,90.416672,4.3954272
1983,25,2008,25,2059124.5,1,92.208336,4.4780359
1983,26,2008,25,2060173.883879781,2,93.125,4.5202494
1983,27,2008,25,2061155.56557377,3,86.25,4.184546
1983,28,2008,25,2062204.949453552,4,89.416672,4.3359742
1983,29,2008,25,2063220.482240437,5,81.625,3.9561937
1983,30,2008,25,2064269.866120218,6,78.375,3.796742
1983,31,2008,25,2065285.398907104,7,102.125,4.9448371
1983,32,2008,25,2066334.782786885,8,87.5,4.234551
1983,33,2008,25,2067384.166666667,9,89.291664,4.3190651
1983,34,2008,25,2068399.699453552,10,78.666672,3.8032625
1983,35,2008,25,2069449.083333333,11,99.875,4.8261638
1983,36,2008,25,2070464.616120218,12,61.5,2.9703479
1983,37,2009,26,2071514,1,87.666664,4.2320094
1983,38,2009,26,2072191.668493151,2,88.375,4.2648082
1983,39,2009,26,2072803.756164384,3,105,5.0656028
1983,40,2009,26,2073481.424657534,4,78.458336,3.7838938
1983,41,2009,26,2074137.232876712,5,97.875,4.7188296
1983,42,2009,26,2074814.901369863,6,100.83333,4.8598709
1983,43,2009,26,2075470.709589041,7,95.041664,4.5792823
1983,44,2009,26,2076148.378082192,8,80.625,3.883393
1983,45,2009,26,2076826.046575343,9,100.54167,4.8411217
1983,46,2009,26,2077481.854794521,10,107.70833,5.1845617
1983,47,2009,26,2078159.523287671,11,108.5,5.2209659
1983,48,2009,26,2078815.331506849,12,80.958336,3.8944457
1983,49,2010,27,2079493,1,91.208328,4.386085
1983,50,2010,27,2080467.291780822,2,78.75,3.7852073
1983,51,2010,27,2081347.297260274,3,86.041672,4.1339412
1983,52,2010,27,2082321.589041096,4,89.083336,4.2780776
1983,53,2010,27,2083264.452054794,5,95.625,4.5901518
1983,54,2010,27,2084238.743835616,6,80.916664,3.8823125
1983,55,2010,27,2085181.606849315,7,96.5,4.6278944
1983,56,2010,27,2086155.898630137,8,94.5,4.5298629
1983,57,2010,27,2087130.190410959,9,89.5,4.2881846
1983,58,2010,27,2088073.053424658,10,87.375,4.1844802
1983,59,2010,27,2089047.34520548,11,100.625,4.8167887
1983,60,2010,27,2089990.208219178,12,86.833336,4.1547246
1983,61,2011,28,2090964.5,1,101.125,4.8362851
1983,62,2011,28,2091742.175342466,2,103.625,4.9540043
1983,63,2011,28,2092444.591780822,3,96,4.587935
1983,64,2011,28,2093222.267123288,4,98.75,4.717607
1983,65,2011,28,2093974.856164384,5,87.25,4.1667166
1983,66,2011,28,2094752.531506849,6,84.583328,4.0378675
1983,67,2011,28,2095505.120547945,7,111.54167,5.3229012
1983,68,2011,28,2096282.795890411,8,103.125,4.9194221
1983,69,2011,28,2097060.471232877,9,79.5,3.7910209
1983,70,2011,28,2097813.060273973,10,100.875,4.808579
1983,71,2011,28,2098590.735616439,11,82.5,3.9312096
1983,72,2011,28,2099343.324657534,12,91.958336,4.3803382
1983,73,2012,29,2100121,1,119,5.6663404
1983,74,2012,29,2100965.538251366,2,123.5,5.8782496
1983,75,2012,29,2101755.590163935,3,121,5.757092
1983,76,2012,29,2102600.128415301,4,105.50001,5.0175972
1983,77,2012,29,2103417.423497268,5,111.125,5.2830691
1983,78,2012,29,2104261.961748634,6,111.875,5.3165908
1983,79,2012,29,2105079.256830601,7,110.5,5.2492085
1983,80,2012,29,2105923.795081967,8,101.5,4.8197374
1983,81,2012,29,2106768.333333333,9,107.33334,5.0946908
1983,82,2012,29,2107585.628415301,10,112.91666,5.3576312
1983,83,2012,29,2108430.166666667,11,109.75,5.2052946
1983,84,2012,29,2109247.461748634,12,98.25,4.6580596
1983,85,2013,30,2110092,1,124,5.8765211
1983,86,2013,30,2111518.636986301,2,115.875,5.4877563
1983,87,2013,30,2112807.212328767,3,123.375,5.8393874
1983,88,2013,30,2114233.849315069,4,107.83334,5.1003504
1983,89,2013,30,2115614.465753425,5,113.375,5.358963
1983,90,2013,30,2117041.102739726,6,113.58333,5.3651924
1983,91,2013,30,2118421.719178082,7,116.70834,5.5092115
1983,92,2013,30,2119848.356164384,8,117.5,5.5428495
1983,93,2013,30,2121274.993150685,9,105.625,4.9793167
1983,94,2013,30,2122655.609589041,10,103.625,4.8818564
1983,95,2013,30,2124082.246575342,11,109.125,5.1375132
1983,96,2013,30,2125462.863013699,12,108.41667,5.1008501
1983,97,2014,31,2126889.5,1,125.20833,5.8869219
1983,98,2014,31,2128591.442465753,2,120.125,5.6434035
1983,99,2014,31,2130128.680821918,3,134.04167,6.2926559
1983,100,2014,31,2131830.623287671,4,110.75,5.1950655
1983,101,2014,31,2133477.664383561,5,135,6.3276968
1983,102,2014,31,2135179.606849315,6,112.70833,5.2786345
1983,103,2014,31,2136826.647945206,7,115.95834,5.426661
1983,104,2014,31,2138528.590410959,8,118.375,5.5353479
1983,105,2014,31,2140230.532876712,9,114.33333,5.3421035
1983,106,2014,31,2141877.573972602,10,121.33334,5.6648121
1983,107,2014,31,2143579.516438356,11,117.625,5.4873171
1983,108,2014,31,2145226.557534247,12,131.79167,6.1434851
1983,109,2015,32,2146928.5,1,157.70833,7.3457651
1983,110,2015,32,2148295.642465753,2,144.875,6.7437181
1983,111,2015,32,2149530.480821918,3,153.75,7.1527247
1983,112,2015,32,2150897.623287671,4,164.41667,7.6440954
1983,113,2015,32,2152220.664383562,5,160.75,7.4690299
1983,114,2015,32,2153587.806849315,6,136.20834,6.3247175
1983,115,2015,32,2154910.847945206,7,146.95833,6.819694
1983,116,2015,32,2156277.990410959,8,152.25,7.0607781
1983,117,2015,32,2157645.132876712,9,155.33333,7.1992064
1983,118,2015,32,2158968.173972603,10,145.41667,6.7354708
1983,119,2015,32,2160335.316438356,11,130.375,6.0349426
1983,120,2015,32,2161658.357534247,12,127.25,5.8866839
1983,121,2016,33,2163025.5,1,161.33333,7.4586883
1983,122,2016,33,2164011.443989071,2,165.375,7.6420574
1983,123,2016,33,2164933.778688524,3,165.04167,7.623405
1983,124,2016,33,2165919.722677595,4,154.91667,7.1524658
1983,125,2016,33,2166873.862021858,5,157.75,7.2800732
1983,126,2016,33,2167859.806010929,6,159.83333,7.3728628
1983,127,2016,33,2168813.945355191,7,172.25,7.9421291
1983,128,2016,33,2169799.889344262,8,176,8.1113472
1983,129,2016,33,2170785.833333333,9,160.58334,7.3974752
1983,130,2016,33,2171739.972677595,10,183.5,8.4494457
1983,131,2016,33,2172725.916666667,11,156.5,7.2029333
1983,132,2016,33,2173680.056010929,12,187.29167,8.6163406
1983,133,2017,34,2174666,1,204.16666,9.3884144
1983,134,2017,34,2174774.245205479,2,163.125,7.5007787
1983,135,2017,34,2174872.015068493,3,189.79167,8.7265673
1983,136,2017,34,2174980.260273973,4,177.58334,8.1648254
1983,137,2017,34,2175085.01369863,5,193.625,8.9019508
1983,138,2017,34,2175193.258904109,6,198.25,9.1141329
1983,139,2017,34,2175298.012328767,7,193.54166,8.8972483
1983,140,2017,34,2175406.257534246,8,177.625,8.1651411
1983,141,2017,34,2175514.502739726,9,170.83333,7.8525481
1983,142,2017,34,2175619.256164383,10,176.41667,8.1088028
1983,143,2017,34,2175727.501369863,11,180.125,8.2788401
1983,144,2017,34,2175832.25479452,12,214.58333,9.8621264
1983,145,2018,35,2175940.5,1,216.5,9.9497204
1983,146,2018,35,2176486.694520548,2,200.875,9.2293234
1983,147,2018,35,2176980.031506849,3,183.70833,8.4386778
1983,148,2018,35,2177526.226027397,4,195.41667,8.9742508
1983,149,2018,35,2178054.801369863,5,194,8.9070301
1983,150,2018,35,2178600.995890411,6,180.45833,8.2832203
1983,151,2018,35,2179129.571232877,7,198.29166,9.0995808
1983,152,2018,35,2179675.765753425,8,184,8.4416227
1983,153,2018,35,2180221.960273973,9,173.25,7.9464388
1983,154,2018,35,2180750.535616438,10,197.25,9.0450506
1983,155,2018,35,2181296.730136986,11,189.875,8.7046843
1983,156,2018,35,2181825.305479452,12,176.66666,8.0971956
1983,157,2019,36,2182371.5,1,199.99998,9.1643419
1983,158,2019,36,2183494.634246575,2,181.25,8.3009138
1983,159,2019,36,2184509.078082192,3,225.875,10.339851
1983,160,2019,36,2185632.212328767,4,203.83334,9.3260584
1983,161,2019,36,2186719.116438356,5,199.75,9.1346893
1983,162,2019,36,2187842.250684931,6,190.08333,8.6881647
1983,163,2019,36,2188929.154794521,7,204.04166,9.3215284
1983,164,2019,36,2190052.289041096,8,202.75,9.2577696
1983,165,2019,36,2191175.423287671,9,208.91667,9.5344563
1983,166,2019,36,2192262.32739726,10,205.95834,9.3947859
1983,167,2019,36,2193385.461643836,11,191.5,8.7307959
1983,168,2019,36,2194472.365753425,12,219.95833,10.02329
1983,169,2020,37,2195595.5,1,241.54166,11.001191
1983,170,2020,37,2195573.816939891,2,226.875,10.333289
1983,171,2020,37,2195553.532786885,3,250.625,11.415117
1983,172,2020,37,2195531.849726776,4,268.125,12.212303
1983,173,2020,37,2195510.866120219,5,274.375,12.497091
1983,174,2020,37,2195489.18306011,6,274.45831,12.50101
1983,175,2020,37,2195468.199453552,7,277.91669,12.658652
1983,176,2020,37,2195446.516393443,8,271.25,12.355118
1983,177,2020,37,2195424.833333333,9,243.125,11.074166
1983,178,2020,37,2195403.849726776,10,275.29166,12.539454
1983,179,2020,37,2195382.166666667,11,257.75,11.740553
1983,180,2020,37,2195361.18306011,12,284.625,12.964837
1983,181,2021,38,2195339.5,1,351.25,15.999804
1983,182,2021,38,2195663.173972603,2,293.875,13.384339
1983,183,2021,38,2195955.524657534,3,281,12.796252
1983,184,2021,38,2196279.198630137,4,310.83334,14.152724
1983,185,2021,38,2196592.431506849,5,297.5,13.543705
1983,186,2021,38,2196916.105479452,6,279.875,12.739449
1983,187,2021,38,2197229.338356164,7,310.79169,14.144709
1983,188,2021,38,2197553.012328767,8,388,17.656002
1983,189,2021,38,2197876.68630137,9,400.45831,18.220236
1983,190,2021,38,2198189.919178082,10,350.20831,15.931667
1983,191,2021,38,2198513.593150685,11,305.25,13.884381
1983,192,2021,38,2198826.826027398,12,342.16666,15.561328
1984,1,2006,22,2038441,1,76.916664,3.7733083
1984,2,2006,22,2038542.875342466,2,69.5,3.4092979
1984,3,2006,22,2038634.891780822,3,85.875,4.2123775
1984,4,2006,22,2038736.767123288,4,85.916672,4.214211
1984,5,2006,22,2038835.356164384,5,80.375,3.9422016
1984,6,2006,22,2038937.231506849,6,84.5,4.1443157
1984,7,2006,22,2039035.820547945,7,102.20834,5.0125818
1984,8,2006,22,2039137.695890411,8,95.875,4.7017422
1984,9,2006,22,2039239.571232877,9,82.333336,4.0374527
1984,10,2006,22,2039338.160273973,10,88.833336,4.3559885
1984,11,2006,22,2039440.035616438,11,80.25,3.9349036
1984,12,2006,22,2039538.624657534,12,90.708328,4.4474926
1984,13,2007,23,2039640.5,1,92.291664,4.5248985
1984,14,2007,23,2040592.752054795,2,79.75,3.9081781
1984,15,2007,23,2041452.850684932,3,98.166664,4.8086667
1984,16,2007,23,2042405.102739726,4,84.666672,4.1454396
1984,17,2007,23,2043326.636986302,5,76.375,3.7377772
1984,18,2007,23,2044278.889041096,6,87.416664,4.2761612
1984,19,2007,23,2045200.423287671,7,80.291672,3.9258583
1984,20,2007,23,2046152.675342466,8,78.125,3.8181412
1984,21,2007,23,2047104.92739726,9,86.291664,4.2153025
1984,22,2007,23,2048026.461643836,10,84.333336,4.1177855
1984,23,2007,23,2048978.71369863,11,88.5,4.3192248
1984,24,2007,23,2049900.247945206,12,76.583328,3.7359538
1984,25,2008,24,2050852.5,1,74.375,3.6265407
1984,26,2008,24,2052923.740437158,2,99.375,4.8406572
1984,27,2008,24,2054861.352459016,3,77.625,3.7776272
1984,28,2008,24,2056932.592896175,4,72.166672,3.5084608
1984,29,2008,24,2058937.019125683,5,83.125,4.0372772
1984,30,2008,24,2061008.259562841,6,72.041664,3.4954574
1984,31,2008,24,2063012.68579235,7,80.125,3.883883
1984,32,2008,24,2065083.926229508,8,85.625,4.1463208
1984,33,2008,24,2067155.166666667,9,76.958336,3.7229104
1984,34,2008,24,2069159.592896175,10,76.208336,3.6830573
1984,35,2008,24,2071230.833333333,11,68.625,3.3132472
1984,36,2008,24,2073235.259562841,12,87.833328,4.2365346
1984,37,2009,25,2075306.5,1,80.041664,3.8568599
1984,38,2009,25,2076091.394520548,2,91.25,4.3952785
1984,39,2009,25,2076800.331506849,3,86.208336,4.1510172
1984,40,2009,25,2077585.226027397,4,73.166672,3.5217171
1984,41,2009,25,2078344.801369863,5,83.625,4.0236344
1984,42,2009,25,2079129.695890411,6,93.208328,4.4830456
1984,43,2009,25,2079889.271232877,7,88.375,4.2490244
1984,44,2009,25,2080674.165753425,8,92.375,4.4396667
1984,45,2009,25,2081459.060273973,9,94.208328,4.5260715
1984,46,2009,25,2082218.635616438,10,82.833336,3.9781287
1984,47,2009,25,2083003.530136986,11,78.625,3.7745976
1984,48,2009,25,2083763.105479452,12,88.625,4.2531228
1984,49,2010,26,2084548,1,96.333336,4.6213059
1984,50,2010,26,2085633.636986301,2,72.5,3.4761617
1984,51,2010,26,2086614.212328767,3,90.833328,4.3531442
1984,52,2010,26,2087699.849315068,4,94.625008,4.5325007
1984,53,2010,26,2088750.465753424,5,95.25,4.5601425
1984,54,2010,26,2089836.102739726,6,84.458328,4.0413852
1984,55,2010,26,2090886.719178082,7,87.208328,4.1708779
1984,56,2010,26,2091972.356164383,8,86.625,4.1408291
1984,57,2010,26,2093057.993150685,9,96.541664,4.6124697
1984,58,2010,26,2094108.609589041,10,77.458328,3.6988688
1984,59,2010,26,2095194.246575342,11,96.625,4.6117444
1984,60,2010,26,2096244.863013699,12,104.20834,4.9711909
1984,61,2011,27,2097330.5,1,103.625,4.9408045
1984,62,2011,27,2098305.938356164,2,99.5,4.7419205
1984,63,2011,27,2099186.979452055,3,96.416664,4.5930481
1984,64,2011,27,2100162.417808219,4,92.416672,4.4004536
1984,65,2011,27,2101106.390410959,5,95.625,4.5511737
1984,66,2011,27,2102081.828767124,6,80.666672,3.8374658
1984,67,2011,27,2103025.801369863,7,101.54167,4.8283606
1984,68,2011,27,2104001.239726027,8,95.125,4.5211477
1984,69,2011,27,2104976.678082192,9,91.583328,4.3508
1984,70,2011,27,2105920.650684932,10,98.458336,4.6753106
1984,71,2011,27,2106896.089041096,11,90.5,4.2954183
1984,72,2011,27,2107840.061643836,12,107.33334,5.0921006
1984,73,2012,28,2108815.5,1,118.375,5.6133409
1984,74,2012,28,2109546.413934426,2,97.25,4.6099958
1984,75,2012,28,2110230.172131147,3,111.62501,5.2897077
1984,76,2012,28,2110961.086065574,4,109.62501,5.1931324
1984,77,2012,28,2111668.422131147,5,105.375,4.9901299
1984,78,2012,28,2112399.336065574,6,96,4.5445952
1984,79,2012,28,2113106.672131147,7,110.41666,5.2253237
1984,80,2012,28,2113837.586065574,8,106.125,5.0204897
1984,81,2012,28,2114568.5,9,92.25,4.3625922
1984,82,2012,28,2115275.836065574,10,111.58334,5.2751198
1984,83,2012,28,2116006.75,11,97.875,4.6254578
1984,84,2012,28,2116714.086065574,12,104.66667,4.9447713
1984,85,2013,29,2117445,1,101.58333,4.7974482
1984,86,2013,29,2118446.724657535,2,105.75,4.9918652
1984,87,2013,29,2119351.508219178,3,117.45834,5.5421829
1984,88,2013,29,2120353.232876712,4,106.45834,5.0207834
1984,89,2013,29,2121322.643835616,5,111.25,5.2443695
1984,90,2013,29,2122324.368493151,6,112.125,5.2831225
1984,91,2013,29,2123293.779452055,7,116.125,5.4690971
1984,92,2013,29,2124295.504109589,8,110.5,5.2017245
1984,93,2013,29,2125297.228767124,9,102.29167,4.8130527
1984,94,2013,29,2126266.639726027,10,99.833328,4.6952405
1984,95,2013,29,2127268.364383562,11,100,4.7008643
1984,96,2013,29,2128237.775342466,12,110.875,5.2097092
1984,97,2014,30,2129239.5,1,130.29166,6.119164
1984,98,2014,30,2130926.706849315,2,95.5,4.4816184
1984,99,2014,30,2132450.635616438,3,121.08334,5.6781306
1984,100,2014,30,2134137.842465754,4,98.875,4.6330185
1984,101,2014,30,2135770.623287671,5,125.25,5.8643937
1984,102,2014,30,2137457.830136986,6,93.333328,4.3665576
1984,103,2014,30,2139090.610958904,7,122.08333,5.7072539
1984,104,2014,30,2140777.817808219,8,118.5,5.5353713
1984,105,2014,30,2142465.024657534,9,122.625,5.7235475
1984,106,2014,30,2144097.805479452,10,120.375,5.6142497
1984,107,2014,30,2145785.012328767,11,134.375,6.2622771
1984,108,2014,30,2147417.793150685,12,109,5.0758638
1984,109,2015,31,2149105,1,128.70833,5.9889269
1984,110,2015,31,2150996.891780822,2,120.5,5.6020536
1984,111,2015,31,2152705.697260274,3,129.58334,6.019557
1984,112,2015,31,2154597.589041096,4,129.58334,6.0142713
1984,113,2015,31,2156428.452054795,5,141.75,6.573369
1984,114,2015,31,2158320.343835616,6,134.04166,6.2104616
1984,115,2015,31,2160151.206849315,7,135.58334,6.2765675
1984,116,2015,31,2162043.098630137,8,142.625,6.5967693
1984,117,2015,31,2163934.990410959,9,146.54167,6.7719998
1984,118,2015,31,2165765.853424658,10,137.08333,6.3295546
1984,119,2015,31,2167657.74520548,11,152.5,7.0352435
1984,120,2015,31,2169488.608219178,12,134.625,6.2053795
1984,121,2016,32,2171380.5,1,167.875,7.7312565
1984,122,2016,32,2172720.445355191,2,146,6.7196865
1984,123,2016,32,2173973.942622951,3,166.08334,7.6396198
1984,124,2016,32,2175313.887978142,4,154.70834,7.1120009
1984,125,2016,32,2176610.609289617,5,158.25,7.2704782
1984,126,2016,32,2177950.554644809,6,151.91666,6.9752116
1984,127,2016,32,2179247.275956284,7,187.29167,8.5943289
1984,128,2016,32,2180587.221311475,8,173.875,7.9737697
1984,129,2016,32,2181927.166666667,9,150.16667,6.8822951
1984,130,2016,32,2183223.887978142,10,175.70834,8.0481138
1984,131,2016,32,2184563.833333333,11,154,7.0494623
1984,132,2016,32,2185860.554644809,12,191.79167,8.7741957
1984,133,2017,33,2187200.5,1,184.62498,8.4411554
1984,134,2017,33,2187971.763013699,2,169.125,7.7297616
1984,135,2017,33,2188668.387671233,3,186.08333,8.5021257
1984,136,2017,33,2189439.650684932,4,169.875,7.7588344
1984,137,2017,33,2190186.034246576,5,173.625,7.9274087
1984,138,2017,33,2190957.297260274,6,179.25,8.1813555
1984,139,2017,33,2191703.680821918,7,175.95834,8.0283823
1984,140,2017,33,2192474.943835617,8,185.625,8.4664593
1984,141,2017,33,2193246.206849315,9,153.58334,7.0025582
1984,142,2017,33,2193992.590410959,10,162.54166,7.4084868
1984,143,2017,33,2194763.853424658,11,175.375,7.9906092
1984,144,2017,33,2195510.236986301,12,169.95834,7.7411776
1984,145,2018,34,2196281.5,1,205.79166,9.3700037
1984,146,2018,34,2196168.41369863,2,186,8.4692955
1984,147,2018,34,2196066.271232876,3,174.58334,7.9498215
1984,148,2018,34,2195953.184931506,4,173.20834,7.8876157
1984,149,2018,34,2195843.746575342,5,191.375,8.7153282
1984,150,2018,34,2195730.660273972,6,165.08333,7.5183778
1984,151,2018,34,2195621.221917808,7,182.29166,8.3025093
1984,152,2018,34,2195508.135616438,8,176.75,8.0505285
1984,153,2018,34,2195395.049315068,9,153.20834,6.9786229
1984,154,2018,34,2195285.610958904,10,168.29166,7.6660485
1984,155,2018,34,2195172.524657534,11,189.875,8.649662
1984,156,2018,34,2195063.08630137,12,182.70834,8.3236036
1984,157,2019,35,2194950,1,199.20833,9.075757
1984,158,2019,35,2195309.684931507,2,170.25,7.7551699
1984,159,2019,35,2195634.561643836,3,194.16666,8.8433046
1984,160,2019,35,2195994.246575342,4,194.58334,8.8608313
1984,161,2019,35,2196342.328767123,5,165,7.5124903
1984,162,2019,35,2196702.01369863,6,188.08333,8.5620775
1984,163,2019,35,2197050.095890411,7,200.625,9.1315622
1984,164,2019,35,2197409.780821918,8,186.5,8.4872656
1984,165,2019,35,2197769.465753425,9,181.83333,8.2735395
1984,166,2019,35,2198117.547945206,10,198.04167,9.0096035
1984,167,2019,35,2198477.232876712,11,179.75,8.1761141
1984,168,2019,35,2198825.315068493,12,197.95833,9.0029125
1984,169,2020,36,2199185,1,230.70833,10.490628
1984,170,2020,36,2199200.711748634,2,189.125,8.5997152
1984,171,2020,36,2199215.409836065,3,221.04167,10.050933
1984,172,2020,36,2199231.121584699,4,249.00002,11.32214
1984,173,2020,36,2199246.326502732,5,252.625,11.48689
1984,174,2020,36,2199262.038251366,6,244.41666,11.113576
1984,175,2020,36,2199277.243169399,7,263.83334,11.996366
1984,176,2020,36,2199292.954918033,8,271.875,12.361927
1984,177,2020,36,2199308.666666667,9,243.375,11.065977
1984,178,2020,36,2199323.871584699,10,248.45834,11.297033
1984,179,2020,36,2199339.583333333,11,230.875,10.497469
1984,180,2020,36,2199354.788251366,12,261.95834,11.91069
1984,181,2021,37,2199370.5,1,311.41666,14.159354
1984,182,2021,37,2199768.361643835,2,250.875,11.40461
1984,183,2021,37,2200127.720547945,3,283.70834,12.895085
1984,184,2021,37,2200525.582191781,4,265.25,12.053939
1984,185,2021,37,2200910.609589041,5,282.5,12.835596
1984,186,2021,37,2201308.471232877,6,257.875,11.714623
1984,187,2021,37,2201693.498630137,7,292.875,13.30226
1984,188,2021,37,2202091.360273973,8,382.125,17.352821
1984,189,2021,37,2202489.221917808,9,383.5,17.412117
1984,190,2021,37,2202874.249315069,10,327.58334,14.870724
1984,191,2021,37,2203272.110958904,11,267.25,12.129686
1984,192,2021,37,2203657.138356164,12,324.79169,14.738758
1985,1,2006,21,2065255,1,75.375,3.6496704
1985,2,2006,21,2065372.163013699,2,70.875,3.4315848
1985,3,2006,21,2065477.987671233,3,90.083328,4.3613791
1985,4,2006,21,2065595.150684932,4,73.958336,3.5804856
1985,5,2006,21,2065708.534246575,5,102.25,4.9498754
1985,6,2006,21,2065825.697260274,6,82.75,4.0056624
1985,7,2006,21,2065939.080821918,7,94.833328,4.5903254
1985,8,2006,21,2066056.243835616,8,91.25,4.4166269
1985,9,2006,21,2066173.406849315,9,72.125,3.4907525
1985,10,2006,21,2066286.790410959,10,95.916672,4.6419826
1985,11,2006,21,2066403.953424657,11,73,3.5327072
1985,12,2006,21,2066517.336986301,12,64.166672,3.1050632
1985,13,2007,22,2066634.5,1,75.999992,3.6774762
1985,14,2007,22,2066534.238356164,2,74.5,3.6050696
1985,15,2007,22,2066443.679452055,3,93.125,4.5065346
1985,16,2007,22,2066343.417808219,4,70.458336,3.4098077
1985,17,2007,22,2066246.390410959,5,78.5,3.7991598
1985,18,2007,22,2066146.128767123,6,91.791664,4.4426513
1985,19,2007,22,2066049.101369863,7,90.625,4.3863912
1985,20,2007,22,2065948.839726028,8,73.875,3.5758388
1985,21,2007,22,2065848.578082192,9,88.125,4.2658014
1985,22,2007,22,2065751.550684932,10,85.208336,4.1248102
1985,23,2007,22,2065651.289041096,11,83,4.0181031
1985,24,2007,22,2065554.261643836,12,75.041672,3.6330042
1985,25,2008,23,2065454,1,82.5,3.9942791
1985,26,2008,23,2066286.214480874,2,86.625,4.1923041
1985,27,2008,23,2067064.737704918,3,99.208328,4.7994785
1985,28,2008,23,2067896.952185792,4,80.25,3.8807542
1985,29,2008,23,2068702.321038251,5,88.625,4.2840867
1985,30,2008,23,2069534.535519126,6,82.125,3.9682837
1985,31,2008,23,2070339.904371585,7,74.75,3.6105182
1985,32,2008,23,2071172.118852459,8,87.75,4.2367315
1985,33,2008,23,2072004.333333333,9,68.458336,3.3039668
1985,34,2008,23,2072809.702185792,10,70.458328,3.3991702
1985,35,2008,23,2073641.916666667,11,69.25,3.339535
1985,36,2008,23,2074447.285519126,12,76.541664,3.6897378
1985,37,2009,24,2075279.5,1,81.333336,3.9191508
1985,38,2009,24,2077083.063013698,2,90.875,4.3751259
1985,39,2009,24,2078712.087671233,3,85.541664,4.115128
1985,40,2009,24,2080515.650684931,4,85.125,4.0915337
1985,41,2009,24,2082261.034246575,5,95.125,4.5683513
1985,42,2009,24,2084064.597260274,6,89.666664,4.3024898
1985,43,2009,24,2085809.980821918,7,85.916672,4.1191034
1985,44,2009,24,2087613.543835616,8,99.125,4.7482448
1985,45,2009,24,2089417.106849315,9,85.333328,4.0840735
1985,46,2009,24,2091162.490410959,10,80.958336,3.8714511
1985,47,2009,24,2092966.053424658,11,82.75,3.9537191
1985,48,2009,24,2094711.436986301,12,91.875,4.3860455
1985,49,2010,25,2096515,1,103.58333,4.9407387
1985,50,2010,25,2097637.752054795,2,88.125,4.2011542
1985,51,2010,25,2098651.850684932,3,92.125,4.3897228
1985,52,2010,25,2099774.602739726,4,90.125,4.2921271
1985,53,2010,25,2100861.136986301,5,84.625,4.02811
1985,54,2010,25,2101983.889041096,6,75.208328,3.5779688
1985,55,2010,25,2103070.423287672,7,82.375,3.9168921
1985,56,2010,25,2104193.175342466,8,85,4.0395532
1985,57,2010,25,2105315.92739726,9,88.083336,4.1838536
1985,58,2010,25,2106402.461643836,10,94.208328,4.4724751
1985,59,2010,25,2107525.21369863,11,96,4.5551057
1985,60,2010,25,2108611.747945206,12,89.666664,4.2524028
1985,61,2011,26,2109734.5,1,94.916664,4.4989862
1985,62,2011,26,2110854.916438356,2,88.375,4.1866922
1985,63,2011,26,2111866.905479452,3,97.583336,4.6207142
1985,64,2011,26,2112987.321917808,4,103.62501,4.9041944
1985,65,2011,26,2114071.595890411,5,98.375,4.6533427
1985,66,2011,26,2115192.012328767,6,93.708328,4.4302516
1985,67,2011,26,2116276.28630137,7,96.041664,4.5382385
1985,68,2011,26,2117396.702739726,8,89.125,4.209178
1985,69,2011,26,2118517.119178082,9,95.166664,4.4921355
1985,70,2011,26,2119601.393150685,10,92.25,4.3522334
1985,71,2011,26,2120721.809589041,11,86.75,4.0905886
1985,72,2011,26,2121806.083561644,12,90.75,4.2770166
1985,73,2012,27,2122926.5,1,103.66666,4.8831959
1985,74,2012,27,2123871.661202186,2,84.5,3.9785831
1985,75,2012,27,2124755.844262295,3,82.666672,3.8906434
1985,76,2012,27,2125701.005464481,4,96.666672,4.5475197
1985,77,2012,27,2126615.677595628,5,96.875,4.5553598
1985,78,2012,27,2127560.838797814,6,93.083328,4.3751197
1985,79,2012,27,2128475.510928962,7,110.66667,5.1993399
1985,80,2012,27,2129420.672131148,8,99.25,4.660892
1985,81,2012,27,2130365.833333333,9,85.583336,4.0173068
1985,82,2012,27,2131280.505464481,10,98.541672,4.62359
1985,83,2012,27,2132225.666666667,11,97.75,4.5844116
1985,84,2012,27,2133140.338797814,12,97.333328,4.5629125
1985,85,2013,28,2134085.5,1,115.20833,5.3984871
1985,86,2013,28,2134900.969863014,2,92.5,4.3327537
1985,87,2013,28,2135637.523287671,3,106.08334,4.9672914
1985,88,2013,28,2136452.993150685,4,107.95834,5.0531573
1985,89,2013,28,2137242.157534246,5,106.75,4.9947548
1985,90,2013,28,2138057.62739726,6,101.25,4.7356067
1985,91,2013,28,2138846.791780822,7,107.83333,5.0416574
1985,92,2013,28,2139662.261643835,8,111.5,5.211103
1985,93,2013,28,2140477.731506849,9,92.083336,4.3019991
1985,94,2013,28,2141266.895890411,10,100.58334,4.6973748
1985,95,2013,28,2142082.365753425,11,99,4.6216712
1985,96,2013,28,2142871.530136986,12,103.33333,4.8221898
1985,97,2014,29,2143687,1,136.62498,6.3733644
1985,98,2014,29,2144827.332876712,2,112,5.2218657
1985,99,2014,29,2145857.310958904,3,124.20833,5.7882848
1985,100,2014,29,2146997.643835616,4,102.45834,4.7721682
1985,101,2014,29,2148101.191780822,5,109,5.0742488
1985,102,2014,29,2149241.524657534,6,98.166664,4.5675025
1985,103,2014,29,2150345.07260274,7,108.91666,5.0650783
1985,104,2014,29,2151485.405479452,8,116.625,5.4206734
1985,105,2014,29,2152625.738356164,9,118.5,5.5049047
1985,106,2014,29,2153729.28630137,10,108.33333,5.0300345
1985,107,2014,29,2154869.619178082,11,102,4.7334652
1985,108,2014,29,2155973.167123287,12,129.08333,5.9872417
1985,109,2015,30,2157113.5,1,144.33333,6.69104
1985,110,2015,30,2158967.087671233,2,104.875,4.8576469
1985,111,2015,30,2160641.295890411,3,128.625,5.9530935
1985,112,2015,30,2162494.883561644,4,127.5,5.8959675
1985,113,2015,30,2164288.678082192,5,133.75,6.1798596
1985,114,2015,30,2166142.265753425,6,118.75,5.4820962
1985,115,2015,30,2167936.060273972,7,128.29166,5.9176865
1985,116,2015,30,2169789.647945206,8,132.5,6.1065826
1985,117,2015,30,2171643.235616438,9,134.625,6.1992226
1985,118,2015,30,2173437.030136987,10,116.79167,5.3735933
1985,119,2015,30,2175290.617808219,11,132.375,6.0853939
1985,120,2015,30,2177084.412328767,12,107.20833,4.9243994
1985,121,2016,31,2178938,1,141.20833,6.4806032
1985,122,2016,31,2180891.296448087,2,139.5,6.3964672
1985,123,2016,31,2182718.573770492,3,150.20834,6.8817091
1985,124,2016,31,2184671.87021858,4,137.58334,6.2976661
1985,125,2016,31,2186562.157103825,5,145,6.6314144
1985,126,2016,31,2188515.453551913,6,149.625,6.8368263
1985,127,2016,31,2190405.740437158,7,177.75,8.1149349
1985,128,2016,31,2192359.036885246,8,155.875,7.109921
1985,129,2016,31,2194312.333333333,9,161.04166,7.3390489
1985,130,2016,31,2196202.62021858,10,154.79166,7.0481501
1985,131,2016,31,2198155.916666667,11,154,7.0058722
1985,132,2016,31,2200046.203551913,12,144.08333,6.5491047
1985,133,2017,32,2201999.5,1,175.33333,7.96246
1985,134,2017,32,2203165.991780822,2,153.875,6.9842672
1985,135,2017,32,2204219.597260274,3,174.79167,7.9298663
1985,136,2017,32,2205386.089041096,4,182,8.2525234
1985,137,2017,32,2206514.952054795,5,154.25,6.9906621
1985,138,2017,32,2207681.443835617,6,165.45833,7.4946651
1985,139,2017,32,2208810.306849315,7,158.625,7.1814675
1985,140,2017,32,2209976.798630137,8,179.5,8.1222572
1985,141,2017,32,2211143.290410959,9,166.54166,7.5319252
1985,142,2017,32,2212272.153424658,10,162.16667,7.3303218
1985,143,2017,32,2213438.64520548,11,155.75,7.0365629
1985,144,2017,32,2214567.508219178,12,172.79166,7.8025012
1985,145,2018,33,2215734,1,223.04166,10.066265
1985,146,2018,33,2216364.956164383,2,186.25,8.4033995
1985,147,2018,33,2216934.852054794,3,171.75,7.7471828
1985,148,2018,33,2217565.808219178,4,162.83334,7.3428864
1985,149,2018,33,2218176.410958904,5,187.375,8.4472542
1985,150,2018,33,2218807.367123288,6,181.58333,8.1838255
1985,151,2018,33,2219417.969863014,7,173.5,7.8173647
1985,152,2018,33,2220048.926027397,8,172.25,7.7588382
1985,153,2018,33,2220679.882191781,9,159.20833,7.1693506
1985,154,2018,33,2221290.484931507,10,164.95834,7.426239
1985,155,2018,33,2221921.44109589,11,155,6.975944
1985,156,2018,33,2222532.043835616,12,169.58333,7.6301861
1985,157,2019,34,2223163,1,180.5,8.1190624
1985,158,2019,34,2222812.912328767,2,176.375,7.9347658
1985,159,2019,34,2222496.704109589,3,188.5,8.481452
1985,160,2019,34,2222146.616438356,4,184.54167,8.3046579
1985,161,2019,34,2221807.821917808,5,182.625,8.2196579
1985,162,2019,34,2221457.734246575,6,200.29166,9.0162268
1985,163,2019,34,2221118.939726027,7,202.54166,9.1189022
1985,164,2019,34,2220768.852054794,8,189.625,8.5387096
1985,165,2019,34,2220418.764383561,9,185.29167,8.3448973
1985,166,2019,34,2220079.969863013,10,202.54166,9.1231689
1985,167,2019,34,2219729.88219178,11,207.75,9.3592472
1985,168,2019,34,2219391.087671233,12,166.33334,7.4945488
1985,169,2020,35,2219041,1,223.41666,10.068163
1985,170,2020,35,2219090.718579235,2,178.5,8.0438356
1985,171,2020,35,2219137.229508197,3,233.16667,10.507087
1985,172,2020,35,2219186.948087432,4,239.37502,10.786609
1985,173,2020,35,2219235.06284153,5,233.125,10.504745
1985,174,2020,35,2219284.781420765,6,235.79166,10.624669
1985,175,2020,35,2219332.896174863,7,253.33333,11.414842
1985,176,2020,35,2219382.614754098,8,242.5,10.926462
1985,177,2020,35,2219432.333333333,9,230.41666,10.381783
1985,178,2020,35,2219480.448087432,10,228.54166,10.297079
1985,179,2020,35,2219530.166666667,11,242.875,10.942631
1985,180,2020,35,2219578.281420765,12,250.45833,11.28405
1985,181,2021,36,2219628,1,320.91666,14.458128
1985,182,2021,36,2220107.947945205,2,251.125,11.311387
1985,183,2021,36,2220541.449315068,3,292.33334,13.164958
1985,184,2021,36,2221021.397260274,4,242.25,10.907144
1985,185,2021,36,2221485.863013699,5,252.375,11.36064
1985,186,2021,36,2221965.810958904,6,248.875,11.200667
1985,187,2021,36,2222430.276712329,7,273.375,12.300723
1985,188,2021,36,2222910.224657534,8,363,16.329945
1985,189,2021,36,2223390.17260274,9,359.45834,16.167128
1985,190,2021,36,2223854.638356164,10,327.75,14.737924
1985,191,2021,36,2224334.58630137,11,277.75,12.48688
1985,192,2021,36,2224799.052054795,12,278,12.49551
1986,1,2006,20,2068901.5,1,84.25,4.0722094
1986,2,2006,20,2068986.68630137,2,56.875,2.7489302
1986,3,2006,20,2069063.628767123,3,79.208336,3.8282213
1986,4,2006,20,2069148.815068493,4,74.25,3.5884321
1986,5,2006,20,2069231.253424658,5,90.75,4.3856869
1986,6,2006,20,2069316.439726027,6,76.208328,3.6827779
1986,7,2006,20,2069398.878082192,7,84.166672,4.067204
1986,8,2006,20,2069484.064383562,8,84.125,4.0650229
1986,9,2006,20,2069569.250684932,9,72.375,3.4971046
1986,10,2006,20,2069651.689041096,10,91.666664,4.4290867
1986,11,2006,20,2069736.875342466,11,87.75,4.2396693
1986,12,2006,20,2069819.31369863,12,75.458328,3.645648
1986,13,2007,21,2069904.5,1,76.541664,3.6978354
1986,14,2007,21,2069823.730136986,2,94.625,4.5716453
1986,15,2007,21,2069750.776712329,3,86.208336,4.1651554
1986,16,2007,21,2069670.006849315,4,85.166672,4.1149879
1986,17,2007,21,2069591.842465754,5,74.25,3.5876639
1986,18,2007,21,2069511.07260274,6,92.125,4.4515347
1986,19,2007,21,2069432.908219178,7,84.416664,4.0792174
1986,20,2007,21,2069352.138356165,8,78.875,3.8115795
1986,21,2007,21,2069271.368493151,9,64.208336,3.1029441
1986,22,2007,21,2069193.204109589,10,73.916672,3.5722461
1986,23,2007,21,2069112.434246575,11,78.5,3.7938972
1986,24,2007,21,2069034.269863014,12,72.125,3.4859259
1986,25,2008,22,2068953.5,1,71.958328,3.4780061
1986,26,2008,22,2068591.918032787,2,78.375,3.7888091
1986,27,2008,22,2068253.663934426,3,96.041672,4.6436119
1986,28,2008,22,2067892.081967213,4,87.166664,4.2152424
1986,29,2008,22,2067542.163934426,5,75.375,3.645633
1986,30,2008,22,2067180.581967213,6,85.166664,4.1199431
1986,31,2008,22,2066830.663934426,7,75.958328,3.6751113
1986,32,2008,22,2066469.081967213,8,84.5,4.0891008
1986,33,2008,22,2066107.5,9,69.125,3.3456633
1986,34,2008,22,2065757.581967213,10,72.958336,3.5317957
1986,35,2008,22,2065396,11,67.375,3.2620864
1986,36,2008,22,2065046.081967213,12,87.5,4.2371936
1986,37,2009,23,2064684.5,1,88.041664,4.2641702
1986,38,2009,23,2065439.710958904,2,76,3.6796038
1986,39,2009,23,2066121.836986301,3,77.708336,3.7610724
1986,40,2009,23,2066877.047945205,4,65.125,3.1508889
1986,41,2009,23,2067607.897260274,5,92.75,4.4858603
1986,42,2009,23,2068363.108219178,6,75.958328,3.6723886
1986,43,2009,23,2069093.957534247,7,92.583336,4.4745836
1986,44,2009,23,2069849.168493151,8,85.5,4.1307359
1986,45,2009,23,2070604.379452055,9,84.416672,4.0769095
1986,46,2009,23,2071335.228767123,10,82.791672,3.9970195
1986,47,2009,23,2072090.439726027,11,91.875,4.433928
1986,48,2009,23,2072821.289041096,12,74.75,3.6061962
1986,49,2010,24,2073576.5,1,93.083328,4.4890232
1986,50,2010,24,2074750.423287671,2,75,3.6148927
1986,51,2010,24,2075810.74109589,3,82.291672,3.9643147
1986,52,2010,24,2076984.664383562,4,96.541672,4.6481647
1986,53,2010,24,2078120.719178082,5,94.75,4.5594077
1986,54,2010,24,2079294.642465753,6,74.416664,3.578938
1986,55,2010,24,2080430.697260274,7,84.791672,4.0756788
1986,56,2010,24,2081604.620547945,8,82,3.9392688
1986,57,2010,24,2082778.543835616,9,78.333336,3.7610016
1986,58,2010,24,2083914.598630137,10,91.083336,4.3707805
1986,59,2010,24,2085088.521917808,11,77.625,3.7228634
1986,60,2010,24,2086224.576712329,12,75.583336,3.6229722
1986,61,2011,25,2087398.5,1,92.166664,4.4153843
1986,62,2011,25,2088469.783561644,2,83.875,4.0160985
1986,63,2011,25,2089437.394520548,3,95.583328,4.5745964
1986,64,2011,25,2090508.678082192,4,88.333328,4.2254467
1986,65,2011,25,2091545.404109589,5,94.625,4.5241666
1986,66,2011,25,2092616.687671233,6,97.125,4.6413183
1986,67,2011,25,2093653.41369863,7,85.041672,4.0618792
1986,68,2011,25,2094724.697260274,8,99.25,4.7380929
1986,69,2011,25,2095795.980821918,9,85.5,4.0795956
1986,70,2011,25,2096832.706849315,10,72.791672,3.4715059
1986,71,2011,25,2097903.990410959,11,61.5,2.9314973
1986,72,2011,25,2098940.716438356,12,90,4.2878771
1986,73,2012,26,2100012,1,95.375,4.5416408
1986,74,2012,26,2101168.401639344,2,81,3.8549981
1986,75,2012,26,2102250.196721312,3,105.08333,4.9986119
1986,76,2012,26,2103406.598360656,4,86.916672,4.1321859
1986,77,2012,26,2104525.696721312,5,93,4.4190478
1986,78,2012,26,2105682.098360656,6,103.625,4.9212084
1986,79,2012,26,2106801.196721312,7,99.416664,4.7188439
1986,80,2012,26,2107957.598360656,8,83.375,3.9552503
1986,81,2012,26,2109114,9,87.125,4.1308813
1986,82,2012,26,2110233.098360656,10,89.458336,4.2392631
1986,83,2012,26,2111389.5,11,74.375,3.5225618
1986,84,2012,26,2112508.598360656,12,118.08334,5.5897207
1986,85,2013,27,2113665,1,118.83334,5.6221461
1986,86,2013,27,2114738.704109589,2,107,5.0597267
1986,87,2013,27,2115708.501369863,3,114,5.3882661
1986,88,2013,27,2116782.205479452,4,99.791672,4.7143097
1986,89,2013,27,2117821.273972603,5,93,4.3913054
1986,90,2013,27,2118894.978082192,6,100.29166,4.7332058
1986,91,2013,27,2119934.046575342,7,97.166672,4.5834761
1986,92,2013,27,2121007.750684931,8,95.5,4.5025768
1986,93,2013,27,2122081.454794521,9,99.333328,4.6809387
1986,94,2013,27,2123120.523287671,10,102.58334,4.8317246
1986,95,2013,27,2124194.22739726,11,92,4.3310542
1986,96,2013,27,2125233.295890411,12,109.70834,5.1621785
1986,97,2014,28,2126307,1,127.5,5.9963121
1986,98,2014,28,2127206.25479452,2,103.375,4.8596606
1986,99,2014,28,2128018.484931507,3,108.08334,5.0790601
1986,100,2014,28,2128917.739726027,4,106.875,5.0201564
1986,101,2014,28,2129787.98630137,5,101.875,4.78334
1986,102,2014,28,2130687.24109589,6,101.66666,4.7715435
1986,103,2014,28,2131557.487671233,7,101.33334,4.7539573
1986,104,2014,28,2132456.742465753,8,94.75,4.4432321
1986,105,2014,28,2133355.997260274,9,102.95833,4.8261204
1986,106,2014,28,2134226.243835616,10,105,4.919816
1986,107,2014,28,2135125.498630137,11,86.5,4.0512843
1986,108,2014,28,2135995.74520548,12,112.75,5.2785687
1986,109,2015,29,2136895,1,129,6.0367966
1986,110,2015,29,2138067.776712329,2,117.125,5.4780769
1986,111,2015,29,2139127.05890411,3,131.41667,6.1434722
1986,112,2015,29,2140299.835616438,4,114.625,5.3555579
1986,113,2015,29,2141434.780821918,5,127.5,5.9539518
1986,114,2015,29,2142607.557534247,6,106.25,4.9589109
1986,115,2015,29,2143742.502739726,7,127.625,5.9533734
1986,116,2015,29,2144915.279452055,8,121.75,5.6762147
1986,117,2015,29,2146088.056164383,9,122.08333,5.6886449
1986,118,2015,29,2147223.001369863,10,119.91667,5.584733
1986,119,2015,29,2148395.778082192,11,103.625,4.8233662
1986,120,2015,29,2149530.723287671,12,113.66667,5.2879763
1986,121,2016,30,2150703.5,1,123.125,5.7248712
1986,122,2016,30,2152599.116120218,2,139,6.4573102
1986,123,2016,30,2154372.434426229,3,130.33333,6.0497122
1986,124,2016,30,2156268.050546448,4,136.08334,6.3110585
1986,125,2016,30,2158102.517759563,5,135.875,6.2960401
1986,126,2016,30,2159998.133879782,6,144.95833,6.7110395
1986,127,2016,30,2161832.601092896,7,139.45834,6.4509315
1986,128,2016,30,2163728.217213115,8,133,6.1467977
1986,129,2016,30,2165623.833333333,9,144.04167,6.6512785
1986,130,2016,30,2167458.300546448,10,134.95833,6.2265711
1986,131,2016,30,2169353.916666667,11,155.75,7.1795568
1986,132,2016,30,2171188.383879782,12,147.75,6.8050289
1986,133,2017,31,2173084,1,160.45833,7.3838992
1986,134,2017,31,2174945.995890411,2,139.75,6.425447
1986,135,2017,31,2176627.798630137,3,173.58333,7.974874
1986,136,2017,31,2178489.794520548,4,158,7.2527308
1986,137,2017,31,2180291.726027397,5,149.5,6.8568807
1986,138,2017,31,2182153.721917808,6,151.16666,6.9274063
1986,139,2017,31,2183955.653424658,7,146.29166,6.698472
1986,140,2017,31,2185817.649315068,8,153.875,7.0396996
1986,141,2017,31,2187679.64520548,9,155.875,7.1251292
1986,142,2017,31,2189481.576712329,10,149.54166,6.8300028
1986,143,2017,31,2191343.57260274,11,146,6.6625791
1986,144,2017,31,2193145.504109589,12,137.54167,6.2714338
1986,145,2018,32,2195007.5,1,199.75,9.1001968
1986,146,2018,32,2196083.412328767,2,183.75,8.3671684
1986,147,2018,32,2197055.204109589,3,168.875,7.6864252
1986,148,2018,32,2198131.116438356,4,156.20834,7.1064162
1986,149,2018,32,2199172.321917808,5,176.375,8.0200624
1986,150,2018,32,2200248.234246575,6,172.79166,7.8532801
1986,151,2018,32,2201289.439726027,7,156.625,7.1151481
1986,152,2018,32,2202365.352054794,8,151.25,6.8676162
1986,153,2018,32,2203441.264383561,9,165.83334,7.5261068
1986,154,2018,32,2204482.469863013,10,169.16667,7.673759
1986,155,2018,32,2205558.382191781,11,142.125,6.4439464
1986,156,2018,32,2206599.587671233,12,154.625,7.0073881
1986,157,2019,33,2207675.5,1,169,7.6551104
1986,158,2019,33,2208382.17260274,2,156.625,7.0922961
1986,159,2019,33,2209020.457534247,3,175.66667,7.9522429
1986,160,2019,33,2209727.130136986,4,190.41669,8.6172037
1986,161,2019,33,2210411.006849315,5,182.125,8.239418
1986,162,2019,33,2211117.679452055,6,197.66666,8.9396715
1986,163,2019,33,2211801.556164383,7,179.16666,8.1004848
1986,164,2019,33,2212508.228767123,8,184.125,8.3220034
1986,165,2019,33,2213214.901369863,9,162.95833,7.3629689
1986,166,2019,33,2213898.778082192,10,185,8.3562994
1986,167,2019,33,2214605.450684932,11,163.875,7.3997378
1986,168,2019,33,2215289.32739726,12,183.20833,8.2701759
1986,169,2020,34,2215996,1,209.66667,9.4615097
1986,170,2020,34,2216087.771857923,2,198.5,8.9572268
1986,171,2020,34,2216173.622950819,3,198.25,8.9455986
1986,172,2020,34,2216265.394808743,4,220.37502,9.9435301
1986,173,2020,34,2216354.206284153,5,232,10.467641
1986,174,2020,34,2216445.978142076,6,227.875,10.281098
1986,175,2020,34,2216534.789617486,7,231.375,10.438591
1986,176,2020,34,2216626.56147541,8,247.25,11.154337
1986,177,2020,34,2216718.333333333,9,215.5,9.7215776
1986,178,2020,34,2216807.144808743,10,197.29167,8.8998117
1986,179,2020,34,2216898.916666667,11,236.25,10.656778
1986,180,2020,34,2216987.728142076,12,230.83333,10.412025
1986,181,2021,35,2217079.5,1,316.24997,14.264259
1986,182,2021,35,2217624.675342466,2,257,11.588977
1986,183,2021,35,2218117.091780822,3,280.79169,12.659011
1986,184,2021,35,2218662.267123288,4,240.04167,10.819207
1986,185,2021,35,2219189.856164384,5,238.375,10.741532
1986,186,2021,35,2219735.031506849,6,233,10.496748
1986,187,2021,35,2220262.620547945,7,269.83334,12.153217
1986,188,2021,35,2220807.795890411,8,321.875,14.4936
1986,189,2021,35,2221352.971232877,9,355.95834,16.024393
1986,190,2021,35,2221880.560273972,10,290.20831,13.061382
1986,191,2021,35,2222425.735616438,11,242.375,10.905876
1986,192,2021,35,2222953.324657534,12,288.45831,12.976355
1987,1,2006,19,2081585,1,89.041664,4.2775898
1987,2,2006,19,2082253.071232877,2,67.25,3.2296746
1987,3,2006,19,2082856.490410959,3,79.375,3.8108723
1987,4,2006,19,2083524.561643836,4,81.75,3.9236398
1987,5,2006,19,2084171.082191781,5,80.875,3.8804395
1987,6,2006,19,2084839.153424657,6,77.708328,3.7273057
1987,7,2006,19,2085485.673972603,7,80.041664,3.8380346
1987,8,2006,19,2086153.745205479,8,76.125,3.64906
1987,9,2006,19,2086821.816438356,9,70.75,3.3903229
1987,10,2006,19,2087468.336986301,10,77.333336,3.7046471
1987,11,2006,19,2088136.408219178,11,71.625,3.4300921
1987,12,2006,19,2088782.928767123,12,87.5,4.1890421
1987,13,2007,20,2089451,1,88.541664,4.2375565
1987,14,2007,20,2089300.161643836,2,64.625,3.0931411
1987,15,2007,20,2089163.920547945,3,85.541664,4.0945406
1987,16,2007,20,2089013.082191781,4,71.583336,3.4266582
1987,17,2007,20,2088867.109589041,5,70.125,3.3570828
1987,18,2007,20,2088716.271232877,6,95.166664,4.5562277
1987,19,2007,20,2088570.298630137,7,76.916672,3.6827428
1987,20,2007,20,2088419.460273973,8,86.75,4.1538591
1987,21,2007,20,2088268.621917808,9,71.708336,3.4338655
1987,22,2007,20,2088122.649315068,10,72.583336,3.4760091
1987,23,2007,20,2087971.810958904,11,75.375,3.6099625
1987,24,2007,20,2087825.838356164,12,73.916664,3.5403655
1987,25,2008,21,2087675,1,93.958328,4.5006204
1987,26,2008,21,2087332.729508197,2,86.75,4.1560216
1987,27,2008,21,2087012.540983607,3,77.458336,3.7114456
1987,28,2008,21,2086670.270491803,4,73.583336,3.5263519
1987,29,2008,21,2086339.040983607,5,70.25,3.3671422
1987,30,2008,21,2085996.770491803,6,79.791664,3.8251097
1987,31,2008,21,2085665.540983607,7,69.458328,3.3302717
1987,32,2008,21,2085323.270491803,8,86.75,4.1600266
1987,33,2008,21,2084981,9,74.25,3.5611835
1987,34,2008,21,2084649.770491803,10,80.333336,3.853565
1987,35,2008,21,2084307.5,11,67.875,3.2564774
1987,36,2008,21,2083976.270491803,12,72.666672,3.4869242
1987,37,2009,22,2083634,1,66.041664,3.1695426
1987,38,2009,22,2083483.501369863,2,74,3.551744
1987,39,2009,22,2083347.567123287,3,73.583328,3.5319755
1987,40,2009,22,2083197.06849315,4,63.875004,3.0662007
1987,41,2009,22,2083051.424657534,5,69.75,3.348453
1987,42,2009,22,2082900.926027397,6,81,3.8888071
1987,43,2009,22,2082755.282191781,7,92.5,4.4412322
1987,44,2009,22,2082604.783561644,8,78.625,3.7753203
1987,45,2009,22,2082454.284931507,9,88.541672,4.2517943
1987,46,2009,22,2082308.64109589,10,91.708336,4.4041662
1987,47,2009,22,2082158.142465753,11,77.25,3.7100928
1987,48,2009,22,2082012.498630137,12,64.416664,3.0939615
1987,49,2010,23,2081862,1,72.291664,3.4724522
1987,50,2010,23,2083066.41369863,2,75.125,3.606462
1987,51,2010,23,2084154.271232876,3,74.5,3.5745914
1987,52,2010,23,2085358.684931507,4,73.375,3.5185792
1987,53,2010,23,2086524.246575342,5,89.25,4.2774487
1987,54,2010,23,2087728.660273972,6,80.458328,3.853869
1987,55,2010,23,2088894.221917808,7,80.958328,3.8756547
1987,56,2010,23,2090098.635616438,8,77,3.6840367
1987,57,2010,23,2091303.049315068,9,80.958328,3.8711905
1987,58,2010,23,2092468.610958904,10,84.25,4.0263448
1987,59,2010,23,2093673.024657534,11,68,3.2478807
1987,60,2010,23,2094838.58630137,12,83.625,3.9919543
1987,61,2011,24,2096043,1,73.374992,3.5006435
1987,62,2011,24,2097141.461643836,2,83,3.9577682
1987,63,2011,24,2098133.620547945,3,89.833336,4.2815833
1987,64,2011,24,2099232.082191781,4,76.708336,3.654114
1987,65,2011,24,2100295.109589041,5,84.625,4.0291958
1987,66,2011,24,2101393.571232877,6,82.583328,3.9299314
1987,67,2011,24,2102456.598630137,7,88.125,4.1915255
1987,68,2011,24,2103555.060273973,8,99.75,4.7419724
1987,69,2011,24,2104653.521917808,9,82.708328,3.9297836
1987,70,2011,24,2105716.549315068,10,93.333336,4.4323788
1987,71,2011,24,2106815.010958904,11,85.125,4.0404592
1987,72,2011,24,2107878.038356164,12,68.916664,3.2694807
1987,73,2012,25,2108976.5,1,81.291664,3.8545551
1987,74,2012,25,2110005.93715847,2,80.75,3.8270035
1987,75,2012,25,2110968.959016393,3,93.583336,4.4331932
1987,76,2012,25,2111998.396174863,4,82.541672,3.908226
1987,77,2012,25,2112994.62568306,5,90.875,4.3007684
1987,78,2012,25,2114024.06284153,6,98.333328,4.6514764
1987,79,2012,25,2115020.292349727,7,84.333336,3.9873536
1987,80,2012,25,2116049.729508197,8,91.375,4.3181877
1987,81,2012,25,2117079.166666667,9,90.833328,4.2905021
1987,82,2012,25,2118075.396174863,10,84.833328,4.005208
1987,83,2012,25,2119104.833333333,11,92.875,4.3827467
1987,84,2012,25,2120101.06284153,12,94.083336,4.4376817
1987,85,2013,26,2121130.5,1,91.583328,4.3176661
1987,86,2013,26,2122437.468493151,2,84.25,3.9694927
1987,87,2013,26,2123617.956164384,3,112.75,5.3093352
1987,88,2013,26,2124924.924657534,4,88.5,4.1648531
1987,89,2013,26,2126189.732876712,5,92.625,4.3563843
1987,90,2013,26,2127496.701369863,6,103,4.8413706
1987,91,2013,26,2128761.509589041,7,95.208328,4.4724751
1987,92,2013,26,2130068.478082192,8,78.75,3.6970642
1987,93,2013,26,2131375.446575343,9,94.791664,4.4474411
1987,94,2013,26,2132640.25479452,10,84.791672,3.9759014
1987,95,2013,26,2133947.223287671,11,84.875,3.977371
1987,96,2013,26,2135212.031506849,12,99.458336,4.6580076
1987,97,2014,27,2136519,1,116.08333,5.4332924
1987,98,2014,27,2137721.67260274,2,91.75,4.2919526
1987,99,2014,27,2138807.957534247,3,112.45834,5.2579913
1987,100,2014,27,2140010.630136986,4,105.5,4.929882
1987,101,2014,27,2141174.506849315,5,92.25,4.308383
1987,102,2014,27,2142377.179452055,6,93.458328,4.3623657
1987,103,2014,27,2143541.056164383,7,112.58333,5.2522125
1987,104,2014,27,2144743.728767123,8,94.375,4.4002924
1987,105,2014,27,2145946.401369863,9,105.79166,4.9298372
1987,106,2014,27,2147110.278082192,10,108.95834,5.0746503
1987,107,2014,27,2148312.950684931,11,101.625,4.7304559
1987,108,2014,27,2149476.82739726,12,113.91667,5.2997394
1987,109,2015,28,2150679.5,1,128.5,5.9748559
1987,110,2015,28,2151556.757534247,2,110.125,5.1183867
1987,111,2015,28,2152349.119178082,3,127.375,5.9179525
1987,112,2015,28,2153226.376712329,4,106.33334,4.9383259
1987,113,2015,28,2154075.335616439,5,110.5,5.1298113
1987,114,2015,28,2154952.593150685,6,102.54166,4.7584186
1987,115,2015,28,2155801.552054795,7,109.5,5.0793171
1987,116,2015,28,2156678.809589041,8,118.625,5.5003552
1987,117,2015,28,2157556.067123288,9,109.5,5.0751867
1987,118,2015,28,2158405.026027397,10,128.33334,5.9457488
1987,119,2015,28,2159282.283561644,11,106.125,4.9148273
1987,120,2015,28,2160131.242465754,12,130.29167,6.0316553
1987,121,2016,29,2161008.5,1,125.75,5.8190422
1987,122,2016,29,2162090.069672131,2,114.125,5.2784572
1987,123,2016,29,2163101.860655738,3,125.875,5.8191895
1987,124,2016,29,2164183.430327869,4,124.04167,5.7315693
1987,125,2016,29,2165230.110655738,5,149.875,6.9218969
1987,126,2016,29,2166311.680327869,6,127.83333,5.9009666
1987,127,2016,29,2167358.360655738,7,136.125,6.2806873
1987,128,2016,29,2168439.930327869,8,124,5.7183967
1987,129,2016,29,2169521.5,9,130.75,6.0266747
1987,130,2016,29,2170568.180327869,10,131,6.0352859
1987,131,2016,29,2171649.75,11,122.75,5.6523848
1987,132,2016,29,2172696.430327869,12,150.875,6.9441361
1987,133,2017,30,2173778,1,169.04167,7.7764001
1987,134,2017,30,2175567.931506849,2,140.875,6.4753208
1987,135,2017,30,2177184.643835616,3,166.16667,7.6321812
1987,136,2017,30,2178974.575342466,4,135.75,6.2299948
1987,137,2017,30,2180706.767123288,5,148.25,6.7982545
1987,138,2017,30,2182496.698630137,6,145.33333,6.65904
1987,139,2017,30,2184228.890410959,7,130.45834,5.9727416
1987,140,2017,30,2186018.821917809,8,141.75,6.4843907
1987,141,2017,30,2187808.753424658,9,152.95833,6.991394
1987,142,2017,30,2189540.94520548,10,141.25,6.4511237
1987,143,2017,30,2191330.876712329,11,149.375,6.8166337
1987,144,2017,30,2193063.068493151,12,164.75,7.5123239
1987,145,2018,31,2194853,1,171.08333,7.7947512
1987,146,2018,31,2196728.797260274,2,152,6.9193792
1987,147,2018,31,2198423.065753425,3,171.20834,7.7877798
1987,148,2018,31,2200298.863013699,4,142.625,6.4820738
1987,149,2018,31,2202114.150684931,5,157.75,7.1635704
1987,150,2018,31,2203989.947945205,6,152.79166,6.9325023
1987,151,2018,31,2205805.235616438,7,154.04167,6.9834666
1987,152,2018,31,2207681.032876712,8,171.25,7.7570081
1987,153,2018,31,2209556.830136986,9,171.95834,7.7824812
1987,154,2018,31,2211372.117808219,10,176.33334,7.9739337
1987,155,2018,31,2213247.915068493,11,135.75,6.1335196
1987,156,2018,31,2215063.202739726,12,167.41667,7.5580993
1987,157,2019,32,2216939,1,168.83333,7.6156054
1987,158,2019,32,2217896.517808219,2,145.375,6.5546341
1987,159,2019,32,2218761.372602739,3,161.75,7.2901034
1987,160,2019,32,2219718.890410959,4,168.20834,7.5779119
1987,161,2019,32,2220645.520547945,5,166.875,7.5147066
1987,162,2019,32,2221603.038356164,6,163.625,7.3651772
1987,163,2019,32,2222529.668493151,7,157.375,7.0808954
1987,164,2019,32,2223487.18630137,8,185.125,8.3258858
1987,165,2019,32,2224444.704109589,9,149.58333,6.7245245
1987,166,2019,32,2225371.334246575,10,173.66667,7.8039412
1987,167,2019,32,2226328.852054794,11,169.25,7.6022015
1987,168,2019,32,2227255.482191781,12,193.58333,8.6915636
1987,169,2020,33,2228213,1,202,9.0655603
1987,170,2020,33,2228352.457650273,2,212.625,9.5418034
1987,171,2020,33,2228482.918032787,3,217,9.737566
1987,172,2020,33,2228622.37568306,4,220.50002,9.8940048
1987,173,2020,33,2228757.334699453,5,224.375,10.067269
1987,174,2020,33,2228896.792349727,6,224.83333,10.087202
1987,175,2020,33,2229031.75136612,7,240.125,10.772614
1987,176,2020,33,2229171.209016393,8,231.25,10.373811
1987,177,2020,33,2229310.666666667,9,198.54166,8.9059668
1987,178,2020,33,2229445.62568306,10,201.08333,9.0194321
1987,179,2020,33,2229585.083333333,11,211.375,9.480463
1987,180,2020,33,2229720.042349727,12,234.79167,10.530096
1987,181,2021,34,2229859.5,1,253.16666,11.35348
1987,182,2021,34,2230490.328767123,2,237.25,10.636675
1987,183,2021,34,2231060.109589041,3,254.33333,11.399663
1987,184,2021,34,2231690.938356164,4,242.375,10.860599
1987,185,2021,34,2232301.417808219,5,256.125,11.473585
1987,186,2021,34,2232932.246575342,6,231,10.345141
1987,187,2021,34,2233542.726027397,7,267.45831,11.974623
1987,188,2021,34,2234173.554794521,8,315.5,14.121552
1987,189,2021,34,2234804.383561644,9,333.91669,14.941651
1987,190,2021,34,2235414.863013699,10,296.625,13.269349
1987,191,2021,34,2236045.691780822,11,266.75,11.929542
1987,192,2021,34,2236656.171232876,12,241.08333,10.778739
1988,1,2006,18,2094353.5,1,66.666664,3.183162
1988,2,2006,18,2096821.864383562,2,91.375,4.3577857
1988,3,2006,18,2099051.35479452,3,72.625,3.4598963
1988,4,2006,18,2101519.719178082,4,69,3.2833383
1988,5,2006,18,2103908.45890411,5,73,3.4697328
1988,6,2006,18,2106376.823287671,6,69.958328,3.3212638
1988,7,2006,18,2108765.563013699,7,69.041672,3.2740326
1988,8,2006,18,2111233.92739726,8,78.875,3.7359669
1988,9,2006,18,2113702.291780822,9,61.208336,2.895788
1988,10,2006,18,2116091.031506849,10,62.916664,2.9732494
1988,11,2006,18,2118559.395890411,11,74.25,3.50474
1988,12,2006,18,2120948.135616438,12,69.791672,3.2905884
1988,13,2007,19,2123416.5,1,78.083336,3.6772501
1988,14,2007,19,2123897.297260274,2,68.875,3.2428594
1988,15,2007,19,2124331.565753425,3,80.416672,3.7855048
1988,16,2007,19,2124812.363013699,4,79.125,3.7238581
1988,17,2007,19,2125277.650684931,5,76.375,3.5936482
1988,18,2007,19,2125758.447945205,6,87.041664,4.0946169
1988,19,2007,19,2126223.735616438,7,74.916672,3.5234613
1988,20,2007,19,2126704.532876712,8,93.375,4.3905959
1988,21,2007,19,2127185.330136986,9,72.625,3.4141359
1988,22,2007,19,2127650.617808219,10,76.166672,3.5798485
1988,23,2007,19,2128131.415068493,11,74.125,3.4831026
1988,24,2007,19,2128596.702739726,12,69.208336,3.2513597
1988,25,2008,20,2129077.5,1,91.958336,4.3191633
1988,26,2008,20,2128646.506830601,2,77.25,3.6290667
1988,27,2008,20,2128243.319672131,3,67.125,3.1540096
1988,28,2008,20,2127812.326502732,4,74.125,3.4836249
1988,29,2008,20,2127395.236338797,5,69,3.243403
1988,30,2008,20,2126964.243169399,6,73.25,3.4438756
1988,31,2008,20,2126547.153005464,7,70.625,3.3211114
1988,32,2008,20,2126116.159836065,8,85.25,4.0096588
1988,33,2008,20,2125685.166666667,9,76.708328,3.6086402
1988,34,2008,20,2125268.076502732,10,74.875,3.5230849
1988,35,2008,20,2124837.083333333,11,76.75,3.6120417
1988,36,2008,20,2124419.993169399,12,76.791664,3.614712
1988,37,2009,21,2123989,1,67.333328,3.1701355
1988,38,2009,21,2123862.282191781,2,59.875,2.8191564
1988,39,2009,21,2123747.82739726,3,88.5,4.1671615
1988,40,2009,21,2123621.109589041,4,67.458336,3.1765711
1988,41,2009,21,2123498.479452055,5,72.5,3.4141772
1988,42,2009,21,2123371.761643836,6,77.041664,3.6282701
1988,43,2009,21,2123249.131506849,7,72.375,3.4086909
1988,44,2009,21,2123122.41369863,8,80.25,3.7798104
1988,45,2009,21,2122995.695890411,9,82.208336,3.8722799
1988,46,2009,21,2122873.065753425,10,83.708328,3.9431622
1988,47,2009,21,2122746.347945205,11,64.5,3.0385165
1988,48,2009,21,2122623.717808219,12,69.75,3.2860274
1988,49,2010,22,2122497,1,78.499992,3.6984737
1988,50,2010,22,2123637.163013699,2,75.5,3.5552213
1988,51,2010,22,2124666.987671233,3,82.75,3.8947279
1988,52,2010,22,2125807.150684931,4,72.833336,3.4261498
1988,53,2010,22,2126910.534246575,5,77.25,3.6320286
1988,54,2010,22,2128050.697260274,6,80.708328,3.7925942
1988,55,2010,22,2129154.080821918,7,84.75,3.980454
1988,56,2010,22,2130294.243835616,8,75.875,3.5617146
1988,57,2010,22,2131434.406849315,9,86.541672,4.0602551
1988,58,2010,22,2132537.790410959,10,83.791664,3.9291995
1988,59,2010,22,2133677.953424658,11,70.5,3.3041537
1988,60,2010,22,2134781.336986301,12,78.25,3.6654809
1988,61,2011,23,2135921.5,1,81.958328,3.8371415
1988,62,2011,23,2137079.031506849,2,82.875,3.8779566
1988,63,2011,23,2138124.543835617,3,76.916672,3.5973897
1988,64,2011,23,2139282.075342466,4,74.541672,3.4844246
1988,65,2011,23,2140402.267123288,5,88.375,4.1288967
1988,66,2011,23,2141559.798630137,6,78.208328,3.651933
1988,67,2011,23,2142679.990410959,7,88.5,4.1303415
1988,68,2011,23,2143837.521917808,8,90.375,4.2155714
1988,69,2011,23,2144995.053424658,9,81.583336,3.8034277
1988,70,2011,23,2146115.24520548,10,74.666672,3.4791548
1988,71,2011,23,2147272.776712329,11,83.75,3.9002962
1988,72,2011,23,2148392.968493151,12,79.5,3.7004404
1988,73,2012,24,2149550.5,1,88.291664,4.1074476
1988,74,2012,24,2150561.091530055,2,77.125,3.5862734
1988,75,2012,24,2151506.483606557,3,88.25,4.1017771
1988,76,2012,24,2152517.075136612,4,94.25,4.3785949
1988,77,2012,24,2153495.066939891,5,84.25,3.9122448
1988,78,2012,24,2154505.658469945,6,93.083328,4.3204031
1988,79,2012,24,2155483.650273224,7,79.708328,3.6979325
1988,80,2012,24,2156494.241803279,8,93.125,4.3183513
1988,81,2012,24,2157504.833333333,9,90.583336,4.198523
1988,82,2012,24,2158482.825136612,10,84,3.8916223
1988,83,2012,24,2159493.416666667,11,83.75,3.8782244
1988,84,2012,24,2160471.408469945,12,80.541664,3.727967
1988,85,2013,25,2161482,1,82.666664,3.8245363
1988,86,2013,25,2162581.268493151,2,75,3.4680777
1988,87,2013,25,2163574.156164384,3,107.375,4.962853
1988,88,2013,25,2164673.424657534,4,82.333336,3.8034992
1988,89,2013,25,2165737.232876712,5,93.875,4.3345518
1988,90,2013,25,2166836.501369863,6,99.333328,4.5842557
1988,91,2013,25,2167900.309589041,7,89.291664,4.1188087
1988,92,2013,25,2168999.578082192,8,81.25,3.7459667
1988,93,2013,25,2170098.846575343,9,83.916672,3.8669517
1988,94,2013,25,2171162.654794521,10,98.208336,4.5233064
1988,95,2013,25,2172261.923287671,11,91,4.1891818
1988,96,2013,25,2173325.731506849,12,82.708328,3.8056111
1988,97,2014,26,2174425,1,117.29166,5.3941464
1988,98,2014,26,2175910.324657534,2,89,4.0902419
1988,99,2014,26,2177251.908219178,3,99,4.5470161
1988,100,2014,26,2178737.232876712,4,98.458336,4.5190549
1988,101,2014,26,2180174.643835616,5,93,4.2657132
1988,102,2014,26,2181659.968493151,6,88.5,4.0565443
1988,103,2014,26,2183097.379452054,7,110.33333,5.0539813
1988,104,2014,26,2184582.704109589,8,103.125,4.7205811
1988,105,2014,26,2186068.028767123,9,103.33333,4.7269034
1988,106,2014,26,2187505.439726027,10,92.583336,4.2323704
1988,107,2014,26,2188990.764383561,11,90,4.1114836
1988,108,2014,26,2190428.175342466,12,103.45833,4.7232013
1988,109,2015,27,2191913.5,1,116.375,5.309288
1988,110,2015,27,2193123.136986301,2,103.125,4.7021985
1988,111,2015,27,2194215.712328767,3,108.29167,4.9353247
1988,112,2015,27,2195425.349315069,4,103.25,4.702961
1988,113,2015,27,2196595.965753425,5,102.25,4.6549296
1988,114,2015,27,2197805.602739726,6,99.25,4.5158682
1988,115,2015,27,2198976.219178082,7,94.083336,4.2785063
1988,116,2015,27,2200185.856164384,8,115.875,5.2666006
1988,117,2015,27,2201395.493150685,9,108.83333,4.9438334
1988,118,2015,27,2202566.109589041,10,126.83333,5.7584348
1988,119,2015,27,2203775.746575342,11,110.5,5.014122
1988,120,2015,27,2204946.363013699,12,112.79166,5.1153927
1988,121,2016,28,2206156,1,119.70834,5.4261045
1988,122,2016,28,2206851.721311475,2,135.125,6.1229758
1988,123,2016,28,2207502.557377049,3,132.16667,5.9871583
1988,124,2016,28,2208198.278688524,4,109.95834,4.9795499
1988,125,2016,28,2208871.557377049,5,137,6.2022619
1988,126,2016,28,2209567.278688524,6,130.45833,5.9042478
1988,127,2016,28,2210240.557377049,7,145.70834,6.5924201
1988,128,2016,28,2210936.278688524,8,125.875,5.6932893
1988,129,2016,28,2211632,9,140.33333,6.3452387
1988,130,2016,28,2212305.278688524,10,130.20834,5.8856411
1988,131,2016,28,2213001,11,123.25,5.5693603
1988,132,2016,28,2213674.278688524,12,136.625,6.1718655
1988,133,2017,29,2214370,1,125.08333,5.6487093
1988,134,2017,29,2215192.773972603,2,115.125,5.1970644
1988,135,2017,29,2215935.924657534,3,140.45833,6.3385553
1988,136,2017,29,2216758.698630137,4,123.58334,5.5749569
1988,137,2017,29,2217554.931506849,5,150.625,6.7923908
1988,138,2017,29,2218377.705479452,6,142.83333,6.4386387
1988,139,2017,29,2219173.938356164,7,139.58334,6.2898784
1988,140,2017,29,2219996.712328767,8,153.5,6.9144244
1988,141,2017,29,2220819.48630137,9,128.08334,5.7673912
1988,142,2017,29,2221615.719178082,10,162.16666,7.2994919
1988,143,2017,29,2222438.493150685,11,146.5,6.5918584
1988,144,2017,29,2223234.726027397,12,154.5,6.9493337
1988,145,2018,30,2224057.5,1,172.41666,7.752347
1988,146,2018,30,2225862.464383562,2,138.5,6.2223072
1988,147,2018,30,2227492.75479452,3,154.04166,6.915473
1988,148,2018,30,2229297.719178082,4,140.45834,6.3005648
1988,149,2018,30,2231044.45890411,5,151.5,6.7905416
1988,150,2018,30,2232849.423287671,6,144.41666,6.4678187
1988,151,2018,30,2234596.163013699,7,157.83333,7.06317
1988,152,2018,30,2236401.127397261,8,175.625,7.8530188
1988,153,2018,30,2238206.091780822,9,160.54167,7.1727834
1988,154,2018,30,2239952.831506849,10,162.95833,7.2750788
1988,155,2018,30,2241757.795890411,11,142.875,6.3733468
1988,156,2018,30,2243504.535616438,12,141.16666,6.2922387
1988,157,2019,31,2245309.5,1,164.58333,7.3300953
1988,158,2019,31,2246688.830136986,2,137.875,6.1368089
1988,159,2019,31,2247934.676712329,3,159.91667,7.1139379
1988,160,2019,31,2249314.006849315,4,149.66667,6.6538806
1988,161,2019,31,2250648.842465754,5,156.125,6.9368887
1988,162,2019,31,2252028.17260274,6,160.91666,7.1454105
1988,163,2019,31,2253363.008219178,7,152.75,6.7787571
1988,164,2019,31,2254742.338356164,8,163.125,7.2347512
1988,165,2019,31,2256121.668493151,9,156.08334,6.9182148
1988,166,2019,31,2257456.504109589,10,150.625,6.6723323
1988,167,2019,31,2258835.834246575,11,167.5,7.4153242
1988,168,2019,31,2260170.669863014,12,171,7.5658002
1988,169,2020,32,2261550,1,200.54166,8.8674431
1988,170,2020,32,2261738.413934426,2,186.375,8.2403431
1988,171,2020,32,2261914.672131148,3,193.41666,8.5510149
1988,172,2020,32,2262103.086065574,4,195.58334,8.6460848
1988,173,2020,32,2262285.422131148,5,222.625,9.8407125
1988,174,2020,32,2262473.836065574,6,215.54166,9.5268135
1988,175,2020,32,2262656.172131148,7,228.20833,10.085859
1988,176,2020,32,2262844.586065574,8,207.125,9.1533022
1988,177,2020,32,2263033,9,178.125,7.8710737
1988,178,2020,32,2263215.336065574,10,188.95834,8.3491106
1988,179,2020,32,2263403.75,11,210.625,9.3056755
1988,180,2020,32,2263586.086065574,12,203.375,8.9846373
1988,181,2021,33,2263774.5,1,255.99998,11.308546
1988,182,2021,33,2264527.460273973,2,199.625,8.8153048
1988,183,2021,33,2265207.553424657,3,225.875,9.9714928
1988,184,2021,33,2265960.51369863,4,230.75,10.183319
1988,185,2021,33,2266689.184931507,5,241.125,10.637762
1988,186,2021,33,2267442.145205479,6,245.83333,10.841879
1988,187,2021,33,2268170.816438356,7,239.375,10.553658
1988,188,2021,33,2268923.776712329,8,294.375,12.974213
1988,189,2021,33,2269676.736986301,9,327.54166,14.431203
1988,190,2021,33,2270405.408219178,10,275.66669,12.141739
1988,191,2021,33,2271158.36849315,11,243,10.699386
1988,192,2021,33,2271887.039726027,12,241.875,10.646436
1989,1,2006,17,2143900,1,58.916664,2.748107
1989,2,2006,17,2145531.364383562,2,52,2.4236419
1989,3,2006,17,2147004.854794521,3,58.083336,2.7053192
1989,4,2006,17,2148636.219178082,4,64.041672,2.9805729
1989,5,2006,17,2150214.95890411,5,57.75,2.6857779
1989,6,2006,17,2151846.323287671,6,65.375,3.0380888
1989,7,2006,17,2153425.063013699,7,66.166672,3.0726247
1989,8,2006,17,2155056.42739726,8,66.125,3.0683651
1989,9,2006,17,2156687.791780822,9,59.416668,2.7549963
1989,10,2006,17,2158266.531506849,10,66.333336,3.0734544
1989,11,2006,17,2159897.895890411,11,63.625,2.9457412
1989,12,2006,17,2161476.635616438,12,53.666664,2.4828703
1989,13,2007,18,2163108,1,79.708328,3.6848981
1989,14,2007,18,2165755.230136986,2,67,3.0936091
1989,15,2007,18,2168146.276712329,3,80.333336,3.7051623
1989,16,2007,18,2170793.506849315,4,83.5,3.8465197
1989,17,2007,18,2173355.342465754,5,65.5,3.0137732
1989,18,2007,18,2176002.57260274,6,74.958328,3.444772
1989,19,2007,18,2178564.408219178,7,68.583328,3.1480973
1989,20,2007,18,2181211.638356164,8,75.375,3.4556482
1989,21,2007,18,2183858.868493151,9,64.333328,2.9458556
1989,22,2007,18,2186420.704109589,10,67.5,3.0872376
1989,23,2007,18,2189067.934246575,11,53,2.4211218
1989,24,2007,18,2191629.769863014,12,46.958332,2.1426215
1989,25,2008,19,2194277,1,68.208328,3.1084647
1989,26,2008,19,2194492.390710382,2,71.25,3.2467644
1989,27,2008,19,2194693.885245902,3,80.041672,3.647054
1989,28,2008,19,2194909.275956284,4,73.75,3.3600478
1989,29,2008,19,2195117.718579235,5,71.625,3.262923
1989,30,2008,19,2195333.109289617,6,66.791664,3.0424387
1989,31,2008,19,2195541.551912568,7,69.291672,3.1560173
1989,32,2008,19,2195756.942622951,8,73,3.3245938
1989,33,2008,19,2195972.333333333,9,77,3.5064194
1989,34,2008,19,2196180.775956284,10,61.125,2.7832408
1989,35,2008,19,2196396.166666667,11,66.625,3.0333781
1989,36,2008,19,2196604.609289617,12,73.166664,3.3308983
1989,37,2009,20,2196820,1,74.416664,3.3874722
1989,38,2009,20,2196375.298630137,2,60.625,2.7602296
1989,39,2009,20,2195973.632876712,3,75.041672,3.4172392
1989,40,2009,20,2195528.931506849,4,72.458336,3.3002679
1989,41,2009,20,2195098.575342466,5,71.25,3.245868
1989,42,2009,20,2194653.873972603,6,62.958336,2.8687136
1989,43,2009,20,2194223.517808219,7,63.791664,2.9072547
1989,44,2009,20,2193778.816438356,8,86.625,3.9486661
1989,45,2009,20,2193334.115068493,9,76.166672,3.4726434
1989,46,2009,20,2192903.75890411,10,86.541672,3.9464419
1989,47,2009,20,2192459.057534247,11,70,3.1927619
1989,48,2009,20,2192028.701369863,12,69.041672,3.1496701
1989,49,2010,21,2191584,1,67.291664,3.0704579
1989,50,2010,21,2192735.161643836,2,69.625,3.1752582
1989,51,2010,21,2193774.920547945,3,74.875,3.4130666
1989,52,2010,21,2194926.082191781,4,81.75,3.724499
1989,53,2010,21,2196040.109589041,5,78.625,3.580308
1989,54,2010,21,2197191.271232877,6,69.125,3.1460619
1989,55,2010,21,2198305.298630137,7,90.291672,4.1073308
1989,56,2010,21,2199456.460273973,8,77,3.500865
1989,57,2010,21,2200607.621917808,9,61.791668,2.8079367
1989,58,2010,21,2201721.649315068,10,84.791672,3.8511531
1989,59,2010,21,2202872.810958904,11,87.625,3.9777603
1989,60,2010,21,2203986.838356164,12,71.291664,3.2346683
1989,61,2011,22,2205138,1,81.25,3.6845767
1989,62,2011,22,2206163.887671233,2,81,3.6715314
1989,63,2011,22,2207090.495890411,3,87.583336,3.9682713
1989,64,2011,22,2208116.383561644,4,73.333336,3.3210812
1989,65,2011,22,2209109.178082191,5,80.125,3.6270275
1989,66,2011,22,2210135.065753425,6,78.333328,3.5442779
1989,67,2011,22,2211127.860273973,7,87.333328,3.9497187
1989,68,2011,22,2212153.747945205,8,93.25,4.2153492
1989,69,2011,22,2213179.635616438,9,85.25,3.8519242
1989,70,2011,22,2214172.430136986,10,70.375,3.1783884
1989,71,2011,22,2215198.317808219,11,79.5,3.5888433
1989,72,2011,22,2216191.112328767,12,87.666664,3.9557357
1989,73,2012,23,2217217,1,94.166664,4.2470655
1989,74,2012,23,2218342.909836065,2,65.625,2.9582891
1989,75,2012,23,2219396.180327869,3,77.541672,3.4938183
1989,76,2012,23,2220522.090163935,4,86.208336,3.8823454
1989,77,2012,23,2221611.680327869,5,87.375,3.9329555
1989,78,2012,23,2222737.590163935,6,87.875,3.9534581
1989,79,2012,23,2223827.180327869,7,89.041672,4.0039835
1989,80,2012,23,2224953.090163935,8,87.125,3.915813
1989,81,2012,23,2226079,9,90.708328,4.0748029
1989,82,2012,23,2227168.590163935,10,76.083336,3.4161463
1989,83,2012,23,2228294.5,11,95.125,4.26896
1989,84,2012,23,2229384.090163935,12,91.5,4.1042724
1989,85,2013,24,2230510,1,97.833328,4.3861418
1989,86,2013,24,2231589.182191781,2,97.125,4.3522797
1989,87,2013,24,2232563.92739726,3,99.791664,4.4698234
1989,88,2013,24,2233643.109589041,4,87.125,3.9005783
1989,89,2013,24,2234687.479452054,5,89.875,4.0218153
1989,90,2013,24,2235766.661643836,6,89.041664,3.9826009
1989,91,2013,24,2236811.031506849,7,92.958336,4.1558423
1989,92,2013,24,2237890.21369863,8,79.375,3.5468674
1989,93,2013,24,2238969.395890411,9,83.125,3.7126458
1989,94,2013,24,2240013.765753425,10,99.041672,4.4214759
1989,95,2013,24,2241092.947945205,11,94.625,4.22227
1989,96,2013,24,2242137.317808219,12,98.291672,4.3838382
1989,97,2014,25,2243216.5,1,101.04166,4.5043206
1989,98,2014,25,2244394.967123288,2,81.375,3.6256988
1989,99,2014,25,2245459.389041096,3,97.958328,4.3625073
1989,100,2014,25,2246637.856164384,4,94.416672,4.2025762
1989,101,2014,25,2247778.308219178,5,82,3.6480465
1989,102,2014,25,2248956.775342466,6,83.833328,3.727654
1989,103,2014,25,2250097.22739726,7,96.5,4.2887034
1989,104,2014,25,2251275.694520548,8,101.25,4.4974499
1989,105,2014,25,2252454.161643836,9,88.25,3.9179487
1989,106,2014,25,2253594.61369863,10,105.41667,4.6777124
1989,107,2014,25,2254773.080821918,11,88.875,3.9416382
1989,108,2014,25,2255913.532876712,12,101.08334,4.4808159
1989,109,2015,26,2257092,1,102.33334,4.5338573
1989,110,2015,26,2258611.594520548,2,98.5,4.3610864
1989,111,2015,26,2259984.13150685,3,112.625,4.9834423
1989,112,2015,26,2261503.726027397,4,86.666672,3.8322587
1989,113,2015,26,2262974.301369863,5,105.125,4.6454349
1989,114,2015,26,2264493.895890411,6,97.833328,4.3203177
1989,115,2015,26,2265964.471232877,7,109.08334,4.8139915
1989,116,2015,26,2267484.065753425,8,111.5,4.9173446
1989,117,2015,26,2269003.660273973,9,109.29166,4.8167248
1989,118,2015,26,2270474.235616439,10,116.5,5.1310868
1989,119,2015,26,2271993.830136986,11,97.875,4.3078904
1989,120,2015,26,2273464.405479452,12,115.83334,5.0950141
1989,121,2016,27,2274984,1,112.79166,4.9579101
1989,122,2016,27,2276049.307377049,2,126.125,5.5414
1989,123,2016,27,2277045.885245902,3,130.875,5.7475786
1989,124,2016,27,2278111.192622951,4,108.20834,4.7499151
1989,125,2016,27,2279142.135245902,5,128.5,5.6380863
1989,126,2016,27,2280207.442622951,6,126.41666,5.544086
1989,127,2016,27,2281238.385245902,7,135,5.9178386
1989,128,2016,27,2282303.692622951,8,124.5,5.4550147
1989,129,2016,27,2283369,9,128.70833,5.6367731
1989,130,2016,27,2284399.942622951,10,140.29167,6.1412921
1989,131,2016,27,2285465.25,11,114.375,5.0044513
1989,132,2016,27,2286496.192622951,12,135.04167,5.9060526
1989,133,2017,28,2287561.5,1,149.125,6.5189505
1989,134,2017,28,2287883.135616438,2,136.625,5.9716773
1989,135,2017,28,2288173.64520548,3,127,5.5502782
1989,136,2017,28,2288495.280821918,4,124.125,5.4238696
1989,137,2017,28,2288806.541095891,5,153.75,6.7174745
1989,138,2017,28,2289128.176712329,6,156.45834,6.8348441
1989,139,2017,28,2289439.436986302,7,156.45833,6.8339143
1989,140,2017,28,2289761.07260274,8,144.125,6.2943249
1989,141,2017,28,2290082.708219178,9,131.16667,5.7275953
1989,142,2017,28,2290393.968493151,10,145.04167,6.3326082
1989,143,2017,28,2290715.604109589,11,145.125,6.3353567
1989,144,2017,28,2291026.864383562,12,152.08333,6.6382165
1989,145,2018,29,2291348.5,1,159.125,6.9446006
1989,146,2018,29,2292043.579452055,2,140.25,6.1189938
1989,147,2018,29,2292671.393150685,3,155.08334,6.7643075
1989,148,2018,29,2293366.47260274,4,156.04167,6.8040442
1989,149,2018,29,2294039.130136986,5,136.375,5.9447546
1989,150,2018,29,2294734.209589041,6,138.08333,6.0173998
1989,151,2018,29,2295406.867123288,7,155.45834,6.7725835
1989,152,2018,29,2296101.946575343,8,156.375,6.8104553
1989,153,2018,29,2296797.026027397,9,144.375,6.2859278
1989,154,2018,29,2297469.683561644,10,133.66667,5.8179951
1989,155,2018,29,2298164.763013699,11,135.25,5.8851309
1989,156,2018,29,2298837.420547945,12,138.08334,6.00666
1989,157,2019,30,2299532.5,1,154.70833,6.7278166
1989,158,2019,30,2300796.153424658,2,160.75,6.986712
1989,159,2019,30,2301937.517808219,3,167.66666,7.2837191
1989,160,2019,30,2303201.171232877,4,132.54167,5.7546721
1989,161,2019,30,2304424.061643836,5,149.375,6.4820967
1989,162,2019,30,2305687.715068493,6,148.41666,6.4369798
1989,163,2019,30,2306910.605479452,7,148.91667,6.4552426
1989,164,2019,30,2308174.25890411,8,147.625,6.3957477
1989,165,2019,30,2309437.912328767,9,143.41667,6.2100248
1989,166,2019,30,2310660.802739726,10,141.83333,6.1382151
1989,167,2019,30,2311924.456164384,11,161.75,6.996336
1989,168,2019,30,2313147.346575343,12,160.41667,6.9349957
1989,169,2020,31,2314411,1,168.16666,7.266067
1989,170,2020,31,2314639.984972678,2,168,7.2581482
1989,171,2020,31,2314854.196721312,3,179.75,7.7650681
1989,172,2020,31,2315083.181693989,4,188.25,8.1314573
1989,173,2020,31,2315304.780054645,5,216.875,9.3670177
1989,174,2020,31,2315533.765027322,6,196.95833,8.5059576
1989,175,2020,31,2315755.363387978,7,211.66667,9.1402864
1989,176,2020,31,2315984.348360656,8,209.25,9.0350351
1989,177,2020,31,2316213.333333333,9,191.83333,8.282196
1989,178,2020,31,2316434.931693989,10,191.33334,8.259819
1989,179,2020,31,2316663.916666667,11,183.875,7.9370599
1989,180,2020,31,2316885.515027322,12,225.95833,9.752676
1989,181,2021,32,2317114.5,1,233.04166,10.057408
1989,182,2021,32,2317976.045205479,2,216.375,9.3346519
1989,183,2021,32,2318754.215068493,3,212.75,9.1751852
1989,184,2021,32,2319615.760273973,4,213.625,9.2094994
1989,185,2021,32,2320449.51369863,5,232.75,10.030384
1989,186,2021,32,2321311.05890411,6,226.91666,9.7753658
1989,187,2021,32,2322144.812328767,7,224.66666,9.674963
1989,188,2021,32,2323006.357534247,8,276.5,11.902679
1989,189,2021,32,2323867.902739726,9,298.54169,12.846758
1989,190,2021,32,2324701.656164384,10,239.70833,10.311358
1989,191,2021,32,2325563.201369863,11,221.5,9.5245743
1989,192,2021,32,2326396.954794521,12,237.20834,10.196383
1990,1,2006,16,2166954.5,1,56.666668,2.6150372
1990,2,2006,16,2167922.124657535,2,49.375,2.2775264
1990,3,2006,16,2168796.108219178,3,59.958332,2.7645905
1990,4,2006,16,2169763.732876712,4,50.25,2.3159204
1990,5,2006,16,2170700.143835616,5,43.75,2.0154788
1990,6,2006,16,2171667.768493151,6,57.375,2.6419787
1990,7,2006,16,2172604.179452055,7,57.708336,2.6561828
1990,8,2006,16,2173571.804109589,8,40.375,1.8575416
1990,9,2006,16,2174539.428767123,9,45.833336,2.1077261
1990,10,2006,16,2175475.839726028,10,43.458332,1.9976472
1990,11,2006,16,2176443.464383562,11,41,1.8838073
1990,12,2006,16,2177379.875342466,12,39.583336,1.8179343
1990,13,2007,17,2178347.5,1,72.749992,3.3396871
1990,14,2007,17,2180097.343835616,2,59.25,2.7177687
1990,15,2007,17,2181677.847945206,3,74.625,3.4205325
1990,16,2007,17,2183427.691780822,4,53.916668,2.4693589
1990,17,2007,17,2185121.089041096,5,57,2.608551
1990,18,2007,17,2186870.932876713,6,63.499996,2.903692
1990,19,2007,17,2188564.330136986,7,62.916668,2.8747919
1990,20,2007,17,2190314.173972603,8,56.75,2.5909524
1990,21,2007,17,2192064.017808219,9,53.5,2.4406221
1990,22,2007,17,2193757.415068493,10,57.083332,2.6020803
1990,23,2007,17,2195507.25890411,11,59.625,2.7157733
1990,24,2007,17,2197200.656164384,12,52.708332,2.3988857
1990,25,2008,18,2198950.5,1,72.124992,3.2799735
1990,26,2008,18,2201604.387978142,2,63.125,2.8672273
1990,27,2008,18,2204087.057377049,3,78.166664,3.5464418
1990,28,2008,18,2206740.945355191,4,72.458336,3.2835
1990,29,2008,18,2209309.224043716,5,67.75,3.0665693
1990,30,2008,18,2211963.112021858,6,64.833328,2.9310312
1990,31,2008,18,2214531.390710383,7,64.291672,2.9031727
1990,32,2008,18,2217185.278688525,8,60.75,2.7399604
1990,33,2008,18,2219839.166666667,9,55.75,2.5114431
1990,34,2008,18,2222407.445355191,10,61.166668,2.7522707
1990,35,2008,18,2225061.333333333,11,62.375,2.8032935
1990,36,2008,18,2227629.612021858,12,62.458332,2.8038025
1990,37,2009,19,2230283.5,1,61.208332,2.7444193
1990,38,2009,19,2230837.338356164,2,69.375,3.1098189
1990,39,2009,19,2231337.579452055,3,60.208332,2.6983068
1990,40,2009,19,2231891.417808219,4,77.458336,3.4705243
1990,41,2009,19,2232427.390410959,5,67.625,3.0292139
1990,42,2009,19,2232981.228767123,6,71.833328,3.2169249
1990,43,2009,19,2233517.201369863,7,74.041672,3.3150258
1990,44,2009,19,2234071.039726027,8,85.625,3.8326893
1990,45,2009,19,2234624.878082192,9,79.25,3.5464566
1990,46,2009,19,2235160.850684932,10,62.666668,2.8036759
1990,47,2009,19,2235714.689041096,11,71,3.1757183
1990,48,2009,19,2236250.661643836,12,57.5,2.5712681
1990,49,2010,20,2236804.5,1,73.708328,3.2952511
1990,50,2010,20,2237942.32739726,2,54.625,2.4408584
1990,51,2010,20,2238970.042465754,3,65.083336,2.9068427
1990,52,2010,20,2240107.869863014,4,73.083336,3.2624917
1990,53,2010,20,2241208.993150685,5,78.875,3.5193059
1990,54,2010,20,2242346.820547945,6,73.541672,3.2796743
1990,55,2010,20,2243447.943835617,7,78.25,3.4879348
1990,56,2010,20,2244585.771232877,8,70.75,3.1520293
1990,57,2010,20,2245723.598630137,9,61.625,2.7441044
1990,58,2010,20,2246824.721917809,10,79.458328,3.5364721
1990,59,2010,20,2247962.549315069,11,68.125,3.0305221
1990,60,2010,20,2249063.67260274,12,74.833336,3.3273108
1990,61,2011,21,2250201.5,1,85.833336,3.8144734
1990,62,2011,21,2251302.891780822,2,72.75,3.231462
1990,63,2011,21,2252297.697260274,3,81,3.5963275
1990,64,2011,21,2253399.089041096,4,78.708336,3.4928715
1990,65,2011,21,2254464.952054795,5,81.625,3.6205931
1990,66,2011,21,2255566.343835616,6,67.583328,2.9962909
1990,67,2011,21,2256632.206849315,7,83.958328,3.7205145
1990,68,2011,21,2257733.598630137,8,85.75,3.7980566
1990,69,2011,21,2258834.990410959,9,72.125,3.1930177
1990,70,2011,21,2259900.853424658,10,78.125,3.45701
1990,71,2011,21,2261002.24520548,11,69.375,3.0683296
1990,72,2011,21,2262068.108219178,12,73.625,3.254765
1990,73,2012,22,2263169.5,1,75.541664,3.3378704
1990,74,2012,22,2264109.028688524,2,75.875,3.351208
1990,75,2012,22,2264987.942622951,3,85.375008,3.769336
1990,76,2012,22,2265927.471311475,4,79.916672,3.5268857
1990,77,2012,22,2266836.692622951,5,81.375,3.5898042
1990,78,2012,22,2267776.221311475,6,83,3.6599731
1990,79,2012,22,2268685.442622951,7,88.5,3.9009376
1990,80,2012,22,2269624.971311475,8,72.875,3.2108829
1990,81,2012,22,2270564.5,9,83.208328,3.6646538
1990,82,2012,22,2271473.721311475,10,81.125,3.5714698
1990,83,2012,22,2272413.25,11,80.375,3.5369887
1990,84,2012,22,2273322.471311475,12,75.708336,3.3302946
1990,85,2013,23,2274262,1,93.708328,4.1203842
1990,86,2013,23,2275493.634246576,2,100.625,4.4221172
1990,87,2013,23,2276606.078082192,3,81.666672,3.5872114
1990,88,2013,23,2277837.712328767,4,82.083336,3.6035638
1990,89,2013,23,2279029.616438356,5,79.875,3.5047812
1990,90,2013,23,2280261.250684931,6,86.125,3.7769794
1990,91,2013,23,2281453.154794521,7,88.791664,3.8918908
1990,92,2013,23,2282684.789041096,8,79.75,3.4936931
1990,93,2013,23,2283916.423287671,9,79.041664,3.4607949
1990,94,2013,23,2285108.32739726,10,89.291664,3.9075463
1990,95,2013,23,2286339.961643836,11,87.125,3.8106756
1990,96,2013,23,2287531.865753425,12,76,3.3223581
1990,97,2014,24,2288763.5,1,101.75,4.445632
1990,98,2014,24,2289846.843835616,2,75.75,3.3080816
1990,99,2014,24,2290825.347945205,3,92.958336,4.0578537
1990,100,2014,24,2291908.691780822,4,74.541672,3.2523839
1990,101,2014,24,2292957.089041096,5,67.125,2.9274426
1990,102,2014,24,2294040.432876712,6,79.125,3.4491546
1990,103,2014,24,2295088.830136986,7,99.666672,4.3426061
1990,104,2014,24,2296172.173972603,8,84,3.6582623
1990,105,2014,24,2297255.517808219,9,84.416672,3.674675
1990,106,2014,24,2298303.915068493,10,97.333336,4.2350073
1990,107,2014,24,2299387.25890411,11,96.875,4.213079
1990,108,2014,24,2300435.656164384,12,102.91666,4.4737902
1990,109,2015,25,2301519,1,109.79166,4.7704
1990,110,2015,25,2302659.545205479,2,106.625,4.6305151
1990,111,2015,25,2303689.715068493,3,94.333328,4.0948801
1990,112,2015,25,2304830.260273973,4,100.04167,4.3405223
1990,113,2015,25,2305934.01369863,5,107.875,4.6781478
1990,114,2015,25,2307074.55890411,6,100,4.3344936
1990,115,2015,25,2308178.312328767,7,111.25,4.8198185
1990,116,2015,25,2309318.857534247,8,107.5,4.6550522
1990,117,2015,25,2310459.402739726,9,97.666672,4.2271538
1990,118,2015,25,2311563.156164384,10,107.66667,4.657743
1990,119,2015,25,2312703.701369863,11,99.5,4.3023238
1990,120,2015,25,2313807.454794521,12,93,4.0193491
1990,121,2016,26,2314948,1,107.66666,4.6509323
1990,122,2016,26,2316366.207650273,2,105.25,4.5437546
1990,123,2016,26,2317692.918032787,3,130.5,5.630599
1990,124,2016,26,2319111.12568306,4,115.41667,4.9767632
1990,125,2016,26,2320483.584699454,5,124.625,5.3706479
1990,126,2016,26,2321901.792349727,6,118.25,5.0928078
1990,127,2016,26,2323274.25136612,7,121.83333,5.2440357
1990,128,2016,26,2324692.459016394,8,127.375,5.4792194
1990,129,2016,26,2326110.666666667,9,117.04166,5.0316463
1990,130,2016,26,2327483.12568306,10,132.70834,5.7017961
1990,131,2016,26,2328901.333333333,11,108.625,4.6642165
1990,132,2016,26,2330273.792349727,12,134.04166,5.7521849
1990,133,2017,27,2331692,1,128.625,5.5163803
1990,134,2017,27,2332421.306849315,2,131.625,5.6432772
1990,135,2017,27,2333080.035616438,3,125.33334,5.3720117
1990,136,2017,27,2333809.342465754,4,117.91667,5.0525408
1990,137,2017,27,2334515.123287671,5,126,5.3972664
1990,138,2017,27,2335244.430136986,6,157.16666,6.7302017
1990,139,2017,27,2335950.210958904,7,145.16667,6.2144589
1990,140,2017,27,2336679.517808219,8,127.75,5.4671597
1990,141,2017,27,2337408.824657534,9,126.375,5.4066281
1990,142,2017,27,2338114.605479452,10,104.95833,4.4890156
1990,143,2017,27,2338843.912328767,11,128.375,5.4888229
1990,144,2017,27,2339549.693150685,12,106.95834,4.5717487
1990,145,2018,28,2340279,1,160.95833,6.8777409
1990,146,2018,28,2340388.858904109,2,127.875,5.4638357
1990,147,2018,28,2340488.08630137,3,140.66667,6.0101428
1990,148,2018,28,2340597.945205479,4,137.58334,5.8781281
1990,149,2018,28,2340704.260273973,5,133.125,5.6873908
1990,150,2018,28,2340814.119178082,6,136.08333,5.8135042
1990,151,2018,28,2340920.434246575,7,144.70834,6.1816859
1990,152,2018,28,2341030.293150685,8,144.375,6.1671562
1990,153,2018,28,2341140.152054794,9,145.66666,6.2220392
1990,154,2018,28,2341246.467123287,10,126.20833,5.3906469
1990,155,2018,28,2341356.326027397,11,134,5.7231784
1990,156,2018,28,2341462.64109589,12,119.79166,5.1161041
1990,157,2019,29,2341572.5,1,146.875,6.2724943
1990,158,2019,29,2341677.9,2,130.25,5.5622511
1990,159,2019,29,2341773.1,3,151.04167,6.4498849
1990,160,2019,29,2341878.5,4,138.41667,5.9104977
1990,161,2019,29,2341980.5,5,132.375,5.6522675
1990,162,2019,29,2342085.9,6,121.58333,5.1912413
1990,163,2019,29,2342187.9,7,143.125,6.1107392
1990,164,2019,29,2342293.3,8,148,6.318594
1990,165,2019,29,2342398.7,9,145.5,6.2115812
1990,166,2019,29,2342500.7,10,141,6.0192084
1990,167,2019,29,2342606.1,11,161,6.8726878
1990,168,2019,29,2342708.1,12,142.75,6.0933752
1990,169,2020,30,2342813.5,1,192.79167,8.2290659
1990,170,2020,30,2343087.799180328,2,162.25,6.924623
1990,171,2020,30,2343344.401639344,3,195.875,8.3587799
1990,172,2020,30,2343618.700819672,4,177.79167,7.5862031
1990,173,2020,30,2343884.151639344,5,200,8.5328445
1990,174,2020,30,2344158.450819672,6,195.125,8.3238831
1990,175,2020,30,2344423.901639344,7,206,8.7868071
1990,176,2020,30,2344698.200819672,8,205.5,8.7644539
1990,177,2020,30,2344972.5,9,192.20834,8.1966143
1990,178,2020,30,2345237.950819672,10,189.83333,8.0944166
1990,179,2020,30,2345512.25,11,159.875,6.8162084
1990,180,2020,30,2345777.700819672,12,204.95834,8.7373304
1990,181,2021,31,2346052,1,233.54167,9.9546671
1990,182,2021,31,2347013.382191781,2,198.75,8.4682093
1990,183,2021,31,2347881.72739726,3,208.41667,8.8767958
1990,184,2021,31,2348843.109589041,4,205.625,8.7543097
1990,185,2021,31,2349773.479452055,5,214.625,9.1338587
1990,186,2021,31,2350734.861643835,6,197.875,8.4175806
1990,187,2021,31,2351665.231506849,7,223.33334,9.4968166
1990,188,2021,31,2352626.61369863,8,270,11.476534
1990,189,2021,31,2353587.995890411,9,278.91669,11.850701
1990,190,2021,31,2354518.365753424,10,228.83333,9.7189016
1990,191,2021,31,2355479.747945205,11,202.375,8.5916681
1990,192,2021,31,2356410.117808219,12,205.375,8.7155886
1991,1,2006,15,2124441,1,48.833332,2.2986438
1991,2,2006,15,2126332.212328767,2,30.125,1.4167589
1991,3,2006,15,2128040.404109589,3,35.958336,1.6897393
1991,4,2006,15,2129931.616438356,4,42.791668,2.009063
1991,5,2006,15,2131761.821917808,5,34.25,1.6066523
1991,6,2006,15,2133653.034246575,6,38.666664,1.8122283
1991,7,2006,15,2135483.239726027,7,32.208332,1.5082456
1991,8,2006,15,2137374.452054794,8,30.375,1.4211361
1991,9,2006,15,2139265.664383561,9,29.375,1.3731347
1991,10,2006,15,2141095.869863014,10,25.916666,1.2104393
1991,11,2006,15,2142987.082191781,11,32.75,1.5282407
1991,12,2006,15,2144817.287671233,12,32.291668,1.5055673
1991,13,2007,16,2146708.5,1,65.624992,3.0570054
1991,14,2007,16,2147641.005479452,2,51.375,2.3921595
1991,15,2007,16,2148483.268493151,3,67.625,3.1475694
1991,16,2007,16,2149415.773972603,4,42.833336,1.9927897
1991,17,2007,16,2150318.198630137,5,48.5,2.2554801
1991,18,2007,16,2151250.704109589,6,51.5,2.3939562
1991,19,2007,16,2152153.128767123,7,46.833336,2.1761155
1991,20,2007,16,2153085.634246576,8,49.25,2.2874148
1991,21,2007,16,2154018.139726027,9,41.5,1.9266319
1991,22,2007,16,2154920.564383562,10,40.75,1.891021
1991,23,2007,16,2155853.069863014,11,40,1.855414
1991,24,2007,16,2156755.494520548,12,41.5,1.9241866
1991,25,2008,17,2157688,1,51.916664,2.4061246
1991,26,2008,17,2159419.892076503,2,43.25,2.0028527
1991,27,2008,17,2161040.049180328,3,52.666668,2.4370983
1991,28,2008,17,2162771.941256831,4,55.208336,2.5526657
1991,29,2008,17,2164447.965846995,5,55.5,2.5641642
1991,30,2008,17,2166179.857923497,6,58.291664,2.690989
1991,31,2008,17,2167855.882513661,7,55.5,2.5601332
1991,32,2008,17,2169587.774590164,8,46.375,2.1375029
1991,33,2008,17,2171319.666666667,9,43.458336,2.001471
1991,34,2008,17,2172995.691256831,10,61.208332,2.816772
1991,35,2008,17,2174727.583333333,11,51.5,2.3681128
1991,36,2008,17,2176403.607923497,12,49.541668,2.2763088
1991,37,2009,18,2178135.5,1,66.041664,3.0320272
1991,38,2009,18,2180996.545205479,2,49.875,2.2867987
1991,39,2009,18,2183580.715068493,3,59.541668,2.7267904
1991,40,2009,18,2186441.760273973,4,74.583336,3.4111741
1991,41,2009,18,2189210.51369863,5,67.125,3.0661738
1991,42,2009,18,2192071.55890411,6,63,2.8739939
1991,43,2009,18,2194840.312328767,7,68.083328,3.1019719
1991,44,2009,18,2197701.357534247,8,64.875,2.9519479
1991,45,2009,18,2200562.402739726,9,65.416664,2.9727247
1991,46,2009,18,2203331.156164384,10,59.166664,2.6853278
1991,47,2009,18,2206192.201369863,11,66.625,3.0199091
1991,48,2009,18,2208960.954794521,12,65.625,2.9708538
1991,49,2010,19,2211822,1,66.958328,3.0272927
1991,50,2010,19,2213071.639726027,2,65.875,2.9766321
1991,51,2010,19,2214200.346575343,3,68.416672,3.0899043
1991,52,2010,19,2215449.98630137,4,71.625008,3.2329779
1991,53,2010,19,2216659.315068493,5,70.875,3.1973791
1991,54,2010,19,2217908.954794521,6,71.625,3.2293932
1991,55,2010,19,2219118.283561644,7,66.208328,2.9835422
1991,56,2010,19,2220367.923287671,8,66.375,2.9893694
1991,57,2010,19,2221617.563013699,9,69.541664,3.1302266
1991,58,2010,19,2222826.891780822,10,60.583336,2.7255085
1991,59,2010,19,2224076.531506849,11,52.75,2.3717709
1991,60,2010,19,2225285.860273973,12,52.958332,2.379844
1991,61,2011,20,2226535.5,1,59.083332,2.6535993
1991,62,2011,20,2227507.753424658,2,63.75,2.861943
1991,63,2011,20,2228385.917808219,3,60.333336,2.7074904
1991,64,2011,20,2229358.171232876,4,75.083336,3.3679352
1991,65,2011,20,2230299.061643836,5,75,3.3627777
1991,66,2011,20,2231271.315068493,6,62.291664,2.7917566
1991,67,2011,20,2232212.205479452,7,76.916672,3.4457598
1991,68,2011,20,2233184.458904109,8,72.125,3.2296929
1991,69,2011,20,2234156.712328767,9,68.833336,3.0809538
1991,70,2011,20,2235097.602739726,10,75.25,3.3667433
1991,71,2011,20,2236069.856164384,11,75,3.354099
1991,72,2011,20,2237010.746575342,12,73.958336,3.3061235
1991,73,2012,21,2237983,1,87.624992,3.9153557
1991,74,2012,21,2239009.81147541,2,66.25,2.9588974
1991,75,2012,21,2239970.377049181,3,64.833336,2.8943837
1991,76,2012,21,2240997.18852459,4,84.375,3.765065
1991,77,2012,21,2241990.877049181,5,85.5,3.8135748
1991,78,2012,21,2243017.68852459,6,81.166664,3.6186368
1991,79,2012,21,2244011.377049181,7,82.458328,3.6745949
1991,80,2012,21,2245038.18852459,8,65.625,2.9231129
1991,81,2012,21,2246065,9,67.958336,3.0256619
1991,82,2012,21,2247058.68852459,10,76.666664,3.4118674
1991,83,2012,21,2248085.5,11,71,3.1582429
1991,84,2012,21,2249079.18852459,12,61.583332,2.7381575
1991,85,2013,22,2250106,1,86.208336,3.8313012
1991,86,2013,22,2251052.98630137,2,69.625,3.0929968
1991,87,2013,22,2251908.328767123,3,85.916672,3.8152828
1991,88,2013,22,2252855.315068493,4,73.833336,3.2773225
1991,89,2013,22,2253771.753424658,5,80.75,3.5828829
1991,90,2013,22,2254718.739726027,6,86.416664,3.8327026
1991,91,2013,22,2255635.178082192,7,79.375,3.5189645
1991,92,2013,22,2256582.164383561,8,77.625,3.4399369
1991,93,2013,22,2257529.150684931,9,73.458336,3.2539263
1991,94,2013,22,2258445.589041096,10,78.291664,3.4666173
1991,95,2013,22,2259392.575342466,11,78.125,3.4577878
1991,96,2013,22,2260309.01369863,12,79.791664,3.530122
1991,97,2014,23,2261256,1,95.583336,4.2270021
1991,98,2014,23,2262514.642465753,2,68.875,3.0441792
1991,99,2014,23,2263651.480821918,3,87.75,3.8764801
1991,100,2014,23,2264910.123287671,4,76.541672,3.3794575
1991,101,2014,23,2266128.164383562,5,66.125,2.9179726
1991,102,2014,23,2267386.806849315,6,76.958328,3.3941419
1991,103,2014,23,2268604.847945206,7,93.458328,4.1196389
1991,104,2014,23,2269863.490410959,8,81.875,3.6070452
1991,105,2014,23,2271122.132876712,9,77.916672,3.4307566
1991,106,2014,23,2272340.173972603,10,97.166672,4.276062
1991,107,2014,23,2273598.816438356,11,100.625,4.4258027
1991,108,2014,23,2274816.857534247,12,97.25,4.2750692
1991,109,2015,24,2276075.5,1,104.45834,4.5894055
1991,110,2015,24,2277089.412328767,2,89.25,3.9194772
1991,111,2015,24,2278005.204109589,3,88.833336,3.8996108
1991,112,2015,24,2279019.116438356,4,101.20834,4.4408731
1991,113,2015,24,2280000.321917808,5,98.375,4.3146925
1991,114,2015,24,2281014.234246575,6,94.5,4.1428938
1991,115,2015,24,2281995.439726028,7,87.291672,3.8252342
1991,116,2015,24,2283009.352054794,8,99.125,4.341857
1991,117,2015,24,2284023.264383562,9,102.91666,4.5059376
1991,118,2015,24,2285004.469863014,10,93.333328,4.0846014
1991,119,2015,24,2286018.382191781,11,93.875,4.1064849
1991,120,2015,24,2286999.587671233,12,97.75,4.274159
1991,121,2016,25,2288013.5,1,99.708328,4.3578558
1991,122,2016,25,2288950.360655738,2,100.25,4.3797369
1991,123,2016,25,2289826.778688525,3,104.5,4.563664
1991,124,2016,25,2290763.639344262,4,107.87501,4.7091289
1991,125,2016,25,2291670.278688525,5,117.375,5.12181
1991,126,2016,25,2292607.139344262,6,102.625,4.4763446
1991,127,2016,25,2293513.778688525,7,116.75,5.0904427
1991,128,2016,25,2294450.639344262,8,106.875,4.6579776
1991,129,2016,25,2295387.5,9,112.16667,4.8866115
1991,130,2016,25,2296294.139344262,10,102.29166,4.4546413
1991,131,2016,25,2297231,11,92.25,4.0157042
1991,132,2016,25,2298137.639344262,12,115.79166,5.0384998
1991,133,2017,26,2299074.5,1,120.125,5.2249284
1991,134,2017,26,2300226.850684932,2,114.625,4.9832044
1991,135,2017,26,2301267.683561644,3,119.41667,5.1891689
1991,136,2017,26,2302420.034246575,4,110.33334,4.7920599
1991,137,2017,26,2303535.212328767,5,115.875,5.0303116
1991,138,2017,26,2304687.563013699,6,133.29166,5.7835021
1991,139,2017,26,2305802.74109589,7,126.25,5.4753165
1991,140,2017,26,2306955.091780822,8,116.5,5.0499468
1991,141,2017,26,2308107.442465753,9,123.41666,5.3470936
1991,142,2017,26,2309222.620547945,10,105.5,4.5686369
1991,143,2017,26,2310374.971232877,11,124.25,5.3779149
1991,144,2017,26,2311490.149315068,12,114.58333,4.9571195
1991,145,2018,27,2312642.5,1,136.70833,5.9113474
1991,146,2018,27,2313200.584931507,2,126,5.4469986
1991,147,2018,27,2313704.661643836,3,124.875,5.3971882
1991,148,2018,27,2314262.746575342,4,123.45834,5.3346725
1991,149,2018,27,2314802.828767123,5,133.125,5.75103
1991,150,2018,27,2315360.91369863,6,123.08333,5.3159456
1991,151,2018,27,2315900.995890411,7,131.125,5.6619434
1991,152,2018,27,2316459.080821918,8,135.375,5.844049
1991,153,2018,27,2317017.165753425,9,117.54167,5.0729737
1991,154,2018,27,2317557.247945205,10,134.70833,5.8125134
1991,155,2018,27,2318115.332876712,11,123.5,5.3276038
1991,156,2018,27,2318655.415068493,12,119,5.1322846
1991,157,2019,28,2319213.5,1,121.24999,5.228065
1991,158,2019,28,2319041.980821918,2,122.375,5.2769637
1991,159,2019,28,2318887.060273973,3,131.20834,5.6582465
1991,160,2019,28,2318715.541095891,4,120.58334,5.2004371
1991,161,2019,28,2318549.554794521,5,128.75,5.5530405
1991,162,2019,28,2318378.035616438,6,128.83333,5.5570459
1991,163,2019,28,2318212.049315069,7,138.45833,5.9726343
1991,164,2019,28,2318040.530136987,8,145.5,6.2768531
1991,165,2019,28,2317869.010958904,9,122.79166,5.2976103
1991,166,2019,28,2317703.024657534,10,130.70833,5.6395631
1991,167,2019,28,2317531.505479452,11,127.75,5.5123305
1991,168,2019,28,2317365.519178082,12,155.41667,6.7066102
1991,169,2020,29,2317194,1,141.375,6.1011291
1991,170,2020,29,2317516.196721312,2,122.125,5.2696505
1991,171,2020,29,2317817.606557377,3,194.04167,8.3717403
1991,172,2020,29,2318139.803278688,4,195.54169,8.4352846
1991,173,2020,29,2318451.606557377,5,192.5,8.3029556
1991,174,2020,29,2318773.803278688,6,183.95833,7.9334311
1991,175,2020,29,2319085.606557377,7,186.875,8.0581331
1991,176,2020,29,2319407.803278688,8,184.75,7.9653955
1991,177,2020,29,2319730,9,176.25,7.597867
1991,178,2020,29,2320041.803278688,10,162.08333,6.9862247
1991,179,2020,29,2320364,11,171,7.3695335
1991,180,2020,29,2320675.803278688,12,177.16666,7.6342702
1991,181,2021,30,2320998,1,221.16666,9.5289469
1991,182,2021,30,2322056.543835617,2,156.625,6.7450986
1991,183,2021,30,2323012.647945206,3,207.5,8.9323664
1991,184,2021,30,2324071.191780822,4,205.875,8.8583775
1991,185,2021,30,2325095.589041096,5,192.25,8.2684774
1991,186,2021,30,2326154.132876712,6,185.66666,7.9817004
1991,187,2021,30,2327178.530136987,7,200.29166,8.6066303
1991,188,2021,30,2328237.073972603,8,251.375,10.796796
1991,189,2021,30,2329295.617808219,9,234.91666,10.085309
1991,190,2021,30,2330320.015068493,10,212.16667,9.1046152
1991,191,2021,30,2331378.55890411,11,211.375,9.0665245
1991,192,2021,30,2332402.956164384,12,192.5,8.2532911
1992,1,2006,14,2090542.5,1,44.375,2.1226547
1992,2,2006,14,2091434.110958904,2,23.375,1.1176541
1992,3,2006,14,2092239.436986302,3,30.958334,1.4796746
1992,4,2006,14,2093131.047945206,4,30.916668,1.4770536
1992,5,2006,14,2093993.897260274,5,27.375,1.3073103
1992,6,2006,14,2094885.508219178,6,31.374998,1.4976951
1992,7,2006,14,2095748.357534247,7,22.333334,1.0656496
1992,8,2006,14,2096639.968493151,8,27.5,1.3116224
1992,9,2006,14,2097531.579452055,9,17.916668,.85417873
1992,10,2006,14,2098394.428767123,10,20.625,.98289436
1992,11,2006,14,2099286.039726027,11,28.5,1.3576044
1992,12,2006,14,2100148.889041096,12,28.166666,1.3411747
1992,13,2007,15,2101040.5,1,33.791664,1.60833
1992,14,2007,15,2103034.904109589,2,31.5,1.4978354
1992,15,2007,15,2104836.301369863,3,33.458336,1.5895933
1992,16,2007,15,2106830.705479452,4,38.541668,1.8293672
1992,17,2007,15,2108760.773972603,5,45.375,2.1517377
1992,18,2007,15,2110755.178082191,6,38.583332,1.8279397
1992,19,2007,15,2112685.246575342,7,31.833332,1.5067712
1992,20,2007,15,2114679.650684931,8,38.25,1.8087846
1992,21,2007,15,2116674.05479452,9,38.708336,1.8287339
1992,22,2007,15,2118604.123287671,10,20.375,.96171814
1992,23,2007,15,2120598.52739726,11,24.75,1.1671233
1992,24,2007,15,2122528.595890411,12,22.791666,1.0737978
1992,25,2008,16,2124523,1,49.833332,2.3456244
1992,26,2008,16,2125380.243169399,2,43.875,2.0643365
1992,27,2008,16,2126182.180327869,3,41.875,1.9694926
1992,28,2008,16,2127039.423497268,4,43.375,2.0392194
1992,29,2008,16,2127869.013661202,5,55,2.5847456
1992,30,2008,16,2128726.256830601,6,43.875,2.0610917
1992,31,2008,16,2129555.846994536,7,39.708336,1.86463
1992,32,2008,16,2130413.090163935,8,33.125,1.5548627
1992,33,2008,16,2131270.333333333,9,35.625,1.6715384
1992,34,2008,16,2132099.923497268,10,41.208332,1.932758
1992,35,2008,16,2132957.166666667,11,47.375,2.2210948
1992,36,2008,16,2133786.756830601,12,36.541668,1.7125267
1992,37,2009,17,2134644,1,66.583328,3.1191771
1992,38,2009,17,2136420.936986302,2,41.875,1.9600538
1992,39,2009,17,2138025.912328767,3,52.125,2.4379966
1992,40,2009,17,2139802.849315069,4,56.375,2.6345885
1992,41,2009,17,2141522.465753425,5,56,2.6149621
1992,42,2009,17,2143299.402739726,6,49.541664,2.3114672
1992,43,2009,17,2145019.019178082,7,43.916664,2.0473788
1992,44,2009,17,2146795.956164383,8,49,2.2824712
1992,45,2009,17,2148572.893150685,9,51.208336,2.3833652
1992,46,2009,17,2150292.509589041,10,52.875,2.4589677
1992,47,2009,17,2152069.446575343,11,49.375,2.2943032
1992,48,2009,17,2153789.063013699,12,53.541664,2.4859288
1992,49,2010,18,2155566,1,64.708336,3.0019186
1992,50,2010,18,2157033.91369863,2,61.375,2.8453424
1992,51,2010,18,2158359.771232876,3,51.416664,2.38221
1992,52,2010,18,2159827.684931507,4,45.75,2.1182246
1992,53,2010,18,2161248.246575342,5,61.5,2.8455777
1992,54,2010,18,2162716.160273972,6,62.208332,2.8763983
1992,55,2010,18,2164136.721917808,7,60.833332,2.8109746
1992,56,2010,18,2165604.635616438,8,58.5,2.701324
1992,57,2010,18,2167072.549315068,9,56.125,2.5898995
1992,58,2010,18,2168493.110958904,10,49.666664,2.2903769
1992,59,2010,18,2169961.024657534,11,46.625,2.1486561
1992,60,2010,18,2171381.58630137,12,49.125,2.2623844
1992,61,2011,19,2172849.5,1,60.75,2.7958679
1992,62,2011,19,2173791.602739726,2,62,2.8521593
1992,63,2011,19,2174642.534246575,3,52.125,2.3969457
1992,64,2011,19,2175584.636986301,4,68.583336,3.1524096
1992,65,2011,19,2176496.349315068,5,60.5,2.7796969
1992,66,2011,19,2177438.452054794,6,56.75,2.6062734
1992,67,2011,19,2178350.164383561,7,67.333328,3.0910242
1992,68,2011,19,2179292.267123288,8,65.5,3.005563
1992,69,2011,19,2180234.369863014,9,62.208332,2.8532865
1992,70,2011,19,2181146.082191781,10,68.458336,3.1386406
1992,71,2011,19,2182088.184931506,11,56.75,2.6007199
1992,72,2011,19,2182999.897260274,12,63.458336,2.9069326
1992,73,2012,20,2183942,1,78.333328,3.586786
1992,74,2012,20,2184728.942622951,2,54.25,2.4831455
1992,75,2012,20,2185465.114754098,3,66.125,3.0256717
1992,76,2012,20,2186252.057377049,4,75.666672,3.4610224
1992,77,2012,20,2187013.614754098,5,77.375,3.5379295
1992,78,2012,20,2187800.557377049,6,75.333328,3.4433362
1992,79,2012,20,2188562.114754098,7,72.791672,3.3260043
1992,80,2012,20,2189349.057377049,8,66.625,3.0431421
1992,81,2012,20,2190136,9,58.75,2.6824818
1992,82,2012,20,2190897.557377049,10,56.791664,2.5921643
1992,83,2012,20,2191684.5,11,59.5,2.7148068
1992,84,2012,20,2192446.057377049,12,59.083332,2.694859
1992,85,2013,21,2193233,1,68.208328,3.1099446
1992,86,2013,21,2194285.683561644,2,65.875,3.002116
1992,87,2013,21,2195236.494520548,3,79.041664,3.6005991
1992,88,2013,21,2196289.178082191,4,71.875,3.2725654
1992,89,2013,21,2197307.904109589,5,74.75,3.40189
1992,90,2013,21,2198360.587671233,6,73.208328,3.330133
1992,91,2013,21,2199379.31369863,7,82.333336,3.7434804
1992,92,2013,21,2200431.997260274,8,77.5,3.5220356
1992,93,2013,21,2201484.680821918,9,82.625,3.753149
1992,94,2013,21,2202503.406849315,10,66.5,3.0192916
1992,95,2013,21,2203556.090410959,11,60.375,2.7398894
1992,96,2013,21,2204574.816438356,12,70.416664,3.1941154
1992,97,2014,22,2205627.5,1,86.041664,3.9010062
1992,98,2014,22,2206535.842465754,2,82.625,3.7445574
1992,99,2014,22,2207356.280821918,3,86.75,3.9300406
1992,100,2014,22,2208264.623287671,4,87.375,3.9567268
1992,101,2014,22,2209143.664383561,5,79.125,3.5817046
1992,102,2014,22,2210052.006849315,6,79.875,3.6141684
1992,103,2014,22,2210931.047945206,7,74.958328,3.3903513
1992,104,2014,22,2211839.390410959,8,90.375,4.0859656
1992,105,2014,22,2212747.732876712,9,75,3.389451
1992,106,2014,22,2213626.773972603,10,91.666664,4.141017
1992,107,2014,22,2214535.116438356,11,79.125,3.5729847
1992,108,2014,22,2215414.157534246,12,69.208336,3.1239457
1992,109,2015,23,2216322.5,1,92.333328,4.16606
1992,110,2015,23,2217528.102739726,2,80.5,3.6301682
1992,111,2015,23,2218617.034246575,3,92.208336,4.1561179
1992,112,2015,23,2219822.636986301,4,83.541672,3.7634389
1992,113,2015,23,2220989.349315069,5,89.875,4.0466199
1992,114,2015,23,2222194.952054794,6,91.208328,4.104425
1992,115,2015,23,2223361.664383562,7,78.875,3.5475559
1992,116,2015,23,2224567.267123288,8,95,4.2704935
1992,117,2015,23,2225772.869863014,9,90,4.043539
1992,118,2015,23,2226939.582191781,10,92.375,4.1480694
1992,119,2015,23,2228145.184931507,11,84.25,3.7811718
1992,120,2015,23,2229311.897260274,12,98,4.3959751
1992,121,2016,24,2230517.5,1,92.791664,4.1600957
1992,122,2016,24,2231296.819672131,2,100.125,4.4873009
1992,123,2016,24,2232025.860655738,3,111.5,4.9954619
1992,124,2016,24,2232805.180327869,4,92.708328,4.152101
1992,125,2016,24,2233559.360655738,5,116.625,5.2214866
1992,126,2016,24,2234338.680327869,6,91.208328,4.0821176
1992,127,2016,24,2235092.860655738,7,102.08333,4.567297
1992,128,2016,24,2235872.180327869,8,109.875,4.9141898
1992,129,2016,24,2236651.5,9,110.29167,4.9311066
1992,130,2016,24,2237405.680327869,10,109.25,4.8828874
1992,131,2016,24,2238185,11,91.75,4.0993037
1992,132,2016,24,2238939.180327869,12,108.29167,4.83674
1992,133,2017,25,2239718.5,1,122.25,5.4582753
1992,134,2017,25,2240338.712328767,2,108.25,4.8318586
1992,135,2017,25,2240898.904109589,3,119.33334,5.3252439
1992,136,2017,25,2241519.116438356,4,110.45834,4.9278336
1992,137,2017,25,2242119.321917808,5,119.125,5.3130536
1992,138,2017,25,2242739.534246576,6,113.83333,5.0756373
1992,139,2017,25,2243339.739726027,7,108.79167,4.8495407
1992,140,2017,25,2243959.952054794,8,118.875,5.2975545
1992,141,2017,25,2244580.164383562,9,107.70833,4.7985959
1992,142,2017,25,2245180.369863014,10,102.45834,4.5634789
1992,143,2017,25,2245800.582191781,11,99.5,4.4304914
1992,144,2017,25,2246400.787671233,12,128.41667,5.7165523
1992,145,2018,26,2247021,1,129.58333,5.7668943
1992,146,2018,26,2248064.256164384,2,115.25,5.1266327
1992,147,2018,26,2249006.552054795,3,108,4.8021202
1992,148,2018,26,2250049.808219178,4,119.41667,5.3072901
1992,149,2018,26,2251059.410958904,5,126.625,5.6251292
1992,150,2018,26,2252102.667123288,6,109,4.8399215
1992,151,2018,26,2253112.269863014,7,121.58334,5.3962398
1992,152,2018,26,2254155.526027397,8,115.75,5.1349607
1992,153,2018,26,2255198.782191781,9,105,4.6559091
1992,154,2018,26,2256208.384931507,10,117.20834,5.1949253
1992,155,2018,26,2257251.641095891,11,110.625,4.9008713
1992,156,2018,26,2258261.243835617,12,124.75,5.5241618
1992,157,2019,27,2259304.5,1,126.12499,5.5824699
1992,158,2019,27,2259967.560273972,2,103.75,4.5907741
1992,159,2019,27,2260566.453424658,3,112.375,4.9710994
1992,160,2019,27,2261229.51369863,4,113.54167,5.0212359
1992,161,2019,27,2261871.184931507,5,128.875,5.6977162
1992,162,2019,27,2262534.24520548,6,131,5.7899675
1992,163,2019,27,2263175.916438356,7,129.875,5.7386169
1992,164,2019,27,2263838.976712329,8,138.375,6.1124048
1992,165,2019,27,2264502.036986301,9,104.91667,4.6331015
1992,166,2019,27,2265143.708219178,10,124.83334,5.5110559
1992,167,2019,27,2265806.768493151,11,122.125,5.3899126
1992,168,2019,27,2266448.439726027,12,129.16667,5.6990786
1992,169,2020,28,2267111.5,1,127.16666,5.6091933
1992,170,2020,28,2267474.225409836,2,122.375,5.3969741
1992,171,2020,28,2267813.549180328,3,161.04167,7.1011868
1992,172,2020,28,2268176.274590164,4,167.125,7.3682547
1992,173,2020,28,2268527.299180328,5,174,7.6701746
1992,174,2020,28,2268890.024590164,6,158.58333,6.9894676
1992,175,2020,28,2269241.049180328,7,178.375,7.8605576
1992,176,2020,28,2269603.774590164,8,174.375,7.6830592
1992,177,2020,28,2269966.5,9,151.16667,6.6594229
1992,178,2020,28,2270317.524590164,10,158.95834,7.0015907
1992,179,2020,28,2270680.25,11,152,6.6940293
1992,180,2020,28,2271031.274590164,12,145.33334,6.3994427
1992,181,2021,29,2271394,1,180.58333,7.9503303
1992,182,2021,29,2272535.861643836,2,162.625,7.1561027
1992,183,2021,29,2273567.220547945,3,192.16666,8.4522095
1992,184,2021,29,2274709.082191781,4,178.16667,7.8325038
1992,185,2021,29,2275814.109589041,5,172.375,7.5742126
1992,186,2021,29,2276955.971232877,6,165.54166,7.2703056
1992,187,2021,29,2278060.998630137,7,188.08333,8.2562904
1992,188,2021,29,2279202.860273973,8,212.625,9.3289194
1992,189,2021,29,2280344.721917808,9,205.95834,9.0318947
1992,190,2021,29,2281449.749315069,10,208.79167,9.1517105
1992,191,2021,29,2282591.610958904,11,177.125,7.75982
1992,192,2021,29,2283696.638356165,12,182.41666,7.9877796
1993,1,2006,13,2063263.5,1,29.75,1.4418905
1993,2,2006,13,2063283.161643836,2,18.125,.87845433
1993,3,2006,13,2063300.920547945,3,25.125,1.2177089
1993,4,2006,13,2063320.582191781,4,21.875,1.0601842
1993,5,2006,13,2063339.609589041,5,17.25,.83602333
1993,6,2006,13,2063359.271232877,6,30.708332,1.4882687
1993,7,2006,13,2063378.298630137,7,20.583332,.99755496
1993,8,2006,13,2063397.960273973,8,24.75,1.1994778
1993,9,2006,13,2063417.621917808,9,15.708334,.7612775
1993,10,2006,13,2063436.649315068,10,17.625,.85415757
1993,11,2006,13,2063456.310958904,11,19.25,.93290079
1993,12,2006,13,2063475.338356165,12,31.833334,1.5427048
1993,13,2007,14,2063495,1,28.75,1.3932673
1993,14,2007,14,2064369.964383562,2,22.125,1.0717555
1993,15,2007,14,2065160.254794521,3,36.5,1.7674173
1993,16,2007,14,2066035.219178082,4,32.083336,1.552894
1993,17,2007,14,2066881.95890411,5,32.25,1.5603213
1993,18,2007,14,2067756.923287671,6,31,1.499209
1993,19,2007,14,2068603.663013699,7,31.083332,1.5026238
1993,20,2007,14,2069478.62739726,8,27.375,1.3227969
1993,21,2007,14,2070353.591780822,9,29.083332,1.4047519
1993,22,2007,14,2071200.331506849,10,23.916668,1.154725
1993,23,2007,14,2072075.295890411,11,26.5,1.278911
1993,24,2007,14,2072922.035616438,12,25.833334,1.246228
1993,25,2008,15,2073797,1,45.333332,2.1860063
1993,26,2008,15,2075857.398907104,2,34.25,1.6499207
1993,27,2008,15,2077784.868852459,3,45.25,2.1777999
1993,28,2008,15,2079845.267759563,4,36.708336,1.7649552
1993,29,2008,15,2081839.202185792,5,38.75,1.8613349
1993,30,2008,15,2083899.601092896,6,29.833332,1.4316108
1993,31,2008,15,2085893.535519126,7,28.291668,1.3563333
1993,32,2008,15,2087953.934426229,8,37.125,1.7780565
1993,33,2008,15,2090014.333333333,9,27.333332,1.307806
1993,34,2008,15,2092008.267759563,10,36,1.7208345
1993,35,2008,15,2094068.666666667,11,31.25,1.4923102
1993,36,2008,15,2096062.601092896,12,23.541666,1.1231376
1993,37,2009,16,2098123,1,56.041668,2.6710382
1993,38,2009,16,2099327.838356164,2,39.625,1.8875089
1993,39,2009,16,2100416.079452055,3,43.125,2.0531647
1993,40,2009,16,2101620.917808219,4,44.458336,2.1154308
1993,41,2009,16,2102786.890410959,5,42.75,2.0330162
1993,42,2009,16,2103991.728767123,6,43.041664,2.0457146
1993,43,2009,16,2105157.701369863,7,33.625,1.5972675
1993,44,2009,16,2106362.539726027,8,38.5,1.8277955
1993,45,2009,16,2107567.378082192,9,34.541668,1.6389354
1993,46,2009,16,2108733.350684932,10,40.708332,1.9304637
1993,47,2009,16,2109938.189041096,11,39.125,1.8543197
1993,48,2009,16,2111104.161643836,12,41.5,1.965796
1993,49,2010,17,2112309,1,35.083332,1.6608996
1993,50,2010,17,2113671.598630137,2,37.125,1.7564223
1993,51,2010,17,2114902.332876712,3,49.458336,2.3385637
1993,52,2010,17,2116264.931506849,4,49.125,2.3213067
1993,53,2010,17,2117583.575342466,5,48.25,2.2785406
1993,54,2010,17,2118946.173972603,6,51.625,2.4363525
1993,55,2010,17,2120264.817808219,7,53.041664,2.5016527
1993,56,2010,17,2121627.416438356,8,44.625,2.1033382
1993,57,2010,17,2122990.015068493,9,43.625,2.0548849
1993,58,2010,17,2124308.65890411,10,45.625,2.1477575
1993,59,2010,17,2125671.257534246,11,41.625,1.958205
1993,60,2010,17,2126989.901369863,12,42.291668,1.9883342
1993,61,2011,18,2128352.5,1,54.791664,2.5743699
1993,62,2011,18,2129699.76849315,2,61.375,2.8818617
1993,63,2011,18,2130916.656164384,3,46.25,2.1704276
1993,64,2011,18,2132263.924657534,4,62.416668,2.9272487
1993,65,2011,18,2133567.732876712,5,56,2.6247115
1993,66,2011,18,2134915.001369863,6,50.666664,2.3732402
1993,67,2011,18,2136218.809589041,7,55.666664,2.6058502
1993,68,2011,18,2137566.078082192,8,65.875,3.0817761
1993,69,2011,18,2138913.346575342,9,56.166664,2.6259439
1993,70,2011,18,2140217.154794521,10,54.333332,2.5386832
1993,71,2011,18,2141564.423287671,11,43.5,2.0312254
1993,72,2011,18,2142868.231506849,12,38.083332,1.777213
1993,73,2012,19,2144215.5,1,62.875,2.932308
1993,74,2012,19,2144893.434426229,2,56.75,2.6458192
1993,75,2012,19,2145527.631147541,3,59.625,2.7790368
1993,76,2012,19,2146205.565573771,4,64.166672,2.9897728
1993,77,2012,19,2146861.631147541,5,68.375,3.1848814
1993,78,2012,19,2147539.565573771,6,63.208332,2.9432907
1993,79,2012,19,2148195.631147541,7,64.458336,3.0005803
1993,80,2012,19,2148873.565573771,8,57.625,2.6816375
1993,81,2012,19,2149551.5,9,57,2.651716
1993,82,2012,19,2150207.565573771,10,55.958332,2.6024618
1993,83,2012,19,2150885.5,11,56.25,2.615202
1993,84,2012,19,2151541.565573771,12,60.916668,2.8313034
1993,85,2013,20,2152219.5,1,72.583328,3.3724873
1993,86,2013,20,2152943.328767123,2,58.5,2.7172103
1993,87,2013,20,2153597.109589041,3,81.75,3.7959747
1993,88,2013,20,2154320.938356164,4,73.708336,3.4214184
1993,89,2013,20,2155021.417808219,5,64.25,2.9814088
1993,90,2013,20,2155745.246575342,6,61.25,2.8412447
1993,91,2013,20,2156445.726027397,7,76.25,3.5359108
1993,92,2013,20,2157169.554794521,8,72.75,3.3724749
1993,93,2013,20,2157893.383561644,9,67.875,3.1454289
1993,94,2013,20,2158593.863013699,10,51.333332,2.3780913
1993,95,2013,20,2159317.691780822,11,65.875,3.0507321
1993,96,2013,20,2160018.171232877,12,61.375,2.8414114
1993,97,2014,21,2160742,1,86.5,4.0032544
1993,98,2014,21,2161786.742465754,2,85.125,3.9377151
1993,99,2014,21,2162730.380821918,3,93.916672,4.342505
1993,100,2014,21,2163775.123287671,4,75.458336,3.4873464
1993,101,2014,21,2164786.164383561,5,82.125,3.7936773
1993,102,2014,21,2165830.906849315,6,67.666664,3.1242819
1993,103,2014,21,2166841.947945205,7,66.291664,3.0593677
1993,104,2014,21,2167886.690410959,8,71.75,3.3096747
1993,105,2014,21,2168931.432876712,9,63.666664,2.9353931
1993,106,2014,21,2169942.473972603,10,78.125,3.6003258
1993,107,2014,21,2170987.216438356,11,76.875,3.5410159
1993,108,2014,21,2171998.257534246,12,74.708336,3.4396131
1993,109,2015,22,2173043,1,99.541664,4.58075
1993,110,2015,22,2173812.691780822,2,57.625,2.6508725
1993,111,2015,22,2174507.897260274,3,90.708328,4.1714416
1993,112,2015,22,2175277.589041096,4,70.291672,3.2313886
1993,113,2015,22,2176022.452054794,5,80.375,3.693666
1993,114,2015,22,2176792.143835616,6,92.25,4.2378874
1993,115,2015,22,2177537.006849315,7,84.083328,3.8613961
1993,116,2015,22,2178306.698630137,8,81.25,3.7299614
1993,117,2015,22,2179076.390410959,9,81.583336,3.7439411
1993,118,2015,22,2179821.253424658,10,89.833336,4.1211333
1993,119,2015,22,2180590.945205479,11,91.75,4.2075748
1993,120,2015,22,2181335.808219178,12,85.541664,3.9215267
1993,121,2016,23,2182105.5,1,87.916664,4.0289831
1993,122,2016,23,2183137.181693989,2,87,3.9850907
1993,123,2016,23,2184102.303278689,3,98.875,4.5270314
1993,124,2016,23,2185133.984972678,4,91.416672,4.1835728
1993,125,2016,23,2186132.386612022,5,101.5,4.6429029
1993,126,2016,23,2187164.068306011,6,88.125,4.0291901
1993,127,2016,23,2188162.469945355,7,85.5,3.9073882
1993,128,2016,23,2189194.151639344,8,104.375,4.767736
1993,129,2016,23,2190225.833333333,9,110.70834,5.0546541
1993,130,2016,23,2191224.234972678,10,90.833336,4.1453238
1993,131,2016,23,2192255.916666667,11,114.75,5.234334
1993,132,2016,23,2193254.318306011,12,100.33333,4.5746326
1993,133,2017,24,2194286,1,106,4.8307285
1993,134,2017,24,2194734.947945205,2,84,3.8273413
1993,135,2017,24,2195140.449315068,3,113.41667,5.1667161
1993,136,2017,24,2195589.397260274,4,97.291672,4.4312325
1993,137,2017,24,2196023.863013699,5,106.875,4.8667502
1993,138,2017,24,2196472.810958904,6,98.416664,4.4806685
1993,139,2017,24,2196907.276712329,7,99.916672,4.5480604
1993,140,2017,24,2197356.224657534,8,96.75,4.4030185
1993,141,2017,24,2197805.17260274,9,101,4.5954938
1993,142,2017,24,2198239.638356164,10,103.375,4.7026267
1993,143,2017,24,2198688.58630137,11,82.875,3.7692924
1993,144,2017,24,2199123.052054795,12,115.58333,5.2558827
1993,145,2018,25,2199572,1,118.70834,5.3968835
1993,146,2018,25,2200040.567123287,2,89.25,4.0567431
1993,147,2018,25,2200463.789041096,3,90.041672,4.0919404
1993,148,2018,25,2200932.356164384,4,100.125,4.5492086
1993,149,2018,25,2201385.808219178,5,116.875,5.3091555
1993,150,2018,25,2201854.375342465,6,101.66666,4.6173201
1993,151,2018,25,2202307.82739726,7,109.95833,4.9928684
1993,152,2018,25,2202776.394520548,8,105.375,4.7837358
1993,153,2018,25,2203244.961643836,9,100.75,4.5728006
1993,154,2018,25,2203698.41369863,10,108.83333,4.9386673
1993,155,2018,25,2204166.980821918,11,91.5,4.151228
1993,156,2018,25,2204620.432876712,12,122.125,5.5395021
1993,157,2019,26,2205089,1,105.58333,4.7881665
1993,158,2019,26,2206200.328767123,2,100.625,4.5610094
1993,159,2019,26,2207204.109589041,3,106.875,4.8420987
1993,160,2019,26,2208315.438356164,4,95.041664,4.3038082
1993,161,2019,26,2209390.917808219,5,126.625,5.7312174
1993,162,2019,26,2210502.246575342,6,122.29166,5.5323024
1993,163,2019,26,2211577.726027397,7,122.45833,5.537148
1993,164,2019,26,2212689.054794521,8,112.5,5.0843115
1993,165,2019,26,2213800.383561644,9,104.83333,4.7354465
1993,166,2019,26,2214875.863013699,10,112.125,5.0623603
1993,167,2019,26,2215987.191780822,11,108.875,4.9131603
1993,168,2019,26,2217062.671232877,12,110.75,4.995348
1993,169,2020,27,2218174,1,129.79166,5.851284
1993,170,2020,27,2218580.049180328,2,120,5.408865
1993,171,2020,27,2218959.901639344,3,154.375,6.9570885
1993,172,2020,27,2219365.950819672,4,143.04167,6.4451594
1993,173,2020,27,2219758.901639344,5,146.75,6.6110783
1993,174,2020,27,2220164.950819672,6,148.25,6.6774316
1993,175,2020,27,2220557.901639344,7,171.04167,7.7026439
1993,176,2020,27,2220963.950819672,8,142.75,6.4273891
1993,177,2020,27,2221370,9,147.95834,6.6606798
1993,178,2020,27,2221762.950819672,10,150.5,6.7739
1993,179,2020,27,2222169,11,142,6.3901529
1993,180,2020,27,2222561.950819672,12,148.79166,6.6946011
1993,181,2021,28,2222968,1,215.79166,9.7073669
1993,182,2021,28,2224191.226027397,2,127.125,5.7155609
1993,183,2021,28,2225296.075342466,3,163.95834,7.3679338
1993,184,2021,28,2226519.301369863,4,149.91667,6.7332301
1993,185,2021,28,2227703.068493151,5,159.875,7.1766744
1993,186,2021,28,2228926.294520548,6,141,6.3259158
1993,187,2021,28,2230110.061643836,7,172.20834,7.7219663
1993,188,2021,28,2231333.287671233,8,188.75,8.4590683
1993,189,2021,28,2232556.51369863,9,213.04166,9.5424976
1993,190,2021,28,2233740.280821918,10,163.875,7.33635
1993,191,2021,28,2234963.506849315,11,165.875,7.4218216
1993,192,2021,28,2236147.273972603,12,159.95834,7.1533008
1994,1,2006,12,2034223.5,1,23.791666,1.16957
1994,2,2006,12,2035465.835616439,2,12.875,.63253331
1994,3,2006,12,2036587.94520548,3,17.375,.85314262
1994,4,2006,12,2037830.280821918,4,22.541666,1.1061602
1994,5,2006,12,2039032.541095891,5,19.375,.9502055
1994,6,2006,12,2040274.876712329,6,23.875,1.1701854
1994,7,2006,12,2041477.136986302,7,21.958334,1.07561
1994,8,2006,12,2042719.47260274,8,24,1.1749043
1994,9,2006,12,2043961.808219178,9,13.166667,.6441738
1994,10,2006,12,2045164.068493151,10,15.416666,.7538107
1994,11,2006,12,2046406.404109589,11,16.25,.79407489
1994,12,2006,12,2047608.664383562,12,18.583334,.90756279
1994,13,2007,13,2048851,1,22.875,1.1164794
1994,14,2007,13,2048729.463013699,2,28.5,1.3911061
1994,15,2007,13,2048619.687671233,3,24.708334,1.2060966
1994,16,2007,13,2048498.150684932,4,26.166668,1.2773587
1994,17,2007,13,2048380.534246576,5,22.625,1.104531
1994,18,2007,13,2048258.997260274,6,28.25,1.3792201
1994,19,2007,13,2048141.380821918,7,27.125,1.3243715
1994,20,2007,13,2048019.843835616,8,22.125,1.0803118
1994,21,2007,13,2047898.306849315,9,21.458332,1.0478221
1994,22,2007,13,2047780.690410959,10,20.458332,.99904901
1994,23,2007,13,2047659.153424658,11,20.875,1.0194567
1994,24,2007,13,2047541.536986301,12,16.416666,.8017745
1994,25,2008,14,2047420,1,29.958334,1.4632237
1994,26,2008,14,2048245.904371585,2,21.75,1.0618842
1994,27,2008,14,2049018.524590164,3,32.25,1.5739243
1994,28,2008,14,2049844.428961749,4,33.083336,1.6139437
1994,29,2008,14,2050643.691256831,5,18.5,.90215576
1994,30,2008,14,2051469.595628415,6,20.375,.99319047
1994,31,2008,14,2052268.857923497,7,20.583332,1.002955
1994,32,2008,14,2053094.762295082,8,27.625,1.3455297
1994,33,2008,14,2053920.666666667,9,29.958332,1.4585924
1994,34,2008,14,2054719.928961749,10,19.375,.9429509
1994,35,2008,14,2055545.833333333,11,18.5,.90000427
1994,36,2008,14,2056345.095628415,12,16.291666,.79226321
1994,37,2009,15,2057171,1,33.583332,1.6325008
1994,38,2009,15,2059181.923287671,2,28.875,1.4022559
1994,39,2009,15,2060998.241095891,3,35.166668,1.706293
1994,40,2009,15,2063009.164383562,4,28.958334,1.4036939
1994,41,2009,15,2064955.219178082,5,31.25,1.51335
1994,42,2009,15,2066966.142465753,6,32.791664,1.5864636
1994,43,2009,15,2068912.197260274,7,27.958332,1.3513542
1994,44,2009,15,2070923.120547945,8,32.75,1.5814204
1994,45,2009,15,2072934.043835616,9,28.291666,1.3648126
1994,46,2009,15,2074880.098630137,10,34.041664,1.6406569
1994,47,2009,15,2076891.021917808,11,22.25,1.0713128
1994,48,2009,15,2078837.076712329,12,19.916666,.95806766
1994,49,2010,16,2080848,1,37.291664,1.7921379
1994,50,2010,16,2082107.619178082,2,42.75,2.0532079
1994,51,2010,16,2083245.339726027,3,35.583332,1.7080721
1994,52,2010,16,2084504.958904109,4,40.875,1.9608972
1994,53,2010,16,2085723.945205479,5,40.625,1.947765
1994,54,2010,16,2086983.564383562,6,44.5,2.1322641
1994,55,2010,16,2088202.550684931,7,39.875,1.909537
1994,56,2010,16,2089462.169863014,8,35.875,1.716949
1994,57,2010,16,2090721.789041096,9,28.25,1.351208
1994,58,2010,16,2091940.775342466,10,29.958332,1.4320831
1994,59,2010,16,2093200.394520548,11,21.75,1.0390787
1994,60,2010,16,2094419.380821918,12,29.541666,1.4104943
1994,61,2011,17,2095679,1,49.666664,2.3699558
1994,62,2011,17,2096931.697260274,2,54.25,2.5871134
1994,63,2011,17,2098063.165753425,3,48.708332,2.3215857
1994,64,2011,17,2099315.863013699,4,43.708336,2.0820277
1994,65,2011,17,2100528.150684931,5,50.5,2.4041572
1994,66,2011,17,2101780.847945205,6,49.958332,2.3769524
1994,67,2011,17,2102993.135616438,7,53.083336,2.5241802
1994,68,2011,17,2104245.832876713,8,58.875,2.7979145
1994,69,2011,17,2105498.530136987,9,40.125,1.9057244
1994,70,2011,17,2106710.817808219,10,47.833336,2.2705221
1994,71,2011,17,2107963.515068493,11,32.375,1.5358425
1994,72,2011,17,2109175.802739726,12,41.791668,1.9814217
1994,73,2012,18,2110428.5,1,60.125,2.8489475
1994,74,2012,18,2111705.81010929,2,58.375,2.7643528
1994,75,2012,18,2112900.713114754,3,58.25,2.7568736
1994,76,2012,18,2114178.023224044,4,51.458336,2.4339643
1994,77,2012,18,2115414.129781421,5,58.125,2.747689
1994,78,2012,18,2116691.439890711,6,46.666664,2.2046986
1994,79,2012,18,2117927.546448087,7,55.333332,2.6126168
1994,80,2012,18,2119204.856557377,8,50.75,2.3947661
1994,81,2012,18,2120482.166666667,9,46.375,2.1870027
1994,82,2012,18,2121718.273224044,10,39.583332,1.8656262
1994,83,2012,18,2122995.583333333,11,48.125,2.266844
1994,84,2012,18,2124231.689890711,12,31.291668,1.4730817
1994,85,2013,19,2125509,1,62.5,2.9404721
1994,86,2013,19,2126049.121917808,2,59.625,2.8044977
1994,87,2013,19,2126536.973972603,3,74.291672,3.4935517
1994,88,2013,19,2127077.095890411,4,67.75,3.185122
1994,89,2013,19,2127599.794520548,5,56,2.6320739
1994,90,2013,19,2128139.916438356,6,53.416664,2.5100164
1994,91,2013,19,2128662.615068493,7,63.666664,2.9909232
1994,92,2013,19,2129202.736986301,8,60.875,2.8590515
1994,93,2013,19,2129742.858904109,9,50.791664,2.3848732
1994,94,2013,19,2130265.557534247,10,59.083336,2.7735198
1994,95,2013,19,2130805.679452055,11,55.625,2.6105149
1994,96,2013,19,2131328.378082192,12,60.041668,2.8171008
1994,97,2014,20,2131868.5,1,74.5,3.4945869
1994,98,2014,20,2132500.050684932,2,70.125,3.2883937
1994,99,2014,20,2133070.483561644,3,69.291672,3.2484474
1994,100,2014,20,2133702.034246576,4,60.833336,2.8510699
1994,101,2014,20,2134313.212328767,5,69,3.2328901
1994,102,2014,20,2134944.763013699,6,59.916664,2.8064737
1994,103,2014,20,2135555.94109589,7,63.458332,2.9715135
1994,104,2014,20,2136187.491780822,8,64.625,3.0252495
1994,105,2014,20,2136819.042465753,9,67.5,3.158901
1994,106,2014,20,2137430.220547945,10,73.416664,3.4348099
1994,107,2014,20,2138061.771232877,11,66.5,3.1102936
1994,108,2014,20,2138672.949315069,12,66.375,3.10356
1994,109,2015,21,2139304.5,1,88.583328,4.1407537
1994,110,2015,21,2140245.753424658,2,68.625,3.2064075
1994,111,2015,21,2141095.917808219,3,80.333336,3.7519727
1994,112,2015,21,2142037.171232876,4,84.791672,3.9584594
1994,113,2015,21,2142948.061643836,5,74.125,3.4590199
1994,114,2015,21,2143889.315068493,6,84.416664,3.9375477
1994,115,2015,21,2144800.205479452,7,78.5,3.6600146
1994,116,2015,21,2145741.458904109,8,73.625,3.4312148
1994,117,2015,21,2146682.712328767,9,78.166664,3.6412771
1994,118,2015,21,2147593.602739726,10,73.958328,3.4437766
1994,119,2015,21,2148534.856164383,11,58.875,2.7402394
1994,120,2015,21,2149445.746575342,12,76.375,3.5532415
1994,121,2016,22,2150387,1,86,3.9992802
1994,122,2016,22,2150933.226775956,2,85.25,3.9633958
1994,123,2016,22,2151444.213114754,3,86.375,4.0147452
1994,124,2016,22,2151990.43989071,4,88.833336,4.1279616
1994,125,2016,22,2152519.046448087,5,88.375,4.1056547
1994,126,2016,22,2153065.273224044,6,76.333328,3.5453327
1994,127,2016,22,2153593.879781421,7,78.375,3.6392655
1994,128,2016,22,2154140.106557377,8,101.25,4.7002516
1994,129,2016,22,2154686.333333333,9,92.583336,4.2968359
1994,130,2016,22,2155214.93989071,10,89.75,4.1643176
1994,131,2016,22,2155761.166666667,11,112.75,5.2301712
1994,132,2016,22,2156289.773224044,12,89.458336,4.148716
1994,133,2017,23,2156836,1,127.45834,5.9095054
1994,134,2017,23,2157578.216438356,2,96,4.4494333
1994,135,2017,23,2158248.605479452,3,110.41667,5.1160312
1994,136,2017,23,2158990.821917808,4,98.583336,4.5661769
1994,137,2017,23,2159709.095890411,5,103.75,4.8038878
1994,138,2017,23,2160451.312328767,6,92.541664,4.2834415
1994,139,2017,23,2161169.58630137,7,91.958328,4.2550259
1994,140,2017,23,2161911.802739726,8,79.125,3.659955
1994,141,2017,23,2162654.019178082,9,88.25,4.0806341
1994,142,2017,23,2163372.293150685,10,93.708336,4.3315864
1994,143,2017,23,2164114.509589041,11,88,4.066328
1994,144,2017,23,2164832.783561644,12,98.708336,4.5596285
1994,145,2018,24,2165575,1,89.791664,4.1463199
1994,146,2018,24,2165860.32739726,2,89.875,4.149621
1994,147,2018,24,2166118.042465753,3,92.75,4.2818537
1994,148,2018,24,2166403.369863014,4,96.833336,4.4697742
1994,149,2018,24,2166679.493150685,5,105.875,4.8865094
1994,150,2018,24,2166964.820547945,6,93.916664,4.3340187
1994,151,2018,24,2167240.943835617,7,96.958328,4.473814
1994,152,2018,24,2167526.271232877,8,95,4.3828764
1994,153,2018,24,2167811.598630137,9,93.333328,4.3054171
1994,154,2018,24,2168087.721917808,10,96.125,4.4336305
1994,155,2018,24,2168373.049315068,11,96.875,4.4676352
1994,156,2018,24,2168649.17260274,12,88.458336,4.0789599
1994,157,2019,25,2168934.5,1,95.833336,4.4184523
1994,158,2019,25,2169494.453424658,2,90,4.1484318
1994,159,2019,25,2170000.217808219,3,93.958336,4.3298769
1994,160,2019,25,2170560.171232876,4,99.125,4.5667934
1994,161,2019,25,2171102.061643836,5,115.5,5.3198791
1994,162,2019,25,2171662.015068493,6,105.58333,4.8618674
1994,163,2019,25,2172203.905479452,7,114.95833,5.292244
1994,164,2019,25,2172763.858904109,8,102.75,4.7290001
1994,165,2019,25,2173323.812328767,9,101.04167,4.6491771
1994,166,2019,25,2173865.702739726,10,111.375,5.1233616
1994,167,2019,25,2174425.656164384,11,93.875,4.3172321
1994,168,2019,25,2174967.546575342,12,110,5.0575466
1994,169,2020,26,2175527.5,1,102.08334,4.6923485
1994,170,2020,26,2175962.474043716,2,130.875,6.0145798
1994,171,2020,26,2176369.385245902,3,115.875,5.324234
1994,172,2020,26,2176804.359289617,4,134.79167,6.1921811
1994,173,2020,26,2177225.301912568,5,124,5.6953225
1994,174,2020,26,2177660.275956284,6,141.79166,6.5111928
1994,175,2020,26,2178081.218579235,7,163.29166,7.4970417
1994,176,2020,26,2178516.192622951,8,135.25,6.208354
1994,177,2020,26,2178951.166666667,9,132.29167,6.0713463
1994,178,2020,26,2179372.109289617,10,135.33333,6.2097392
1994,179,2020,26,2179807.083333333,11,132.25,6.0670505
1994,180,2020,26,2180228.025956284,12,128.875,5.9110789
1994,181,2021,27,2180663,1,187.49998,8.5983019
1994,182,2021,27,2181961.432876712,2,141.25,6.4735332
1994,183,2021,27,2183134.210958904,3,142.66667,6.5349474
1994,184,2021,27,2184432.643835616,4,150,6.8667717
1994,185,2021,27,2185689.191780822,5,158.5,7.2517171
1994,186,2021,27,2186987.624657534,6,132.58333,6.0623722
1994,187,2021,27,2188244.17260274,7,153.66666,7.0223722
1994,188,2021,27,2189542.605479452,8,182.5,8.3350744
1994,189,2021,27,2190841.038356164,9,175.5,8.010622
1994,190,2021,27,2192097.58630137,10,150.41666,6.8617682
1994,191,2021,27,2193396.019178082,11,141.375,6.4454846
1994,192,2021,27,2194652.567123287,12,150.375,6.851882
1995,1,2006,11,2016429,1,18.874998,.93606061
1995,2,2006,11,2017163.147945205,2,18.875,.93572003
1995,3,2006,11,2017826.249315069,3,16.041666,.79499739
1995,4,2006,11,2018560.397260274,4,19,.94126487
1995,5,2006,11,2019270.863013699,5,23.125,1.1452154
1995,6,2006,11,2020005.010958904,6,20.833332,1.0313505
1995,7,2006,11,2020715.476712329,7,25.916666,1.282549
1995,8,2006,11,2021449.624657534,8,19.625,.97083795
1995,9,2006,11,2022183.77260274,9,14.125,.6985023
1995,10,2006,11,2022894.238356164,10,19.75,.9763239
1995,11,2006,11,2023628.38630137,11,16.875,.83389819
1995,12,2006,11,2024338.852054795,12,20.875,1.0312009
1995,13,2007,12,2025073,1,19.916666,.98350358
1995,14,2007,12,2026330.920547945,2,17.5,.86362994
1995,15,2007,12,2027467.106849315,3,16.833334,.83026421
1995,16,2007,12,2028725.027397261,4,25.208334,1.2425703
1995,17,2007,12,2029942.369863014,5,17,.83746219
1995,18,2007,12,2031200.290410959,6,20.416666,1.0051528
1995,19,2007,12,2032417.632876712,7,21.916666,1.0783545
1995,20,2007,12,2033675.553424658,8,27.875,1.3706709
1995,21,2007,12,2034933.473972603,9,15.75,.77398109
1995,22,2007,12,2036150.816438356,10,14.25,.6998499
1995,23,2007,12,2037408.736986301,11,16.5,.80985224
1995,24,2007,12,2038626.079452055,12,19.833332,.97287738
1995,25,2008,13,2039884,1,28.583332,1.4012234
1995,26,2008,13,2039592.12568306,2,20.5,1.0051029
1995,27,2008,13,2039319.081967213,3,34.083336,1.6713096
1995,28,2008,13,2039027.207650273,4,23.666668,1.1606842
1995,29,2008,13,2038744.74863388,5,16.375,.80319029
1995,30,2008,13,2038452.87431694,6,18.791666,.9218592
1995,31,2008,13,2038170.415300546,7,20.333332,.99762666
1995,32,2008,13,2037878.540983607,8,24.625,1.2083645
1995,33,2008,13,2037586.666666667,9,20.666668,1.0142719
1995,34,2008,13,2037304.207650273,10,13.416667,.65855002
1995,35,2008,13,2037012.333333333,11,15.25,.74864542
1995,36,2008,13,2036729.87431694,12,10.25,.50325769
1995,37,2009,14,2036438,1,23.916666,1.1744362
1995,38,2009,14,2036999.821917808,2,20.625,1.0125185
1995,39,2009,14,2037507.273972603,3,30.541668,1.4989722
1995,40,2009,14,2038069.095890411,4,21.375,1.0487868
1995,41,2009,14,2038612.794520548,5,26.375,1.293772
1995,42,2009,14,2039174.616438356,6,27.625,1.3547148
1995,43,2009,14,2039718.315068493,7,23.625,1.1582482
1995,44,2009,14,2040280.136986302,8,27,1.3233477
1995,45,2009,14,2040841.95890411,9,24.458332,1.1984432
1995,46,2009,14,2041385.657534247,10,25.083334,1.2287406
1995,47,2009,14,2041947.479452055,11,22.625,1.1080109
1995,48,2009,14,2042491.178082192,12,20.916668,1.0240763
1995,49,2010,15,2043053,1,43.666664,2.1373241
1995,50,2010,15,2044177.195890411,2,27.25,1.3330547
1995,51,2010,15,2045192.598630137,3,31.916668,1.5605702
1995,52,2010,15,2046316.794520548,4,29.791668,1.4558679
1995,53,2010,15,2047404.726027397,5,27.75,1.3553745
1995,54,2010,15,2048528.921917808,6,30.666666,1.4970092
1995,55,2010,15,2049616.853424658,7,29.208332,1.425063
1995,56,2010,15,2050741.049315068,8,27.75,1.3531694
1995,57,2010,15,2051865.245205479,9,23,1.1209313
1995,58,2010,15,2052953.176712329,10,24.416666,1.1893436
1995,59,2010,15,2054077.37260274,11,24.25,1.1805787
1995,60,2010,15,2055165.304109589,12,18.458334,.89814353
1995,61,2011,16,2056289.5,1,41.666668,2.0263035
1995,62,2011,16,2057512.131506849,2,34.75,1.6889329
1995,63,2011,16,2058616.443835616,3,37.083336,1.8013718
1995,64,2011,16,2059839.075342466,4,38.333336,1.8609869
1995,65,2011,16,2061022.267123288,5,30.375,1.4737833
1995,66,2011,16,2062244.898630137,6,37.125,1.8002226
1995,67,2011,16,2063428.090410959,7,46.958332,2.2757435
1995,68,2011,16,2064650.721917808,8,37.75,1.8283964
1995,69,2011,16,2065873.353424658,9,28.333332,1.3714942
1995,70,2011,16,2067056.545205479,10,37.5,1.8141739
1995,71,2011,16,2068279.176712329,11,24,1.1603849
1995,72,2011,16,2069462.368493151,12,34.333332,1.6590459
1995,73,2012,17,2070685,1,61.583332,2.974056
1995,74,2012,17,2071861.051912569,2,34,1.6410366
1995,75,2012,17,2072961.229508197,3,43.791668,2.1125174
1995,76,2012,17,2074137.281420765,4,48.583336,2.3423395
1995,77,2012,17,2075275.396174863,5,41.125,1.9816647
1995,78,2012,17,2076451.448087432,6,44.875,2.161139
1995,79,2012,17,2077589.56284153,7,46.375,2.2321541
1995,80,2012,17,2078765.614754098,8,44.375,2.1346803
1995,81,2012,17,2079941.666666667,9,38.458332,1.8490101
1995,82,2012,17,2081079.781420765,10,38.958336,1.8720251
1995,83,2012,17,2082255.833333333,11,45.25,2.1731238
1995,84,2012,17,2083393.948087432,12,46.291664,2.2219353
1995,85,2013,18,2084570,1,50.708332,2.4325559
1995,86,2013,18,2085892.383561644,2,42.75,2.0494826
1995,87,2013,18,2087086.794520548,3,60.666668,2.9067631
1995,88,2013,18,2088409.178082192,4,52.083336,2.4939239
1995,89,2013,18,2089688.904109589,5,52,2.4884086
1995,90,2013,18,2091011.287671233,6,49.375,2.3612976
1995,91,2013,18,2092291.01369863,7,60,2.8676698
1995,92,2013,18,2093613.397260274,8,51,2.4359798
1995,93,2013,18,2094935.780821918,9,38.5,1.8377652
1995,94,2013,18,2096215.506849315,10,43.791664,2.0890822
1995,95,2013,18,2097537.890410959,11,46.125,2.1990068
1995,96,2013,18,2098817.616438356,12,47.541664,2.2651641
1995,97,2014,19,2100140,1,62.375,2.9700401
1995,98,2014,19,2100491.361643835,2,55.75,2.6541409
1995,99,2014,19,2100808.720547945,3,72.166664,3.435185
1995,100,2014,19,2101160.082191781,4,58.875,2.8020236
1995,101,2014,19,2101500.109589041,5,49.625,2.3614085
1995,102,2014,19,2101851.471232877,6,56.416664,2.6841414
1995,103,2014,19,2102191.498630137,7,55.958332,2.6619046
1995,104,2014,19,2102542.860273973,8,64.875,3.0855494
1995,105,2014,19,2102894.221917808,9,61.083336,2.904727
1995,106,2014,19,2103234.249315069,10,52.416668,2.4921935
1995,107,2014,19,2103585.610958904,11,65.875,3.1315579
1995,108,2014,19,2103925.638356165,12,48.75,2.3170972
1995,109,2015,20,2104277,1,77.999992,3.7067358
1995,110,2015,20,2104748.879452055,2,65.5,3.1120102
1995,111,2015,20,2105175.093150685,3,73.375,3.4854584
1995,112,2015,20,2105646.972602739,4,74.666672,3.5460205
1995,113,2015,20,2106103.630136986,5,71.375,3.3889596
1995,114,2015,20,2106575.509589041,6,75.333328,3.5761039
1995,115,2015,20,2107032.167123287,7,76.25,3.6188343
1995,116,2015,20,2107504.046575342,8,77.75,3.689198
1995,117,2015,20,2107975.926027397,9,72.75,3.4511778
1995,118,2015,20,2108432.583561644,10,66.833328,3.169811
1995,119,2015,20,2108904.463013698,11,69.75,3.3074045
1995,120,2015,20,2109361.120547945,12,70.25,3.3303924
1995,121,2016,21,2109833,1,85.291664,4.0425787
1995,122,2016,21,2110591.44125683,2,71.5,3.387676
1995,123,2016,21,2111300.950819672,3,84.625,4.0081921
1995,124,2016,21,2112059.392076503,4,83.375,3.9475689
1995,125,2016,21,2112793.367486339,5,75.25,3.5616355
1995,126,2016,21,2113551.80874317,6,77.958328,3.6884985
1995,127,2016,21,2114285.784153006,7,82.958328,3.9237046
1995,128,2016,21,2115044.225409836,8,87.5,4.1370292
1995,129,2016,21,2115802.666666667,9,78.625,3.7160838
1995,130,2016,21,2116536.642076503,10,69.625,3.2895722
1995,131,2016,21,2117295.083333333,11,71.75,3.3887577
1995,132,2016,21,2118029.05874317,12,86.125,4.0662804
1995,133,2017,22,2118787.5,1,92.416664,4.3617711
1995,134,2017,22,2119001.824657534,2,80.75,3.8107564
1995,135,2017,22,2119195.408219178,3,92.791664,4.3786273
1995,136,2017,22,2119409.732876712,4,95.916672,4.5256314
1995,137,2017,22,2119617.143835616,5,107,5.0480814
1995,138,2017,22,2119831.468493151,6,88.791664,4.1886191
1995,139,2017,22,2120038.879452055,7,81.125,3.8265808
1995,140,2017,22,2120253.204109589,8,78,3.6788058
1995,141,2017,22,2120467.528767123,9,80.166672,3.7806129
1995,142,2017,22,2120674.939726028,10,84.666672,3.99244
1995,143,2017,22,2120889.264383562,11,89,4.196353
1995,144,2017,22,2121096.675342466,12,86.5,4.0780792
1995,145,2018,23,2121311,1,106.95834,5.0420866
1995,146,2018,23,2121928.706849315,2,81.5,3.8408453
1995,147,2018,23,2122486.635616438,3,87.375,4.1166339
1995,148,2018,23,2123104.342465754,4,92.541672,4.3587904
1995,149,2018,23,2123702.123287671,5,103.125,4.855907
1995,150,2018,23,2124319.830136986,6,90.416664,4.2562642
1995,151,2018,23,2124917.610958904,7,91,4.2825189
1995,152,2018,23,2125535.317808219,8,82.75,3.893137
1995,153,2018,23,2126153.024657534,9,81.791672,3.8469324
1995,154,2018,23,2126750.805479452,10,82.708336,3.8889527
1995,155,2018,23,2127368.512328767,11,79.625,3.742887
1995,156,2018,23,2127966.293150685,12,81.25,3.8181996
1995,157,2019,24,2128584,1,92.25,4.3338671
1995,158,2019,24,2128874.04109589,2,83.125,3.9046462
1995,159,2019,24,2129136.01369863,3,91.666664,4.3053455
1995,160,2019,24,2129426.054794521,4,96.416672,4.5278244
1995,161,2019,24,2129706.739726027,5,93.5,4.390276
1995,162,2019,24,2129996.780821918,6,103.04166,4.8376441
1995,163,2019,24,2130277.465753424,7,100.33333,4.7098713
1995,164,2019,24,2130567.506849315,8,99.375,4.6642504
1995,165,2019,24,2130857.547945206,9,86.25,4.0476661
1995,166,2019,24,2131138.232876712,10,108.83333,5.1068168
1995,167,2019,24,2131428.273972603,11,103.375,4.8500342
1995,168,2019,24,2131708.958904109,12,119.58334,5.6097403
1995,169,2020,25,2131999,1,104.41666,4.8975945
1995,170,2020,25,2132434.397540984,2,108.125,5.0704961
1995,171,2020,25,2132841.704918033,3,117.58333,5.512989
1995,172,2020,25,2133277.102459017,4,130.58334,6.1212554
1995,173,2020,25,2133698.454918033,5,126.875,5.9462481
1995,174,2020,25,2134133.852459017,6,134.33333,6.2945127
1995,175,2020,25,2134555.204918033,7,149.08334,6.9842815
1995,176,2020,25,2134990.602459017,8,128.875,6.0363264
1995,177,2020,25,2135426,9,105.16666,4.9248562
1995,178,2020,25,2135847.352459017,10,120.91667,5.6612973
1995,179,2020,25,2136282.75,11,105.625,4.9443359
1995,180,2020,25,2136704.102459017,12,130.875,6.1250877
1995,181,2021,26,2137139.5,1,174.70833,8.1748676
1995,182,2021,26,2138491.779452055,2,132.875,6.2134914
1995,183,2021,26,2139713.193150685,3,146.08334,6.8272395
1995,184,2021,26,2141065.472602739,4,130.375,6.0892582
1995,185,2021,26,2142374.130136986,5,142.375,6.6456647
1995,186,2021,26,2143726.409589041,6,138.45833,6.4587684
1995,187,2021,26,2145035.067123287,7,139.16667,6.4878507
1995,188,2021,26,2146387.346575342,8,172.875,8.0542316
1995,189,2021,26,2147739.626027397,9,143.83334,6.6969638
1995,190,2021,26,2149048.283561644,10,153.95833,7.1640239
1995,191,2021,26,2150400.563013698,11,119.625,5.5629172
1995,192,2021,26,2151709.220547945,12,136.58333,6.3476667
1996,1,2006,10,1959655,1,15.958333,.81434399
1996,2,2006,10,1963000.749315068,2,18.375,.93606687
1996,3,2006,10,1966022.716438356,3,19.583334,.99608892
1996,4,2006,10,1969368.465753424,4,19.291668,.97958654
1996,5,2006,10,1972606.287671233,5,18.875,.95685589
1996,6,2006,10,1975952.036986301,6,19.791666,1.0016268
1996,7,2006,10,1979189.85890411,7,24.458332,1.2357749
1996,8,2006,10,1982535.608219178,8,15.125,.76291192
1996,9,2006,10,1985881.357534247,9,17.833334,.89800602
1996,10,2006,10,1989119.179452055,10,14.666666,.73734474
1996,11,2006,10,1992464.928767123,11,13.5,.6775527
1996,12,2006,10,1995702.750684931,12,21,1.0522609
1996,13,2007,11,1999048.5,1,17.791666,.89000672
1996,14,2007,11,1999732.028767123,2,15.25,.76260215
1996,15,2007,11,2000349.409589041,3,20.416668,1.020655
1996,16,2007,11,2001032.938356164,4,16.875,.84331447
1996,17,2007,11,2001694.417808219,5,19.25,.96168524
1996,18,2007,11,2002377.946575342,6,17.291666,.86355656
1996,19,2007,11,2003039.426027397,7,23.708334,1.1836179
1996,20,2007,11,2003722.954794521,8,23.875,1.191532
1996,21,2007,11,2004406.483561644,9,21.083334,1.0518492
1996,22,2007,11,2005067.963013699,10,17.75,.88525677
1996,23,2007,11,2005751.491780822,11,17.75,.88495511
1996,24,2007,11,2006412.971232877,12,19.041666,.94904023
1996,25,2008,12,2007096.5,1,19.416666,.96740073
1996,26,2008,12,2008333.154371585,2,23.75,1.1825727
1996,27,2008,12,2009490.024590164,3,23.416668,1.1653041
1996,28,2008,12,2010726.678961749,4,18,.89519876
1996,29,2008,12,2011923.44125683,5,18.125,.9008792
1996,30,2008,12,2013160.095628415,6,20.958332,1.0410663
1996,31,2008,12,2014356.857923497,7,20.75,1.0301055
1996,32,2008,12,2015593.512295082,8,18,.8930372
1996,33,2008,12,2016830.166666667,9,13.166667,.65283966
1996,34,2008,12,2018026.928961749,10,16.166668,.80111259
1996,35,2008,12,2019263.583333333,11,15.875,.78617769
1996,36,2008,12,2020460.345628415,12,24.374998,1.2064081
1996,37,2009,13,2021697,1,22.166666,1.0964386
1996,38,2009,13,2021612.747945206,2,17.625,.87182868
1996,39,2009,13,2021536.649315068,3,23.541668,1.1645433
1996,40,2009,13,2021452.397260274,4,15.583334,.77089787
1996,41,2009,13,2021370.863013699,5,14.625,.72351891
1996,42,2009,13,2021286.610958904,6,28.291666,1.399686
1996,43,2009,13,2021205.076712329,7,23.916668,1.1832875
1996,44,2009,13,2021120.824657534,8,22.125,1.0946896
1996,45,2009,13,2021036.57260274,9,18.041668,.89269382
1996,46,2009,13,2020955.038356164,10,20.625,1.020557
1996,47,2009,13,2020870.78630137,11,26.5,1.3113159
1996,48,2009,13,2020789.252054795,12,17.166666,.84950304
1996,49,2010,14,2020705,1,35.416668,1.7526886
1996,50,2010,14,2021692.116438356,2,27.375,1.3540637
1996,51,2010,14,2022583.705479452,3,23.375,1.1557
1996,52,2010,14,2023570.821917808,4,32.291668,1.5957766
1996,53,2010,14,2024526.095890411,5,24.75,1.2225083
1996,54,2010,14,2025513.212328767,6,22,1.0861444
1996,55,2010,14,2026468.48630137,7,24.375,1.2028314
1996,56,2010,14,2027455.602739726,8,18.375,.90630835
1996,57,2010,14,2028442.719178082,9,18.041668,.88943446
1996,58,2010,14,2029397.993150685,10,23.208334,1.1436068
1996,59,2010,14,2030385.109589041,11,21.5,1.0589124
1996,60,2010,14,2031340.383561644,12,22.791666,1.1220013
1996,61,2011,15,2032327.5,1,33.958332,1.6709085
1996,62,2011,15,2033423.838356164,2,32.75,1.610584
1996,63,2011,15,2034414.079452055,3,26.208334,1.2882497
1996,64,2011,15,2035510.417808219,4,28.166668,1.3837644
1996,65,2011,15,2036571.390410959,5,27.5,1.3503087
1996,66,2011,15,2037667.728767123,6,31.291666,1.5356609
1996,67,2011,15,2038728.701369863,7,31.791666,1.5593867
1996,68,2011,15,2039825.039726027,8,29.25,1.4339465
1996,69,2011,15,2040921.378082192,9,26,1.2739344
1996,70,2011,15,2041982.350684932,10,25.5,1.2487864
1996,71,2011,15,2043078.689041096,11,21.25,1.040097
1996,72,2011,15,2044139.661643836,12,22.5,1.1007075
1996,73,2012,16,2045236,1,28.75,1.4057057
1996,74,2012,16,2046468.588797814,2,39.75,1.9423704
1996,75,2012,16,2047621.655737705,3,40.5,1.9779044
1996,76,2012,16,2048854.244535519,4,32.708336,1.5964209
1996,77,2012,16,2050047.072404372,5,38.5,1.8780056
1996,78,2012,16,2051279.661202186,6,46.583332,2.2709401
1996,79,2012,16,2052472.489071038,7,42.291668,2.060523
1996,80,2012,16,2053705.077868852,8,34.125,1.661631
1996,81,2012,16,2054937.666666667,9,35.583332,1.7316015
1996,82,2012,16,2056130.494535519,10,38.416664,1.8683962
1996,83,2012,16,2057363.083333333,11,35.375,1.719434
1996,84,2012,16,2058555.911202186,12,31.666666,1.5382951
1996,85,2013,17,2059788.5,1,43.458332,2.1098444
1996,86,2013,17,2060985.609589041,2,39.25,1.9044286
1996,87,2013,17,2062066.869863014,3,44.875,2.1762147
1996,88,2013,17,2063263.979452055,4,41.791668,2.0255125
1996,89,2013,17,2064422.47260274,5,39.625,1.919423
1996,90,2013,17,2065619.582191781,6,44.125,2.136163
1996,91,2013,17,2066778.075342466,7,52.958332,2.5623617
1996,92,2013,17,2067975.184931507,8,39.25,1.8979918
1996,93,2013,17,2069172.294520548,9,34.291664,1.6572648
1996,94,2013,17,2070330.787671233,10,36.625,1.7690409
1996,95,2013,17,2071527.897260274,11,29.25,1.4120013
1996,96,2013,17,2072686.390410959,12,44.125,2.1288798
1996,97,2014,18,2073883.5,1,47.833332,2.3064618
1996,98,2014,18,2075173.652054795,2,45.125,2.1745169
1996,99,2014,18,2076338.950684932,3,49.583336,2.3880174
1996,100,2014,18,2077629.102739726,4,54.583336,2.6271935
1996,101,2014,18,2078877.636986301,5,52.25,2.5133755
1996,102,2014,18,2080167.789041096,6,48.708332,2.3415577
1996,103,2014,18,2081416.323287671,7,45.125,2.167995
1996,104,2014,18,2082706.475342466,8,51.75,2.4847476
1996,105,2014,18,2083996.62739726,9,49.208336,2.3612483
1996,106,2014,18,2085245.161643836,10,50.166664,2.4057922
1996,107,2014,18,2086535.31369863,11,59,2.8276541
1996,108,2014,18,2087783.847945205,12,54.708332,2.6204021
1996,109,2015,19,2089074,1,55.25,2.6447124
1996,110,2015,19,2089197.830136986,2,61.25,2.9317472
1996,111,2015,19,2089309.676712329,3,68.916672,3.298538
1996,112,2015,19,2089433.506849315,4,66.375,3.1766984
1996,113,2015,19,2089553.342465753,5,70.875,3.3918731
1996,114,2015,19,2089677.17260274,6,67.791664,3.2441213
1996,115,2015,19,2089797.008219178,7,75.208328,3.598834
1996,116,2015,19,2089920.838356164,8,64.375,3.0802603
1996,117,2015,19,2090044.668493151,9,55.416664,2.6514583
1996,118,2015,19,2090164.504109589,10,68.375,3.2712736
1996,119,2015,19,2090288.334246575,11,66.75,3.1933393
1996,120,2015,19,2090408.169863014,12,63.291668,3.0277181
1996,121,2016,20,2090532,1,69.708336,3.3344784
1996,122,2016,20,2090744.214480874,2,60.625,2.8996851
1996,123,2016,20,2090942.737704918,3,82,3.9216759
1996,124,2016,20,2091154.952185792,4,71.458336,3.4171708
1996,125,2016,20,2091360.321038251,5,69,3.299288
1996,126,2016,20,2091572.535519126,6,79.041664,3.7790544
1996,127,2016,20,2091777.904371585,7,75,3.5854666
1996,128,2016,20,2091990.118852459,8,70.75,3.381947
1996,129,2016,20,2092202.333333333,9,61.125,2.9215627
1996,130,2016,20,2092407.702185792,10,78.25,3.739711
1996,131,2016,20,2092619.916666667,11,62.5,2.9866867
1996,132,2016,20,2092825.285519126,12,76.416664,3.6513638
1996,133,2017,21,2093037.5,1,101.625,4.8553834
1996,134,2017,21,2093527.3,2,71.125,3.3973763
1996,135,2017,21,2093969.7,3,90.125,4.3040261
1996,136,2017,21,2094459.5,4,84.833336,4.0503688
1996,137,2017,21,2094933.5,5,93.75,4.4750824
1996,138,2017,21,2095423.3,6,79.958328,3.8158557
1996,139,2017,21,2095897.3,7,72.125,3.4412467
1996,140,2017,21,2096387.1,8,71.125,3.3927417
1996,141,2017,21,2096876.9,9,80.416672,3.8350687
1996,142,2017,21,2097350.9,10,79.833328,3.8063886
1996,143,2017,21,2097840.7,11,76.75,3.6585238
1996,144,2017,21,2098314.7,12,66.833336,3.185096
1996,145,2018,22,2098804.5,1,83.208328,3.9645584
1996,146,2018,22,2098826.624657534,2,78.125,3.7223179
1996,147,2018,22,2098846.608219178,3,82.708336,3.9406564
1996,148,2018,22,2098868.732876712,4,83.458336,3.9763486
1996,149,2018,22,2098890.143835616,5,100.25,4.7763338
1996,150,2018,22,2098912.26849315,6,83.166664,3.9623697
1996,151,2018,22,2098933.679452055,7,91,4.3355346
1996,152,2018,22,2098955.804109589,8,79,3.7637763
1996,153,2018,22,2098977.928767123,9,78,3.7160943
1996,154,2018,22,2098999.339726027,10,87.916664,4.1885037
1996,155,2018,22,2099021.464383562,11,72.625,3.4599457
1996,156,2018,22,2099042.875342465,12,63.75,3.0370984
1996,157,2019,23,2099065,1,97.416664,4.640955
1996,158,2019,23,2099609.623287671,2,82.625,3.9352553
1996,159,2019,23,2100101.54109589,3,91.75,4.3688364
1996,160,2019,23,2100646.164383561,4,88.875,4.2308412
1996,161,2019,23,2101173.219178082,5,86,4.0929513
1996,162,2019,23,2101717.842465753,6,99.833328,4.7500825
1996,163,2019,23,2102244.897260274,7,82.708336,3.9342864
1996,164,2019,23,2102789.520547945,8,91.625,4.3573074
1996,165,2019,23,2103334.143835616,9,83.125,3.9520588
1996,166,2019,23,2103861.198630137,10,91.375,4.343205
1996,167,2019,23,2104405.821917808,11,91.875,4.3658404
1996,168,2019,23,2104932.876712329,12,84.541664,4.0163593
1996,169,2020,24,2105477.5,1,113.125,5.3728905
1996,170,2020,24,2105899.260928961,2,102.375,4.8613439
1996,171,2020,24,2106293.81147541,3,96.583336,4.5854635
1996,172,2020,24,2106715.572404372,4,105.29167,4.9979062
1996,173,2020,24,2107123.728142076,5,116.5,5.5288639
1996,174,2020,24,2107545.489071038,6,123.125,5.842104
1996,175,2020,24,2107953.644808743,7,128.70833,6.1058426
1996,176,2020,24,2108375.405737705,8,127.25,6.0354528
1996,177,2020,24,2108797.166666667,9,124.625,5.9097672
1996,178,2020,24,2109205.322404372,10,106.125,5.0315161
1996,179,2020,24,2109627.083333333,11,104.625,4.9594073
1996,180,2020,24,2110035.239071038,12,103.20834,4.8913088
1996,181,2021,25,2110457,1,145.16666,6.8784466
1996,182,2021,25,2111805.032876712,2,113.125,5.356792
1996,183,2021,25,2113022.610958904,3,134.375,6.3593736
1996,184,2021,25,2114370.643835616,4,119.33334,5.6439176
1996,185,2021,25,2115675.191780822,5,126.875,5.9969034
1996,186,2021,25,2117023.224657534,6,125.70833,5.9379759
1996,187,2021,25,2118327.77260274,7,125.125,5.9067817
1996,188,2021,25,2119675.805479452,8,148.625,7.0116854
1996,189,2021,25,2121023.838356164,9,138,6.5062919
1996,190,2021,25,2122328.38630137,10,134.41666,6.3334522
1996,191,2021,25,2123676.419178082,11,124.875,5.8801332
1996,192,2021,25,2124980.967123288,12,139.83333,6.580451
1997,1,2006,9,1894247.5,1,14.875,.78527224
1997,2,2006,9,1898782.375342466,2,20.125,1.0598898
1997,3,2006,9,1902878.391780822,3,19.458332,1.0225736
1997,4,2006,9,1907413.267123288,4,22.333334,1.1708702
1997,5,2006,9,1911801.856164384,5,15.125,.79113847
1997,6,2006,9,1916336.731506849,6,17.833332,.93059492
1997,7,2006,9,1920725.320547945,7,25.625,1.3341315
1997,8,2006,9,1925260.195890411,8,17.125,.88949019
1997,9,2006,9,1929795.071232877,9,14.041667,.72762477
1997,10,2006,9,1934183.660273972,10,11.416667,.59025764
1997,11,2006,9,1938718.535616438,11,14.75,.76081181
1997,12,2006,9,1943107.124657535,12,19.083332,.98210394
1997,13,2007,10,1947642,1,13.208333,.6781705
1997,14,2007,10,1951338.473972603,2,24.625,1.2619543
1997,15,2007,10,1954677.224657534,3,22.625,1.1574801
1997,16,2007,10,1958373.698630137,4,16.958334,.86593962
1997,17,2007,10,1961950.931506849,5,18.875,.96205258
1997,18,2007,10,1965647.405479452,6,21.375,1.087428
1997,19,2007,10,1969224.638356164,7,26,1.3203166
1997,20,2007,10,1972921.112328767,8,17.125,.8680023
1997,21,2007,10,1976617.58630137,9,18.333334,.92751044
1997,22,2007,10,1980194.819178082,10,13.458333,.67964691
1997,23,2007,10,1983891.293150685,11,20.625,1.0396235
1997,24,2007,10,1987468.526027397,12,16.125,.8113336
1997,25,2008,11,1991165,1,28.541666,1.4334154
1997,26,2008,11,1991755.948087432,2,21.5,1.0794495
1997,27,2008,11,1992308.770491803,3,23.541668,1.1816275
1997,28,2008,11,1992899.718579235,4,19.166668,.96174777
1997,29,2008,11,1993471.603825137,5,22.25,1.1161433
1997,30,2008,11,1994062.551912568,6,19.291666,.96745539
1997,31,2008,11,1994634.43715847,7,18.541668,.92957723
1997,32,2008,11,1995225.385245902,8,20.125,1.0086579
1997,33,2008,11,1995816.333333333,9,12.708333,.63674861
1997,34,2008,11,1996388.218579235,10,14.625,.73257297
1997,35,2008,11,1996979.166666667,11,11.625,.58212924
1997,36,2008,11,1997551.051912568,12,20.208334,1.0116554
1997,37,2009,12,1998142,1,25.875,1.294953
1997,38,2009,12,1999547.573972603,2,15.125,.75642109
1997,39,2009,12,2000817.124657534,3,18.625,.9308697
1997,40,2009,12,2002222.698630137,4,17.291668,.86362362
1997,41,2009,12,2003582.931506849,5,18.625,.92958468
1997,42,2009,12,2004988.505479452,6,25.958332,1.2946873
1997,43,2009,12,2006348.738356164,7,24.083332,1.2003562
1997,44,2009,12,2007754.312328767,8,21,1.0459447
1997,45,2009,12,2009159.88630137,9,15.291667,.76109755
1997,46,2009,12,2010520.119178082,10,29.5,1.4672821
1997,47,2009,12,2011925.693150685,11,20.875,1.0375632
1997,48,2009,12,2013285.926027397,12,20.833334,1.0347927
1997,49,2010,13,2014691.5,1,21.833332,1.083706
1997,50,2010,13,2015843.21369863,2,16.625,.82471693
1997,51,2010,13,2016883.471232877,3,22.041666,1.0928577
1997,52,2010,13,2018035.184931507,4,17.458334,.86511546
1997,53,2010,13,2019149.746575342,5,22.625,1.1205212
1997,54,2010,13,2020301.460273973,6,26.125,1.2931238
1997,55,2010,13,2021416.021917808,7,17.041666,.84305584
1997,56,2010,13,2022567.735616439,8,18.75,.92703938
1997,57,2010,13,2023719.449315069,9,14.583333,.72062027
1997,58,2010,13,2024834.010958904,10,19.833332,.97950411
1997,59,2010,13,2025985.724657534,11,21,1.0365325
1997,60,2010,13,2027100.28630137,12,24.916666,1.2291777
1997,61,2011,14,2028252,1,32.333332,1.5941477
1997,62,2011,14,2029014.132876712,2,29.125,1.4354262
1997,63,2011,14,2029702.510958904,3,26.166666,1.2891872
1997,64,2011,14,2030464.643835617,4,27.5,1.3543698
1997,65,2011,14,2031202.191780822,5,25.5,1.2554141
1997,66,2011,14,2031964.324657534,6,29.416666,1.447696
1997,67,2011,14,2032701.87260274,7,22.375,1.1007516
1997,68,2011,14,2033464.005479452,8,25,1.2294292
1997,69,2011,14,2034226.138356165,9,23.166668,1.1388443
1997,70,2011,14,2034963.68630137,10,21.416666,1.0524348
1997,71,2011,14,2035725.819178082,11,19.25,.94560868
1997,72,2011,14,2036463.367123288,12,15.291667,.75089329
1997,73,2012,15,2037225.5,1,23.125,1.1351223
1997,74,2012,15,2038349.588797814,2,29.625,1.4533817
1997,75,2012,15,2039401.155737705,3,29.125,1.4281152
1997,76,2012,15,2040525.244535519,4,32.291668,1.5825174
1997,77,2012,15,2041613.072404372,5,27.25,1.334729
1997,78,2012,15,2042737.161202186,6,29.833332,1.4604586
1997,79,2012,15,2043824.989071038,7,37.833332,1.8511043
1997,80,2012,15,2044949.077868852,8,27.5,1.3447767
1997,81,2012,15,2046073.166666667,9,30.75,1.5028788
1997,82,2012,15,2047160.994535519,10,26.125,1.2761576
1997,83,2012,15,2048285.083333333,11,24.375,1.1900198
1997,84,2012,15,2049372.911202186,12,31,1.5126579
1997,85,2013,16,2050497,1,30.833332,1.5037004
1997,86,2013,16,2051815.816438356,2,26.75,1.3037232
1997,87,2013,16,2053007.005479452,3,32.791668,1.5972507
1997,88,2013,16,2054325.821917808,4,34.291668,1.6692419
1997,89,2013,16,2055602.095890411,5,38.375,1.8668497
1997,90,2013,16,2056920.912328767,6,32.791664,1.5942112
1997,91,2013,16,2058197.18630137,7,33.458332,1.6256136
1997,92,2013,16,2059516.002739726,8,34,1.6508733
1997,93,2013,16,2060834.819178082,9,26.916668,1.306105
1997,94,2013,16,2062111.093150685,10,34.416668,1.6690016
1997,95,2013,16,2063429.909589041,11,29.625,1.4357163
1997,96,2013,16,2064706.183561644,12,30.583334,1.4812438
1997,97,2014,17,2066025,1,43.749996,2.1175928
1997,98,2014,17,2067177.435616438,2,33.25,1.6084734
1997,99,2014,17,2068218.34520548,3,45.083332,2.1798148
1997,100,2014,17,2069370.780821918,4,38.416668,1.856442
1997,101,2014,17,2070486.041095891,5,36.875,1.7809827
1997,102,2014,17,2071638.476712329,6,41.416664,1.9992225
1997,103,2014,17,2072753.736986301,7,36.125,1.7428505
1997,104,2014,17,2073906.17260274,8,40.625,1.958864
1997,105,2014,17,2075058.608219178,9,39.625,1.9095846
1997,106,2014,17,2076173.868493151,10,32,1.5412967
1997,107,2014,17,2077326.304109589,11,51,2.4550788
1997,108,2014,17,2078441.564383562,12,40.625,1.9545895
1997,109,2015,18,2079594,1,60.5,2.9092216
1997,110,2015,18,2080836.505479452,2,53.625,2.5770886
1997,111,2015,18,2081958.768493151,3,58.708336,2.8198607
1997,112,2015,18,2083201.273972603,4,55.916672,2.6841705
1997,113,2015,18,2084403.698630137,5,63.75,3.0584288
1997,114,2015,18,2085646.204109589,6,55.75,2.6730325
1997,115,2015,18,2086848.628767123,7,57.916668,2.7753172
1997,116,2015,18,2088091.134246575,8,56.25,2.6938479
1997,117,2015,18,2089333.639726027,9,49.708332,2.3791475
1997,118,2015,18,2090536.064383562,10,55.541668,2.6568146
1997,119,2015,18,2091778.569863014,11,38,1.8166358
1997,120,2015,18,2092980.994520548,12,50.541664,2.4148171
1997,121,2016,19,2094223.5,1,84.5,4.0349083
1997,122,2016,19,2094022.889344262,2,57,2.7220333
1997,123,2016,19,2093835.221311475,3,66.75,3.1879299
1997,124,2016,19,2093634.610655738,4,62.958336,3.0071311
1997,125,2016,19,2093440.471311475,5,67.125,3.2064443
1997,126,2016,19,2093239.860655738,6,71.083328,3.3958521
1997,127,2016,19,2093045.721311475,7,63.458332,3.0318656
1997,128,2016,19,2092845.110655738,8,66.375,3.17152
1997,129,2016,19,2092644.5,9,64.208328,3.0682864
1997,130,2016,19,2092450.360655738,10,59.833332,2.8594863
1997,131,2016,19,2092249.75,11,69,3.2978854
1997,132,2016,19,2092055.610655738,12,68.333336,3.266325
1997,133,2017,20,2091855,1,92.416664,4.4179287
1997,134,2017,20,2091710.78630137,2,64,3.0596964
1997,135,2017,20,2091580.528767123,3,78.208336,3.739198
1997,136,2017,20,2091436.315068493,4,76.458336,3.6557813
1997,137,2017,20,2091296.753424658,5,71,3.3950226
1997,138,2017,20,2091152.539726027,6,73.083328,3.4948826
1997,139,2017,20,2091012.978082192,7,65.833336,3.1483943
1997,140,2017,20,2090868.764383562,8,70.125,3.353869
1997,141,2017,20,2090724.550684931,9,71.791664,3.4338174
1997,142,2017,20,2090584.989041096,10,75.041672,3.5895059
1997,143,2017,20,2090440.775342466,11,71.5,3.4203312
1997,144,2017,20,2090301.21369863,12,71.75,3.4325197
1997,145,2018,21,2090157,1,87.791664,4.2002425
1997,146,2018,21,2090490.950684931,2,77.375,3.7012837
1997,147,2018,21,2090792.583561644,3,74.625,3.5692205
1997,148,2018,21,2091126.534246575,4,72.041672,3.4451129
1997,149,2018,21,2091449.712328767,5,80.25,3.8370514
1997,150,2018,21,2091783.663013699,6,84.666664,4.0475821
1997,151,2018,21,2092106.84109589,7,83.416672,3.9872091
1997,152,2018,21,2092440.791780822,8,75.875,3.626148
1997,153,2018,21,2092774.742465753,9,71.625,3.4224896
1997,154,2018,21,2093097.920547945,10,74.958336,3.5812149
1997,155,2018,21,2093431.871232877,11,72.875,3.4811258
1997,156,2018,21,2093755.049315068,12,64.916664,3.1004899
1997,157,2019,22,2094089,1,83.833336,4.0033321
1997,158,2019,22,2094211.810958904,2,72.875,3.4798295
1997,159,2019,22,2094322.736986301,3,69.041672,3.2966108
1997,160,2019,22,2094445.547945205,4,77.208336,3.6863377
1997,161,2019,22,2094564.397260274,5,83,3.9626377
1997,162,2019,22,2094687.208219178,6,87.166664,4.1613212
1997,163,2019,22,2094806.057534246,7,72.916664,3.4808311
1997,164,2019,22,2094928.868493151,8,81.5,3.890347
1997,165,2019,22,2095051.679452055,9,84.708336,4.0432577
1997,166,2019,22,2095170.528767123,10,80.666664,3.8501241
1997,167,2019,22,2095293.339726027,11,82.125,3.9194989
1997,168,2019,22,2095412.189041096,12,86.833336,4.1439738
1997,169,2020,23,2095535,1,92.875,4.4320426
1997,170,2020,23,2095935.924863388,2,102,4.8665609
1997,171,2020,23,2096310.983606557,3,93.125,4.4423275
1997,172,2020,23,2096711.908469945,4,115.41667,5.5046511
1997,173,2020,23,2097099.900273224,5,112.625,5.370512
1997,174,2020,23,2097500.825136612,6,108.125,5.1549444
1997,175,2020,23,2097888.816939891,7,115.66666,5.5134792
1997,176,2020,23,2098289.741803279,8,118.5,5.6474566
1997,177,2020,23,2098690.666666667,9,115.45833,5.5014458
1997,178,2020,23,2099078.658469945,10,87.958328,4.19033
1997,179,2020,23,2099479.583333333,11,110.25,5.2513013
1997,180,2020,23,2099867.575136612,12,95.291664,4.5379844
1997,181,2021,24,2100268.5,1,147.29166,7.0129919
1997,182,2021,24,2101540.98630137,2,123.125,5.8587961
1997,183,2021,24,2102690.328767123,3,130.75,6.218224
1997,184,2021,24,2103962.815068493,4,112.08334,5.3272491
1997,185,2021,24,2105194.253424658,5,124.625,5.9198813
1997,186,2021,24,2106466.739726027,6,115.95833,5.5048733
1997,187,2021,24,2107698.178082192,7,125.33333,5.946455
1997,188,2021,24,2108970.664383561,8,132,6.2589774
1997,189,2021,24,2110243.150684931,9,136.58333,6.4723978
1997,190,2021,24,2111474.589041096,10,121.08334,5.734539
1997,191,2021,24,2112747.075342466,11,106.75,5.0526633
1997,192,2021,24,2113978.51369863,12,130.41666,6.1692519
1998,1,2006,8,1881931.5,1,12.458333,.66199714
1998,2,2006,8,1883050.260273973,2,15.125,.80321807
1998,3,2006,8,1884060.753424658,3,22.916668,1.2163445
1998,4,2006,8,1885179.51369863,4,26.541668,1.407912
1998,5,2006,8,1886262.184931507,5,15,.79522347
1998,6,2006,8,1887380.945205479,6,22.75,1.205374
1998,7,2006,8,1888463.616438356,7,21.583332,1.1429043
1998,8,2006,8,1889582.376712329,8,14.625,.77398056
1998,9,2006,8,1890701.136986301,9,13.416666,.70961326
1998,10,2006,8,1891783.808219178,10,16.541666,.87439513
1998,11,2006,8,1892902.568493151,11,13.25,.69998318
1998,12,2006,8,1893985.239726027,12,18.041668,.95257699
1998,13,2007,9,1895104,1,17.791666,.93882269
1998,14,2007,9,1900221.760273973,2,28.25,1.4866686
1998,15,2007,9,1904844.253424658,3,23.333334,1.2249471
1998,16,2007,9,1909962.013698631,4,10.833333,.5672015
1998,17,2007,9,1914914.684931507,5,16.875,.88124031
1998,18,2007,9,1920032.44520548,6,22.083332,1.1501541
1998,19,2007,9,1924985.116438356,7,23.833332,1.2381047
1998,20,2007,9,1930102.876712329,8,21.625,1.1204066
1998,21,2007,9,1935220.636986302,9,17.416668,.89998358
1998,22,2007,9,1940173.308219178,10,19.125,.98573667
1998,23,2007,9,1945291.068493151,11,20.125,1.0345496
1998,24,2007,9,1950243.739726027,12,17.916668,.91868865
1998,25,2008,10,1955361.5,1,17.875,.91415322
1998,26,2008,10,1959384.258196721,2,18.125,.92503548
1998,27,2008,10,1963147.483606557,3,17.375,.88505828
1998,28,2008,10,1967170.241803279,4,21.125,1.0738776
1998,29,2008,10,1971063.233606557,5,23.375,1.1859082
1998,30,2008,10,1975085.991803279,6,14.041666,.71093947
1998,31,2008,10,1978978.983606557,7,19,.96009105
1998,32,2008,10,1983001.741803279,8,24.375,1.2291971
1998,33,2008,10,1987024.5,9,12.291667,.61859667
1998,34,2008,10,1990917.491803279,10,11.625,.58390164
1998,35,2008,10,1994940.25,11,17.125,.85842168
1998,36,2008,10,1998833.241803279,12,13.291667,.66497129
1998,37,2009,11,2002856,1,22.708332,1.1337975
1998,38,2009,11,2003691.301369863,2,15.125,.75485682
1998,39,2009,11,2004445.767123288,3,22.041666,1.0996389
1998,40,2009,11,2005281.068493151,4,18.875,.94126457
1998,41,2009,11,2006089.424657534,5,17.625,.87857497
1998,42,2009,11,2006924.726027397,6,22.291666,1.1107376
1998,43,2009,11,2007733.082191781,7,21.75,1.0833113
1998,44,2009,11,2008568.383561644,8,17.875,.88993734
1998,45,2009,11,2009403.684931507,9,13.583334,.67598832
1998,46,2009,11,2010212.04109589,10,20.125,1.0011382
1998,47,2009,11,2011047.342465753,11,18.25,.90748733
1998,48,2009,11,2011855.698630137,12,15.25,.75800663
1998,49,2010,12,2012691,1,17.958334,.89225489
1998,50,2010,12,2014048.545205479,2,19.75,.98061192
1998,51,2010,12,2015274.715068493,3,24.125,1.1971073
1998,52,2010,12,2016632.260273973,4,21.583334,1.0702662
1998,53,2010,12,2017946.01369863,5,18.875,.93535703
1998,54,2010,12,2019303.55890411,6,24.583332,1.2174164
1998,55,2010,12,2020617.312328767,7,15.791667,.78152686
1998,56,2010,12,2021974.857534247,8,22.25,1.1004094
1998,57,2010,12,2023332.402739726,9,14.708334,.7269361
1998,58,2010,12,2024646.156164384,10,19.791668,.97753716
1998,59,2010,12,2026003.701369863,11,27.125,1.3388425
1998,60,2010,12,2027317.454794521,12,18.291668,.90225971
1998,61,2011,13,2028675,1,16.958332,.83593142
1998,62,2011,13,2029644.620547945,2,16.875,.83142632
1998,63,2011,13,2030520.406849315,3,21.75,1.071154
1998,64,2011,13,2031490.02739726,4,19.291668,.94963145
1998,65,2011,13,2032428.369863014,5,18.375,.90409088
1998,66,2011,13,2033397.990410959,6,20.333332,.99996811
1998,67,2011,13,2034336.332876712,7,18.833334,.92577291
1998,68,2011,13,2035305.953424658,8,18.875,.92737901
1998,69,2011,13,2036275.573972603,9,11.375,.55861789
1998,70,2011,13,2037213.916438356,10,17.833334,.87537855
1998,71,2011,13,2038183.536986301,11,18.125,.88927221
1998,72,2011,13,2039121.879452055,12,17.875,.87660283
1998,73,2012,14,2040091.5,1,25.666666,1.2581135
1998,74,2012,14,2040671.860655738,2,20,.9800694
1998,75,2012,14,2041214.778688525,3,21.583334,1.0573769
1998,76,2012,14,2041795.139344262,4,30.666668,1.5019463
1998,77,2012,14,2042356.778688525,5,22.5,1.1016685
1998,78,2012,14,2042937.139344262,6,22.208332,1.0870786
1998,79,2012,14,2043498.778688525,7,25.708334,1.2580547
1998,80,2012,14,2044079.139344262,8,19.75,.96620524
1998,81,2012,14,2044659.5,9,19.791668,.96796888
1998,82,2012,14,2045221.139344262,10,17.458332,.85361588
1998,83,2012,14,2045801.5,11,24.75,1.2097948
1998,84,2012,14,2046363.139344262,12,21.416668,1.0465722
1998,85,2013,15,2046943.5,1,26.958334,1.3170043
1998,86,2013,15,2048157.21369863,2,25.125,1.2267125
1998,87,2013,15,2049253.471232877,3,30.75,1.5005465
1998,88,2013,15,2050467.184931507,4,33.25,1.6215817
1998,89,2013,15,2051641.746575342,5,27.125,1.322112
1998,90,2013,15,2052855.460273973,6,26.708332,1.3010333
1998,91,2013,15,2054030.021917808,7,21.458332,1.0446942
1998,92,2013,15,2055243.735616439,8,29.625,1.4414349
1998,93,2013,15,2056457.449315069,9,25.416666,1.2359442
1998,94,2013,15,2057632.010958904,10,27.666666,1.3445877
1998,95,2013,15,2058845.724657534,11,22.125,1.0746312
1998,96,2013,15,2060020.28630137,12,26.166666,1.270214
1998,97,2014,16,2061234,1,37.999996,1.8435557
1998,98,2014,16,2062585.897260274,2,40.625,1.969615
1998,99,2014,16,2063806.965753425,3,34.208336,1.6575357
1998,100,2014,16,2065158.863013699,4,33.791668,1.6362745
1998,101,2014,16,2066467.150684931,5,26.625,1.2884308
1998,102,2014,16,2067819.047945206,6,37.375,1.80746
1998,103,2014,16,2069127.335616438,7,29.833332,1.4418316
1998,104,2014,16,2070479.232876712,8,33.625,1.6240201
1998,105,2014,16,2071831.130136986,9,33.458332,1.614916
1998,106,2014,16,2073139.417808219,10,28.583334,1.3787464
1998,107,2014,16,2074491.315068493,11,32.5,1.5666491
1998,108,2014,16,2075799.602739726,12,28.5,1.3729649
1998,109,2015,17,2077151.5,1,48.5,2.3349283
1998,110,2015,17,2078253.953424657,2,37.125,1.7863554
1998,111,2015,17,2079249.717808219,3,50,2.4047136
1998,112,2015,17,2080352.171232877,4,44.25,2.1270437
1998,113,2015,17,2081419.061643836,5,50.875,2.4442458
1998,114,2015,17,2082521.515068493,6,44.625,2.1428349
1998,115,2015,17,2083588.405479452,7,42.75,2.0517488
1998,116,2015,17,2084690.85890411,8,47.625,2.2845113
1998,117,2015,17,2085793.312328767,9,40.791664,1.9556906
1998,118,2015,17,2086860.202739726,10,39.333332,1.8848091
1998,119,2015,17,2087962.656164384,11,42.75,2.0474503
1998,120,2015,17,2089029.546575342,12,39.458336,1.8888357
1998,121,2016,18,2090132,1,50.083332,2.3961804
1998,122,2016,18,2091222.759562842,2,49.75,2.3789909
1998,123,2016,18,2092243.147540984,3,75.791664,3.6225076
1998,124,2016,18,2093333.907103825,4,63.041672,3.011544
1998,125,2016,18,2094389.480874317,5,58,2.7693036
1998,126,2016,18,2095480.240437158,6,64.041664,3.0561807
1998,127,2016,18,2096535.81420765,7,58.125,2.7724307
1998,128,2016,18,2097626.573770492,8,56,2.6696839
1998,129,2016,18,2098717.333333333,9,58.791664,2.8013141
1998,130,2016,18,2099772.907103825,10,53.208336,2.5340042
1998,131,2016,18,2100863.666666667,11,56.875,2.7072198
1998,132,2016,18,2101919.240437158,12,53.625,2.5512397
1998,133,2017,19,2103010,1,78.666664,3.74067
1998,134,2017,19,2102353.521917808,2,57.5,2.7350299
1998,135,2017,19,2101760.573972602,3,57.291664,2.7258892
1998,136,2017,19,2101104.095890411,4,63.875004,3.0400684
1998,137,2017,19,2100468.794520548,5,63.875,3.0409877
1998,138,2017,19,2099812.316438356,6,63.749996,3.0359855
1998,139,2017,19,2099177.015068493,7,67.25,3.2036364
1998,140,2017,19,2098520.536986301,8,62.625,2.9842453
1998,141,2017,19,2097864.05890411,9,57.375,2.7349246
1998,142,2017,19,2097228.757534246,10,62.125,2.9622424
1998,143,2017,19,2096572.279452055,11,57,2.7187233
1998,144,2017,19,2095936.978082192,12,77.75,3.709558
1998,145,2018,20,2095280.5,1,82.958328,3.9592946
1998,146,2018,20,2094898.647945206,2,65.125,3.1087422
1998,147,2018,20,2094553.749315069,3,75.541672,3.606576
1998,148,2018,20,2094171.897260274,4,73.791672,3.5236683
1998,149,2018,20,2093802.363013699,5,71.75,3.42678
1998,150,2018,20,2093420.510958904,6,73.416664,3.5070195
1998,151,2018,20,2093050.976712329,7,70.5,3.3682888
1998,152,2018,20,2092669.124657535,8,64,3.0582952
1998,153,2018,20,2092287.27260274,9,70.416664,3.3655353
1998,154,2018,20,2091917.738356165,10,71,3.3940148
1998,155,2018,20,2091535.88630137,11,74.75,3.5739286
1998,156,2018,20,2091166.352054795,12,69.791664,3.3374515
1998,157,2019,21,2090784.5,1,79.458328,3.8004074
1998,158,2019,21,2090997.508219178,2,70.875,3.3895307
1998,159,2019,21,2091189.902739726,3,71.541672,3.4210987
1998,160,2019,21,2091402.910958904,4,80.625,3.8550677
1998,161,2019,21,2091609.047945205,5,79.125,3.7829728
1998,162,2019,21,2091822.056164383,6,77.666664,3.7128716
1998,163,2019,21,2092028.193150685,7,80.125,3.8300154
1998,164,2019,21,2092241.201369863,8,78.875,3.7698808
1998,165,2019,21,2092454.209589041,9,69.416672,3.3174763
1998,166,2019,21,2092660.346575342,10,69.5,3.3211315
1998,167,2019,21,2092873.35479452,11,85.375,4.07932
1998,168,2019,21,2093079.491780822,12,70.708328,3.378196
1998,169,2020,22,2093292.5,1,89.583336,4.279542
1998,170,2020,22,2093658.613387978,2,81.125,3.8747959
1998,171,2020,22,2094001.106557377,3,87.25,4.1666646
1998,172,2020,22,2094367.219945355,4,95.833336,4.5757656
1998,173,2020,22,2094721.523224044,5,94.125,4.4934373
1998,174,2020,22,2095087.636612022,6,107.79166,5.1449718
1998,175,2020,22,2095441.93989071,7,102.25,4.8796387
1998,176,2020,22,2095808.053278689,8,110.375,5.2664652
1998,177,2020,22,2096174.166666667,9,106.29166,5.0707459
1998,178,2020,22,2096528.469945355,10,101.41667,4.8373618
1998,179,2020,22,2096894.583333333,11,95.25,4.5424314
1998,180,2020,22,2097248.886612022,12,110.33334,5.2608604
1998,181,2021,23,2097615,1,108.25,5.1606231
1998,182,2021,23,2098809.901369863,2,91.625,4.3655691
1998,183,2021,23,2099889.167123287,3,122.04166,5.8118148
1998,184,2021,23,2101084.068493151,4,117.33334,5.5844188
1998,185,2021,23,2102240.424657534,5,119.125,5.6665735
1998,186,2021,23,2103435.326027397,6,115.20833,5.4771509
1998,187,2021,23,2104591.682191781,7,116.54166,5.5374951
1998,188,2021,23,2105786.583561644,8,114,5.4136539
1998,189,2021,23,2106981.484931507,9,133.16667,6.3202581
1998,190,2021,23,2108137.84109589,10,115.83334,5.4945807
1998,191,2021,23,2109332.742465753,11,100.5,4.7645397
1998,192,2021,23,2110489.098630137,12,111.79167,5.2969556
1999,1,2006,7,1891858.5,1,23.208332,1.2267478
1999,2,2006,7,1892607.595890411,2,23,1.2152545
1999,3,2006,7,1893284.198630137,3,16.458332,.86930066
1999,4,2006,7,1894033.294520548,4,23.291668,1.2297391
1999,5,2006,7,1894758.226027397,5,19.25,1.0159608
1999,6,2006,7,1895507.321917808,6,24.166666,1.2749444
1999,7,2006,7,1896232.253424658,7,24.583334,1.2964306
1999,8,2006,7,1896981.349315068,8,16.375,.86321354
1999,9,2006,7,1897730.445205479,9,14,.73772329
1999,10,2006,7,1898455.376712329,10,13.25,.69793582
1999,11,2006,7,1899204.47260274,11,19.125,1.0070006
1999,12,2006,7,1899929.404109589,12,28.541666,1.5022488
1999,13,2007,8,1900678.5,1,13.208333,.69492728
1999,14,2007,8,1901933.405479452,2,22.875,1.2027235
1999,15,2007,8,1903066.868493151,3,17.416668,.9151895
1999,16,2007,8,1904321.773972603,4,13.833333,.72641784
1999,17,2007,8,1905536.198630137,5,21.25,1.1151717
1999,18,2007,8,1906791.104109589,6,21.458332,1.1253636
1999,19,2007,8,1908005.528767123,7,18.75,.98270154
1999,20,2007,8,1909260.434246575,8,21.25,1.1129965
1999,21,2007,8,1910515.339726028,9,10.208334,.53432357
1999,22,2007,8,1911729.764383562,10,21,1.0984817
1999,23,2007,8,1912984.669863014,11,24.375,1.2741868
1999,24,2007,8,1914199.094520548,12,20.875,1.0905344
1999,25,2008,9,1915454,1,15.25,.79615587
1999,26,2008,9,1921154.442622951,2,19.625,1.0215212
1999,27,2008,9,1926487.114754098,3,16.25,.84350419
1999,28,2008,9,1932187.557377049,4,16.083334,.83238989
1999,29,2008,9,1937704.114754098,5,17.875,.92248344
1999,30,2008,9,1943404.557377049,6,15.416666,.79328138
1999,31,2008,9,1948921.114754098,7,19,.97489834
1999,32,2008,9,1954621.557377049,8,17.75,.90810418
1999,33,2008,9,1960322,9,12,.61214435
1999,34,2008,9,1965838.557377049,10,22.083334,1.1233544
1999,35,2008,9,1971539,11,16.25,.82422918
1999,36,2008,9,1977055.557377049,12,22.583332,1.142271
1999,37,2009,10,1982756,1,16.208332,.81746477
1999,38,2009,10,1986746.973972603,2,10,.50333536
1999,39,2009,10,1990351.724657535,3,25.375,1.2749003
1999,40,2009,10,1994342.698630137,4,21,1.0529785
1999,41,2009,10,1998204.931506849,5,22.25,1.1134994
1999,42,2009,10,2002195.905479452,6,19.5,.97393066
1999,43,2009,10,2006058.138356165,7,19.541668,.97413266
1999,44,2009,10,2010049.112328767,8,16,.79600048
1999,45,2009,10,2014040.08630137,9,13,.64546877
1999,46,2009,10,2017902.319178083,10,15.416666,.76399463
1999,47,2009,10,2021893.293150685,11,18.875,.93353099
1999,48,2009,10,2025755.526027397,12,21.708332,1.0716165
1999,49,2010,11,2029746.5,1,16.625,.81906778
1999,50,2010,11,2031155.64109589,2,11.5,.56618017
1999,51,2010,11,2032428.41369863,3,16.791668,.82618743
1999,52,2010,11,2033837.554794521,4,20.958334,1.0304822
1999,53,2010,11,2035201.239726027,5,17.125,.84144014
1999,54,2010,11,2036610.380821918,6,19.291668,.94724393
1999,55,2010,11,2037974.065753425,7,21.166668,1.0386132
1999,56,2010,11,2039383.206849315,8,20.5,1.0052059
1999,57,2010,11,2040792.347945205,9,16.416666,.80442607
1999,58,2010,11,2042156.032876712,10,18.416666,.90182465
1999,59,2010,11,2043565.173972603,11,20.125,.98479855
1999,60,2010,11,2044928.85890411,12,15.125,.73963451
1999,61,2011,12,2046338,1,15.708333,.76763141
1999,62,2011,12,2047717.075342466,2,22.875,1.1170977
1999,63,2011,12,2048962.691780822,3,16.166668,.7890172
1999,64,2011,12,2050341.767123288,4,19.125,.93277133
1999,65,2011,12,2051676.356164384,5,18.25,.88951653
1999,66,2011,12,2053055.431506849,6,16,.77932626
1999,67,2011,12,2054390.020547945,7,17.541666,.85386252
1999,68,2011,12,2055769.095890411,8,12,.58372313
1999,69,2011,12,2057148.171232877,9,14.791667,.71903753
1999,70,2011,12,2058482.760273973,10,13.041666,.6335572
1999,71,2011,12,2059861.835616438,11,11.875,.57649499
1999,72,2011,12,2061196.424657534,12,17.041666,.82678515
1999,73,2012,13,2062575.5,1,17.916666,.86865503
1999,74,2012,13,2063392.468579235,2,18.625,.90263975
1999,75,2012,13,2064156.729508197,3,20,.96891868
1999,76,2012,13,2064973.698087432,4,22.666668,1.0976734
1999,77,2012,13,2065764.31284153,5,22,1.0649811
1999,78,2012,13,2066581.281420765,6,24.166666,1.1694031
1999,79,2012,13,2067371.896174863,7,19.708334,.95330375
1999,80,2012,13,2068188.864754098,8,17.25,.83406311
1999,81,2012,13,2069005.833333333,9,14.583333,.70484734
1999,82,2012,13,2069796.448087432,10,12.833333,.62002873
1999,83,2012,13,2070613.416666667,11,25,1.2073717
1999,84,2012,13,2071404.031420765,12,19.083332,.9212752
1999,85,2013,14,2072221,1,25.875,1.2486602
1999,86,2013,14,2072662.55890411,2,26.75,1.2906104
1999,87,2013,14,2073061.38630137,3,26.416668,1.2742829
1999,88,2013,14,2073502.945205479,4,27.833334,1.3423339
1999,89,2013,14,2073930.260273973,5,20.625,.9944886
1999,90,2013,14,2074371.819178082,6,25.375,1.223262
1999,91,2013,14,2074799.134246575,7,28.583334,1.3776435
1999,92,2013,14,2075240.693150685,8,22.625,1.090235
1999,93,2013,14,2075682.252054794,9,23.875,1.1502242
1999,94,2013,14,2076109.567123288,10,22.041666,1.0616813
1999,95,2013,14,2076551.126027397,11,17.5,.84274352
1999,96,2013,14,2076978.44109589,12,27.916666,1.3441
1999,97,2014,15,2077420,1,37.208332,1.7910837
1999,98,2014,15,2078687.093150685,2,30.25,1.4552455
1999,99,2014,15,2079831.564383562,3,32.5,1.5626265
1999,100,2014,15,2081098.657534247,4,27.75,1.3334303
1999,101,2014,15,2082324.876712329,5,23.625,1.1345491
1999,102,2014,15,2083591.969863014,6,32.125,1.5418086
1999,103,2014,15,2084818.189041096,7,27.458334,1.3170613
1999,104,2014,15,2086085.282191781,8,23.5,1.1265119
1999,105,2014,15,2087352.375342466,9,20.666668,.99009001
1999,106,2014,15,2088578.594520548,10,29,1.3885041
1999,107,2014,15,2089845.687671233,11,23.875,1.1424289
1999,108,2014,15,2091071.906849315,12,23.208334,1.1098773
1999,109,2015,16,2092339,1,36.875,1.7623817
1999,110,2015,16,2093723.171232876,2,37,1.7671869
1999,111,2015,16,2094973.390410959,3,45.208336,2.1579432
1999,112,2015,16,2096357.561643835,4,38.541668,1.8385063
1999,113,2015,16,2097697.082191781,5,38.375,1.8293871
1999,114,2015,16,2099081.253424658,6,39.791664,1.8956705
1999,115,2015,16,2100420.773972603,7,35.666664,1.6980723
1999,116,2015,16,2101804.945205479,8,34.5,1.6414464
1999,117,2015,16,2103189.116438356,9,36.291668,1.7255542
1999,118,2015,16,2104528.636986301,10,30.458332,1.4472758
1999,119,2015,16,2105912.808219178,11,27.375,1.2999114
1999,120,2015,16,2107252.328767123,12,28.458332,1.3504947
1999,121,2016,17,2108636.5,1,51.458332,2.4403605
1999,122,2016,17,2109560.443989071,2,46.875,2.2220268
1999,123,2016,17,2110424.778688524,3,55.166668,2.6140077
1999,124,2016,17,2111348.722677595,4,32.25,1.5274596
1999,125,2016,17,2112242.862021858,5,46.5,2.2014513
1999,126,2016,17,2113166.806010929,6,47.375,2.2418959
1999,127,2016,17,2114060.945355191,7,44.791664,2.1187499
1999,128,2016,17,2114984.889344262,8,41.875,1.9799196
1999,129,2016,17,2115908.833333333,9,44.375,2.0972075
1999,130,2016,17,2116802.972677595,10,49.041664,2.3167799
1999,131,2016,17,2117726.916666667,11,58.5,2.7623959
1999,132,2016,17,2118621.056010929,12,53,2.5016272
1999,133,2017,18,2119545,1,69.833328,3.2947321
1999,134,2017,18,2120367.689041096,2,57.75,2.7235842
1999,135,2017,18,2121110.763013699,3,45.541668,2.1470668
1999,136,2017,18,2121933.452054794,4,61.333336,2.8904457
1999,137,2017,18,2122729.602739726,5,69.5,3.2740862
1999,138,2017,18,2123552.291780822,6,53.541664,2.5213253
1999,139,2017,18,2124348.442465753,7,57,2.6831756
1999,140,2017,18,2125171.131506849,8,43.25,2.0351303
1999,141,2017,18,2125993.820547945,9,45.208336,2.1264565
1999,142,2017,18,2126789.971232877,10,47.125,2.2157807
1999,143,2017,18,2127612.660273973,11,53.25,2.5028052
1999,144,2017,18,2128408.810958904,12,57.875,2.7191675
1999,145,2018,19,2129231.5,1,81.249992,3.8159304
1999,146,2018,19,2128235.932876713,2,57.75,2.713515
1999,147,2018,19,2127336.710958904,3,70.208336,3.3002925
1999,148,2018,19,2126341.143835616,4,66,3.1039233
1999,149,2018,19,2125377.691780822,5,66.5,3.1288557
1999,150,2018,19,2124382.124657534,6,62.791664,2.9557612
1999,151,2018,19,2123418.67260274,7,69.333336,3.2651751
1999,152,2018,19,2122423.105479452,8,51.125,2.4088035
1999,153,2018,19,2121427.538356164,9,67.458336,3.1798558
1999,154,2018,19,2120464.08630137,10,63.875,3.0123122
1999,155,2018,19,2119468.519178082,11,46.125,2.1762531
1999,156,2018,19,2118505.067123288,12,55.625,2.6256723
1999,157,2019,20,2117509.5,1,66.916664,3.1601589
1999,158,2019,20,2116955.958904109,2,62.75,2.9641619
1999,159,2019,20,2116455.98630137,3,66.208336,3.1282642
1999,160,2019,20,2115902.445205479,4,68.541672,3.2393589
1999,161,2019,20,2115366.760273973,5,76.875,3.6341217
1999,162,2019,20,2114813.219178082,6,72.666664,3.4360795
1999,163,2019,20,2114277.534246575,7,77.25,3.6537304
1999,164,2019,20,2113723.993150685,8,69.375,3.2821219
1999,165,2019,20,2113170.452054794,9,60.166664,2.8472226
1999,166,2019,20,2112634.767123288,10,59.083332,2.7966657
1999,167,2019,20,2112081.226027397,11,65.875,3.1189616
1999,168,2019,20,2111545.54109589,12,66.166672,3.1335659
1999,169,2020,21,2110992,1,79.583328,3.7699492
1999,170,2020,21,2111301.407103825,2,79.875,3.7832117
1999,171,2020,21,2111590.852459016,3,89.291672,4.2286444
1999,172,2020,21,2111900.259562842,4,90.375,4.2793212
1999,173,2020,21,2112199.68579235,5,78.375,3.7105868
1999,174,2020,21,2112509.092896175,6,101.875,4.8224645
1999,175,2020,21,2112808.519125683,7,94,4.4490542
1999,176,2020,21,2113117.926229508,8,93.125,4.4069948
1999,177,2020,21,2113427.333333333,9,90.416672,4.2782011
1999,178,2020,21,2113726.759562842,10,96.5,4.5653963
1999,179,2020,21,2114036.166666667,11,95.625,4.5233378
1999,180,2020,21,2114335.592896175,12,76.5,3.6181579
1999,181,2021,22,2114645,1,113.83334,5.3830943
1999,182,2021,22,2115773.782191781,2,108,5.1045156
1999,183,2021,22,2116793.32739726,3,108.25,5.1138673
1999,184,2021,22,2117922.109589041,4,106,5.0049057
1999,185,2021,22,2119014.479452055,5,109.125,5.1497998
1999,186,2021,22,2120143.261643835,6,98.666664,4.6537733
1999,187,2021,22,2121235.631506849,7,107.625,5.0736938
1999,188,2021,22,2122364.41369863,8,110.625,5.212347
1999,189,2021,22,2123493.195890411,9,110.04167,5.182106
1999,190,2021,22,2124585.565753425,10,118.16666,5.5618691
1999,191,2021,22,2125714.347945205,11,98.25,4.6219759
1999,192,2021,22,2126806.717808219,12,99.5,4.6783752
2000,1,2006,6,1942206,1,27.999998,1.4416596
2000,2,2006,6,1942675.501369863,2,22.875,1.1774998
2000,3,2006,6,1943099.567123288,3,22.833334,1.1750985
2000,4,2006,6,1943569.068493151,4,24.583332,1.264855
2000,5,2006,6,1944023.424657534,5,21,1.0802339
2000,6,2006,6,1944492.926027397,6,20.166666,1.037117
2000,7,2006,6,1944947.282191781,7,30.458332,1.5660236
2000,8,2006,6,1945416.783561644,8,17.125,.88027412
2000,9,2006,6,1945886.284931507,9,23.916666,1.2290885
2000,10,2006,6,1946340.64109589,10,13.583334,.69789088
2000,11,2006,6,1946810.142465753,11,24.375,1.2520481
2000,12,2006,6,1947264.498630137,12,23.25,1.1939826
2000,13,2007,7,1947734,1,17.833334,.91559392
2000,14,2007,7,1948582.763013699,2,21.75,1.1161958
2000,15,2007,7,1949349.387671233,3,21.291668,1.0922449
2000,16,2007,7,1950198.150684932,4,28.291668,1.4507073
2000,17,2007,7,1951019.534246575,5,20.25,1.0379189
2000,18,2007,7,1951868.297260274,6,20.625,1.0566798
2000,19,2007,7,1952689.680821918,7,18.708332,.95808011
2000,20,2007,7,1953538.443835617,8,20.875,1.0685738
2000,21,2007,7,1954387.206849315,9,11.958333,.61187124
2000,22,2007,7,1955208.590410959,10,20.208334,1.0335641
2000,23,2007,7,1956057.353424658,11,19.75,1.0096841
2000,24,2007,7,1956878.736986301,12,23.875,1.2200551
2000,25,2008,8,1957727.5,1,21.041666,1.0748006
2000,26,2008,8,1959107.635245902,2,23.875,1.218667
2000,27,2008,8,1960398.729508197,3,19.958334,1.0180752
2000,28,2008,8,1961778.864754098,4,12.791667,.6520443
2000,29,2008,8,1963114.479508197,5,18.25,.92964524
2000,30,2008,8,1964494.614754098,6,14.125,.71901447
2000,31,2008,8,1965830.229508197,7,19,.96651274
2000,32,2008,8,1967210.364754098,8,14,.71166766
2000,33,2008,8,1968590.5,9,14.833333,.75350016
2000,34,2008,8,1969926.114754098,10,18.666668,.94758213
2000,35,2008,8,1971306.25,11,16.875,.85603136
2000,36,2008,8,1972641.864754098,12,12.458334,.6315558
2000,37,2009,9,1974022,1,20.916666,1.0595964
2000,38,2009,9,1978989.091780822,2,17.25,.87165713
2000,39,2009,9,1983475.497260274,3,23.416668,1.1805878
2000,40,2009,9,1988442.589041096,4,20.125,1.0120987
2000,41,2009,9,1993249.452054795,5,25,1.2542334
2000,42,2009,9,1998216.543835617,6,13.916666,.69645435
2000,43,2009,9,2003023.406849315,7,15.125,.75510848
2000,44,2009,9,2007990.498630137,8,13.5,.67231393
2000,45,2009,9,2012957.590410959,9,17.958332,.89213663
2000,46,2009,9,2017764.453424658,10,15,.743397
2000,47,2009,9,2022731.545205479,11,16.375,.80954885
2000,48,2009,9,2027538.408219178,12,11.458333,.56513518
2000,49,2010,10,2032505.5,1,8.416666,.414103
2000,50,2010,10,2033742.4,2,14.875,.73141021
2000,51,2010,10,2034859.6,3,15.791667,.77605683
2000,52,2010,10,2036096.5,4,14.25,.69986862
2000,53,2010,10,2037293.5,5,12.75,.62583029
2000,54,2010,10,2038530.4,6,18.333332,.89934063
2000,55,2010,10,2039727.4,7,20.833332,1.0213783
2000,56,2010,10,2040964.3,8,20.25,.99217808
2000,57,2010,10,2042201.2,9,13.458334,.65901119
2000,58,2010,10,2043398.2,10,19.583334,.95837092
2000,59,2010,10,2044635.1,11,11.125,.54410684
2000,60,2010,10,2045832.1,12,12.125,.59266835
2000,61,2011,11,2047069,1,9.166667,.44779474
2000,62,2011,11,2048708.815068493,2,21.5,1.0494415
2000,63,2011,11,2050189.938356164,3,14.041667,.68489593
2000,64,2011,11,2051829.753424658,4,15.833334,.77166897
2000,65,2011,11,2053416.671232877,5,18.5,.90093744
2000,66,2011,11,2055056.48630137,6,15.083333,.73396194
2000,67,2011,11,2056643.404109589,7,20.166668,.98056221
2000,68,2011,11,2058283.219178082,8,12.75,.6194483
2000,69,2011,11,2059923.034246575,9,20.125,.97697824
2000,70,2011,11,2061509.952054794,10,16.75,.81251127
2000,71,2011,11,2063149.767123288,11,14.5,.70280892
2000,72,2011,11,2064736.684931507,12,16.041666,.77693522
2000,73,2012,12,2066376.5,1,16.166666,.78236789
2000,74,2012,12,2067758.075136612,2,10.625,.51384157
2000,75,2012,12,2069050.516393443,3,18.958334,.91628182
2000,76,2012,12,2070432.091530055,4,15.25,.73656124
2000,77,2012,12,2071769.099726776,5,16.25,.78435379
2000,78,2012,12,2073150.674863388,6,23.833332,1.1496189
2000,79,2012,12,2074487.683060109,7,20.375,.98217022
2000,80,2012,12,2075869.258196721,8,17.375,.83699876
2000,81,2012,12,2077250.833333333,9,14.708334,.7080673
2000,82,2012,12,2078587.841530055,10,13.583334,.65348858
2000,83,2012,12,2079969.416666667,11,18,.86539733
2000,84,2012,12,2081306.424863388,12,12.291667,.59057462
2000,85,2013,13,2082688,1,22.875,1.0983403
2000,86,2013,13,2083376.794520548,2,31.5,1.5119685
2000,87,2013,13,2083998.931506849,3,26.958334,1.2935867
2000,88,2013,13,2084687.726027397,4,21.791668,1.0453205
2000,89,2013,13,2085354.301369863,5,16.5,.79123247
2000,90,2013,13,2086043.095890411,6,21.5,1.0306594
2000,91,2013,13,2086709.671232877,7,26.333332,1.2619548
2000,92,2013,13,2087398.465753425,8,18.75,.8982473
2000,93,2013,13,2088087.260273973,9,18.75,.89795101
2000,94,2013,13,2088753.835616438,10,20.208334,.96748281
2000,95,2013,13,2089442.630136986,11,19.625,.9392457
2000,96,2013,13,2090109.205479452,12,19.375,.92698509
2000,97,2014,14,2090798,1,18.833332,.90077245
2000,98,2014,14,2091087.191780822,2,24.625,1.1776171
2000,99,2014,14,2091348.397260274,3,21.75,1.0399989
2000,100,2014,14,2091637.589041096,4,30.25,1.4462353
2000,101,2014,14,2091917.452054795,5,22.375,1.0695928
2000,102,2014,14,2092206.643835617,6,19.875,.94995397
2000,103,2014,14,2092486.506849315,7,30.25,1.4456486
2000,104,2014,14,2092775.698630137,8,26.5,1.2662609
2000,105,2014,14,2093064.890410959,9,17.416668,.83211315
2000,106,2014,14,2093344.753424658,10,26.625,1.271888
2000,107,2014,14,2093633.94520548,11,16,.76422149
2000,108,2014,14,2093913.808219178,12,28.75,1.3730268
2000,109,2015,15,2094203,1,33.541664,1.6016434
2000,110,2015,15,2095514.554794521,2,30.25,1.4435595
2000,111,2015,15,2096699.184931507,3,27.208332,1.2976745
2000,112,2015,15,2098010.739726027,4,32.958336,1.5709326
2000,113,2015,15,2099279.98630137,5,32.375,1.5421954
2000,114,2015,15,2100591.541095891,6,31.874998,1.5174296
2000,115,2015,15,2101860.787671233,7,34.166664,1.6255436
2000,116,2015,15,2103172.342465754,8,25,1.1886805
2000,117,2015,15,2104483.897260274,9,33.166668,1.5760001
2000,118,2015,15,2105753.143835616,10,29,1.3771795
2000,119,2015,15,2107064.698630137,11,28.5,1.3525926
2000,120,2015,15,2108333.945205479,12,30.875,1.4644264
2000,121,2016,16,2109645.5,1,38.791668,1.8387766
2000,122,2016,16,2110920.43852459,2,37.875,1.794241
2000,123,2016,16,2112113.12295082,3,48.25,2.2844419
2000,124,2016,16,2113388.06147541,4,29.458334,1.3938913
2000,125,2016,16,2114621.87295082,5,42.125,1.9920819
2000,126,2016,16,2115896.81147541,6,34.625,1.6364219
2000,127,2016,16,2117130.62295082,7,25.625,1.2103646
2000,128,2016,16,2118405.56147541,8,40.125,1.8941132
2000,129,2016,16,2119680.5,9,32.916668,1.5529071
2000,130,2016,16,2120914.31147541,10,39.291668,1.8525816
2000,131,2016,16,2122189.25,11,41.5,1.9555278
2000,132,2016,16,2123423.06147541,12,34.791668,1.6384709
2000,133,2017,17,2124698,1,43.458332,2.0453887
2000,134,2017,17,2125384.671232877,2,34.875,1.6408794
2000,135,2017,17,2126004.890410959,3,43.958336,2.0676498
2000,136,2017,17,2126691.561643836,4,47.958336,2.2550678
2000,137,2017,17,2127356.082191781,5,50.625,2.3797145
2000,138,2017,17,2128042.753424658,6,49.791664,2.3397868
2000,139,2017,17,2128707.273972603,7,39.5,1.8555863
2000,140,2017,17,2129393.945205479,8,35,1.6436602
2000,141,2017,17,2130080.616438356,9,41.291668,1.9385026
2000,142,2017,17,2130745.136986301,10,44,2.0650053
2000,143,2017,17,2131431.808219178,11,46.875,2.1992259
2000,144,2017,17,2132096.328767123,12,42.625,1.9992061
2000,145,2018,18,2132783,1,63.083332,2.9577942
2000,146,2018,18,2133419.052054795,2,49.125,2.3026419
2000,147,2018,18,2133993.550684932,3,67.041672,3.1416061
2000,148,2018,18,2134629.602739726,4,61.333336,2.8732543
2000,149,2018,18,2135245.136986301,5,58.375,2.7338781
2000,150,2018,18,2135881.189041096,6,69.25,3.2422216
2000,151,2018,18,2136496.723287671,7,60,2.8083358
2000,152,2018,18,2137132.775342466,8,48.875,2.2869427
2000,153,2018,18,2137768.82739726,9,57.5,2.6897202
2000,154,2018,18,2138384.361643836,10,47.75,2.2329943
2000,155,2018,18,2139020.41369863,11,47.25,2.208955
2000,156,2018,18,2139635.947945205,12,46.375,2.1674247
2000,157,2019,19,2140272,1,64.5,3.0136356
2000,158,2019,19,2139152.178082192,2,60.25,2.8165364
2000,159,2019,19,2138140.726027397,3,66.583336,3.1140764
2000,160,2019,19,2137020.904109589,4,64.125,3.0006726
2000,161,2019,19,2135937.205479452,5,72.25,3.3825901
2000,162,2019,19,2134817.383561644,6,72.875,3.413641
2000,163,2019,19,2133733.684931507,7,66.833336,3.1322248
2000,164,2019,19,2132613.863013699,8,64.875,3.0420415
2000,165,2019,19,2131494.04109589,9,63.958336,3.000634
2000,166,2019,19,2130410.342465754,10,72.041664,3.3815863
2000,167,2019,19,2129290.520547945,11,60.375,2.8354516
2000,168,2019,19,2128206.821917808,12,50.666664,2.3807209
2000,169,2020,20,2127087,1,70.749992,3.3261447
2000,170,2020,20,2127362.866120218,2,63.625,2.990792
2000,171,2020,20,2127620.934426229,3,77.75,3.6543164
2000,172,2020,20,2127896.800546448,4,79.625,3.7419579
2000,173,2020,20,2128163.767759563,5,72.125,3.3890719
2000,174,2020,20,2128439.633879781,6,85.375,4.0111542
2000,175,2020,20,2128706.601092896,7,89.125,4.1868148
2000,176,2020,20,2128982.467213115,8,90.5,4.2508569
2000,177,2020,20,2129258.333333333,9,76.208336,3.5791023
2000,178,2020,20,2129525.300546448,10,91.625,4.3026023
2000,179,2020,20,2129801.166666667,11,97.75,4.5896301
2000,180,2020,20,2130068.133879781,12,70.208328,3.2960603
2000,181,2021,21,2130344,1,108.91666,5.1126328
2000,182,2021,21,2131369.463013699,2,94,4.4103098
2000,183,2021,21,2132295.687671233,3,106.54167,4.9965711
2000,184,2021,21,2133321.150684932,4,99.875,4.6816673
2000,185,2021,21,2134313.534246576,5,104.5,4.8961878
2000,186,2021,21,2135338.997260274,6,101,4.729928
2000,187,2021,21,2136331.380821918,7,105.20834,4.9247198
2000,188,2021,21,2137356.843835616,8,113.375,5.3044486
2000,189,2021,21,2138382.306849315,9,111.625,5.2200675
2000,190,2021,21,2139374.690410959,10,106.33334,4.9702997
2000,191,2021,21,2140400.153424658,11,77.875,3.6383383
2000,192,2021,21,2141392.536986302,12,105.70833,4.9364295
2001,1,2006,5,1962822.5,1,27.874998,1.4201487
2001,2,2006,5,1963304.189041096,2,23,1.1714945
2001,3,2006,5,1963739.263013699,3,27.041668,1.3770498
2001,4,2006,5,1964220.952054795,4,26,1.32368
2001,5,2006,5,1964687.102739726,5,28.25,1.437888
2001,6,2006,5,1965168.791780822,6,22.583332,1.1491803
2001,7,2006,5,1965634.942465754,7,27.291666,1.3884403
2001,8,2006,5,1966116.631506849,8,17.875,.90915257
2001,9,2006,5,1966598.320547945,9,23.75,1.2076691
2001,10,2006,5,1967064.471232877,10,23.5,1.1946737
2001,11,2006,5,1967546.160273973,11,18.875,.95931673
2001,12,2006,5,1968012.310958904,12,31.625,1.6069514
2001,13,2007,6,1968494,1,14.374999,.73025364
2001,14,2007,6,1969023.080821918,2,21.25,1.0792154
2001,15,2007,6,1969500.960273973,3,27.916666,1.4174488
2001,16,2007,6,1970030.041095891,4,26.666668,1.3536173
2001,17,2007,6,1970542.054794521,5,27.125,1.3765248
2001,18,2007,6,1971071.135616438,6,22.208332,1.1267139
2001,19,2007,6,1971583.149315068,7,16.666668,.84534442
2001,20,2007,6,1972112.230136986,8,21.375,1.0838633
2001,21,2007,6,1972641.310958904,9,18.958334,.96106344
2001,22,2007,6,1973153.324657534,10,18.416666,.93336213
2001,23,2007,6,1973682.405479452,11,20.75,1.0513343
2001,24,2007,6,1974194.419178082,12,14.416666,.73025566
2001,25,2008,7,1974723.5,1,21.999998,1.11408
2001,26,2008,7,1975619.577868852,2,23.25,1.176846
2001,27,2008,7,1976457.844262295,3,16,.80952901
2001,28,2008,7,1977353.922131147,4,22,1.1125979
2001,29,2008,7,1978221.094262295,5,22,1.1121103
2001,30,2008,7,1979117.172131147,6,24.5,1.2379256
2001,31,2008,7,1979984.344262295,7,20.083332,1.0143178
2001,32,2008,7,1980880.422131147,8,14.625,.73830807
2001,33,2008,7,1981776.5,9,13.875,.70012939
2001,34,2008,7,1982643.672131147,10,14.625,.73765147
2001,35,2008,7,1983539.75,11,10.875,.54826224
2001,36,2008,7,1984406.922131147,12,16.791666,.84618056
2001,37,2009,8,1985303,1,19.041666,.95913148
2001,38,2009,8,1986123.608219178,2,18.25,.91887534
2001,39,2009,8,1986864.802739726,3,22.291668,1.1219519
2001,40,2009,8,1987685.410958904,4,19.458334,.97894436
2001,41,2009,8,1988479.547945205,5,13.5,.67891067
2001,42,2009,8,1989300.156164384,6,16.375,.82315379
2001,43,2009,8,1990094.293150685,7,18.583334,.93379164
2001,44,2009,8,1990914.901369863,8,11.375,.57134539
2001,45,2009,8,1991735.509589041,9,17.875,.89745849
2001,46,2009,8,1992529.646575342,10,19.75,.99120229
2001,47,2009,8,1993350.25479452,11,10.75,.53929311
2001,48,2009,8,1994144.391780822,12,6.2083335,.31132817
2001,49,2010,9,1994965,1,18,.90227145
2001,50,2010,9,1995776.393150685,2,14.125,.7077446
2001,51,2010,9,1996509.264383561,3,14.375,.7200067
2001,52,2010,9,1997320.657534247,4,11.75,.58828813
2001,53,2010,9,1998105.876712329,5,19.75,.9884361
2001,54,2010,9,1998917.269863014,6,14.458333,.72330821
2001,55,2010,9,1999702.489041096,7,23.333334,1.1668403
2001,56,2010,9,2000513.882191781,8,24.125,1.2059401
2001,57,2010,9,2001325.275342466,9,14.125,.70578229
2001,58,2010,9,2002110.494520548,10,17.625,.88032103
2001,59,2010,9,2002921.887671233,11,11.75,.58664292
2001,60,2010,9,2003707.106849315,12,15.833333,.79020196
2001,61,2011,10,2004518.5,1,13.541666,.67555708
2001,62,2011,10,2006127.230136986,2,16.875,.84117299
2001,63,2011,10,2007580.276712329,3,17.791666,.88622439
2001,64,2011,10,2009189.006849315,4,13.291667,.66154391
2001,65,2011,10,2010745.842465753,5,19.875,.9884392
2001,66,2011,10,2012354.57260274,6,17.666668,.87791032
2001,67,2011,10,2013911.408219178,7,19.291668,.95792037
2001,68,2011,10,2015520.138356165,8,15,.74422479
2001,69,2011,10,2017128.868493151,9,16.75,.83038819
2001,70,2011,10,2018685.704109589,10,17.208334,.85245234
2001,71,2011,10,2020294.434246575,11,10.625,.52591342
2001,72,2011,10,2021851.269863014,12,15.041667,.74395519
2001,73,2012,11,2023460,1,19.75,.97605091
2001,74,2012,11,2025270.789617486,2,21.375,1.0554144
2001,75,2012,11,2026964.754098361,3,15.416666,.76057887
2001,76,2012,11,2028775.543715847,4,11.875,.5853284
2001,77,2012,11,2030527.920765027,5,15,.73872417
2001,78,2012,11,2032338.710382514,6,21.416666,1.0537941
2001,79,2012,11,2034091.087431694,7,20.625,1.0139664
2001,80,2012,11,2035901.87704918,8,14.5,.71221507
2001,81,2012,11,2037712.666666667,9,15,.73611951
2001,82,2012,11,2039465.043715847,10,13.208334,.64763719
2001,83,2012,11,2041275.833333333,11,13.5,.66135108
2001,84,2012,11,2043028.210382514,12,22.541666,1.1033458
2001,85,2013,12,2044839,1,19.791666,.96788383
2001,86,2013,12,2046250.052054795,2,26.25,1.2828344
2001,87,2013,12,2047524.550684931,3,24.041668,1.1741822
2001,88,2013,12,2048935.602739726,4,16.333334,.79716188
2001,89,2013,12,2050301.136986301,5,17.125,.83524317
2001,90,2013,12,2051712.189041096,6,18.208332,.88747007
2001,91,2013,12,2053077.723287671,7,17.375,.84629041
2001,92,2013,12,2054488.775342466,8,17.375,.84570915
2001,93,2013,12,2055899.82739726,9,16.291666,.79243481
2001,94,2013,12,2057265.361643835,10,16.041666,.77975678
2001,95,2013,12,2058676.41369863,11,9.5,.46146154
2001,96,2013,12,2060041.947945205,12,13.25,.6431908
2001,97,2014,13,2061453,1,15.25,.73976946
2001,98,2014,13,2062010.490410959,2,20.75,1.0062995
2001,99,2014,13,2062514.030136986,3,16.791668,.81413591
2001,100,2014,13,2063071.520547945,4,23.375,1.1330193
2001,101,2014,13,2063611.027397261,5,14.5,.7026518
2001,102,2014,13,2064168.517808219,6,20.5,.99313599
2001,103,2014,13,2064708.024657534,7,23.791666,1.1523017
2001,104,2014,13,2065265.515068493,8,25.375,1.2286556
2001,105,2014,13,2065823.005479452,9,13.75,.66559428
2001,106,2014,13,2066362.512328767,10,22.833334,1.1050013
2001,107,2014,13,2066920.002739726,11,21.125,1.0220522
2001,108,2014,13,2067459.509589041,12,19.416666,.93915582
2001,109,2015,14,2068017,1,23.083332,1.116206
2001,110,2015,14,2068148.431506849,2,30.5,1.4747491
2001,111,2015,14,2068267.143835616,3,29.041668,1.4041545
2001,112,2015,14,2068398.575342466,4,27.125,1.311401
2001,113,2015,14,2068525.767123288,5,34.625,1.6738975
2001,114,2015,14,2068657.198630137,6,25.166666,1.2165701
2001,115,2015,14,2068784.390410959,7,34.375,1.6616038
2001,116,2015,14,2068915.821917808,8,22.625,1.093568
2001,117,2015,14,2069047.253424658,9,18.541668,.89614522
2001,118,2015,14,2069174.445205479,10,23.458334,1.133705
2001,119,2015,14,2069305.876712329,11,26.375,1.274582
2001,120,2015,14,2069433.068493151,12,24.291668,1.1738321
2001,121,2016,15,2069564.5,1,33.833332,1.6348044
2001,122,2016,15,2070798.274590164,2,30.125,1.454753
2001,123,2016,15,2071952.450819672,3,33.375,1.6107996
2001,124,2016,15,2073186.225409836,4,30.958336,1.4932733
2001,125,2016,15,2074380.200819672,5,35.25,1.6993028
2001,126,2016,15,2075613.975409836,6,33.916664,1.6340545
2001,127,2016,15,2076807.950819672,7,24.125,1.1616385
2001,128,2016,15,2078041.725409836,8,33.25,1.6000642
2001,129,2016,15,2079275.5,9,26.458332,1.2724785
2001,130,2016,15,2080469.475409836,10,28.291666,1.3598694
2001,131,2016,15,2081703.25,11,30.25,1.453137
2001,132,2016,15,2082897.225409836,12,33.041668,1.5863321
2001,133,2017,16,2084131,1,53.125,2.5490241
2001,134,2017,16,2085266.109589041,2,34.375,1.6484706
2001,135,2017,16,2086291.369863014,3,55.666668,2.6682117
2001,136,2017,16,2087426.479452055,4,37.458336,1.7944745
2001,137,2017,16,2088524.97260274,5,42.625,2.0409141
2001,138,2017,16,2089660.082191781,6,42.333332,2.0258477
2001,139,2017,16,2090758.575342466,7,35.083332,1.6780193
2001,140,2017,16,2091893.684931507,8,38.125,1.8225113
2001,141,2017,16,2093028.794520548,9,29.666666,1.4174036
2001,142,2017,16,2094127.287671233,10,40.833336,1.9498975
2001,143,2017,16,2095262.397260274,11,33.75,1.6107768
2001,144,2017,16,2096360.890410959,12,32.416668,1.5463305
2001,145,2018,17,2097496,1,42.708332,2.0361581
2001,146,2018,17,2097998.624657534,2,49.375,2.3534334
2001,147,2018,17,2098452.608219178,3,48.875,2.3290973
2001,148,2018,17,2098955.232876712,4,47.666668,2.2709711
2001,149,2018,17,2099441.643835616,5,41.125,1.9588542
2001,150,2018,17,2099944.26849315,6,53.166664,2.5318131
2001,151,2018,17,2100430.679452055,7,43.583332,2.0749712
2001,152,2018,17,2100933.304109589,8,40.625,1.9336644
2001,153,2018,17,2101435.928767123,9,39.833332,1.8955293
2001,154,2018,17,2101922.339726027,10,42.416664,2.0179939
2001,155,2018,17,2102424.964383562,11,37.5,1.7836546
2001,156,2018,17,2102911.375342465,12,40.25,1.9140131
2001,157,2019,18,2103414,1,52.624996,2.5018849
2001,158,2019,18,2103767.867123288,2,53.75,2.5549397
2001,159,2019,18,2104087.489041096,3,60.833336,2.8911979
2001,160,2019,18,2104441.356164384,4,57.333336,2.7243969
2001,161,2019,18,2104783.808219178,5,62.125,2.9516096
2001,162,2019,18,2105137.675342466,6,62.958332,2.9906991
2001,163,2019,18,2105480.12739726,7,53.083336,2.5211985
2001,164,2019,18,2105833.994520548,8,49.125,2.3328049
2001,165,2019,18,2106187.861643835,9,51.125,2.4273713
2001,166,2019,18,2106530.31369863,10,54.625,2.5931268
2001,167,2019,18,2106884.180821918,11,43.375,2.0587273
2001,168,2019,18,2107226.632876712,12,43.291668,2.0544381
2001,169,2020,19,2107580.5,1,86.583328,4.1081862
2001,170,2020,19,2107881.521857924,2,55.875,2.6507657
2001,171,2020,19,2108163.12295082,3,69.666672,3.3046148
2001,172,2020,19,2108464.144808743,4,66.083336,3.1341929
2001,173,2020,19,2108755.456284153,5,70.875,3.3609872
2001,174,2020,19,2109056.478142077,6,81.5,3.8642871
2001,175,2020,19,2109347.789617486,7,76.333328,3.6188118
2001,176,2020,19,2109648.81147541,8,87.5,4.1476097
2001,177,2020,19,2109949.833333333,9,70.875,3.3590846
2001,178,2020,19,2110241.144808743,10,79.125,3.7495716
2001,179,2020,19,2110542.166666667,11,77,3.6483517
2001,180,2020,19,2110833.478142077,12,73.833328,3.4978282
2001,181,2021,20,2111134.5,1,83.625,3.9611404
2001,182,2021,20,2112063.353424658,2,91.5,4.3322563
2001,183,2021,20,2112902.317808219,3,82.208336,3.8907778
2001,184,2021,20,2113831.171232877,4,82.083336,3.8831549
2001,185,2021,20,2114730.061643836,5,90.75,4.291328
2001,186,2021,20,2115658.915068493,6,97.958328,4.630157
2001,187,2021,20,2116557.805479452,7,92.25,4.3584919
2001,188,2021,20,2117486.65890411,8,95.5,4.5100636
2001,189,2021,20,2118415.512328767,9,102.54166,4.8404889
2001,190,2021,20,2119314.402739726,10,87.958328,4.1503201
2001,191,2021,20,2120243.256164384,11,74.125,3.4960611
2001,192,2021,20,2121142.146575343,12,85.875,4.0485263
2002,1,2006,4,1941065.5,1,25.416666,1.3094182
2002,2,2006,4,1942198.995890411,2,28.875,1.4867169
2002,3,2006,4,1943222.798630137,3,32.666668,1.6810563
2002,4,2006,4,1944356.294520548,4,30.083334,1.5472131
2002,5,2006,4,1945453.226027397,5,33.5,1.7219638
2002,6,2006,4,1946586.721917808,6,28.458332,1.4619607
2002,7,2006,4,1947683.653424658,7,34.208332,1.7563598
2002,8,2006,4,1948817.149315068,8,22.125,1.1353041
2002,9,2006,4,1949950.64520548,9,19.875,1.0192566
2002,10,2006,4,1951047.576712329,10,28.375,1.4543469
2002,11,2006,4,1952181.07260274,11,25,1.2806189
2002,12,2006,4,1953278.004109589,12,24.333334,1.2457691
2002,13,2007,5,1954411.5,1,23.041666,1.1789567
2002,14,2007,5,1954960.497260274,2,29.5,1.5089819
2002,15,2007,5,1955456.365753425,3,22.083334,1.1293187
2002,16,2007,5,1956005.363013698,4,22.75,1.1630847
2002,17,2007,5,1956536.650684931,5,27.375,1.399156
2002,18,2007,5,1957085.647945205,6,25.083332,1.2816676
2002,19,2007,5,1957616.935616438,7,22.208332,1.1344575
2002,20,2007,5,1958165.932876712,8,21,1.072432
2002,21,2007,5,1958714.930136986,9,15.333334,.78282624
2002,22,2007,5,1959246.217808219,10,23.541668,1.2015676
2002,23,2007,5,1959795.215068493,11,21.875,1.116188
2002,24,2007,5,1960326.502739726,12,18.791666,.95859879
2002,25,2008,6,1960875.5,1,22.041666,1.1240727
2002,26,2008,6,1961442.68989071,2,24.375,1.2427077
2002,27,2008,6,1961973.286885246,3,18.5,.94292825
2002,28,2008,6,1962540.476775956,4,23.458334,1.1953045
2002,29,2008,6,1963089.370218579,5,22.375,1.1397851
2002,30,2008,6,1963656.56010929,6,25.5,1.2985978
2002,31,2008,6,1964205.453551912,7,19.916668,1.0139809
2002,32,2008,6,1964772.643442623,8,20.625,1.0497398
2002,33,2008,6,1965339.833333333,9,19.375,.9858346
2002,34,2008,6,1965888.726775956,10,13.208334,.67187595
2002,35,2008,6,1966455.916666667,11,14.375,.73101056
2002,36,2008,6,1967004.81010929,12,21.791666,1.1078603
2002,37,2009,7,1967572,1,19.916666,1.0122459
2002,38,2009,7,1968266.697260274,2,14.25,.72398728
2002,39,2009,7,1968894.165753425,3,15.75,.79994142
2002,40,2009,7,1969588.863013699,4,22.708334,1.1529479
2002,41,2009,7,1970261.150684932,5,13.25,.67249966
2002,42,2009,7,1970955.847945206,6,18.916666,.95977116
2002,43,2009,7,1971628.135616438,7,22.833332,1.1580952
2002,44,2009,7,1972322.832876713,8,14.125,.71616066
2002,45,2009,7,1973017.530136986,9,17.708334,.89752543
2002,46,2009,7,1973689.817808219,10,19.416666,.98377496
2002,47,2009,7,1974384.515068493,11,22.25,1.1269335
2002,48,2009,7,1975056.802739726,12,22.291666,1.1286595
2002,49,2010,8,1975751.5,1,17.875,.90471905
2002,50,2010,8,1976271.663013699,2,15.25,.77165502
2002,51,2010,8,1976741.487671233,3,14.291666,.72299117
2002,52,2010,8,1977261.650684932,4,15.708334,.79444891
2002,53,2010,8,1977765.034246575,5,19.125,.9670006
2002,54,2010,8,1978285.197260274,6,16.375,.82773709
2002,55,2010,8,1978788.580821918,7,19.416666,.98124003
2002,56,2010,8,1979308.743835616,8,18.5,.93466973
2002,57,2010,8,1979828.906849315,9,13.583334,.68608624
2002,58,2010,8,1980332.290410959,10,17,.85844177
2002,59,2010,8,1980852.453424657,11,11.125,.56162691
2002,60,2010,8,1981355.836986301,12,20.791668,1.0493656
2002,61,2011,9,1981876,1,25.875,1.3055812
2002,62,2011,9,1982908.342465753,2,9.75,.49170199
2002,63,2011,9,1983840.780821918,3,17.833334,.89892972
2002,64,2011,9,1984873.123287671,4,15.458334,.77880716
2002,65,2011,9,1985872.164383562,5,18.375,.92528617
2002,66,2011,9,1986904.506849315,6,24.291666,1.2225885
2002,67,2011,9,1987903.547945206,7,18.083334,.90966856
2002,68,2011,9,1988935.890410959,8,13.125,.65990061
2002,69,2011,9,1989968.232876712,9,15.708334,.78937614
2002,70,2011,9,1990967.273972603,10,13.833333,.69480467
2002,71,2011,9,1991999.616438356,11,11.75,.58985955
2002,72,2011,9,1992998.657534247,12,14.041666,.70454967
2002,73,2012,10,1994031,1,14.041666,.70418495
2002,74,2012,10,1995989.081967213,2,17,.85170805
2002,75,2012,10,1997820.836065574,3,19.708334,.98649156
2002,76,2012,10,1999778.918032787,4,14.875,.74383223
2002,77,2012,10,2001673.836065574,5,17.25,.86177874
2002,78,2012,10,2003631.918032787,6,15.083333,.75279957
2002,79,2012,10,2005526.836065574,7,22,1.0969687
2002,80,2012,10,2007484.918032787,8,16.125,.80324388
2002,81,2012,10,2009443,9,10.041667,.49972391
2002,82,2012,10,2011337.918032787,10,10.625,.52825534
2002,83,2012,10,2013296,11,13.875,.68916839
2002,84,2012,10,2015190.918032787,12,18.208334,.90355378
2002,85,2013,11,2017149,1,15.25,.75601751
2002,86,2013,11,2019199.289041096,2,14,.69334412
2002,87,2013,11,2021051.163013699,3,25.291668,1.2514116
2002,88,2013,11,2023101.452054794,4,21.125,1.0441889
2002,89,2013,11,2025085.602739726,5,15.5,.76539975
2002,90,2013,11,2027135.891780822,6,19.708332,.97222549
2002,91,2013,11,2029120.042465753,7,18.708332,.92199236
2002,92,2013,11,2031170.331506849,8,18.875,.92926723
2002,93,2013,11,2033220.620547945,9,17.416668,.85660493
2002,94,2013,11,2035204.771232877,10,14.208334,.69812799
2002,95,2013,11,2037255.060273973,11,9.75,.47858515
2002,96,2013,11,2039239.210958904,12,10.125,.49650869
2002,97,2014,12,2041289.5,1,20.958334,1.0267203
2002,98,2014,12,2042747.476712329,2,12.125,.59356332
2002,99,2014,12,2044064.35890411,3,14.75,.72160155
2002,100,2014,12,2045522.335616438,4,17.583334,.8596012
2002,101,2014,12,2046933.280821918,5,15.125,.73891026
2002,102,2014,12,2048391.257534246,6,25.166666,1.2286063
2002,103,2014,12,2049802.202739726,7,13.291666,.64843655
2002,104,2014,12,2051260.179452055,8,18.25,.88969702
2002,105,2014,12,2052718.156164384,9,14.125,.68811202
2002,106,2014,12,2054129.101369863,10,16.458332,.80123162
2002,107,2014,12,2055587.078082192,11,19.375,.9425531
2002,108,2014,12,2056998.023287671,12,19,.92367613
2002,109,2015,13,2058456,1,24.749998,1.2023574
2002,110,2015,13,2058891.401369863,2,20.25,.98353899
2002,111,2015,13,2059284.667123287,3,29.458334,1.4305129
2002,112,2015,13,2059720.068493151,4,23.541668,1.1429547
2002,113,2015,13,2060141.424657534,5,25.25,1.225644
2002,114,2015,13,2060576.826027397,6,18.416666,.89376265
2002,115,2015,13,2060998.182191781,7,28.125,1.36463
2002,116,2015,13,2061433.583561644,8,18,.87317872
2002,117,2015,13,2061868.984931507,9,17.958332,.87097347
2002,118,2015,13,2062290.34109589,10,20.416668,.98999971
2002,119,2015,13,2062725.742465753,11,22.5,1.0907897
2002,120,2015,13,2063147.098630137,12,15.375,.74522072
2002,121,2016,14,2063582.5,1,29.916666,1.4497441
2002,122,2016,14,2063447.870218579,2,31.375,1.5205133
2002,123,2016,14,2063321.926229508,3,28.500002,1.3812678
2002,124,2016,14,2063187.296448088,4,25.416668,1.2319127
2002,125,2016,14,2063057.009562842,5,24.875,1.205735
2002,126,2016,14,2062922.379781421,6,32.25,1.5633162
2002,127,2016,14,2062792.092896175,7,21.791666,1.056416
2002,128,2016,14,2062657.463114754,8,21.75,1.0544649
2002,129,2016,14,2062522.833333333,9,22.166668,1.0747356
2002,130,2016,14,2062392.546448088,10,20.458332,.99197084
2002,131,2016,14,2062257.916666667,11,22,1.0667919
2002,132,2016,14,2062127.629781421,12,18.625,.90319335
2002,133,2017,15,2061993,1,32.791668,1.59029
2002,134,2017,15,2063117.960273972,2,35.75,1.7328142
2002,135,2017,15,2064134.053424657,3,40.5,1.9620819
2002,136,2017,15,2065259.01369863,4,27.791666,1.3456746
2002,137,2017,15,2066347.684931507,5,40.25,1.9478813
2002,138,2017,15,2067472.645205479,6,31.583332,1.52763
2002,139,2017,15,2068561.316438356,7,34.375,1.661783
2002,140,2017,15,2069686.276712329,8,25,1.2079126
2002,141,2017,15,2070811.236986301,9,25.708332,1.2414619
2002,142,2017,15,2071899.908219178,10,28.125,1.3574498
2002,143,2017,15,2073024.86849315,11,34.625,1.6702646
2002,144,2017,15,2074113.539726027,12,28.166666,1.3580098
2002,145,2018,16,2075238.5,1,58.124996,2.8008828
2002,146,2018,16,2076275.173972602,2,43.5,2.095098
2002,147,2018,16,2077211.524657534,3,36.166668,1.7411163
2002,148,2018,16,2078248.198630137,4,39.375,1.8946245
2002,149,2018,16,2079251.431506849,5,29.5,1.4187799
2002,150,2018,16,2080288.105479452,6,36.625,1.7605734
2002,151,2018,16,2081291.338356164,7,44.958336,2.1601174
2002,152,2018,16,2082328.012328767,8,32.5,1.5607531
2002,153,2018,16,2083364.68630137,9,31.875,1.529977
2002,154,2018,16,2084367.919178082,10,26.958332,1.2933576
2002,155,2018,16,2085404.593150685,11,39.5,1.8941169
2002,156,2018,16,2086407.826027397,12,20.833334,.99852645
2002,157,2019,17,2087444.5,1,43.583332,2.0878799
2002,158,2019,17,2087889.668493151,2,43.125,2.0654826
2002,159,2019,17,2088291.756164384,3,43.75,2.0950139
2002,160,2019,17,2088736.924657534,4,46.291668,2.2162516
2002,161,2019,17,2089167.732876712,5,38.625,1.8488224
2002,162,2019,17,2089612.901369863,6,47.375,2.2671664
2002,163,2019,17,2090043.709589041,7,36.5,1.746375
2002,164,2019,17,2090488.878082192,8,34.625,1.6563112
2002,165,2019,17,2090934.046575342,9,44.291668,2.1182718
2002,166,2019,17,2091364.85479452,10,41.875,2.002281
2002,167,2019,17,2091810.023287671,11,27,1.2907482
2002,168,2019,17,2092240.831506849,12,49.708332,2.3758419
2002,169,2020,18,2092686,1,53.75,2.5684695
2002,170,2020,18,2093011.415300546,2,65.125,3.1115453
2002,171,2020,18,2093315.836065574,3,51.791668,2.4741449
2002,172,2020,18,2093641.25136612,4,55.791668,2.6648152
2002,173,2020,18,2093956.169398907,5,71.75,3.4265282
2002,174,2020,18,2094281.584699454,6,65.375,3.1215956
2002,175,2020,18,2094596.50273224,7,69,3.2941906
2002,176,2020,18,2094921.918032787,8,66.125,3.1564422
2002,177,2020,18,2095247.333333333,9,48.041668,2.2928877
2002,178,2020,18,2095562.25136612,10,59.375,2.8333685
2002,179,2020,18,2095887.666666667,11,53.875,2.5705099
2002,180,2020,18,2096202.584699454,12,36.625,1.747207
2002,181,2021,19,2096528,1,74.541664,3.5554814
2002,182,2021,19,2097471.504109589,2,74.375,3.5459361
2002,183,2021,19,2098323.701369863,3,79.666672,3.7966816
2002,184,2021,19,2099267.205479452,4,74.708336,3.5587816
2002,185,2021,19,2100180.273972603,5,82.875,3.9460897
2002,186,2021,19,2101123.778082192,6,90,4.283422
2002,187,2021,19,2102036.846575343,7,87.791672,4.1765051
2002,188,2021,19,2102980.350684932,8,80.625,3.8338447
2002,189,2021,19,2103923.85479452,9,81.416672,3.8697538
2002,190,2021,19,2104836.923287671,10,84,3.990808
2002,191,2021,19,2105780.42739726,11,67,3.1817183
2002,192,2021,19,2106693.495890411,12,71.583336,3.3978999
2003,1,2006,3,1944933.5,1,35.166664,1.8081166
2003,2,2006,3,1945902.398630137,2,23.375,1.2012422
2003,3,2006,3,1946777.532876712,3,42.75,2.1959367
2003,4,2006,3,1947746.431506849,4,42.041668,2.1584775
2003,5,2006,3,1948684.075342466,5,39.375,2.0205944
2003,6,2006,3,1949652.973972603,6,43.208332,2.2162063
2003,7,2006,3,1950590.617808219,7,43.625,2.2365022
2003,8,2006,3,1951559.516438356,8,37.125,1.9023248
2003,9,2006,3,1952528.415068493,9,35.291668,1.8074855
2003,10,2006,3,1953466.05890411,10,36.125,1.849277
2003,11,2006,3,1954434.957534247,11,42.625,2.1809373
2003,12,2006,3,1955372.601369863,12,49.875,2.5506647
2003,13,2007,4,1956341.5,1,24.166666,1.235299
2003,14,2007,4,1957652.884931507,2,27.125,1.3855878
2003,15,2007,4,1958837.361643836,3,31.041666,1.5846984
2003,16,2007,4,1960148.746575342,4,29.625002,1.5113649
2003,17,2007,4,1961417.828767123,5,31.125,1.5868623
2003,18,2007,4,1962729.21369863,6,28.125,1.4329536
2003,19,2007,4,1963998.295890411,7,35.416668,1.8032942
2003,20,2007,4,1965309.680821918,8,28.5,1.4501531
2003,21,2007,4,1966621.065753425,9,22.208332,1.1292634
2003,22,2007,4,1967890.147945206,10,27.375,1.3910837
2003,23,2007,4,1969201.532876713,11,31.625,1.6059809
2003,24,2007,4,1970470.615068493,12,29.541668,1.4992189
2003,25,2008,5,1971782,1,23.083332,1.1706837
2003,26,2008,5,1972401.745901639,2,20.875,1.0583544
2003,27,2008,5,1972981.508196721,3,28.625,1.4508499
2003,28,2008,5,1973601.254098361,4,27.000002,1.3680576
2003,29,2008,5,1974201.008196721,5,23.375,1.1840233
2003,30,2008,5,1974820.754098361,6,22.666666,1.1477835
2003,31,2008,5,1975420.508196721,7,21.166668,1.0715019
2003,32,2008,5,1976040.254098361,8,22.75,1.1512923
2003,33,2008,5,1976660,9,27.666668,1.3996675
2003,34,2008,5,1977259.754098361,10,20.916668,1.0578614
2003,35,2008,5,1977879.5,11,19.375,.97958446
2003,36,2008,5,1978479.254098361,12,27.75,1.4025924
2003,37,2009,6,1979099,1,18.5,.9347688
2003,38,2009,6,1979761.423287671,2,22.875,1.1554422
2003,39,2009,6,1980359.74109589,3,28.125,1.4201965
2003,40,2009,6,1981022.164383562,4,22,1.1105378
2003,41,2009,6,1981663.219178082,5,17.375,.87678874
2003,42,2009,6,1982325.642465753,6,23.666666,1.1938839
2003,43,2009,6,1982966.697260274,7,19.375,.9770714
2003,44,2009,6,1983629.120547945,8,19.125,.96414191
2003,45,2009,6,1984291.543835616,9,19.416666,.97851878
2003,46,2009,6,1984932.598630137,10,23.75,1.1965141
2003,47,2009,6,1985595.021917808,11,18.75,.94430131
2003,48,2009,6,1986236.076712329,12,25.875,1.3027152
2003,49,2010,7,1986898.5,1,15.208333,.76543081
2003,50,2010,7,1987429.661643836,2,16.5,.83021808
2003,51,2010,7,1987909.420547945,3,21.125,1.0626742
2003,52,2010,7,1988440.582191781,4,17.041668,.85703683
2003,53,2010,7,1988954.609589041,5,19.75,.99298394
2003,54,2010,7,1989485.771232877,6,18.916666,.95083195
2003,55,2010,7,1989999.798630137,7,13,.65326637
2003,56,2010,7,1990530.960273972,8,20.25,1.0173165
2003,57,2010,7,1991062.121917808,9,14.416667,.72406918
2003,58,2010,7,1991576.149315068,10,16.208334,.81384456
2003,59,2010,7,1992107.310958904,11,9.25,.4643324
2003,60,2010,7,1992621.338356164,12,21.958332,1.1019822
2003,61,2011,8,1993152.5,1,22.5,1.128865
2003,62,2011,8,1993670.794520548,2,16.5,.82761908
2003,63,2011,8,1994138.931506849,3,18.5,.9277187
2003,64,2011,8,1994657.226027397,4,20.166668,1.0110343
2003,65,2011,8,1995158.801369863,5,17.5,.87712318
2003,66,2011,8,1995677.095890411,6,21.958332,1.1002948
2003,67,2011,8,1996178.671232877,7,16.833332,.84327781
2003,68,2011,8,1996696.965753424,8,13.875,.69489765
2003,69,2011,8,1997215.260273973,9,13.875,.69471729
2003,70,2011,8,1997716.835616438,10,15.375,.76962858
2003,71,2011,8,1998235.130136986,11,12,.60052991
2003,72,2011,8,1998736.705479452,12,29.333334,1.4675937
2003,73,2012,9,1999255,1,14.916667,.74611127
2003,74,2012,9,2000528.795081967,2,16.875,.84352696
2003,75,2012,9,2001720.409836065,3,29.166666,1.4570799
2003,76,2012,9,2002994.204918033,4,15.833334,.79048324
2003,77,2012,9,2004226.909836065,5,18,.89810193
2003,78,2012,9,2005500.704918033,6,15.375,.76664144
2003,79,2012,9,2006733.409836065,7,22,1.0963091
2003,80,2012,9,2008007.204918033,8,11.75,.58515728
2003,81,2012,9,2009281,9,12.958334,.64492393
2003,82,2012,9,2010513.704918033,10,12.375,.61551434
2003,83,2012,9,2011787.5,11,13.125,.6524049
2003,84,2012,9,2013020.204918033,12,18.958332,.94178545
2003,85,2013,10,2014294,1,21.041666,1.0446174
2003,86,2013,10,2016693.612328767,2,13.375,.66321427
2003,87,2013,10,2018861.004109589,3,16.25,.80490929
2003,88,2013,10,2021260.616438356,4,17.833334,.88228768
2003,89,2013,10,2023582.821917808,5,21.375,1.0562948
2003,90,2013,10,2025982.434246575,6,14.25,.70336246
2003,91,2013,10,2028304.639726027,7,17.75,.8751151
2003,92,2013,10,2030704.252054794,8,15.625,.76943749
2003,93,2013,10,2033103.864383562,9,13.041667,.64146584
2003,94,2013,10,2035426.069863014,10,14,.68781668
2003,95,2013,10,2037825.682191781,11,14.375,.70540869
2003,96,2013,10,2040147.887671233,12,12.875,.6310817
2003,97,2014,11,2042547.5,1,19.625,.96080995
2003,98,2014,11,2044847.82739726,2,12.875,.62963122
2003,99,2014,11,2046925.542465754,3,10.208334,.49871546
2003,100,2014,11,2049225.869863014,4,19.583334,.95564544
2003,101,2014,11,2051451.993150685,5,13.5,.6580705
2003,102,2014,11,2053752.320547945,6,19.791666,.96368319
2003,103,2014,11,2055978.443835617,7,15.333334,.74579257
2003,104,2014,11,2058278.771232877,8,14.125,.68625301
2003,105,2014,11,2060579.098630137,9,11.458334,.55607349
2003,106,2014,11,2062805.221917808,10,15,.7271651
2003,107,2014,11,2065105.549315069,11,7.625,.36923051
2003,108,2014,11,2067331.67260274,12,15.166667,.73363489
2003,109,2015,12,2069632,1,18.999998,.91803753
2003,110,2015,12,2071152.316438356,2,20.625,.99582249
2003,111,2015,12,2072525.505479452,3,15.375,.74184853
2003,112,2015,12,2074045.821917808,4,17.958334,.86586004
2003,113,2015,12,2075517.095890411,5,17.875,.86123115
2003,114,2015,12,2077037.412328767,6,15.291666,.73622489
2003,115,2015,12,2078508.68630137,7,22.375,1.076493
2003,116,2015,12,2080029.002739726,8,17.5,.8413344
2003,117,2015,12,2081549.319178082,9,17.166668,.82470626
2003,118,2015,12,2083020.593150685,10,12.875,.61809278
2003,119,2015,12,2084540.909589041,11,18.5,.88748556
2003,120,2015,12,2086012.183561644,12,23.625,1.1325437
2003,121,2016,13,2087532.5,1,27.833332,1.3333125
2003,122,2016,13,2087733.618852459,2,33,1.5806614
2003,123,2016,13,2087921.762295082,3,19.833334,.9499079
2003,124,2016,13,2088122.881147541,4,21.375,1.0236467
2003,125,2016,13,2088317.512295082,5,19.5,.93376607
2003,126,2016,13,2088518.631147541,6,23.5,1.1251994
2003,127,2016,13,2088713.262295082,7,20.5,.98146552
2003,128,2016,13,2088914.381147541,8,15.5,.7420122
2003,129,2016,13,2089115.5,9,14.625,.70005703
2003,130,2016,13,2089310.131147541,10,18.208332,.87149972
2003,131,2016,13,2089511.25,11,8.75,.41875821
2003,132,2016,13,2089705.881147541,12,18.958332,.90722489
2003,133,2017,14,2089907,1,28.083332,1.3437599
2003,134,2017,14,2089474.316438356,2,26.625,1.274244
2003,135,2017,14,2089083.505479452,3,29.125,1.394152
2003,136,2017,14,2088650.821917808,4,35.25,1.6876923
2003,137,2017,14,2088232.095890411,5,30.5,1.4605656
2003,138,2017,14,2087799.412328767,6,23.083332,1.1056298
2003,139,2017,14,2087380.68630137,7,25.958332,1.243584
2003,140,2017,14,2086948.002739726,8,28.5,1.3656306
2003,141,2017,14,2086515.319178082,9,16.791668,.80477089
2003,142,2017,14,2086096.593150685,10,17.083332,.81891376
2003,143,2017,14,2085663.909589041,11,13.125,.629296
2003,144,2017,14,2085245.183561644,12,20.333334,.97510517
2003,145,2018,15,2084812.5,1,37.749996,1.8107142
2003,146,2018,15,2085831.550684932,2,33,1.5821028
2003,147,2018,15,2086751.983561644,3,32.166668,1.5414705
2003,148,2018,15,2087771.034246575,4,30.958336,1.4828415
2003,149,2018,15,2088757.212328767,5,31.25,1.496105
2003,150,2018,15,2089776.263013699,6,27.208332,1.3019735
2003,151,2018,15,2090762.44109589,7,39.166664,1.8733196
2003,152,2018,15,2091781.491780822,8,26,1.2429596
2003,153,2018,15,2092800.542465753,9,26.041668,1.2443454
2003,154,2018,15,2093786.720547945,10,23.791666,1.1362984
2003,155,2018,15,2094805.771232877,11,26,1.2411652
2003,156,2018,15,2095791.949315069,12,28.625,1.3658321
2003,157,2019,16,2096811,1,33.75,1.6095871
2003,158,2019,16,2097653.987671233,2,29.5,1.406333
2003,159,2019,16,2098415.395890411,3,35.458332,1.689767
2003,160,2019,16,2099258.383561644,4,46.125,2.1972046
2003,161,2019,16,2100074.178082192,5,36.875,1.7558904
2003,162,2019,16,2100917.165753425,6,38.75,1.8444326
2003,163,2019,16,2101732.960273973,7,33.708332,1.6038351
2003,164,2019,16,2102575.947945205,8,35.125,1.6705699
2003,165,2019,16,2103418.935616438,9,29.833334,1.4183258
2003,166,2019,16,2104234.730136986,10,36.041664,1.7128158
2003,167,2019,16,2105077.717808219,11,31.125,1.4785677
2003,168,2019,16,2105893.512328767,12,25.083334,1.1911017
2003,169,2020,17,2106736.5,1,47.875,2.2724721
2003,170,2020,17,2107037.225409836,2,38.375,1.8212777
2003,171,2020,17,2107318.549180328,3,33.25,1.5778345
2003,172,2020,17,2107619.274590164,4,46.25,2.1944191
2003,173,2020,17,2107910.299180328,5,60.5,2.870141
2003,174,2020,17,2108211.024590164,6,48.5,2.3005288
2003,175,2020,17,2108502.049180328,7,56.541664,2.6816034
2003,176,2020,17,2108802.774590164,8,60.375,2.862999
2003,177,2020,17,2109103.5,9,39,1.8491269
2003,178,2020,17,2109394.524590164,10,45.5,2.157017
2003,179,2020,17,2109695.25,11,38.75,1.8367581
2003,180,2020,17,2109986.274590164,12,41.708336,1.9767113
2003,181,2021,18,2110287,1,63.5,3.0090694
2003,182,2021,18,2111258.956164383,2,73.125,3.4635732
2003,183,2021,18,2112136.852054794,3,63.666668,3.0143249
2003,184,2021,18,2113108.808219178,4,70.208336,3.3225141
2003,185,2021,18,2114049.410958904,5,86.75,4.1034989
2003,186,2021,18,2115021.367123288,6,87.875,4.1548042
2003,187,2021,18,2115961.969863013,7,77.458328,3.6606674
2003,188,2021,18,2116933.926027397,8,74.25,3.5074313
2003,189,2021,18,2117905.882191781,9,65.083336,3.0730042
2003,190,2021,18,2118846.484931507,10,72.916664,3.4413378
2003,191,2021,18,2119818.44109589,11,57.25,2.7007029
2003,192,2021,18,2120759.043835616,12,58.541668,2.760411
2004,1,2006,2,1946480.5,1,40.583332,2.0849595
2004,2,2006,2,1946829.356164383,2,44.25,2.2729266
2004,3,2006,2,1947144.452054794,3,60.75,3.1199534
2004,4,2006,2,1947493.308219178,4,57.791668,2.96749
2004,5,2006,2,1947830.910958904,5,55.5,2.8493233
2004,6,2006,2,1948179.767123288,6,67.791664,3.4797437
2004,7,2006,2,1948517.369863014,7,58.541668,3.0044212
2004,8,2006,2,1948866.226027397,8,55.625,2.8542237
2004,9,2006,2,1949215.082191781,9,52.625,2.6998048
2004,10,2006,2,1949552.684931507,10,56.208336,2.8831401
2004,11,2006,2,1949901.54109589,11,75.625,3.878401
2004,12,2006,2,1950239.143835616,12,81.666664,4.1875205
2004,13,2007,3,1950588,1,28.541666,1.4632339
2004,14,2007,3,1951719.202739726,2,36.625,1.8765507
2004,15,2007,3,1952740.934246575,3,40,2.0484028
2004,16,2007,3,1953872.136986301,4,40.375,2.0664096
2004,17,2007,3,1954966.849315069,5,31.375,1.6048865
2004,18,2007,3,1956098.052054795,6,34.375,1.7573251
2004,19,2007,3,1957192.764383562,7,45.958336,2.3481762
2004,20,2007,3,1958323.967123288,8,35.5,1.8127747
2004,21,2007,3,1959455.169863014,9,33.083336,1.6883947
2004,22,2007,3,1960549.882191781,10,36.708332,1.8723488
2004,23,2007,3,1961681.084931507,11,48.75,2.4851134
2004,24,2007,3,1962775.797260274,12,28.083332,1.4307967
2004,25,2008,4,1963907,1,25.124998,1.2793375
2004,26,2008,4,1965364.677595628,2,28.5,1.4501126
2004,27,2008,4,1966728.31147541,3,31,1.5762218
2004,28,2008,4,1968185.989071038,4,26.708336,1.3570026
2004,29,2008,4,1969596.644808743,5,27.375,1.3898785
2004,30,2008,4,1971054.322404372,6,28.833332,1.4628381
2004,31,2008,4,1972464.978142077,7,30.583334,1.5505134
2004,32,2008,4,1973922.655737705,8,32.625,1.6528003
2004,33,2008,4,1975380.333333333,9,23.625,1.1959722
2004,34,2008,4,1976790.989071038,10,21.416666,1.0834057
2004,35,2008,4,1978248.666666667,11,31.375,1.5859988
2004,36,2008,4,1979659.322404372,12,38.541668,1.9468839
2004,37,2009,5,1981117,1,29.666666,1.4974717
2004,38,2009,5,1981958.45890411,2,22.5,1.1352408
2004,39,2009,5,1982718.48630137,3,21.625,1.0906743
2004,40,2009,5,1983559.945205479,4,22.875,1.1532296
2004,41,2009,5,1984374.260273973,5,20.25,1.0204728
2004,42,2009,5,1985215.719178082,6,27.541666,1.3873388
2004,43,2009,5,1986030.034246575,7,17.458334,.87905687
2004,44,2009,5,1986871.493150685,8,17.25,.86819905
2004,45,2009,5,1987712.952054795,9,26.375,1.3269019
2004,46,2009,5,1988527.267123288,10,24.208332,1.2174001
2004,47,2009,5,1989368.726027397,11,27.625,1.3886315
2004,48,2009,5,1990183.041095891,12,37.499996,1.8842486
2004,49,2010,6,1991024.5,1,20,1.004508
2004,50,2010,6,1991517.909589041,2,14.125,.70925802
2004,51,2010,6,1991963.569863014,3,15.875,.79695231
2004,52,2010,6,1992456.979452055,4,20.25,1.0163331
2004,53,2010,6,1992934.47260274,5,22.625,1.1352606
2004,54,2010,6,1993427.882191781,6,23.208332,1.1642424
2004,55,2010,6,1993905.375342466,7,13,.65198678
2004,56,2010,6,1994398.784931507,8,20.875,1.0466813
2004,57,2010,6,1994892.194520548,9,12.875,.64539826
2004,58,2010,6,1995369.687671233,10,13.625,.68283087
2004,59,2010,6,1995863.097260274,11,9,.45093274
2004,60,2010,6,1996340.590410959,12,18.166668,.90999842
2004,61,2011,7,1996834,1,11.458333,.573825
2004,62,2011,7,1997385.417808219,2,25.625,1.2829272
2004,63,2011,7,1997883.47260274,3,11.5,.57560915
2004,64,2011,7,1998434.890410959,4,20.958334,1.0487374
2004,65,2011,7,1998968.520547945,5,18.75,.93798375
2004,66,2011,7,1999519.938356164,6,17.375,.86895859
2004,67,2011,7,2000053.568493151,7,19.875,.99372339
2004,68,2011,7,2000604.98630137,8,20,.99969763
2004,69,2011,7,2001156.404109589,9,11.583334,.57883203
2004,70,2011,7,2001690.034246576,10,16.791668,.83887452
2004,71,2011,7,2002241.452054795,11,14.625,.73043138
2004,72,2011,7,2002775.082191781,12,13.708334,.68446696
2004,73,2012,8,2003326.5,1,13,.64892066
2004,74,2012,8,2003874.844262295,2,15.625,.77973932
2004,75,2012,8,2004387.81147541,3,22.666668,1.1308525
2004,76,2012,8,2004936.155737705,4,14.75,.73568428
2004,77,2012,8,2005466.81147541,5,13.375,.66692704
2004,78,2012,8,2006015.155737705,6,17.916668,.89314717
2004,79,2012,8,2006545.81147541,7,22,1.0964116
2004,80,2012,8,2007094.155737705,8,15.5,.77226073
2004,81,2012,8,2007642.5,9,12.875,.64129943
2004,82,2012,8,2008173.155737705,10,7.458333,.3713989
2004,83,2012,8,2008721.5,11,10.375,.51649767
2004,84,2012,8,2009252.155737705,12,16.125,.80253738
2004,85,2013,9,2009800.5,1,21.874998,1.0884163
2004,86,2013,9,2011355.765753425,2,9.875,.49096239
2004,87,2013,9,2012760.521917808,3,20.583334,1.022642
2004,88,2013,9,2014315.787671233,4,13.250001,.65779167
2004,89,2013,9,2015820.883561644,5,23.25,1.1533763
2004,90,2013,9,2017376.149315068,6,14.208333,.70429766
2004,91,2013,9,2018881.245205479,7,16.083334,.79664588
2004,92,2013,9,2020436.510958904,8,14.875,.73622704
2004,93,2013,9,2021991.776712329,9,16.666666,.82426971
2004,94,2013,9,2023496.87260274,10,12.416666,.61362416
2004,95,2013,9,2025052.138356164,11,20.25,.99997425
2004,96,2013,9,2026557.234246575,12,14.916667,.73605949
2004,97,2014,10,2028112.5,1,11.249999,.55470294
2004,98,2014,10,2030925.94109589,2,11.75,.57855386
2004,99,2014,10,2033467.11369863,3,11.416667,.5614385
2004,100,2014,10,2036280.554794521,4,21,1.0312921
2004,101,2014,10,2039003.239726027,5,14.875,.72952312
2004,102,2014,10,2041816.680821918,6,15.541666,.76116854
2004,103,2014,10,2044539.365753425,7,19.541668,.95579809
2004,104,2014,10,2047352.806849315,8,15.5,.75707519
2004,105,2014,10,2050166.247945206,9,10,.48776531
2004,106,2014,10,2052888.932876712,10,13.416667,.65355057
2004,107,2014,10,2055702.373972603,11,16.5,.80264539
2004,108,2014,10,2058425.05890411,12,14.041666,.68215579
2004,109,2015,11,2061238.5,1,19.041666,.92379731
2004,110,2015,11,2063802.454794521,2,11.5,.55722386
2004,111,2015,11,2066118.284931507,3,13.625,.65944916
2004,112,2015,11,2068682.239726027,4,12.708334,.61432028
2004,113,2015,11,2071163.48630137,5,12.625,.60956079
2004,114,2015,11,2073727.44109589,6,15.249999,.73539072
2004,115,2015,11,2076208.687671233,7,20.458334,.9853698
2004,116,2015,11,2078772.642465753,8,16.5,.79373759
2004,117,2015,11,2081336.597260274,9,16.708332,.80276936
2004,118,2015,11,2083817.843835616,10,13.375,.64185071
2004,119,2015,11,2086381.798630137,11,11,.52722853
2004,120,2015,11,2088863.045205479,12,11.541666,.55253339
2004,121,2016,12,2091427,1,23.375,1.1176579
2004,122,2016,12,2092917.583333333,2,25.375,1.2124224
2004,123,2016,12,2094312,3,22.375,1.06837
2004,124,2016,12,2095802.583333333,4,15.875001,.75746644
2004,125,2016,12,2097245.083333333,5,22.75,1.0847564
2004,126,2016,12,2098735.666666667,6,15.625,.74449587
2004,127,2016,12,2100178.166666667,7,21.666666,1.0316585
2004,128,2016,12,2101668.75,8,19.625,.9337818
2004,129,2016,12,2103159.333333333,9,17.666666,.84000605
2004,130,2016,12,2104601.833333333,10,14.833334,.70480478
2004,131,2016,12,2106092.416666667,11,19.25,.914015
2004,132,2016,12,2107534.916666667,12,24.75,1.1743578
2004,133,2017,13,2109025.5,1,29.458334,1.3967746
2004,134,2017,13,2108966.132876712,2,23.125,1.0965089
2004,135,2017,13,2108912.510958904,3,21.375002,1.0135556
2004,136,2017,13,2108853.143835616,4,27.5,1.3040264
2004,137,2017,13,2108795.691780822,5,28.875,1.369265
2004,138,2017,13,2108736.324657534,6,22.458332,1.0650138
2004,139,2017,13,2108678.872602739,7,20.541666,.97414863
2004,140,2017,13,2108619.505479452,8,20.375,.966272
2004,141,2017,13,2108560.138356164,9,15.125,.71731412
2004,142,2017,13,2108502.68630137,10,21.333334,1.0117764
2004,143,2017,13,2108443.319178082,11,12.625,.59878302
2004,144,2017,13,2108385.867123288,12,17.125,.81223273
2004,145,2018,14,2108326.5,1,31.833332,1.5098863
2004,146,2018,14,2107564.919178083,2,32.125,1.524271
2004,147,2018,14,2106877.039726028,3,27.125,1.2874506
2004,148,2018,14,2106115.45890411,4,26,1.2345002
2004,149,2018,14,2105378.44520548,5,28.5,1.3536758
2004,150,2018,14,2104616.864383562,6,18.916666,.89881754
2004,151,2018,14,2103879.850684932,7,21.333332,1.0139996
2004,152,2018,14,2103118.269863014,8,23.625,1.123332
2004,153,2018,14,2102356.689041096,9,26.833332,1.2763454
2004,154,2018,14,2101619.675342466,10,26.375,1.2549845
2004,155,2018,14,2100858.094520548,11,22.25,1.0590911
2004,156,2018,14,2100121.080821918,12,24.208334,1.1527114
2004,157,2019,15,2099359.5,1,27.999998,1.33374
2004,158,2019,15,2100314.979452055,2,25.875,1.231958
2004,159,2019,15,2101177.993150685,3,21.791668,1.0371166
2004,160,2019,15,2102133.47260274,4,41.083336,1.9543638
2004,161,2019,15,2103058.130136986,5,29.75,1.4146067
2004,162,2019,15,2104013.609589041,6,36.041664,1.7129958
2004,163,2019,15,2104938.267123288,7,32.75,1.555865
2004,164,2019,15,2105893.746575342,8,30.125,1.430509
2004,165,2019,15,2106849.226027397,9,31.083332,1.4753468
2004,166,2019,15,2107773.883561644,10,22.333332,1.0595696
2004,167,2019,15,2108729.363013699,11,27.625,1.3100306
2004,168,2019,15,2109654.020547945,12,29.75,1.4101838
2004,169,2020,16,2110609.5,1,44.166668,2.0926025
2004,170,2020,16,2110858.68579235,2,39.75,1.8831199
2004,171,2020,16,2111091.795081967,3,35.708336,1.691463
2004,172,2020,16,2111340.980874317,4,40.25,1.9063714
2004,173,2020,16,2111582.128415301,5,43.875,2.0778258
2004,174,2020,16,2111831.31420765,6,40.625,1.9236858
2004,175,2020,16,2112072.461748634,7,43.833332,2.0753706
2004,176,2020,16,2112321.647540984,8,47.375,2.2427928
2004,177,2020,16,2112570.833333333,9,44.666664,2.1143274
2004,178,2020,16,2112811.980874317,10,35.875,1.6979741
2004,179,2020,16,2113061.166666667,11,44.875,2.1236963
2004,180,2020,16,2113302.31420765,12,32.416668,1.5339342
2004,181,2021,17,2113551.5,1,51.166664,2.4208856
2004,182,2021,17,2114412.365753425,2,45.375,2.1459863
2004,183,2021,17,2115189.921917808,3,53.5,2.5293238
2004,184,2021,17,2116050.787671233,4,55.166668,2.6070578
2004,185,2021,17,2116883.883561644,5,59.625,2.8166401
2004,186,2021,17,2117744.749315069,6,56.25,2.6561275
2004,187,2021,17,2118577.845205479,7,60.041664,2.8340552
2004,188,2021,17,2119438.710958904,8,59.5,2.8073471
2004,189,2021,17,2120299.576712329,9,53.208332,2.5094724
2004,190,2021,17,2121132.67260274,10,58.916668,2.7776041
2004,191,2021,17,2121993.538356164,11,61.25,2.8864367
2004,192,2021,17,2122826.634246575,12,63.75,3.0030713
2005,1,2006,1,1959230,1,116.625,5.9525938
2005,2,2006,1,1958463.280821918,2,183.75,9.3823557
2005,3,2006,1,1957770.760273973,3,283.54166,14.482883
2005,4,2006,1,1957004.041095891,4,367.20831,18.7638
2005,5,2006,1,1956262.054794521,5,426.25,21.789003
2005,6,2006,1,1955495.335616438,6,516.08331,26.391438
2005,7,2006,1,1954753.349315069,7,633.875,32.427364
2005,8,2006,1,1953986.630136986,8,709.5,36.310383
2005,9,2006,1,1953219.910958904,9,764.625,39.146896
2005,10,2006,1,1952477.924657534,10,859,43.995377
2005,11,2006,1,1951711.205479452,11,885.875,45.389656
2005,12,2006,1,1950969.219178082,12,1031.75,52.883972
2005,13,2007,2,1950202.5,1,42.833332,2.196353
2005,14,2007,2,1950621.042465753,2,52.5,2.6914506
2005,15,2007,2,1950999.080821918,3,62.958336,3.2269793
2005,16,2007,2,1951417.623287671,4,59.166672,3.0319841
2005,17,2007,2,1951822.664383562,5,53.125,2.7218149
2005,18,2007,2,1952241.206849315,6,46.541664,2.384012
2005,19,2007,2,1952646.247945206,7,59.666664,3.0556822
2005,20,2007,2,1953064.790410959,8,57,2.9184899
2005,21,2007,2,1953483.332876712,9,55.125,2.8218822
2005,22,2007,2,1953888.373972603,10,62.75,3.2115448
2005,23,2007,2,1954306.916438356,11,72.875,3.7289433
2005,24,2007,2,1954711.957534247,12,76.874992,3.9328041
2005,25,2008,3,1955130.5,1,28.958332,1.4811457
2005,26,2008,3,1956392.945355191,2,40.75,2.0829148
2005,27,2008,3,1957573.942622951,3,33.708336,1.7219445
2005,28,2008,3,1958836.387978142,4,29.791668,1.5208859
2005,29,2008,3,1960058.109289618,5,35.625,1.8175482
2005,30,2008,3,1961320.554644809,6,36.041664,1.8376223
2005,31,2008,3,1962542.275956284,7,36.458332,1.8577094
2005,32,2008,3,1963804.721311476,8,39,1.9859408
2005,33,2008,3,1965067.166666667,9,30.916666,1.5733135
2005,34,2008,3,1966288.887978142,10,36.041668,1.8329793
2005,35,2008,3,1967551.333333333,11,32.125,1.6327401
2005,36,2008,3,1968773.054644809,12,39.958332,2.0296059
2005,37,2009,4,1970035.5,1,22.208332,1.1273062
2005,38,2009,4,1971813.116438356,2,26.625,1.35028
2005,39,2009,4,1973418.705479452,3,26.916666,1.3639612
2005,40,2009,4,1975196.321917808,4,27.625,1.3985951
2005,41,2009,4,1976916.595890411,5,29.625,1.4985458
2005,42,2009,4,1978694.212328767,6,31.583332,1.5961704
2005,43,2009,4,1980414.48630137,7,23.5,1.1866202
2005,44,2009,4,1982192.102739726,8,26.25,1.3242915
2005,45,2009,4,1983969.719178082,9,25.458334,1.2832017
2005,46,2009,4,1985689.993150685,10,28.75,1.4478594
2005,47,2009,4,1987467.609589041,11,31.625,1.5912209
2005,48,2009,4,1989187.883561644,12,29.375,1.4767333
2005,49,2010,5,1990965.5,1,19.75,.99198103
2005,50,2010,5,1991455.767123288,2,22.5,1.1298268
2005,51,2010,5,1991898.589041096,3,21.541668,1.0814641
2005,52,2010,5,1992388.856164384,4,16.583334,.83233422
2005,53,2010,5,1992863.308219178,5,18.125,.90949541
2005,54,2010,5,1993353.575342466,6,23.333332,1.1705567
2005,55,2010,5,1993828.02739726,7,20.041668,1.0051854
2005,56,2010,5,1994318.294520548,8,22.75,1.1407406
2005,57,2010,5,1994808.561643836,9,23.333332,1.1697028
2005,58,2010,5,1995283.01369863,10,24.083332,1.2070134
2005,59,2010,5,1995773.280821918,11,19.5,.97706491
2005,60,2010,5,1996247.732876712,12,28.541666,1.4297657
2005,61,2011,6,1996738,1,21.958332,1.0997102
2005,62,2011,6,1997201.980821918,2,17,.85119081
2005,63,2011,6,1997621.060273973,3,21,1.0512505
2005,64,2011,6,1998085.041095891,4,16.291668,.81536406
2005,65,2011,6,1998534.054794521,5,26.5,1.3259718
2005,66,2011,6,1998998.035616438,6,18.083332,.90461981
2005,67,2011,6,1999447.049315068,7,24.541668,1.2274227
2005,68,2011,6,1999911.030136986,8,24.875,1.2438053
2005,69,2011,6,2000375.010958904,9,15.25,.76235706
2005,70,2011,6,2000824.024657534,10,16.208334,.81008291
2005,71,2011,6,2001288.005479452,11,15,.74951732
2005,72,2011,6,2001737.019178082,12,17.791666,.88881135
2005,73,2012,7,2002201,1,12.916666,.64512336
2005,74,2012,7,2002806.855191257,2,13.25,.6615715
2005,75,2012,7,2003373.62295082,3,12.708334,.63434666
2005,76,2012,7,2003979.478142076,4,16.666668,.83167857
2005,77,2012,7,2004565.789617486,5,12.875,.64228374
2005,78,2012,7,2005171.644808743,6,19,.94754982
2005,79,2012,7,2005757.956284153,7,17.125,.85379195
2005,80,2012,7,2006363.81147541,8,20.625,1.027979
2005,81,2012,7,2006969.666666667,9,19.791666,.98614675
2005,82,2012,7,2007555.978142076,10,9.958334,.49604267
2005,83,2012,7,2008161.833333333,11,13.5,.67225659
2005,84,2012,7,2008748.144808743,12,30.375,1.5121359
2005,85,2013,8,2009354,1,19.083332,.94972473
2005,86,2013,8,2009930.557534247,2,15.375,.76495183
2005,87,2013,8,2010451.319178082,3,19.833334,.98651153
2005,88,2013,8,2011027.876712329,4,8.708334,.433029
2005,89,2013,8,2011585.835616438,5,18.125,.90103042
2005,90,2013,8,2012162.393150685,6,18,.89455998
2005,91,2013,8,2012720.352054795,7,17,.84462804
2005,92,2013,8,2013296.909589041,8,11.625,.57741112
2005,93,2013,8,2013873.467123288,9,17.583332,.87311006
2005,94,2013,8,2014431.426027397,10,15.166667,.75290066
2005,95,2013,8,2015007.983561644,11,15.75,.78163463
2005,96,2013,8,2015565.942465754,12,16.916666,.83930105
2005,97,2014,9,2016142.5,1,17.166666,.85146093
2005,98,2014,9,2017955.320547945,2,10.75,.53271747
2005,99,2014,9,2019592.706849315,3,13.625,.67464095
2005,100,2014,9,2021405.52739726,4,18.666668,.92344993
2005,101,2014,9,2023159.869863014,5,13.375,.66109455
2005,102,2014,9,2024972.690410959,6,13.624999,.67284852
2005,103,2014,9,2026727.032876712,7,16.208332,.79972941
2005,104,2014,9,2028539.853424658,8,20.125,.99209291
2005,105,2014,9,2030352.673972603,9,18.5,.91117173
2005,106,2014,9,2032107.016438356,10,9.833333,.48389837
2005,107,2014,9,2033919.836986301,11,19.75,.97103137
2005,108,2014,9,2035674.179452055,12,12.083334,.59357899
2005,109,2015,10,2037487,1,20.041666,.98364633
2005,110,2015,10,2040717.921917808,2,15.25,.74728602
2005,111,2015,10,2043636.173972602,3,15.166667,.74214125
2005,112,2015,10,2046867.095890411,4,11.125,.54351354
2005,113,2015,10,2049993.794520548,5,10.75,.52439183
2005,114,2015,10,2053224.716438356,6,12.458333,.60676908
2005,115,2015,10,2056351.415068493,7,15.666666,.76186717
2005,116,2015,10,2059582.336986301,8,15,.72830302
2005,117,2015,10,2062813.25890411,9,12.75,.61808795
2005,118,2015,10,2065939.957534247,10,12.416666,.60101777
2005,119,2015,10,2069170.879452055,11,15.25,.73701018
2005,120,2015,10,2072297.578082192,12,12.916667,.62330174
2005,121,2016,11,2075528.5,1,9.5,.45771474
2005,122,2016,11,2078287.669398907,2,21.125,1.0164617
2005,123,2016,11,2080868.827868852,3,19.583334,.94111335
2005,124,2016,11,2083627.997267759,4,14.500001,.69590163
2005,125,2016,11,2086298.161202186,5,18.375,.8807466
2005,126,2016,11,2089057.330601093,6,14.916666,.71403813
2005,127,2016,11,2091727.494535519,7,15.291667,.73105443
2005,128,2016,11,2094486.663934426,8,18.625,.88923937
2005,129,2016,11,2097245.833333333,9,15.75,.75098491
2005,130,2016,11,2099915.997267759,10,15.583334,.74209321
2005,131,2016,11,2102675.166666667,11,25.375,1.2067961
2005,132,2016,11,2105345.330601093,12,14.458333,.68674403
2005,133,2017,12,2108104.5,1,17.125,.81234115
2005,134,2017,12,2109542.093150685,2,16.875,.79993665
2005,135,2017,12,2110840.564383562,3,18.583334,.88037604
2005,136,2017,12,2112278.157534247,4,18.708334,.88569462
2005,137,2017,12,2113669.376712329,5,21.625,1.0231023
2005,138,2017,12,2115106.969863014,6,15.666666,.74070323
2005,139,2017,12,2116498.189041096,7,20.458334,.9666124
2005,140,2017,12,2117935.782191781,8,15.375,.72594267
2005,141,2017,12,2119373.375342466,9,20.25,.9554711
2005,142,2017,12,2120764.594520548,10,16.666666,.78588003
2005,143,2017,12,2122202.187671233,11,18.25,.85995579
2005,144,2017,12,2123593.406849315,12,26.583334,1.251809
2005,145,2018,13,2125031,1,27.583332,1.2980202
2005,146,2018,13,2124670.975342466,2,25.5,1.2001858
2005,147,2018,13,2124345.791780822,3,20.416668,.96108025
2005,148,2018,13,2123985.767123288,4,24.25,1.1417214
2005,149,2018,13,2123637.356164384,5,23.75,1.1183642
2005,150,2018,13,2123277.33150685,6,22.291666,1.0498707
2005,151,2018,13,2122928.920547945,7,22.666666,1.0677073
2005,152,2018,13,2122568.895890411,8,20.875,.98347807
2005,153,2018,13,2122208.871232877,9,17.375,.81872243
2005,154,2018,13,2121860.460273973,10,25.416668,1.1978482
2005,155,2018,13,2121500.435616439,11,19.375,.91326874
2005,156,2018,13,2121152.024657534,12,23.041666,1.0862807
2005,157,2019,14,2120792,1,27.791666,1.310438
2005,158,2019,14,2120349.973972603,2,25.375,1.1967365
2005,159,2019,14,2119950.724657534,3,20.583334,.97093457
2005,160,2019,14,2119508.698630137,4,31.083334,1.4665349
2005,161,2019,14,2119080.931506849,5,24,1.1325665
2005,162,2019,14,2118638.905479452,6,28.541666,1.3471699
2005,163,2019,14,2118211.138356164,7,26.208332,1.2372861
2005,164,2019,14,2117769.112328767,8,22.875,1.0801461
2005,165,2019,14,2117327.08630137,9,23.375,1.1039863
2005,166,2019,14,2116899.319178082,10,26.125,1.2341163
2005,167,2019,14,2116457.293150685,11,24.375,1.1516887
2005,168,2019,14,2116029.526027397,12,30.958332,1.4630388
2005,169,2020,15,2115587.5,1,25.208332,1.1915523
2005,170,2020,15,2115801.831967213,2,30.375,1.4356259
2005,171,2020,15,2116002.336065574,3,26.583332,1.2562997
2005,172,2020,15,2116216.668032787,4,34.833336,1.6460193
2005,173,2020,15,2116424.086065574,5,28.75,1.3584234
2005,174,2020,15,2116638.418032787,6,36.25,1.7126213
2005,175,2020,15,2116845.836065574,7,38.208336,1.8049655
2005,176,2020,15,2117060.168032787,8,28,1.3225888
2005,177,2020,15,2117274.5,9,32.833336,1.550736
2005,178,2020,15,2117481.918032787,10,28.458332,1.3439705
2005,179,2020,15,2117696.25,11,40.75,1.9242609
2005,180,2020,15,2117903.668032787,12,34.875,1.6466755
2005,181,2021,16,2118118,1,32.333332,1.5265123
2005,182,2021,16,2118814.650684931,2,40.25,1.899647
2005,183,2021,16,2119443.883561644,3,56.333332,2.6579299
2005,184,2021,16,2120140.534246575,4,40.416668,1.9063202
2005,185,2021,16,2120814.712328767,5,48,2.2632811
2005,186,2021,16,2121511.363013699,6,42.291664,1.9934686
2005,187,2021,16,2122185.54109589,7,42,1.9790918
2005,188,2021,16,2122882.191780822,8,41.375,1.9490012
2005,189,2021,16,2123578.842465753,9,47.875,2.2544489
2005,190,2021,16,2124253.020547945,10,47.291664,2.2262726
2005,191,2021,16,2124949.671232877,11,39.25,1.8471025
2005,192,2021,16,2125623.849315069,12,41,1.9288455
2006,1,2006,0,1582716.5,1,985.16663,62.2453
2006,2,2006,0,1617531.793150686,2,833,51.498215
2006,3,2006,0,1648977.864383563,3,851.83337,51.658268
2006,4,2006,0,1683793.157534249,4,747.29169,44.381443
2006,5,2006,0,1717485.37671233,5,634.375,36.936268
2006,6,2006,0,1752300.669863015,6,560.62494,31.99365
2006,7,2006,0,1785992.889041096,7,509.20831,28.511217
2006,8,2006,0,1820808.182191782,8,411.75,22.613585
2006,9,2006,0,1855623.475342467,9,308.00003,16.598196
2006,10,2006,0,1889315.694520548,10,222.70831,11.787777
2006,11,2006,0,1924130.987671234,11,125.125,6.5029359
2006,12,2006,0,1957823.206849318,12,44.708355,2.2835746
2006,13,2007,1,1992638.5,1,126.5,6.3483667
2006,14,2007,1,1991712.873972603,2,197.875,9.9349155
2006,15,2007,1,1990876.824657534,3,299.25,15.031066
2006,16,2007,1,1989951.198630137,4,354.04166,17.791473
2006,17,2007,1,1989055.431506849,5,479.375,24.100636
2006,18,2007,1,1988129.805479452,6,512.75,25.790569
2006,19,2007,1,1987234.038356164,7,584.29169,29.402258
2006,20,2007,1,1986308.412328767,8,737.75,37.141766
2006,21,2007,1,1985382.78630137,9,743.70831,37.45919
2006,22,2007,1,1984487.019178082,10,882.83337,44.486729
2006,23,2007,1,1983561.393150685,11,956.25,48.208744
2006,24,2007,1,1982665.626027397,12,1041.1666,52.513474
2006,25,2008,2,1981740,1,52.25,2.6365719
2006,26,2008,2,1982213.596994536,2,55.5,2.7999001
2006,27,2008,2,1982656.639344262,3,55.25,2.786665
2006,28,2008,2,1983130.236338798,4,49.5,2.4960539
2006,29,2008,2,1983588.556010929,5,50.125,2.5269856
2006,30,2008,2,1984062.153005464,6,56.208336,2.8329928
2006,31,2008,2,1984520.472677596,7,52.791668,2.6601725
2006,32,2008,2,1984994.069672131,8,59.625,3.0037873
2006,33,2008,2,1985467.666666667,9,52.708336,2.6547062
2006,34,2008,2,1985925.986338798,10,61.375,3.090498
2006,35,2008,2,1986399.583333333,11,62.625,3.152689
2006,36,2008,2,1986857.903005464,12,65.874992,3.3155363
2006,37,2009,3,1987331.5,1,27.625,1.3900549
2006,38,2009,3,1988591.543835616,2,32.125,1.6154649
2006,39,2009,3,1989729.647945205,3,38.416668,1.9307481
2006,40,2009,3,1990989.691780822,4,37.208336,1.8688362
2006,41,2009,3,1992209.089041096,5,43.5,2.1835058
2006,42,2009,3,1993469.132876712,6,46.625,2.3388875
2006,43,2009,3,1994688.530136986,7,38.75,1.9426591
2006,44,2009,3,1995948.573972603,8,38,1.9038566
2006,45,2009,3,1997208.617808219,9,31.791666,1.591805
2006,46,2009,3,1998428.015068493,10,33.166668,1.6596378
2006,47,2009,3,1999688.05890411,11,38.125,1.9065473
2006,48,2009,3,2000907.456164383,12,33.791664,1.6888169
2006,49,2010,4,2002167.5,1,14.499999,.72421509
2006,50,2010,4,2002727.283561644,2,26.375,1.3169541
2006,51,2010,4,2003232.894520548,3,18.083334,.90270752
2006,52,2010,4,2003792.678082192,4,22.083334,1.1020768
2006,53,2010,4,2004334.404109589,5,20.75,1.0352564
2006,54,2010,4,2004894.187671233,6,24.958332,1.2448703
2006,55,2010,4,2005435.91369863,7,31.958334,1.5935854
2006,56,2010,4,2005995.697260274,8,25.625,1.2774205
2006,57,2010,4,2006555.480821918,9,32.958332,1.6425328
2006,58,2010,4,2007097.206849315,10,19.875,.99023604
2006,59,2010,4,2007656.990410959,11,25.375,1.2639111
2006,60,2010,4,2008198.716438356,12,29,1.4440802
2006,61,2011,5,2008758.5,1,21.666666,1.0786098
2006,62,2011,5,2009188.763013699,2,24.625,1.2256191
2006,63,2011,5,2009577.387671233,3,23.5,1.1694001
2006,64,2011,5,2010007.650684932,4,20.208332,1.0053859
2006,65,2011,5,2010424.034246575,5,28.25,1.4051762
2006,66,2011,5,2010854.297260274,6,20.666668,1.0277556
2006,67,2011,5,2011270.680821918,7,23.916668,1.1891322
2006,68,2011,5,2011700.943835616,8,26,1.2924386
2006,69,2011,5,2012131.206849315,9,14.875,.73926592
2006,70,2011,5,2012547.590410959,10,16,.79501224
2006,71,2011,5,2012977.853424658,11,18.5,.91903645
2006,72,2011,5,2013394.236986301,12,21.833332,1.0844042
2006,73,2012,6,2013824.5,1,11.583333,.57519078
2006,74,2012,6,2014294.75136612,2,15.25,.75708878
2006,75,2012,6,2014734.663934426,3,23.208334,1.1519301
2006,76,2012,6,2015204.915300546,4,14.5,.71952981
2006,77,2012,6,2015659.99726776,5,16.25,.80618757
2006,78,2012,6,2016130.24863388,6,23.583332,1.1697326
2006,79,2012,6,2016585.330601093,7,16.791668,.83267826
2006,80,2012,6,2017055.581967213,8,16,.79323548
2006,81,2012,6,2017525.833333333,9,15.208334,.75381112
2006,82,2012,6,2017980.915300546,10,17.333334,.85894442
2006,83,2012,6,2018451.166666667,11,21,1.0404017
2006,84,2012,6,2018906.24863388,12,23.333334,1.1557413
2006,85,2013,7,2019376.5,1,21,1.039925
2006,86,2013,7,2020049.115068493,2,13.125,.6497367
2006,87,2013,7,2020656.638356165,3,22.791668,1.1279337
2006,88,2013,7,2021329.253424658,4,9.75,.48235586
2006,89,2013,7,2021980.171232877,5,17.75,.87785232
2006,90,2013,7,2022652.78630137,6,18.916666,.93524039
2006,91,2013,7,2023303.704109589,7,21.875,1.0811526
2006,92,2013,7,2023976.319178082,8,20.875,1.0313855
2006,93,2013,7,2024648.934246575,9,14.875,.73469526
2006,94,2013,7,2025299.852054795,10,12.833333,.63365102
2006,95,2013,7,2025972.467123288,11,15,.74038517
2006,96,2013,7,2026623.384931507,12,14.125,.69697213
2006,97,2014,8,2027296,1,21,1.0358626
2006,98,2014,8,2027886.443835616,2,16.5,.81365502
2006,99,2014,8,2028419.747945205,3,17.25,.85041571
2006,100,2014,8,2029010.191780822,4,13.291667,.65508133
2006,101,2014,8,2029581.589041096,5,14.375,.70827407
2006,102,2014,8,2030172.032876712,6,14.75,.72653943
2006,103,2014,8,2030743.430136986,7,14.083333,.69350624
2006,104,2014,8,2031333.873972603,8,14.5,.7138167
2006,105,2014,8,2031924.317808219,9,17.041668,.838696
2006,106,2014,8,2032495.715068493,10,12.166667,.59860724
2006,107,2014,8,2033086.158904109,11,10.375,.51030791
2006,108,2014,8,2033657.556164383,12,15.833333,.77856439
2006,109,2015,9,2034248,1,20.666666,1.0159364
2006,110,2015,9,2036307.546575342,2,16.625,.81642872
2006,111,2015,9,2038167.782191781,3,13.666666,.67053688
2006,112,2015,9,2040227.328767123,4,11.041667,.5411979
2006,113,2015,9,2042220.438356164,5,19.25,.9426015
2006,114,2015,9,2044279.984931507,6,14.375,.70318156
2006,115,2015,9,2046273.094520548,7,13.083334,.63937378
2006,116,2015,9,2048332.64109589,8,18.75,.91537869
2006,117,2015,9,2050392.187671233,9,15.958334,.77830642
2006,118,2015,9,2052385.297260274,10,11.208334,.54611254
2006,119,2015,9,2054444.843835616,11,14.25,.69361806
2006,120,2015,9,2056437.953424657,12,16.833332,.81856745
2006,121,2016,10,2058497.5,1,20.833334,1.0120651
2006,122,2016,10,2062103.918032787,2,21.375,1.0365627
2006,123,2016,10,2065477.663934426,3,18.416666,.89164197
2006,124,2016,10,2069084.081967213,4,9.791666,.47323674
2006,125,2016,10,2072574.163934426,5,10.875,.52470982
2006,126,2016,10,2076180.581967213,6,17.833332,.85894901
2006,127,2016,10,2079670.663934426,7,15.708333,.75532794
2006,128,2016,10,2083277.081967213,8,16,.76802075
2006,129,2016,10,2086883.5,9,17.541666,.84056759
2006,130,2016,10,2090373.581967213,10,18.375,.87902945
2006,131,2016,10,2093980,11,20.75,.99093592
2006,132,2016,10,2097470.081967213,12,19.75,.94161057
2006,133,2017,11,2101076.5,1,19.875,.94594365
2006,134,2017,11,2104014.026027397,2,15.875,.75451016
2006,135,2017,11,2106667.275342466,3,16.791668,.79707259
2006,136,2017,11,2109604.801369863,4,16.833334,.79793781
2006,137,2017,11,2112447.568493151,5,19.5,.92309982
2006,138,2017,11,2115385.094520548,6,10.208334,.48257568
2006,139,2017,11,2118227.861643836,7,19.458332,.91861373
2006,140,2017,11,2121165.387671233,8,18.625,.87805504
2006,141,2017,11,2124102.91369863,9,22.708332,1.0690787
2006,142,2017,11,2126945.680821918,10,11.833334,.55635339
2006,143,2017,11,2129883.206849315,11,23.375,1.097478
2006,144,2017,11,2132725.973972603,12,14.541666,.6818347
2006,145,2018,12,2135663.5,1,18.583334,.87014335
2006,146,2018,12,2137001.383561644,2,22.25,1.0411786
2006,147,2018,12,2138209.794520548,3,23.458334,1.0971016
2006,148,2018,12,2139547.678082192,4,18.541668,.86661625
2006,149,2018,12,2140842.404109589,5,20.375,.95172817
2006,150,2018,12,2142180.287671233,6,20.416666,.95307881
2006,151,2018,12,2143475.01369863,7,26.208332,1.222703
2006,152,2018,12,2144812.897260274,8,18.375,.85671806
2006,153,2018,12,2146150.780821918,9,16.541668,.77075982
2006,154,2018,12,2147445.506849315,10,17.875,.83238435
2006,155,2018,12,2148783.390410959,11,13.75,.63989699
2006,156,2018,12,2150078.116438356,12,26.833334,1.2480167
2006,157,2019,13,2151416,1,22.875,1.0632533
2006,158,2019,13,2150778.928767123,2,26.875,1.2495472
2006,159,2019,13,2150203.509589041,3,20.25,.94177133
2006,160,2019,13,2149566.438356164,4,23.125,1.0757984
2006,161,2019,13,2148949.917808219,5,27.125,1.2622443
2006,162,2019,13,2148312.846575343,6,23.416666,1.0900027
2006,163,2019,13,2147696.326027398,7,24.083332,1.1213565
2006,164,2019,13,2147059.254794521,8,21,.978082
2006,165,2019,13,2146422.183561644,9,18.291668,.85219342
2006,166,2019,13,2145805.663013699,10,18.5,.86214703
2006,167,2019,13,2145168.591780822,11,19.625,.91484654
2006,168,2019,13,2144552.071232877,12,26.208334,1.2220889
2006,169,2020,14,2143915,1,29.833334,1.3915353
2006,170,2020,14,2144109.173497268,2,26.625,1.2417744
2006,171,2020,14,2144290.819672131,3,26.041668,1.2144653
2006,172,2020,14,2144484.993169399,4,28.208334,1.3153896
2006,173,2020,14,2144672.903005464,5,18,.83928883
2006,174,2020,14,2144867.076502732,6,33,1.5385569
2006,175,2020,14,2145054.986338798,7,30.666668,1.4296448
2006,176,2020,14,2145249.159836065,8,24.5,1.1420585
2006,177,2020,14,2145443.333333333,9,19.916666,.92832404
2006,178,2020,14,2145631.243169399,10,27,1.258371
2006,179,2020,14,2145825.416666667,11,19,.88544017
2006,180,2020,14,2146013.326502732,12,29.25,1.3629925
2006,181,2021,15,2146207.5,1,39.625,1.84628
2006,182,2021,15,2146790.384931507,2,35.875,1.6710993
2006,183,2021,15,2147316.861643836,3,30.583334,1.4242581
2006,184,2021,15,2147899.746575342,4,33.166668,1.5441442
2006,185,2021,15,2148463.828767124,5,34.625,1.6116166
2006,186,2021,15,2149046.71369863,6,42.708332,1.9873152
2006,187,2021,15,2149610.795890411,7,33.708332,1.5681132
2006,188,2021,15,2150193.680821918,8,36.875,1.7149618
2006,189,2021,15,2150776.565753425,9,34.958336,1.6253821
2006,190,2021,15,2151340.647945206,10,37.875,1.7605301
2006,191,2021,15,2151923.532876712,11,33.375,1.550938
2006,192,2021,15,2152487.615068493,12,45.75,2.1254478
2007,13,2007,0,1626544,1,1035.9583,63.690762
2007,14,2007,0,1659472.072602741,2,870.625,52.463974
2007,15,2007,0,1689213.557534248,3,902.5,53.427231
2007,16,2007,0,1722141.630136985,4,723.91669,42.035839
2007,17,2007,0,1754007.506849315,5,715.625,40.799427
2007,18,2007,0,1786935.579452056,6,568.20831,31.797918
2007,19,2007,0,1818801.456164382,7,468.41666,25.754139
2007,20,2007,0,1851729.528767124,8,427.125,23.066273
2007,21,2007,0,1884657.601369862,9,298.66669,15.847265
2007,22,2007,0,1916523.478082191,10,228.54164,11.924803
2007,23,2007,0,1949451.550684933,11,135.25,6.9378486
2007,24,2007,0,1981317.427397262,12,45.125023,2.2775261
2007,25,2008,1,2014245.5,1,124.25,6.1685629
2007,26,2008,1,2013173.967213115,2,196,9.7358704
2007,27,2008,1,2012171.565573771,3,309.25,15.368968
2007,28,2008,1,2011100.032786885,4,350.04166,17.405481
2007,29,2008,1,2010063.065573771,5,433.375,21.560268
2007,30,2008,1,2008991.532786885,6,495.58334,24.668264
2007,31,2008,1,2007954.565573771,7,583.75,29.071873
2007,32,2008,1,2006883.032786885,8,687.625,34.263332
2007,33,2008,1,2005811.5,9,707.41663,35.268349
2007,34,2008,1,2004774.532786885,10,842.83331,42.041302
2007,35,2008,1,2003703,11,855.375,42.689709
2007,36,2008,1,2002666.032786885,12,982.20831,49.045036
2007,37,2009,2,2001594.5,1,43.416668,2.1691041
2007,38,2009,2,2002010.961643836,2,43.25,2.1603279
2007,39,2009,2,2002387.120547945,3,47.708336,2.3825731
2007,40,2009,2,2002803.582191781,4,50.25,2.5089829
2007,41,2009,2,2003206.609589041,5,57,2.845438
2007,42,2009,2,2003623.071232877,6,58.458332,2.9176311
2007,43,2009,2,2004026.098630137,7,56.75,2.8317995
2007,44,2009,2,2004442.560273973,8,61,3.0432401
2007,45,2009,2,2004859.021917808,9,60.5,3.0176685
2007,46,2009,2,2005262.049315069,10,56.166668,2.8009639
2007,47,2009,2,2005678.510958904,11,43.375,2.1626098
2007,48,2009,2,2006081.538356164,12,57,2.8413601
2007,49,2010,3,2006498,1,26.541666,1.3227856
2007,50,2010,3,2007081.309589041,2,29,1.4448842
2007,51,2010,3,2007608.169863014,3,28.916668,1.4403541
2007,52,2010,3,2008191.479452055,4,33.458336,1.6660929
2007,53,2010,3,2008755.97260274,5,31.375,1.5619119
2007,54,2010,3,2009339.282191781,6,37.958332,1.8890952
2007,55,2010,3,2009903.775342466,7,40.25,2.0025835
2007,56,2010,3,2010487.084931507,8,31.625,1.5730019
2007,57,2010,3,2011070.394520548,9,35,1.7403667
2007,58,2010,3,2011634.887671233,10,24.333334,1.2096298
2007,59,2010,3,2012218.197260274,11,33,1.6399812
2007,60,2010,3,2012782.690410959,12,36.666664,1.8216902
2007,61,2011,4,2013366,1,36.666664,1.8211623
2007,62,2011,4,2013944.468493151,2,29.625,1.4709939
2007,63,2011,4,2014466.956164383,3,35.5,1.7622528
2007,64,2011,4,2015045.424657534,4,29.166668,1.4474447
2007,65,2011,4,2015605.232876712,5,27.375,1.3581529
2007,66,2011,4,2016183.701369863,6,25.458332,1.262699
2007,67,2011,4,2016743.509589041,7,21.916666,1.0867354
2007,68,2011,4,2017321.978082192,8,26,1.2888374
2007,69,2011,4,2017900.446575342,9,26.75,1.3256353
2007,70,2011,4,2018460.25479452,10,19.958332,.98878998
2007,71,2011,4,2019038.723287671,11,28.625,1.4177539
2007,72,2011,4,2019598.531506849,12,22,1.0893254
2007,73,2012,5,2020177,1,24.874998,1.2313277
2007,74,2012,5,2020592.196721312,2,18.375,.90938687
2007,75,2012,5,2020980.606557377,3,24.833332,1.2287763
2007,76,2012,5,2021395.803278689,4,22.708334,1.1233987
2007,77,2012,5,2021797.606557377,5,24.625,1.2179755
2007,78,2012,5,2022212.803278689,6,28.541666,1.4114076
2007,79,2012,5,2022614.606557377,7,17.833332,.881697
2007,80,2012,5,2023029.803278689,8,17.375,.85886031
2007,81,2012,5,2023445,9,21.208332,1.0481299
2007,82,2012,5,2023846.803278689,10,22.958332,1.1343908
2007,83,2012,5,2024262,11,23.75,1.1732671
2007,84,2012,5,2024663.803278689,12,21.083334,1.0413252
2007,85,2013,6,2025079,1,21.416666,1.0575719
2007,86,2013,6,2025590.202739726,2,27.625,1.3638
2007,87,2013,6,2026051.934246575,3,19.916668,.98302847
2007,88,2013,6,2026563.136986301,4,16.041668,.79157013
2007,89,2013,6,2027057.849315068,5,19.25,.94965225
2007,90,2013,6,2027569.052054795,6,19.083332,.94119269
2007,91,2013,6,2028063.764383561,7,21.666666,1.0683424
2007,92,2013,6,2028574.967123288,8,21.75,1.0721812
2007,93,2013,6,2029086.169863014,9,17.541666,.86451066
2007,94,2013,6,2029580.882191781,10,16.75,.82529354
2007,95,2013,6,2030092.084931507,11,19.375,.95439023
2007,96,2013,6,2030586.797260274,12,22.625,1.1142099
2007,97,2014,7,2031098,1,20.958334,1.0318722
2007,98,2014,7,2031822.890410959,2,19.75,.97203356
2007,99,2014,7,2032477.630136986,3,22,1.0824227
2007,100,2014,7,2033202.520547945,4,13.416667,.65987855
2007,101,2014,7,2033904.02739726,5,13.875,.68218559
2007,102,2014,7,2034628.917808219,6,19.833332,.97478867
2007,103,2014,7,2035330.424657534,7,14.458333,.71036786
2007,104,2014,7,2036055.315068493,8,13.125,.64462882
2007,105,2014,7,2036780.205479452,9,17.125,.84078783
2007,106,2014,7,2037481.712328767,10,12.208333,.59918737
2007,107,2014,7,2038206.602739726,11,11.625,.57035434
2007,108,2014,7,2038908.109589041,12,26.541668,1.3017589
2007,109,2015,8,2039633,1,13.416666,.65779805
2007,110,2015,8,2040219.961643836,2,14.25,.69845408
2007,111,2015,8,2040750.120547945,3,18.958334,.92898852
2007,112,2015,8,2041337.082191781,4,13.083334,.6409198
2007,113,2015,8,2041905.109589041,5,21.125,1.0345731
2007,114,2015,8,2042492.071232877,6,23.333332,1.1423953
2007,115,2015,8,2043060.098630137,7,18.875,.92385924
2007,116,2015,8,2043647.060273973,8,17.875,.8746618
2007,117,2015,8,2044234.021917808,9,19.416666,.949826
2007,118,2015,8,2044802.049315068,10,10.208334,.49923337
2007,119,2015,8,2045389.010958904,11,11.375,.55612892
2007,120,2015,8,2045957.038356164,12,17.958334,.87774736
2007,121,2016,9,2046544,1,16.833332,.82252479
2007,122,2016,9,2048825.295081967,2,17.5,.85414797
2007,123,2016,9,2050959.409836065,3,18.541668,.9040485
2007,124,2016,9,2053240.704918033,4,18.708334,.91116124
2007,125,2016,9,2055448.409836065,5,14.75,.71760499
2007,126,2016,9,2057729.704918033,6,16.333332,.79375499
2007,127,2016,9,2059937.409836065,7,18,.87381297
2007,128,2016,9,2062218.704918033,8,17.25,.8364777
2007,129,2016,9,2064500,9,13.333334,.64583844
2007,130,2016,9,2066707.704918033,10,17.416668,.84272528
2007,131,2016,9,2068989,11,20,.96665567
2007,132,2016,9,2071196.704918033,12,20,.96562535
2007,133,2017,10,2073478,1,17,.81987846
2007,134,2017,10,2077428.971232877,2,14.25,.68594402
2007,135,2017,10,2080997.590410959,3,16.833334,.80890691
2007,136,2017,10,2084948.561643836,4,14.291667,.68546855
2007,137,2017,10,2088772.082191781,5,17.375,.83182842
2007,138,2017,10,2092723.053424657,6,16.291668,.77849138
2007,139,2017,10,2096546.573972603,7,20.083332,.95792443
2007,140,2017,10,2100497.545205479,8,19,.90454757
2007,141,2017,10,2104448.516438356,9,23.708334,1.1265818
2007,142,2017,10,2108272.036986301,10,16.541666,.78460777
2007,143,2017,10,2112223.008219178,11,15.25,.72198814
2007,144,2017,10,2116046.528767123,12,14.958334,.70690006
2007,145,2018,11,2119997.5,1,31.5,1.4858508
2007,146,2018,11,2123040.256164383,2,23.125,1.0892398
2007,147,2018,11,2125788.552054795,3,27.333334,1.2857974
2007,148,2018,11,2128831.308219178,4,17.916668,.84161991
2007,149,2018,11,2131775.910958904,5,19.5,.91473031
2007,150,2018,11,2134818.667123288,6,14.999999,.70263577
2007,151,2018,11,2137763.269863013,7,19.75,.92386281
2007,152,2018,11,2140806.026027397,8,23,1.0743617
2007,153,2018,11,2143848.78219178,9,18,.83961147
2007,154,2018,11,2146793.384931507,10,17.583332,.81905097
2007,155,2018,11,2149836.141095891,11,13,.60469723
2007,156,2018,11,2152780.743835616,12,16.458334,.7645151
2007,157,2019,12,2155823.5,1,19.541666,.90645945
2007,158,2019,12,2156518.961643836,2,18.875,.87525314
2007,159,2019,12,2157147.120547945,3,22.291668,1.0333866
2007,160,2019,12,2157842.582191781,4,20.125,.93264449
2007,161,2019,12,2158515.609589041,5,21.375,.99026388
2007,162,2019,12,2159211.071232877,6,20.291666,.93977225
2007,163,2019,12,2159884.098630137,7,23.375,1.082234
2007,164,2019,12,2160579.560273972,8,21,.97196144
2007,165,2019,12,2161275.021917808,9,18.708334,.86561561
2007,166,2019,12,2161948.049315068,10,19.958332,.92316425
2007,167,2019,12,2162643.510958904,11,19.875,.91901416
2007,168,2019,12,2163316.538356164,12,12.583334,.58166862
2007,169,2020,13,2164012,1,26,1.201472
2007,170,2020,13,2164192.621584699,2,30,1.3861983
2007,171,2020,13,2164361.590163935,3,27.708334,1.2802082
2007,172,2020,13,2164542.211748634,4,21.333334,.98558182
2007,173,2020,13,2164717.006830601,5,21.125,.97587812
2007,174,2020,13,2164897.628415301,6,27.958332,1.2914389
2007,175,2020,13,2165072.423497268,7,28.083332,1.2971082
2007,176,2020,13,2165253.045081967,8,21,.96986353
2007,177,2020,13,2165433.666666667,9,18.416666,.85048395
2007,178,2020,13,2165608.461748634,10,16.708334,.77153069
2007,179,2020,13,2165789.083333333,11,29.125,1.3447754
2007,180,2020,13,2165963.878415301,12,19.416666,.89644462
2007,181,2021,14,2166144.5,1,30.833332,1.42342
2007,182,2021,14,2166667.847945205,2,39,1.799999
2007,183,2021,14,2167140.549315068,3,29.625,1.3670087
2007,184,2021,14,2167663.897260274,4,21.333334,.98416245
2007,185,2021,14,2168170.363013699,5,29.75,1.3721247
2007,186,2021,14,2168693.710958904,6,41.375,1.9078305
2007,187,2021,14,2169200.176712329,7,32.208336,1.4848024
2007,188,2021,14,2169723.524657534,8,37.375,1.7225697
2007,189,2021,14,2170246.87260274,9,25.041668,1.1538626
2007,190,2021,14,2170753.338356164,10,33.625,1.5490015
2007,191,2021,14,2171276.68630137,11,22.5,1.0362567
2007,192,2021,14,2171783.152054795,12,26.833334,1.2355438
2008,25,2008,0,1642173.5,1,1072.375,65.302177
2008,26,2008,0,1670663.897540983,2,924.875,55.35973
2008,27,2008,0,1697316.204918033,3,880.33337,51.866196
2008,28,2008,0,1725806.602459015,4,721.08337,41.782398
2008,29,2008,0,1753377.954918033,5,652.5,37.213882
2008,30,2008,0,1781868.352459015,6,538.95831,30.246809
2008,31,2008,0,1809439.704918033,7,467.95831,25.862057
2008,32,2008,0,1837930.102459015,8,396.375,21.566381
2008,33,2008,0,1866420.5,9,284.08334,15.220757
2008,34,2008,0,1893991.852459015,10,218.12498,11.51668
2008,35,2008,0,1922482.25,11,121,6.2939463
2008,36,2008,0,1950053.602459015,12,42.583355,2.1837018
2008,37,2009,1,1978544,1,117.16666,5.9218631
2008,38,2009,1,1977798.004109589,2,169.75,8.582777
2008,39,2009,1,1977124.201369863,3,284.29166,14.379049
2008,40,2009,1,1976378.205479452,4,347.95831,17.605856
2008,41,2009,1,1975656.273972603,5,400.375,20.265417
2008,42,2009,1,1974910.278082192,6,469.66669,23.781672
2008,43,2009,1,1974188.346575343,7,557.37506,28.233126
2008,44,2009,1,1973442.350684932,8,652.375,33.057716
2008,45,2009,1,1972696.354794521,9,661.04163,33.509548
2008,46,2009,1,1971974.423287672,10,761.83337,38.633026
2008,47,2009,1,1971228.42739726,11,769.375,39.030231
2008,48,2009,1,1970506.495890411,12,902.29169,45.789837
2008,49,2010,2,1969760.5,1,40.083332,2.0349343
2008,50,2010,2,1970373.026027397,2,33.25,1.6874977
2008,51,2010,2,1970926.275342466,3,47.291668,2.3994641
2008,52,2010,2,1971538.801369863,4,45.458336,2.3057287
2008,53,2010,2,1972131.568493151,5,53,2.6874475
2008,54,2010,2,1972744.094520548,6,51.875,2.629586
2008,55,2010,2,1973336.861643836,7,60.333332,3.0574269
2008,56,2010,2,1973949.387671233,8,58.75,2.9762669
2008,57,2010,2,1974561.91369863,9,50.583336,2.5617497
2008,58,2010,2,1975154.680821918,10,60.041664,3.0398462
2008,59,2010,2,1975767.206849315,11,69,3.4923143
2008,60,2010,2,1976359.973972603,12,68.624992,3.4722922
2008,61,2011,3,1976972.5,1,29.25,1.479535
2008,62,2011,3,1977600.780821918,2,34.125,1.7255758
2008,63,2011,3,1978168.260273973,3,43.541668,2.2011104
2008,64,2011,3,1978796.54109589,4,33.75,1.7055821
2008,65,2011,3,1979404.554794521,5,34,1.7176883
2008,66,2011,3,1980032.835616438,6,31.958332,1.6140304
2008,67,2011,3,1980640.849315068,7,34.541668,1.7439642
2008,68,2011,3,1981269.130136986,8,34.125,1.7223809
2008,69,2011,3,1981897.410958904,9,24.916668,1.2572128
2008,70,2011,3,1982505.424657534,10,32.083332,1.6183225
2008,71,2011,3,1983133.705479452,11,31.75,1.6010015
2008,72,2011,3,1983741.719178082,12,44.041668,2.2201312
2008,73,2012,4,1984370,1,22.208332,1.1191629
2008,74,2012,4,1985014.054644809,2,29.25,1.4735413
2008,75,2012,4,1985616.557377049,3,28.833334,1.4521098
2008,76,2012,4,1986260.612021858,4,23.166668,1.1663458
2008,77,2012,4,1986883.890710382,5,24.75,1.2456691
2008,78,2012,4,1987527.945355191,6,28.916666,1.4549061
2008,79,2012,4,1988151.224043716,7,22.5,1.1317047
2008,80,2012,4,1988795.278688525,8,28.125,1.4141726
2008,81,2012,4,1989439.333333333,9,27.833332,1.3990541
2008,82,2012,4,1990062.612021858,10,23.208334,1.1662112
2008,83,2012,4,1990706.666666667,11,35.375,1.7770071
2008,84,2012,4,1991329.945355191,12,33.458332,1.6802003
2008,85,2013,5,1991974,1,30.749998,1.5436947
2008,86,2013,5,1992405.621917808,2,24.625,1.2359431
2008,87,2013,5,1992795.473972603,3,14.083333,.70671242
2008,88,2013,5,1993227.095890411,4,21.291668,1.0682008
2008,89,2013,5,1993644.794520548,5,29.5,1.4797019
2008,90,2013,5,1994076.416438356,6,20.291666,1.0175972
2008,91,2013,5,1994494.115068493,7,20.708334,1.038275
2008,92,2013,5,1994925.736986301,8,21.75,1.0902661
2008,93,2013,5,1995357.35890411,9,16.875,.8457132
2008,94,2013,5,1995775.057534246,10,26.708334,1.3382437
2008,95,2013,5,1996206.679452055,11,20,1.0019003
2008,96,2013,5,1996624.378082192,12,15.333334,.76796287
2008,97,2014,6,1997056,1,20,1.0014741
2008,98,2014,6,1997603.34109589,2,17.75,.88856477
2008,99,2014,6,1998097.71369863,3,21.583334,1.0801941
2008,100,2014,6,1998645.054794521,4,14.041666,.70255929
2008,101,2014,6,1999174.739726027,5,14.625,.73155189
2008,102,2014,6,1999722.080821918,6,21.083332,1.0543131
2008,103,2014,6,2000251.765753424,7,21.583334,1.0790309
2008,104,2014,6,2000799.106849315,8,19.375,.96836311
2008,105,2014,6,2001346.447945205,9,15.166666,.75782311
2008,106,2014,6,2001876.132876712,10,19.916668,.99490011
2008,107,2014,6,2002423.473972603,11,17.25,.86145616
2008,108,2014,6,2002953.15890411,12,25.083332,1.2523174
2008,109,2015,7,2003500.5,1,22.666666,1.1313531
2008,110,2015,7,2004264.883561644,2,16.625,.82948118
2008,111,2015,7,2004955.294520548,3,16.875,.84166467
2008,112,2015,7,2005719.678082192,4,10.958333,.54635417
2008,113,2015,7,2006459.404109589,5,18.375,.91579229
2008,114,2015,7,2007223.787671233,6,26.5,1.3202314
2008,115,2015,7,2007963.51369863,7,21.916666,1.0914873
2008,116,2015,7,2008727.897260274,8,17.875,.88986665
2008,117,2015,7,2009492.280821918,9,17.166668,.85427886
2008,118,2015,7,2010232.006849315,10,16.333332,.81250978
2008,119,2015,7,2010996.390410959,11,19.75,.98210025
2008,120,2015,7,2011736.116438356,12,18,.89474958
2008,121,2016,8,2012500.5,1,13.375,.66459608
2008,122,2016,8,2013059.55874317,2,20.875,1.0369787
2008,123,2016,8,2013582.549180328,3,13.208334,.65596187
2008,124,2016,8,2014141.607923497,4,18.291668,.90816194
2008,125,2016,8,2014682.632513661,5,18.625,.92446321
2008,126,2016,8,2015241.691256831,6,16.583334,.82289553
2008,127,2016,8,2015782.715846995,7,20.166668,1.0004386
2008,128,2016,8,2016341.774590164,8,19.875,.98569602
2008,129,2016,8,2016900.833333333,9,18.791666,.93170995
2008,130,2016,8,2017441.857923497,10,17.791666,.88189238
2008,131,2016,8,2018000.916666667,11,19.125,.94772011
2008,132,2016,8,2018541.941256831,12,19.041666,.94333762
2008,133,2017,9,2019101,1,16.791666,.83164072
2008,134,2017,9,2021549.363013699,2,9.875,.48848671
2008,135,2017,9,2023760.787671233,3,20.208334,.99855351
2008,136,2017,9,2026209.150684932,4,14.416668,.71150935
2008,137,2017,9,2028578.534246575,5,19.875,.9797501
2008,138,2017,9,2031026.897260274,6,18.083332,.89035416
2008,139,2017,9,2033396.280821918,7,21,1.0327549
2008,140,2017,9,2035844.643835617,8,17.75,.87187397
2008,141,2017,9,2038293.006849315,9,18.333334,.89944547
2008,142,2017,9,2040662.390410959,10,21.166668,1.0372449
2008,143,2017,9,2043110.753424658,11,20.125,.9850176
2008,144,2017,9,2045480.136986301,12,12.125,.59277034
2008,145,2018,10,2047928.5,1,20.083332,.98066568
2008,146,2018,10,2052080.121917808,2,16.625,.81015354
2008,147,2018,10,2055829.973972603,3,19.333334,.94041502
2008,148,2018,10,2059981.595890411,4,22.666668,1.1003336
2008,149,2018,10,2063999.294520548,5,18.125,.87814951
2008,150,2018,10,2068150.916438356,6,16.833332,.81393152
2008,151,2018,10,2072168.615068493,7,14.833334,.71583623
2008,152,2018,10,2076320.236986301,8,17.875,.86089802
2008,153,2018,10,2080471.85890411,9,14.458334,.69495457
2008,154,2018,10,2084489.557534247,10,14.833334,.71160507
2008,155,2018,10,2088641.179452055,11,20,.95756036
2008,156,2018,10,2092658.878082192,12,27.5,1.3141177
2008,157,2019,11,2096810.5,1,9.458333,.45108193
2008,158,2019,11,2099392.460273973,2,18,.85739088
2008,159,2019,11,2101724.553424657,3,12.416666,.59078467
2008,160,2019,11,2104306.51369863,4,16.833334,.79994684
2008,161,2019,11,2106805.184931507,5,15.5,.7357111
2008,162,2019,11,2109387.14520548,6,21.166666,1.003451
2008,163,2019,11,2111885.816438356,7,14.958333,.70829272
2008,164,2019,11,2114467.776712329,8,18.5,.87492466
2008,165,2019,11,2117049.736986301,9,21.833332,1.0313094
2008,166,2019,11,2119548.408219178,10,17.041666,.80402344
2008,167,2019,11,2122130.368493151,11,13.875,.65382409
2008,168,2019,11,2124629.039726027,12,15.833333,.74522811
2008,169,2020,12,2127211,1,25.625,1.2046289
2008,170,2020,12,2127393.654371585,2,22.875,1.0752594
2008,171,2020,12,2127564.524590164,3,18.375,.86366355
2008,172,2020,12,2127747.178961749,4,21.166668,.99479246
2008,173,2020,12,2127923.94125683,5,16.5,.77540368
2008,174,2020,12,2128106.595628415,6,22.916666,1.0768571
2008,175,2020,12,2128283.357923497,7,24.666666,1.1589935
2008,176,2020,12,2128466.012295082,8,18.625,.87504333
2008,177,2020,12,2128648.666666667,9,16.166668,.75948036
2008,178,2020,12,2128825.428961749,10,14.791666,.69482756
2008,179,2020,12,2129008.083333333,11,17,.79849392
2008,180,2020,12,2129184.845628415,12,19,.89236027
2008,181,2021,13,2129367.5,1,26.666666,1.252328
2008,182,2021,13,2129871.31369863,2,18.125,.85099036
2008,183,2021,13,2130326.371232877,3,30.333334,1.423882
2008,184,2021,13,2130830.184931507,4,26.416668,1.239736
2008,185,2021,13,2131317.746575342,5,29.125,1.3665255
2008,186,2021,13,2131821.560273972,6,36.583332,1.7160598
2008,187,2021,13,2132309.121917808,7,23.041666,1.0805969
2008,188,2021,13,2132812.935616438,8,25.125,1.1780218
2008,189,2021,13,2133316.749315069,9,22.291668,1.0449301
2008,190,2021,13,2133804.310958904,10,21.125,.9900158
2008,191,2021,13,2134308.124657534,11,23.625,1.1069161
2008,192,2021,13,2134795.68630137,12,22.166666,1.0383507
2009,37,2009,0,1626576.5,1,1019.6666,62.687897
2009,38,2009,0,1652779.56849315,2,784,47.435242
2009,39,2009,0,1676446.856164383,3,848.66669,50.62294
2009,40,2009,0,1702649.924657533,4,736.66669,43.265892
2009,41,2009,0,1728007.732876712,5,597.5,34.577393
2009,42,2009,0,1754210.801369863,6,517.29163,29.488567
2009,43,2009,0,1779568.60958904,7,446.41666,25.085667
2009,44,2009,0,1805771.67808219,8,375,20.766745
2009,45,2009,0,1831974.746575342,9,263.66669,14.392485
2009,46,2009,0,1857332.55479452,10,197.08331,10.611094
2009,47,2009,0,1883535.62328767,11,109.125,5.7936254
2009,48,2009,0,1908893.431506848,12,39.125019,2.0496178
2009,49,2010,1,1935096.5,1,102.95833,5.3205786
2009,50,2010,1,1935715.735616438,2,160.875,8.3108797
2009,51,2010,1,1936275.045205479,3,241.875,12.491769
2009,52,2010,1,1936894.280821918,4,318,16.418036
2009,53,2010,1,1937493.54109589,5,403.125,20.80652
2009,54,2010,1,1938112.776712329,6,423.91669,21.872654
2009,55,2010,1,1938712.036986301,7,540.83337,27.89653
2009,56,2010,1,1939331.27260274,8,615.5,31.737743
2009,57,2010,1,1939950.508219178,9,658.375,33.937721
2009,58,2010,1,1940549.768493151,10,760.91669,39.211399
2009,59,2010,1,1941169.004109589,11,757.375,39.016438
2009,60,2010,1,1941768.264383562,12,847.20831,43.630764
2009,61,2011,2,1942387.5,1,35.999996,1.853389
2009,62,2011,2,1943063.936986302,2,38.5,1.9814068
2009,63,2011,2,1943674.912328767,3,43.833336,2.2551785
2009,64,2011,2,1944351.349315069,4,45.291668,2.3293972
2009,65,2011,2,1945005.965753425,5,60.875,3.1298103
2009,66,2011,2,1945682.402739726,6,47.25,2.4284539
2009,67,2011,2,1946337.019178082,7,57.375,2.947845
2009,68,2011,2,1947013.456164384,8,59,3.030282
2009,69,2011,2,1947689.893150685,9,42.541668,2.1842115
2009,70,2011,2,1948344.509589041,10,60.333336,3.0966461
2009,71,2011,2,1949020.946575343,11,51.25,2.6295254
2009,72,2011,2,1949675.563013699,12,49.791664,2.5538435
2009,73,2012,3,1950352,1,27.333334,1.4014565
2009,74,2012,3,1951076.603825137,2,39.25,2.0117099
2009,75,2012,3,1951754.459016393,3,34.708336,1.7783147
2009,76,2012,3,1952479.06284153,4,33.875,1.7349738
2009,77,2012,3,1953180.292349727,5,32.375,1.6575531
2009,78,2012,3,1953904.896174863,6,36.875,1.8872464
2009,79,2012,3,1954606.12568306,7,33.416668,1.7096369
2009,80,2012,3,1955330.729508197,8,33,1.6876941
2009,81,2012,3,1956055.333333333,9,26.875,1.3739387
2009,82,2012,3,1956756.56284153,10,35.666664,1.822744
2009,83,2012,3,1957481.166666667,11,24.75,1.26438
2009,84,2012,3,1958182.396174863,12,34,1.736304
2009,85,2013,4,1958907,1,24.958332,1.2740948
2009,86,2013,4,1959642.549315068,2,22.625,1.1545473
2009,87,2013,4,1960306.916438356,3,22.416668,1.1435285
2009,88,2013,4,1961042.465753425,4,24.916668,1.2705828
2009,89,2013,4,1961754.287671233,5,30.875,1.5738465
2009,90,2013,4,1962489.836986301,6,25.291666,1.288754
2009,91,2013,4,1963201.65890411,7,23.541666,1.1991466
2009,92,2013,4,1963937.208219178,8,26.5,1.3493303
2009,93,2013,4,1964672.757534247,9,20.25,1.030706
2009,94,2013,4,1965384.579452055,10,27.416666,1.3949772
2009,95,2013,4,1966120.128767123,11,22.625,1.1507435
2009,96,2013,4,1966831.950684932,12,31.291666,1.590968
2009,97,2014,5,1967567.5,1,20.166666,1.0249542
2009,98,2014,5,1968016.363013698,2,17.25,.87651712
2009,99,2014,5,1968421.787671233,3,22.291668,1.1324639
2009,100,2014,5,1968870.650684931,4,17.833334,.90576464
2009,101,2014,5,1969305.034246575,5,20.125,1.0219342
2009,102,2014,5,1969753.897260274,6,19.541666,.99208671
2009,103,2014,5,1970188.280821918,7,25.291668,1.2837183
2009,104,2014,5,1970637.143835616,8,22,1.1163902
2009,105,2014,5,1971086.006849315,9,21.083334,1.0696304
2009,106,2014,5,1971520.390410959,10,18.833332,.95526946
2009,107,2014,5,1971969.253424658,11,14.5,.73530561
2009,108,2014,5,1972403.636986301,12,21.166668,1.0731407
2009,109,2015,6,1972852.5,1,15.166667,.76876843
2009,110,2015,6,1973420.904109589,2,20.875,1.0578078
2009,111,2015,6,1973934.301369863,3,23.375,1.1841832
2009,112,2015,6,1974502.705479452,4,21.25,1.0762204
2009,113,2015,6,1975052.773972603,5,18.625,.94301277
2009,114,2015,6,1975621.178082192,6,20,1.0123398
2009,115,2015,6,1976171.246575342,7,26.416668,1.33676
2009,116,2015,6,1976739.650684932,8,12.125,.61338377
2009,117,2015,6,1977308.054794521,9,20.958332,1.0599427
2009,118,2015,6,1977858.123287671,10,14.041666,.70994306
2009,119,2015,6,1978426.52739726,11,18.375,.9287684
2009,120,2015,6,1978976.595890411,12,17.041666,.8611353
2009,121,2016,7,1979545,1,21.999998,1.1113664
2009,122,2016,7,1980319.068306011,2,20.5,1.0351868
2009,123,2016,7,1981043.196721312,3,15.25,.76979643
2009,124,2016,7,1981817.265027322,4,17.833334,.89984757
2009,125,2016,7,1982566.363387978,5,19.25,.97096372
2009,126,2016,7,1983340.431693989,6,19.708332,.99369389
2009,127,2016,7,1984089.530054645,7,19.833332,.99961883
2009,128,2016,7,1984863.598360656,8,21,1.0580072
2009,129,2016,7,1985637.666666667,9,15.625,.78690088
2009,130,2016,7,1986386.765027322,10,19.583334,.98587722
2009,131,2016,7,1987160.833333333,11,12,.60387665
2009,132,2016,7,1987909.931693989,12,12.291667,.61832112
2009,133,2017,8,1988684,1,12.25,.61598527
2009,134,2017,8,1989158.512328767,2,16.125,.81064427
2009,135,2017,8,1989587.104109589,3,21.625,1.0869089
2009,136,2017,8,1990061.616438356,4,15.916667,.79980773
2009,137,2017,8,1990520.821917808,5,21.125,1.06128
2009,138,2017,8,1990995.334246575,6,17,.85384429
2009,139,2017,8,1991454.539726027,7,19.916668,1.0001066
2009,140,2017,8,1991929.052054795,8,19.5,.9789505
2009,141,2017,8,1992403.564383561,9,17.416668,.87415361
2009,142,2017,8,1992862.769863014,10,18.041668,.90531409
2009,143,2017,8,1993337.282191781,11,16.625,.83402842
2009,144,2017,8,1993796.487671233,12,13.916666,.69799834
2009,145,2018,9,1994271,1,21.958332,1.1010706
2009,146,2018,9,1996769.897260274,2,14.375,.71991271
2009,147,2018,9,1999026.965753425,3,15.916667,.79622072
2009,148,2018,9,2001525.863013699,4,18.458334,.92221314
2009,149,2018,9,2003944.150684932,5,20.375,1.0167449
2009,150,2018,9,2006443.047945206,6,18.083332,.90126318
2009,151,2018,9,2008861.335616438,7,11.916666,.59320503
2009,152,2018,9,2011360.232876712,8,15.5,.77062279
2009,153,2018,9,2013859.130136986,9,15.125,.75104558
2009,154,2018,9,2016277.417808219,10,14,.69434887
2009,155,2018,9,2018776.315068493,11,16.625,.82351869
2009,156,2018,9,2021194.602739726,12,24.166668,1.1956626
2009,157,2019,10,2023693.5,1,20.083332,.99240977
2009,158,2019,10,2027232.680821917,2,18.125,.89407593
2009,159,2019,10,2030429.360273973,3,14.833334,.7305516
2009,160,2019,10,2033968.54109589,4,13.416667,.65963
2009,161,2019,10,2037393.554794521,5,15.625,.76691121
2009,162,2019,10,2040932.735616438,6,17.625,.86357576
2009,163,2019,10,2044357.749315068,7,13.875,.67869729
2009,164,2019,10,2047896.930136986,8,15.75,.76908165
2009,165,2019,10,2051436.110958904,9,15.916667,.77587926
2009,166,2019,10,2054861.124657534,10,14.416667,.70158839
2009,167,2019,10,2058400.305479452,11,11.25,.54654092
2009,168,2019,10,2061825.319178082,12,17.916668,.86897117
2009,169,2020,11,2065364.5,1,17.083332,.82713401
2009,170,2020,11,2065557.741803279,2,20.375,.9864164
2009,171,2020,11,2065738.516393443,3,15.375,.74428588
2009,172,2020,11,2065931.758196721,4,8.75,.4235377
2009,173,2020,11,2066118.766393443,5,12.125,.58684915
2009,174,2020,11,2066312.008196721,6,20.333332,.98403978
2009,175,2020,11,2066499.016393443,7,21,1.0162115
2009,176,2020,11,2066692.258196721,8,12.75,.61692786
2009,177,2020,11,2066885.5,9,21.375,1.0341647
2009,178,2020,11,2067072.508196721,10,18.166666,.87885964
2009,179,2020,11,2067265.75,11,14.125,.68326968
2009,180,2020,11,2067452.758196721,12,16.125,.77994525
2009,181,2021,12,2067646,1,18.708332,.90481311
2009,182,2021,12,2068153.805479452,2,19.5,.9428699
2009,183,2021,12,2068612.468493151,3,22.75,1.099771
2009,184,2021,12,2069120.273972603,4,21.791668,1.0531852
2009,185,2021,12,2069611.698630137,5,23.375,1.1294389
2009,186,2021,12,2070119.504109589,6,27.625,1.3344641
2009,187,2021,12,2070610.928767123,7,19.625,.94778788
2009,188,2021,12,2071118.734246575,8,19.25,.92944938
2009,189,2021,12,2071626.539726027,9,17.75,.85681468
2009,190,2021,12,2072117.964383562,10,17.208334,.83047074
2009,191,2021,12,2072625.769863014,11,22.25,1.0735174
2009,192,2021,12,2073117.194520548,12,22,1.0612038
2010,49,2010,0,1631601,1,935.33331,57.326107
2010,50,2010,0,1657543.116438357,2,740.25,44.659473
2010,51,2010,0,1680974.705479452,3,693.5,41.255825
2010,52,2010,0,1706916.821917808,4,658.75006,38.592979
2010,53,2010,0,1732022.095890412,5,606.25,35.002441
2010,54,2010,0,1757964.212328767,6,462.58331,26.31358
2010,55,2010,0,1783069.48630137,7,428.54166,24.03393
2010,56,2010,0,1809011.602739727,8,352.875,19.506508
2010,57,2010,0,1834953.719178082,9,264.25003,14.400909
2010,58,2010,0,1860058.993150685,10,196.45831,10.56194
2010,59,2010,0,1886001.109589042,11,106.875,5.6667519
2010,60,2010,0,1911106.383561645,12,36.708351,1.9207906
2010,61,2011,1,1937048.5,1,94.375,4.8721032
2010,62,2011,1,1937675.464383562,2,158,8.1541004
2010,63,2011,1,1938241.754794521,3,245.375,12.65967
2010,64,2011,1,1938868.719178082,4,291.375,15.028093
2010,65,2011,1,1939475.45890411,5,387.125,19.960295
2010,66,2011,1,1940102.423287671,6,433.29169,22.333445
2010,67,2011,1,1940709.163013699,7,541.5,27.902172
2010,68,2011,1,1941336.12739726,8,589.75,30.378563
2010,69,2011,1,1941963.091780822,9,641.75,33.046455
2010,70,2011,1,1942569.831506849,10,784.25,40.37178
2010,71,2011,1,1943196.795890411,11,759.25,39.072212
2010,72,2011,1,1943803.535616438,12,831.99994,42.802677
2010,73,2012,2,1944430.5,1,35.749996,1.8385844
2010,74,2012,2,1945225.446721312,2,49.125,2.5254142
2010,75,2012,2,1945969.106557377,3,49.375,2.5372963
2010,76,2012,2,1946764.053278689,4,54.75,2.8123593
2010,77,2012,2,1947533.356557377,5,52.375,2.6892993
2010,78,2012,2,1948328.303278689,6,50.041664,2.5684412
2010,79,2012,2,1949097.606557377,7,58.041664,2.9778736
2010,80,2012,2,1949892.553278689,8,60.5,3.102735
2010,81,2012,2,1950687.5,9,42.291664,2.1680388
2010,82,2012,2,1951456.803278689,10,56.416668,2.8910027
2010,83,2012,2,1952251.75,11,48.375,2.4779079
2010,84,2012,2,1953021.053278689,12,55.083332,2.8204167
2010,85,2013,3,1953816,1,24.791666,1.2688844
2010,86,2013,3,1954663.404109589,2,27.25,1.3941019
2010,87,2013,3,1955428.801369863,3,24.208332,1.2380064
2010,88,2013,3,1956276.205479452,4,32.875,1.6804887
2010,89,2013,3,1957096.273972603,5,27.5,1.4051429
2010,90,2013,3,1957943.678082192,6,35.333336,1.8046145
2010,91,2013,3,1958763.746575342,7,40.25,2.0548675
2010,92,2013,3,1959611.150684931,8,34.875,1.7796898
2010,93,2013,3,1960458.554794521,9,32.625,1.6641514
2010,94,2013,3,1961278.623287671,10,28.583334,1.4573827
2010,95,2013,3,1962126.02739726,11,26.5,1.3505758
2010,96,2013,3,1962946.095890411,12,41.583336,2.1184146
2010,97,2014,4,1963793.5,1,23.916666,1.2178808
2010,98,2014,4,1964611.857534247,2,25.25,1.2852411
2010,99,2014,4,1965351.019178082,3,29.75,1.5137244
2010,100,2014,4,1966169.376712329,4,19.083334,.97058445
2010,101,2014,4,1966961.335616438,5,24.625,1.2519311
2010,102,2014,4,1967779.693150685,6,24.5,1.2450581
2010,103,2014,4,1968571.652054795,7,23.541666,1.1958755
2010,104,2014,4,1969390.009589041,8,30.125,1.5296614
2010,105,2014,4,1970208.367123288,9,20.458334,1.0383843
2010,106,2014,4,1971000.326027397,10,25.125,1.2747334
2010,107,2014,4,1971818.683561644,11,24.5,1.2425077
2010,108,2014,4,1972610.642465753,12,27.708332,1.4046528
2010,109,2015,5,1973429,1,19.083332,.9670139
2010,110,2015,5,1973881.175342466,2,19.875,1.0068995
2010,111,2015,5,1974289.591780822,3,20.791666,1.0531214
2010,112,2015,5,1974741.767123288,4,17,.86087203
2010,113,2015,5,1975179.356164384,5,19.5,.98725212
2010,114,2015,5,1975631.531506849,6,18.166666,.91953719
2010,115,2015,5,1976069.120547945,7,26.666668,1.3494805
2010,116,2015,5,1976521.295890411,8,20.5,1.0371758
2010,117,2015,5,1976973.471232877,9,25.125,1.270882
2010,118,2015,5,1977411.060273973,10,19.333332,.97770929
2010,119,2015,5,1977863.235616439,11,20.625,1.042792
2010,120,2015,5,1978300.824657534,12,19.875,1.00465
2010,121,2016,6,1978753,1,22.124998,1.1181283
2010,122,2016,6,1979299.43852459,2,22.875,1.1557119
2010,123,2016,6,1979810.62295082,3,19.375,.97862893
2010,124,2016,6,1980357.06147541,4,16.458334,.83107913
2010,125,2016,6,1980885.87295082,5,17.5,.88344312
2010,126,2016,6,1981432.31147541,6,17,.85796523
2010,127,2016,6,1981961.12295082,7,19.083334,.96285105
2010,128,2016,6,1982507.56147541,8,22.875,1.1538417
2010,129,2016,6,1983054,9,18.666668,.94130909
2010,130,2016,6,1983582.81147541,10,23.958334,1.2078313
2010,131,2016,6,1984129.25,11,22.375,1.1276987
2010,132,2016,6,1984658.06147541,12,23.5,1.1840831
2010,133,2017,7,1985204.5,1,17.791666,.89621323
2010,134,2017,7,1985922.34109589,2,16.875,.84973109
2010,135,2017,7,1986570.71369863,3,23.166666,1.1661637
2010,136,2017,7,1987288.554794521,4,24.458334,1.2307389
2010,137,2017,7,1987983.239726027,5,19.5,.98089355
2010,138,2017,7,1988701.080821918,6,19.75,.99311054
2010,139,2017,7,1989395.765753425,7,19.541668,.98229164
2010,140,2017,7,1990113.606849315,8,19.125,.96100044
2010,141,2017,7,1990831.447945205,9,14.458334,.726246
2010,142,2017,7,1991526.132876712,10,13.833333,.69460964
2010,143,2017,7,1992243.973972603,11,15.125,.75919414
2010,144,2017,7,1992938.65890411,12,15.916667,.79865313
2010,145,2018,8,1993656.5,1,21,1.0533409
2010,146,2018,8,1994014.146575342,2,17.5,.87762666
2010,147,2018,8,1994337.182191781,3,25.333334,1.2702633
2010,148,2018,8,1994694.828767123,4,19.958334,1.0005708
2010,149,2018,8,1995040.938356164,5,18.375,.92103374
2010,150,2018,8,1995398.584931507,6,12.875,.64523453
2010,151,2018,8,1995744.694520548,7,13.166666,.65973699
2010,152,2018,8,1996102.34109589,8,15.125,.75772667
2010,153,2018,8,1996459.987671233,9,13.875,.69498014
2010,154,2018,8,1996806.097260274,10,12.416666,.62182635
2010,155,2018,8,1997163.743835616,11,10.75,.53826332
2010,156,2018,8,1997509.853424657,12,17.291666,.86566108
2010,157,2019,9,1997867.5,1,21.874998,1.0949174
2010,158,2019,9,1999775.48630137,2,18.125,.90635175
2010,159,2019,9,2001498.828767123,3,18,.89932603
2010,160,2019,9,2003406.815068493,4,13.458333,.67177236
2010,161,2019,9,2005253.253424658,5,18.5,.92257673
2010,162,2019,9,2007161.239726027,6,14.625,.72864103
2010,163,2019,9,2009007.678082192,7,16.375,.81507903
2010,164,2019,9,2010915.664383562,8,15,.74592882
2010,165,2019,9,2012823.650684932,9,15.833333,.78662294
2010,166,2019,9,2014670.089041096,10,9.25,.45913225
2010,167,2019,9,2016578.075342466,11,18.875,.93599153
2010,168,2019,9,2018424.51369863,12,15.125,.74934685
2010,169,2020,10,2020332.5,1,18.749998,.92806494
2010,170,2020,10,2020532.051912568,2,8.25,.4083083
2010,171,2020,10,2020718.729508197,3,13,.64333546
2010,172,2020,10,2020918.281420765,4,12.125,.59997475
2010,173,2020,10,2021111.396174863,5,10.125,.50096202
2010,174,2020,10,2021310.948087432,6,18.75,.92761582
2010,175,2020,10,2021504.06284153,7,19.375,.95844477
2010,176,2020,10,2021703.614754098,8,14,.69248527
2010,177,2020,10,2021903.166666667,9,16.208334,.80163747
2010,178,2020,10,2022096.281420765,10,14.25,.70471424
2010,179,2020,10,2022295.833333333,11,14.875,.73555017
2010,180,2020,10,2022488.948087432,12,15.041667,.74372059
2010,181,2021,11,2022688.5,1,12,.59326982
2010,182,2021,11,2023210.276712329,2,22.25,1.0997374
2010,183,2021,11,2023681.55890411,3,17.375,.85858369
2010,184,2021,11,2024203.335616438,4,14.583334,.72044808
2010,185,2021,11,2024708.280821918,5,16.375,.8087585
2010,186,2021,11,2025230.057534247,6,23.708332,1.1706488
2010,187,2021,11,2025735.002739726,7,21.541668,1.0634001
2010,188,2021,11,2026256.779452055,8,19.375,.95619667
2010,189,2021,11,2026778.556164384,9,18.833332,.92922497
2010,190,2021,11,2027283.501369863,10,13.041666,.64330745
2010,191,2021,11,2027805.278082192,11,17.625,.86916631
2010,192,2021,11,2028310.223287671,12,22,1.0846467
2011,61,2011,0,1655685.5,1,870.16663,52.556274
2011,62,2011,0,1678908.873972602,2,720.125,42.892441
2011,63,2011,0,1699884.824657533,3,733.875,43.172043
2011,64,2011,0,1723108.198630137,4,599.25006,34.777275
2011,65,2011,0,1745582.431506848,5,552.5,31.651327
2011,66,2011,0,1768805.805479452,6,475.58331,26.887255
2011,67,2011,0,1791280.038356164,7,432.20831,24.128462
2011,68,2011,0,1814503.412328767,8,337.875,18.620798
2011,69,2011,0,1837726.786301369,9,258.12503,14.045887
2011,70,2011,0,1860201.019178081,10,202.70831,10.897119
2011,71,2011,0,1883424.393150685,11,107.5,5.7076888
2011,72,2011,0,1905898.626027396,12,36.083351,1.8932461
2011,73,2012,1,1929122,1,85.5,4.4320679
2011,74,2012,1,1929815.265027322,2,158.25,8.2002668
2011,75,2012,1,1930463.803278689,3,236.20833,12.235833
2011,76,2012,1,1931157.068306011,4,289.70831,15.0018
2011,77,2012,1,1931827.969945355,5,386.375,20.000486
2011,78,2012,1,1932521.234972678,6,440.54169,22.796215
2011,79,2012,1,1933192.136612022,7,519.70837,26.88343
2011,80,2012,1,1933885.401639344,8,604.5,31.258316
2011,81,2012,1,1934578.666666667,9,639.04169,33.032604
2011,82,2012,1,1935249.568306011,10,698.29169,36.082771
2011,83,2012,1,1935942.833333333,11,740.625,38.256554
2011,84,2012,1,1936613.734972678,12,837.04163,43.22192
2011,85,2013,2,1937307,1,43.75,2.2582896
2011,86,2013,2,1938248.593150685,2,33.875,1.7477118
2011,87,2013,2,1939099.064383562,3,33.541668,1.7297553
2011,88,2013,2,1940040.657534247,4,39.375,2.0295966
2011,89,2013,2,1940951.876712329,5,42.625,2.1960874
2011,90,2013,2,1941893.469863014,6,49.5,2.5490584
2011,91,2013,2,1942804.689041096,7,56.708332,2.91889
2011,92,2013,2,1943746.282191781,8,55.25,2.8424492
2011,93,2013,2,1944687.875342466,9,51.875,2.6675231
2011,94,2013,2,1945599.094520548,10,44.833336,2.3043461
2011,95,2013,2,1946540.687671233,11,62,3.1851377
2011,96,2013,2,1947451.906849315,12,58.291664,2.9932275
2011,97,2014,3,1948393.5,1,22.916666,1.1761826
2011,98,2014,3,1949341.378082192,2,22.875,1.1734732
2011,99,2014,3,1950197.526027397,3,25.833334,1.3246522
2011,100,2014,3,1951145.404109589,4,26.958334,1.3816671
2011,101,2014,3,1952062.705479452,5,32,1.6392916
2011,102,2014,3,1953010.583561644,6,34.208336,1.7515694
2011,103,2014,3,1953927.884931507,7,33.208336,1.6995682
2011,104,2014,3,1954875.763013699,8,32.5,1.6625098
2011,105,2014,3,1955823.64109589,9,23.958332,1.224974
2011,106,2014,3,1956740.942465753,10,38.083336,1.9462636
2011,107,2014,3,1957688.820547945,11,32.125,1.6409656
2011,108,2014,3,1958606.121917808,12,42.375,2.1635284
2011,109,2015,4,1959554,1,20.958334,1.0695461
2011,110,2015,4,1960438.009589041,2,20,1.0201802
2011,111,2015,4,1961236.469863014,3,21.25,1.0835001
2011,112,2015,4,1962120.479452055,4,21.375,1.0893826
2011,113,2015,4,1962975.972602739,5,25,1.2735765
2011,114,2015,4,1963859.982191781,6,24.25,1.2348131
2011,115,2015,4,1964715.475342466,7,24.083332,1.2257924
2011,116,2015,4,1965599.484931507,8,23.625,1.2019234
2011,117,2015,4,1966483.494520548,9,21.041668,1.070015
2011,118,2015,4,1967338.987671233,10,22.583334,1.1479127
2011,119,2015,4,1968222.997260274,11,30.625,1.5559721
2011,120,2015,4,1969078.490410959,12,29.583334,1.5023949
2011,121,2016,5,1969962.5,1,24.999998,1.2690595
2011,122,2016,5,1970357.030054645,2,15.125,.76762736
2011,123,2016,5,1970726.106557377,3,19.708334,1.0000545
2011,124,2016,5,1971120.636612022,4,23.5,1.1922152
2011,125,2016,5,1971502.43989071,5,22.375,1.1349212
2011,126,2016,5,1971896.969945355,6,20.208332,1.0248169
2011,127,2016,5,1972278.773224044,7,21.625,1.0964475
2011,128,2016,5,1972673.303278688,8,29.625,1.5017692
2011,129,2016,5,1973067.833333333,9,21.708334,1.1002325
2011,130,2016,5,1973449.636612022,10,26.583332,1.3470489
2011,131,2016,5,1973844.166666667,11,25.75,1.3045609
2011,132,2016,5,1974225.969945355,12,24.958332,1.2642084
2011,133,2017,6,1974620.5,1,13.375,.67734534
2011,134,2017,6,1975065.541095891,2,15.75,.7974419
2011,135,2017,6,1975467.51369863,3,20.416668,1.0335107
2011,136,2017,6,1975912.554794521,4,24.5,1.2399334
2011,137,2017,6,1976343.239726027,5,19.375,.9803459
2011,138,2017,6,1976788.280821918,6,20.25,1.0243889
2011,139,2017,6,1977218.965753425,7,20,1.0115217
2011,140,2017,6,1977664.006849315,8,14.25,.72054708
2011,141,2017,6,1978109.047945206,9,10.875,.54976749
2011,142,2017,6,1978539.732876712,10,17.75,.89712626
2011,143,2017,6,1978984.773972603,11,15.875,.80217898
2011,144,2017,6,1979415.45890411,12,28.458332,1.437714
2011,145,2018,7,1979860.5,1,21.125,1.0669943
2011,146,2018,7,1980501.563013698,2,20.5,1.0350913
2011,147,2018,7,1981080.587671233,3,18.583334,.93804026
2011,148,2018,7,1981721.650684931,4,15.291668,.77163553
2011,149,2018,7,1982342.034246575,5,15.5,.78190339
2011,150,2018,7,1982983.097260274,6,14.416667,.72701913
2011,151,2018,7,1983603.480821918,7,18.791666,.94734991
2011,152,2018,7,1984244.543835616,8,17.125,.86304885
2011,153,2018,7,1984885.606849315,9,15.125,.76200867
2011,154,2018,7,1985505.990410959,10,15.958334,.8037414
2011,155,2018,7,1986147.053424658,11,9.125,.45943224
2011,156,2018,7,1986767.436986301,12,17,.85566127
2011,157,2019,8,1987408.5,1,18.916666,.95182574
2011,158,2019,8,1987550.250684931,2,13.375,.67293894
2011,159,2019,8,1987678.283561644,3,17.375,.87413543
2011,160,2019,8,1987820.034246575,4,15.541667,.78184479
2011,161,2019,8,1987957.212328767,5,14.875,.74825555
2011,162,2019,8,1988098.963013699,6,14.833333,.74610639
2011,163,2019,8,1988236.14109589,7,19.333334,.97238618
2011,164,2019,8,1988377.891780822,8,12.5,.62865311
2011,165,2019,8,1988519.642465753,9,14.166666,.71242273
2011,166,2019,8,1988656.820547945,10,20.666666,1.0392274
2011,167,2019,8,1988798.571232877,11,16.5,.82964659
2011,168,2019,8,1988935.749315069,12,13.083333,.65780574
2011,169,2020,9,1989077.5,1,13.083333,.65775883
2011,170,2020,9,1989281.837431694,2,4.625,.23249596
2011,171,2020,9,1989472.991803279,3,13.416667,.67438298
2011,172,2020,9,1989677.329234973,4,10.875,.54657102
2011,173,2020,9,1989875.075136612,5,13.875,.69727993
2011,174,2020,9,1990079.412568306,6,21.541666,1.0824525
2011,175,2020,9,1990277.158469945,7,19.625,.98604357
2011,176,2020,9,1990481.495901639,8,18.25,.91686356
2011,177,2020,9,1990685.833333333,9,15.125,.75978839
2011,178,2020,9,1990883.579234973,10,15.375,.77227014
2011,179,2020,9,1991087.916666667,11,14.125,.70941114
2011,180,2020,9,1991285.662568306,12,10.208333,.51265037
2011,181,2021,10,1991490,1,11.958333,.60047168
2011,182,2021,10,1992031.183561644,2,17.375,.87222528
2011,183,2021,10,1992519.994520548,3,15.416666,.77372706
2011,184,2021,10,1993061.178082192,4,14.541667,.72961468
2011,185,2021,10,1993584.904109589,5,17.25,.86527538
2011,186,2021,10,1994126.087671233,6,17.791666,.89220369
2011,187,2021,10,1994649.81369863,7,19.833332,.99432653
2011,188,2021,10,1995190.997260274,8,17.125,.8583138
2011,189,2021,10,1995732.180821918,9,15.75,.78918403
2011,190,2021,10,1996255.906849315,10,12.791667,.64078295
2011,191,2021,10,1996797.090410959,11,16.125,.80754322
2011,192,2021,10,1997320.816438356,12,13.375,.66964704
2012,73,2012,0,1674784,1,798.29163,47.665348
2012,74,2012,0,1695729.8784153,2,758.625,44.737373
2012,75,2012,0,1715324.409836065,3,699.04169,40.752739
2012,76,2012,0,1736270.288251365,4,602.08337,34.676823
2012,77,2012,0,1756540.493169399,5,573.125,32.628056
2012,78,2012,0,1777486.371584699,6,484.79163,27.274
2012,79,2012,0,1797756.576502731,7,410.66666,22.843285
2012,80,2012,0,1818702.454918033,8,345.375,18.990187
2012,81,2012,0,1839648.333333332,9,257.25003,13.983652
2012,82,2012,0,1859918.538251365,10,180.41666,9.7002449
2012,83,2012,0,1880864.416666666,11,104.875,5.5758939
2012,84,2012,0,1901134.621584699,12,36.291683,1.9089487
2012,85,2013,1,1922080.5,1,93.166672,4.8471785
2012,86,2013,1,1922865.904109589,2,165.125,8.5874424
2012,87,2013,1,1923575.301369863,3,234.54166,12.193007
2012,88,2013,1,1924360.705479452,4,285.375,14.8296
2012,89,2013,1,1925120.773972603,5,375,19.479298
2012,90,2013,1,1925906.178082192,6,422.20834,21.922581
2012,91,2013,1,1926666.246575342,7,494.5,25.666096
2012,92,2013,1,1927451.650684932,8,576.25,29.896988
2012,93,2013,1,1928237.054794521,9,619.70831,32.138596
2012,94,2013,1,1928997.123287671,10,748.83331,38.819824
2012,95,2013,1,1929782.52739726,11,704.875,36.526138
2012,96,2013,1,1930542.595890411,12,840.04163,43.513241
2012,97,2014,2,1931328,1,44.624996,2.310586
2012,98,2014,2,1932389.856164384,2,42.375,2.1928804
2012,99,2014,2,1933348.952054794,3,34.833336,1.8017098
2012,100,2014,2,1934410.808219178,4,31.333332,1.6197869
2012,101,2014,2,1935438.410958904,5,46,2.3767226
2012,102,2014,2,1936500.267123288,6,44.875,2.3173246
2012,103,2014,2,1937527.869863014,7,45.875,2.367708
2012,104,2014,2,1938589.726027397,8,54.75,2.824218
2012,105,2014,2,1939651.582191781,9,50.083336,2.5820789
2012,106,2014,2,1940679.184931507,10,49.708336,2.5613887
2012,107,2014,2,1941741.041095891,11,55.75,2.8711348
2012,108,2014,2,1942768.643835616,12,55.458332,2.8546031
2012,109,2015,3,1943830.5,1,20.666666,1.0631928
2012,110,2015,3,1944866.579452055,2,27,1.38827
2012,111,2015,3,1945802.393150685,3,28.083334,1.4432778
2012,112,2015,3,1946838.47260274,4,32.291668,1.6586722
2012,113,2015,3,1947841.130136986,5,33.75,1.7326875
2012,114,2015,3,1948877.209589041,6,37.666664,1.9327366
2012,115,2015,3,1949879.867123288,7,33.666668,1.7266022
2012,116,2015,3,1950915.946575343,8,31.625,1.6210334
2012,117,2015,3,1951952.026027397,9,31.75,1.6265769
2012,118,2015,3,1952954.683561644,10,34.083336,1.745219
2012,119,2015,3,1953990.763013699,11,42.5,2.175036
2012,120,2015,3,1954993.420547945,12,31.916666,1.6325716
2012,121,2016,4,1956029.5,1,24.874998,1.2717087
2012,122,2016,4,1956912.449453552,2,17,.86871541
2012,123,2016,4,1957738.43442623,3,30.208332,1.5430219
2012,124,2016,4,1958621.383879782,4,31.416668,1.6040194
2012,125,2016,4,1959475.851092896,5,20.625,1.0525774
2012,126,2016,4,1960358.800546448,6,31.333332,1.5983468
2012,127,2016,4,1961213.267759563,7,27.875,1.4213141
2012,128,2016,4,1962096.217213115,8,26.75,1.3633379
2012,129,2016,4,1962979.166666667,9,22,1.1207454
2012,130,2016,4,1963833.633879782,10,25.416668,1.2942374
2012,131,2016,4,1964716.583333333,11,28.625,1.4569532
2012,132,2016,4,1965571.050546448,12,21.166668,1.0768712
2012,133,2017,5,1966454,1,21.833332,1.1102895
2012,134,2017,5,1966710.705479452,2,14.375,.73091584
2012,135,2017,5,1966942.568493151,3,23.875,1.2138127
2012,136,2017,5,1967199.273972603,4,16.875,.85781854
2012,137,2017,5,1967447.698630137,5,18.75,.95301133
2012,138,2017,5,1967704.404109589,6,19.75,1.0037076
2012,139,2017,5,1967952.828767123,7,27.041666,1.3741013
2012,140,2017,5,1968209.534246576,8,18.875,.95899343
2012,141,2017,5,1968466.239726027,9,14.958333,.75989789
2012,142,2017,5,1968714.664383562,10,22.958332,1.1661584
2012,143,2017,5,1968971.369863014,11,17.75,.90148592
2012,144,2017,5,1969219.794520548,12,27.083334,1.3753332
2012,145,2018,6,1969476.5,1,23.541666,1.1953261
2012,146,2018,6,1969798.347945205,2,17,.86303252
2012,147,2018,6,1970089.049315068,3,16.583334,.84175557
2012,148,2018,6,1970410.897260274,4,17.166668,.87122273
2012,149,2018,6,1970722.363013698,5,19.125,.97045636
2012,150,2018,6,1971044.210958904,6,17.875,.90687972
2012,151,2018,6,1971355.676712329,7,23.625,1.1984138
2012,152,2018,6,1971677.524657534,8,24,1.2172376
2012,153,2018,6,1971999.37260274,9,22.375,1.1346352
2012,154,2018,6,1972310.838356164,10,20.166666,1.0224892
2012,155,2018,6,1972632.68630137,11,16,.81109881
2012,156,2018,6,1972944.152054794,12,17.958334,.91023022
2012,157,2019,7,1973266,1,17,.86151588
2012,158,2019,7,1973859.331506849,2,23,1.1652299
2012,159,2019,7,1974395.243835616,3,16.041666,.81248504
2012,160,2019,7,1974988.575342466,4,14.041666,.71097457
2012,161,2019,7,1975562.767123288,5,16,.80989581
2012,162,2019,7,1976156.098630137,6,18.833332,.95302856
2012,163,2019,7,1976730.290410959,7,24.083332,1.2183418
2012,164,2019,7,1977323.621917808,8,16,.8091746
2012,165,2019,7,1977916.953424657,9,11.583334,.58563298
2012,166,2019,7,1978491.14520548,10,16.083334,.81290907
2012,167,2019,7,1979084.476712329,11,16.875,.85266697
2012,168,2019,7,1979658.668493151,12,19.708332,.99554193
2012,169,2020,8,1980252,1,15.291667,.77220815
2012,170,2020,8,1980462.43579235,2,16.125,.8142038
2012,171,2020,8,1980659.295081967,3,15.208333,.76784194
2012,172,2020,8,1980869.730874317,4,13,.65627736
2012,173,2020,8,1981073.378415301,5,17.375,.8770498
2012,174,2020,8,1981283.81420765,6,20.541666,1.0367856
2012,175,2020,8,1981487.461748634,7,21,1.0598099
2012,176,2020,8,1981697.897540984,8,15.25,.7695421
2012,177,2020,8,1981908.333333333,9,12.458334,.62860292
2012,178,2020,8,1982111.980874317,10,18.375,.92704147
2012,179,2020,8,1982322.416666667,11,14,.70624232
2012,180,2020,8,1982526.06420765,12,17.666666,.891119
2012,181,2021,9,1982736.5,1,10.916666,.55058581
2012,182,2021,9,1983298.236986301,2,19.125,.96430278
2012,183,2021,9,1983805.612328767,3,16.583334,.83593541
2012,184,2021,9,1984367.349315068,4,13.625,.68661684
2012,185,2021,9,1984910.965753425,5,21.125,1.0642794
2012,186,2021,9,1985472.702739726,6,16.291668,.82054353
2012,187,2021,9,1986016.319178082,7,18,.90633696
2012,188,2021,9,1986578.056164383,8,23.5,1.1829387
2012,189,2021,9,1987139.793150685,9,10.458334,.52630085
2012,190,2021,9,1987683.409589041,10,11.416667,.5743705
2012,191,2021,9,1988245.146575342,11,16.875,.84873837
2012,192,2021,9,1988788.763013699,12,22.583332,1.135532
2013,85,2013,0,1703232,1,798.29163,46.869225
2013,86,2013,0,1722274.110958904,2,739.375,42.930157
2013,87,2013,0,1739473.436986301,3,692.70837,39.822876
2013,88,2013,0,1758515.547945205,4,607.04169,34.520119
2013,89,2013,0,1776943.397260273,5,550,30.952026
2013,90,2013,0,1795985.508219177,6,463.12497,25.786676
2013,91,2013,0,1814413.357534247,7,395.54166,21.799974
2013,92,2013,0,1833455.468493151,8,331.125,18.06016
2013,93,2013,0,1852497.579452055,9,248.20834,13.398579
2013,94,2013,0,1870925.428767122,10,194.37498,10.389243
2013,95,2013,0,1889967.539726026,11,99.5,5.2646408
2013,96,2013,0,1908395.389041094,12,36.416683,1.9082358
2013,97,2014,1,1927437.5,1,92.25,4.7861476
2013,98,2014,1,1928284.139726027,2,132.875,6.8908415
2013,99,2014,1,1929048.846575342,3,229.29166,11.886254
2013,100,2014,1,1929895.48630137,4,289.08334,14.979222
2013,101,2014,1,1930714.815068493,5,381.625,19.765995
2013,102,2014,1,1931561.454794521,6,423.79169,21.940369
2013,103,2014,1,1932380.783561644,7,493.625,25.544914
2013,104,2014,1,1933227.423287671,8,550.875,28.495096
2013,105,2014,1,1934074.063013698,9,618.16663,31.961889
2013,106,2014,1,1934893.391780822,10,733.625,37.915527
2013,107,2014,1,1935740.031506849,11,740.625,38.260563
2013,108,2014,1,1936559.360273973,12,844.70831,43.619026
2013,109,2015,2,1937406,1,36.708332,1.8947155
2013,110,2015,2,1938589.393150685,2,32.625,1.6829247
2013,111,2015,2,1939658.264383562,3,39.75,2.04933
2013,112,2015,2,1940841.657534247,4,40.583336,2.0910172
2013,113,2015,2,1941986.876712329,5,47.125,2.4266384
2013,114,2015,2,1943170.269863014,6,47.041664,2.420872
2013,115,2015,2,1944315.489041096,7,46.958336,2.4151604
2013,116,2015,2,1945498.882191781,8,51.75,2.659986
2013,117,2015,2,1946682.275342466,9,50.458332,2.5920169
2013,118,2015,2,1947827.494520548,10,51.25,2.6311364
2013,119,2015,2,1949010.887671233,11,49.25,2.5269227
2013,120,2015,2,1950156.106849315,12,60.75,3.1151352
2013,121,2016,3,1951339.5,1,22.624998,1.1594598
2013,122,2016,3,1952391.128415301,2,25.5,1.3060907
2013,123,2016,3,1953374.909836065,3,34.333336,1.7576419
2013,124,2016,3,1954426.538251366,4,32.625,1.6692876
2013,125,2016,3,1955444.243169399,5,28.75,1.4702542
2013,126,2016,3,1956495.871584699,6,41.833332,2.1381764
2013,127,2016,3,1957513.576502732,7,35.791664,1.8284248
2013,128,2016,3,1958565.204918033,8,31.75,1.6210847
2013,129,2016,3,1959616.833333333,9,31.916668,1.6287198
2013,130,2016,3,1960634.538251366,10,40.833332,2.082659
2013,131,2016,3,1961686.166666667,11,34.25,1.745947
2013,132,2016,3,1962703.871584699,12,47.833332,2.437114
2013,133,2017,4,1963755.5,1,18.375,.93570709
2013,134,2017,4,1964565.958904109,2,18.125,.92259562
2013,135,2017,4,1965297.98630137,3,30.375,1.5455672
2013,136,2017,4,1966108.445205479,4,19.875,1.0108801
2013,137,2017,4,1966892.760273973,5,24.25,1.2329091
2013,138,2017,4,1967703.219178082,6,22.541666,1.1455827
2013,139,2017,4,1968487.534246575,7,29.208332,1.4837956
2013,140,2017,4,1969297.993150685,8,23.625,1.199666
2013,141,2017,4,1970108.452054794,9,21.958334,1.1145749
2013,142,2017,4,1970892.767123288,10,20.833334,1.0570506
2013,143,2017,4,1971703.226027397,11,31.125,1.5785844
2013,144,2017,4,1972487.54109589,12,38.5,1.9518501
2013,145,2018,5,1973298,1,13.375,.67779928
2013,146,2018,5,1973402.550684931,2,17.5,.8867932
2013,147,2018,5,1973496.983561644,3,16.458332,.83396792
2013,148,2018,5,1973601.534246575,4,17.375002,.88037032
2013,149,2018,5,1973702.712328767,5,20.625,1.0449902
2013,150,2018,5,1973807.263013699,6,17.583332,.89083326
2013,151,2018,5,1973908.44109589,7,24.458332,1.2390814
2013,152,2018,5,1974012.991780822,8,27,1.3677721
2013,153,2018,5,1974117.542465753,9,12.958334,.65641147
2013,154,2018,5,1974218.720547945,10,18.625,.94341117
2013,155,2018,5,1974323.271232877,11,25.75,1.3042444
2013,156,2018,5,1974424.449315069,12,20.875,1.0572702
2013,157,2019,6,1974529,1,17.291666,.87573624
2013,158,2019,6,1975093.284931507,2,22.75,1.1518444
2013,159,2019,6,1975602.961643836,3,20.833334,1.0545304
2013,160,2019,6,1976167.246575342,4,18.125,.91717947
2013,161,2019,6,1976713.328767123,5,18.75,.9485442
2013,162,2019,6,1977277.61369863,6,23.75,1.2011465
2013,163,2019,6,1977823.695890411,7,24.458332,1.2366285
2013,164,2019,6,1978387.980821918,8,20.25,1.0235606
2013,165,2019,6,1978952.265753424,9,17.375,.87798983
2013,166,2019,6,1979498.347945205,10,17.166666,.86722308
2013,167,2019,6,1980062.632876712,11,15.25,.77017766
2013,168,2019,6,1980608.715068493,12,20.958334,1.0581764
2013,169,2020,7,1981173,1,21.749998,1.0978343
2013,170,2020,7,1981389.110655738,2,17.75,.89583617
2013,171,2020,7,1981591.278688525,3,15.583334,.78640503
2013,172,2020,7,1981807.389344262,4,12.125,.61181527
2013,173,2020,7,1982016.528688525,5,18.375,.92708611
2013,174,2020,7,1982232.639344262,6,17.25,.87023085
2013,175,2020,7,1982441.778688525,7,17.208334,.86803728
2013,176,2020,7,1982657.889344262,8,21.125,1.0654889
2013,177,2020,7,1982874,9,11.708334,.59047294
2013,178,2020,7,1983083.139344262,10,19.791668,.99802512
2013,179,2020,7,1983299.25,11,15.75,.79413128
2013,180,2020,7,1983508.389344262,12,15.125,.76253772
2013,181,2021,8,1983724.5,1,9.375,.47259587
2013,182,2021,8,1984307.17260274,2,13.625,.68663764
2013,183,2021,8,1984833.457534247,3,16.041666,.80821222
2013,184,2021,8,1985416.130136986,4,19.416668,.97796464
2013,185,2021,8,1985980.006849315,5,13.75,.69235337
2013,186,2021,8,1986562.679452055,6,17.625,.88721085
2013,187,2021,8,1987126.556164384,7,15.291667,.76953661
2013,188,2021,8,1987709.228767123,8,26.125,1.314327
2013,189,2021,8,1988291.901369863,9,13.25,.66640115
2013,190,2021,8,1988855.778082192,10,10.208334,.51327676
2013,191,2021,8,1989438.450684932,11,18.75,.94247699
2013,192,2021,8,1990002.32739726,12,20.125,1.0113053
2014,97,2014,0,1724386,1,821.29163,47.628063
2014,98,2014,0,1742635.44520548,2,697.375,40.01841
2014,99,2014,0,1759118.815068493,3,699.83337,39.783176
2014,100,2014,0,1777368.260273973,4,609.16669,34.273521
2014,101,2014,0,1795029.01369863,5,572.5,31.893635
2014,102,2014,0,1813278.45890411,6,466.91663,25.749857
2014,103,2014,0,1830939.212328767,7,398.29166,21.753407
2014,104,2014,0,1849188.657534247,8,315,17.034498
2014,105,2014,0,1867438.102739725,9,247.33334,13.244527
2014,106,2014,0,1885098.856164383,10,190.20831,10.090097
2014,107,2014,0,1903348.301369863,11,104.75,5.5034595
2014,108,2014,0,1921009.05479452,12,36.625019,1.9065511
2014,109,2015,1,1939258.5,1,88.625,4.5700459
2014,110,2015,1,1940174.826027397,2,168,8.6590137
2014,111,2015,1,1941002.475342466,3,231.91666,11.948293
2014,112,2015,1,1941918.801369863,4,292.33331,15.053838
2014,113,2015,1,1942805.568493151,5,371,19.096096
2014,114,2015,1,1943721.894520548,6,454.50003,23.382977
2014,115,2015,1,1944608.661643836,7,499.41669,25.682117
2014,116,2015,1,1945524.987671233,8,586.875,30.16538
2014,117,2015,1,1946441.31369863,9,628.33331,32.281132
2014,118,2015,1,1947328.080821918,10,690.70831,35.46954
2014,119,2015,1,1948244.406849315,11,710.625,36.475147
2014,120,2015,1,1949131.173972603,12,805.66663,41.334656
2014,121,2016,2,1950047.5,1,38.208332,1.9593539
2014,122,2016,2,1951268.400273224,2,40,2.0499487
2014,123,2016,2,1952410.532786885,3,49.5,2.5353274
2014,124,2016,2,1953631.433060109,4,41.333336,2.1157181
2014,125,2016,2,1954812.949453552,5,45.875,2.346772
2014,126,2016,2,1956033.849726776,6,49.958332,2.5540628
2014,127,2016,2,1957215.366120219,7,48.75,2.4907837
2014,128,2016,2,1958436.266393443,8,40.75,2.0807416
2014,129,2016,2,1959657.166666667,9,53,2.7045548
2014,130,2016,2,1960838.683060109,10,56.083336,2.8601708
2014,131,2016,2,1962059.583333333,11,49,2.4973757
2014,132,2016,2,1963241.099726776,12,64.333328,3.2768939
2014,133,2017,3,1964462,1,26.875,1.368059
2014,134,2017,3,1965460.115068493,2,27.125,1.3800839
2014,135,2017,3,1966361.638356164,3,28.625,1.4557343
2014,136,2017,3,1967359.753424658,4,28.125,1.4295809
2014,137,2017,3,1968325.671232877,5,35,1.778161
2014,138,2017,3,1969323.78630137,6,24.291666,1.2335029
2014,139,2017,3,1970289.704109589,7,31.958334,1.6220119
2014,140,2017,3,1971287.819178082,8,29.625,1.5028247
2014,141,2017,3,1972285.934246575,9,32.5,1.6478341
2014,142,2017,3,1973251.852054794,10,23.166666,1.174035
2014,143,2017,3,1974249.967123288,11,34.75,1.7601621
2014,144,2017,3,1975215.884931507,12,26.541666,1.343735
2014,145,2018,4,1976214,1,22.291666,1.1279986
2014,146,2018,4,1976960.632876712,2,21.625,1.0938509
2014,147,2018,4,1977635.010958904,3,21.791668,1.1019055
2014,148,2018,4,1978381.643835617,4,12.75,.64446616
2014,149,2018,4,1979104.191780822,5,22.625,1.143194
2014,150,2018,4,1979850.824657534,6,22.083332,1.1154039
2014,151,2018,4,1980573.37260274,7,24.541668,1.2391194
2014,152,2018,4,1981320.005479452,8,22.625,1.1419154
2014,153,2018,4,1982066.638356165,9,19.333334,.97541291
2014,154,2018,4,1982789.18630137,10,25.916668,1.3070813
2014,155,2018,4,1983535.819178082,11,26.125,1.3170924
2014,156,2018,4,1984258.367123288,12,27.708332,1.3964075
2014,157,2019,5,1985005,1,24.125,1.2153622
2014,158,2019,5,1985236.438356164,2,21.5,1.0829945
2014,159,2019,5,1985445.479452055,3,23.166666,1.1668246
2014,160,2019,5,1985676.917808219,4,18.625,.9379673
2014,161,2019,5,1985900.890410959,5,17.625,.88750654
2014,162,2019,5,1986132.328767123,6,25.166666,1.2671193
2014,163,2019,5,1986356.301369863,7,19.666668,.99008763
2014,164,2019,5,1986587.739726027,8,20.375,1.025628
2014,165,2019,5,1986819.178082192,9,22.125,1.113589
2014,166,2019,5,1987043.150684932,10,20.375,1.0253929
2014,167,2019,5,1987274.589041096,11,17.625,.88689303
2014,168,2019,5,1987498.561643836,12,28.666666,1.4423491
2014,169,2020,6,1987730,1,16,.80493832
2014,170,2020,6,1987953.860655738,2,22.875,1.1506807
2014,171,2020,6,1988163.278688525,3,15.666667,.78799701
2014,172,2020,6,1988387.139344262,4,12.333334,.62026823
2014,173,2020,6,1988603.778688525,5,16,.80458462
2014,174,2020,6,1988827.639344262,6,17.666668,.88829559
2014,175,2020,6,1989044.278688525,7,16.708334,.84001821
2014,176,2020,6,1989268.139344262,8,23.5,1.181339
2014,177,2020,6,1989492,9,13.416666,.67437649
2014,178,2020,6,1989708.639344262,10,17.625,.88580811
2014,179,2020,6,1989932.5,11,14.25,.71610469
2014,180,2020,6,1990149.139344262,12,13.083333,.65740466
2014,181,2021,7,1990373,1,18.041666,.90644646
2014,182,2021,7,1990977.5,2,16.875,.84757364
2014,183,2021,7,1991523.5,3,19.583334,.9833343
2014,184,2021,7,1992128,4,18.291668,.91819739
2014,185,2021,7,1992713,5,17.625,.88447255
2014,186,2021,7,1993317.5,6,15.541666,.77968842
2014,187,2021,7,1993902.5,7,20.041668,1.0051478
2014,188,2021,7,1994507,8,19.375,.97141802
2014,189,2021,7,1995111.5,9,12.166667,.60982388
2014,190,2021,7,1995696.5,10,17.916668,.89776516
2014,191,2021,7,1996301,11,24.25,1.2147467
2014,192,2021,7,1996886,12,18.083334,.90557671
2015,109,2015,0,1756796.5,1,870.16663,49.531441
2015,110,2015,0,1772541.484931508,2,735,41.465885
2015,111,2015,0,1786762.761643836,3,718.83337,40.231049
2015,112,2015,0,1802507.746575342,4,608.45837,33.756214
2015,113,2015,0,1817744.828767125,5,556.875,30.635489
2015,114,2015,0,1833489.813698631,6,503.20828,27.445381
2015,115,2015,0,1848726.895890411,7,402.41666,21.767231
2015,116,2015,0,1864471.880821919,8,338.625,18.16198
2015,117,2015,0,1880216.865753425,9,252.00002,13.40271
2015,118,2015,0,1895453.947945205,10,178.74998,9.4304581
2015,119,2015,0,1911198.932876714,11,100.625,5.2650199
2015,120,2015,0,1926436.015068494,12,34.916683,1.8125015
2015,121,2016,1,1942181,1,97.666672,5.0287113
2015,122,2016,1,1943082.159836065,2,163.75,8.4273329
2015,123,2016,1,1943925.180327869,3,239.625,12.326863
2015,124,2016,1,1944826.340163935,4,283.54166,14.579279
2015,125,2016,1,1945698.430327869,5,369.625,18.997034
2015,126,2016,1,1946599.590163935,6,439.25,22.564989
2015,127,2016,1,1947471.680327869,7,501.70834,25.762035
2015,128,2016,1,1948372.840163935,8,552.375,28.35058
2015,129,2016,1,1949274,9,647.20831,33.20253
2015,130,2016,1,1950146.090163935,10,701.04169,35.948162
2015,131,2016,1,1951047.25,11,687.125,35.218266
2015,132,2016,1,1951919.340163935,12,805.79163,41.282013
2015,133,2017,2,1952820.5,1,25.125,1.2866006
2015,134,2017,2,1954006.483561644,2,36.75,1.8807511
2015,135,2017,2,1955077.694520548,3,37.458336,1.9159513
2015,136,2017,2,1956263.678082192,4,46.5,2.3769801
2015,137,2017,2,1957411.404109589,5,58,2.9630971
2015,138,2017,2,1958597.387671233,6,41.208332,2.1039715
2015,139,2017,2,1959745.11369863,7,43.5,2.2196765
2015,140,2017,2,1960931.097260274,8,47.375,2.4159441
2015,141,2017,2,1962117.080821918,9,42.375,2.159657
2015,142,2017,2,1963264.806849315,10,50.125,2.5531452
2015,143,2017,2,1964450.790410959,11,56,2.8506696
2015,144,2017,2,1965598.516438356,12,56.666664,2.8829217
2015,145,2018,3,1966784.5,1,29.833332,1.5168582
2015,146,2018,3,1967761.891780822,2,25.625,1.3022408
2015,147,2018,3,1968644.697260274,3,24.125,1.2254623
2015,148,2018,3,1969622.089041096,4,24.291668,1.2333162
2015,149,2018,3,1970567.952054794,5,32.625,1.655614
2015,150,2018,3,1971545.343835616,6,33.833332,1.7160819
2015,151,2018,3,1972491.206849315,7,34.75,1.7617315
2015,152,2018,3,1973468.598630137,8,28.75,1.4568259
2015,153,2018,3,1974445.990410959,9,36.041668,1.8254067
2015,154,2018,3,1975391.853424658,10,20.083332,1.0166758
2015,155,2018,3,1976369.245205479,11,34.75,1.7582747
2015,156,2018,3,1977315.108219178,12,24.166668,1.2221961
2015,157,2019,4,1978292.5,1,26.875,1.3584948
2015,158,2019,4,1978752.319178082,2,25.125,1.2697395
2015,159,2019,4,1979167.639726027,3,21.875,1.1052626
2015,160,2019,4,1979627.45890411,4,24.708334,1.2481304
2015,161,2019,4,1980072.44520548,5,27.625,1.395151
2015,162,2019,4,1980532.264383562,6,25.75,1.3001555
2015,163,2019,4,1980977.250684932,7,24.666668,1.2451768
2015,164,2019,4,1981437.069863014,8,26.25,1.3247961
2015,165,2019,4,1981896.889041096,9,22.291668,1.1247642
2015,166,2019,4,1982341.875342466,10,17.833334,.89960939
2015,167,2019,4,1982801.694520548,11,25,1.2608422
2015,168,2019,4,1983246.680821918,12,26.125,1.3172845
2015,169,2020,5,1983706.5,1,16.25,.81917357
2015,170,2020,5,1983939.889344262,2,22.5,1.134107
2015,171,2020,5,1984158.221311475,3,20.958334,1.0562834
2015,172,2020,5,1984391.610655738,4,17.708334,.89238101
2015,173,2020,5,1984617.471311475,5,15.125,.7621116
2015,174,2020,5,1984850.860655738,6,19.25,.96984619
2015,175,2020,5,1985076.721311475,7,21.166668,1.0662897
2015,176,2020,5,1985310.110655738,8,19.5,.98221433
2015,177,2020,5,1985543.5,9,15.416666,.77644563
2015,178,2020,5,1985769.360655738,10,19.375,.97569239
2015,179,2020,5,1986002.75,11,21,1.0574003
2015,180,2020,5,1986228.610655738,12,19.708332,.99224895
2015,181,2021,6,1986462,1,19.041666,.95857185
2015,182,2021,6,1987095.928767123,2,10.125,.50953758
2015,183,2021,6,1987668.509589041,3,18,.90558362
2015,184,2021,6,1988302.438356164,4,17.833334,.89691252
2015,185,2021,6,1988915.917808219,5,19,.95529425
2015,186,2021,6,1989549.846575343,6,21.416666,1.0764579
2015,187,2021,6,1990163.326027397,7,20.583332,1.0342534
2015,188,2021,6,1990797.254794521,8,17.875,.89788151
2015,189,2021,6,1991431.183561644,9,18.791666,.94362617
2015,190,2021,6,1992044.663013699,10,17.625,.88476932
2015,191,2021,6,1992678.591780822,11,20.625,1.0350389
2015,192,2021,6,1993292.071232877,12,20.875,1.0472624
2016,121,2016,0,1769065,1,791.58331,44.745857
2016,122,2016,0,1781552.579234973,2,729.75,40.961464
2016,123,2016,0,1793234.508196721,3,733.08337,40.880508
2016,124,2016,0,1805722.087431693,4,607.75006,33.656898
2016,125,2016,0,1817806.841530055,5,549.375,30.221857
2016,126,2016,0,1830294.420765027,6,482.62497,26.368708
2016,127,2016,0,1842379.174863388,7,402.41666,21.842228
2016,128,2016,0,1854866.75409836,8,321.75,17.34626
2016,129,2016,0,1867354.333333333,9,259.29169,13.88551
2016,130,2016,0,1879439.087431693,10,181.24998,9.6438341
2016,131,2016,0,1891926.666666667,11,97.25,5.1402626
2016,132,2016,0,1904011.420765027,12,34.916683,1.8338484
2016,133,2017,1,1916499,1,83.416672,4.3525548
2016,134,2017,1,1917302.239726027,2,135.875,7.0867805
2016,135,2017,1,1918027.746575342,3,232.41666,12.117481
2016,136,2017,1,1918830.98630137,4,274.04166,14.281698
2016,137,2017,1,1919608.315068493,5,343.875,17.913811
2016,138,2017,1,1920411.55479452,6,427.875,22.28038
2016,139,2017,1,1921188.883561644,7,433.04169,22.540297
2016,140,2017,1,1921992.123287671,8,532.25,27.692621
2016,141,2017,1,1922795.363013698,9,623,32.400745
2016,142,2017,1,1923572.691780822,10,684,35.558834
2016,143,2017,1,1924375.931506849,11,720.5,37.440708
2016,144,2017,1,1925153.260273973,12,830.41669,43.135094
2016,145,2018,2,1925956.5,1,49.458332,2.5679879
2016,146,2018,2,1927164.947945205,2,26.625,1.3815631
2016,147,2018,2,1928256.449315069,3,39.333332,2.0398393
2016,148,2018,2,1929464.897260274,4,42.291668,2.1918859
2016,149,2018,2,1930634.363013699,5,48.375,2.5056531
2016,150,2018,2,1931842.810958904,6,52.208332,2.7025144
2016,151,2018,2,1933012.276712329,7,50.041664,2.5887918
2016,152,2018,2,1934220.724657534,8,47.125,2.4363818
2016,153,2018,2,1935429.17260274,9,43.125,2.228188
2016,154,2018,2,1936598.638356165,10,48.083336,2.4828756
2016,155,2018,2,1937807.08630137,11,48.25,2.489928
2016,156,2018,2,1938976.552054795,12,38.375,1.9791368
2016,157,2019,3,1940185,1,24.25,1.2498808
2016,158,2019,3,1940793.321917808,2,27.5,1.4169463
2016,159,2019,3,1941342.773972603,3,30.25,1.5581999
2016,160,2019,3,1941951.095890411,4,24.583332,1.265909
2016,161,2019,3,1942539.794520548,5,37.75,1.9433321
2016,162,2019,3,1943148.116438356,6,32.208332,1.6575335
2016,163,2019,3,1943736.815068493,7,28.208332,1.4512423
2016,164,2019,3,1944345.136986302,8,35,1.800092
2016,165,2019,3,1944953.45890411,9,29.791668,1.531742
2016,166,2019,3,1945542.157534247,10,26.5,1.3620882
2016,167,2019,3,1946150.479452055,11,35.625,1.8305367
2016,168,2019,3,1946739.178082192,12,34.624996,1.7786151
2016,169,2020,4,1947347.5,1,22.333332,1.146859
2016,170,2020,4,1947592.112021858,2,26.125,1.3414
2016,171,2020,4,1947820.942622951,3,19.083334,.97972733
2016,172,2020,4,1948065.554644809,4,17.583334,.90260482
2016,173,2020,4,1948302.275956284,5,25,1.2831684
2016,174,2020,4,1948546.887978142,6,21.5,1.1033863
2016,175,2020,4,1948783.609289618,7,26.791666,1.3747891
2016,176,2020,4,1949028.221311475,8,21.125,1.0838735
2016,177,2020,4,1949272.833333333,9,24.5,1.256879
2016,178,2020,4,1949509.554644809,10,25.541666,1.3101585
2016,179,2020,4,1949754.166666667,11,17.625,.90396011
2016,180,2020,4,1949990.887978142,12,23.833334,1.2222279
2016,181,2021,5,1950235.5,1,20.166666,1.0340631
2016,182,2021,5,1950905.609589041,2,18.375,.94187027
2016,183,2021,5,1951510.869863014,3,16.958334,.86898488
2016,184,2021,5,1952180.979452055,4,17.041668,.87295532
2016,185,2021,5,1952829.47260274,5,19.25,.98574913
2016,186,2021,5,1953499.582191781,6,29.458332,1.5079774
2016,187,2021,5,1954148.075342466,7,18.166668,.92964643
2016,188,2021,5,1954818.184931507,8,24.625,1.2597079
2016,189,2021,5,1955488.294520548,9,22.708332,1.1612614
2016,190,2021,5,1956136.787671233,10,24.125,1.2332982
2016,191,2021,5,1956806.897260274,11,20.875,1.0667889
2016,192,2021,5,1957455.390410959,12,24.833332,1.2686538
2017,133,2017,0,1763442.5,1,794.45831,45.051559
2017,134,2017,0,1773519.071232877,2,651,36.70668
2017,135,2017,0,1782620.490410959,3,696.66669,39.081043
2017,136,2017,0,1792697.061643836,4,570.91669,31.846802
2017,137,2017,0,1802448.582191781,5,507.5,28.156143
2017,138,2017,0,1812525.153424658,6,468.54163,25.850214
2017,139,2017,0,1822276.673972603,7,347.41666,19.064978
2017,140,2017,0,1832353.24520548,8,306.75,16.740768
2017,141,2017,0,1842429.816438356,9,251.12502,13.630099
2017,142,2017,0,1852181.336986301,10,176.87498,9.5495501
2017,143,2017,0,1862257.908219178,11,101.875,5.4705095
2017,144,2017,0,1872009.428767123,12,36.000015,1.923068
2017,145,2018,1,1882086,1,91.958336,4.8859797
2017,146,2018,1,1882894.675342466,2,137.5,7.3025861
2017,147,2018,1,1883625.091780822,3,213.25,11.321255
2017,148,2018,1,1884433.767123288,4,257.08331,13.64247
2017,149,2018,1,1885216.356164383,5,323.375,17.153204
2017,150,2018,1,1886025.031506849,6,378.20834,20.053198
2017,151,2018,1,1886807.620547945,7,465.5,24.671301
2017,152,2018,1,1887616.295890411,8,519.375,27.51486
2017,153,2018,1,1888424.971232877,9,595.79163,31.549658
2017,154,2018,1,1889207.560273972,10,665.58337,35.230824
2017,155,2018,1,1890016.235616438,11,676.5,35.793343
2017,156,2018,1,1890798.824657534,12,698.33331,36.933243
2017,157,2019,2,1891607.5,1,31.125,1.6454259
2017,158,2019,2,1892492.443835617,2,40.25,2.1268249
2017,159,2019,2,1893291.747945206,3,40.416668,2.1347301
2017,160,2019,2,1894176.691780822,4,36.791668,1.9423567
2017,161,2019,2,1895033.089041096,5,48.75,2.5725145
2017,162,2019,2,1895918.032876712,6,46.541664,2.4548352
2017,163,2019,2,1896774.430136986,7,36.916668,1.9462867
2017,164,2019,2,1897659.373972603,8,56.125,2.9575908
2017,165,2019,2,1898544.317808219,9,43.625,2.2978132
2017,166,2019,2,1899400.715068493,10,30.583334,1.610157
2017,167,2019,2,1900285.65890411,11,44.875,2.3614872
2017,168,2019,2,1901142.056164383,12,52.25,2.748348
2017,169,2020,3,1902027,1,30.333334,1.5947899
2017,170,2020,3,1902284.952185792,2,29.5,1.5507666
2017,171,2020,3,1902526.262295082,3,28.25,1.4848678
2017,172,2020,3,1902784.214480874,4,23.083334,1.2131346
2017,173,2020,3,1903033.845628415,5,28.125,1.4779032
2017,174,2020,3,1903291.797814208,6,26.625,1.3988922
2017,175,2020,3,1903541.428961749,7,36.5,1.9174787
2017,176,2020,3,1903799.381147541,8,27.375,1.4379141
2017,177,2020,3,1904057.333333333,9,28.708332,1.5077451
2017,178,2020,3,1904306.964480874,10,27,1.4178387
2017,179,2020,3,1904564.916666667,11,23.125,1.2141881
2017,180,2020,3,1904814.547814208,12,25.916666,1.3605874
2017,181,2021,4,1905072.5,1,23.791666,1.2488588
2017,182,2021,4,1905788.090410959,2,21.25,1.1150243
2017,183,2021,4,1906434.430136986,3,14.458334,.75839663
2017,184,2021,4,1907150.020547945,4,21.708334,1.1382605
2017,185,2021,4,1907842.52739726,5,27.25,1.4283149
2017,186,2021,4,1908558.117808219,6,25.874998,1.3557354
2017,187,2021,4,1909250.624657534,7,25.958334,1.3596085
2017,188,2021,4,1909966.215068493,8,26.125,1.3678253
2017,189,2021,4,1910681.805479452,9,24.416666,1.2779033
2017,190,2021,4,1911374.312328767,10,21.25,1.1117655
2017,191,2021,4,1912089.902739726,11,28,1.4643663
2017,192,2021,4,1912782.409589041,12,36.5,1.9082149
2018,145,2018,0,1760945.5,1,792.54163,45.006596
2018,146,2018,0,1768823.109589041,2,644,36.40839
2018,147,2018,0,1775938.369863014,3,653.91669,36.820911
2018,148,2018,0,1783815.979452055,4,550.37506,30.853802
2018,149,2018,0,1791439.47260274,5,477.5,26.654543
2018,150,2018,0,1799317.082191781,6,411.12497,22.848946
2018,151,2018,0,1806940.575342466,7,372.16666,20.596508
2018,152,2018,0,1814818.184931507,8,299.25,16.489256
2018,153,2018,0,1822695.794520549,9,240.04169,13.169597
2018,154,2018,0,1830319.287671234,10,172.08331,9.4018192
2018,155,2018,0,1838196.897260274,11,95.75,5.208909
2018,156,2018,0,1845820.390410959,12,30.291681,1.6410959
2018,157,2019,1,1853698,1,84.666672,4.5674467
2018,158,2019,1,1854460.005479452,2,139,7.4954433
2018,159,2019,1,1855148.268493151,3,223.70833,12.058784
2018,160,2019,1,1855910.273972603,4,287.29166,15.479825
2018,161,2019,1,1856647.698630137,5,330.5,17.8009
2018,162,2019,1,1857409.704109589,6,378.00003,20.350924
2018,163,2019,1,1858147.128767123,7,442.95834,23.838713
2018,164,2019,1,1858909.134246575,8,524.5,28.215473
2018,165,2019,1,1859671.139726027,9,550.91663,29.624411
2018,166,2019,1,1860408.564383562,10,625.54169,33.623886
2018,167,2019,1,1861170.569863014,11,663.75,35.66304
2018,168,2019,1,1861907.994520548,12,745.87494,40.059711
2018,169,2020,2,1862670,1,38.874996,2.0870576
2018,170,2020,2,1862937.226775956,2,47.125,2.5296075
2018,171,2020,2,1863187.213114754,3,37.166664,1.9947896
2018,172,2020,2,1863454.43989071,4,34.75,1.8648162
2018,173,2020,2,1863713.046448088,5,35.5,1.9047997
2018,174,2020,2,1863980.273224044,6,37.833336,2.029707
2018,175,2020,2,1864238.879781421,7,49.583336,2.6597095
2018,176,2020,2,1864506.106557377,8,43.125,2.3129449
2018,177,2020,2,1864773.333333333,9,29.708334,1.5931338
2018,178,2020,2,1865031.93989071,10,39.666668,2.1268628
2018,179,2020,2,1865299.166666667,11,46.75,2.5063004
2018,180,2020,2,1865557.773224044,12,44.208332,2.3697112
2018,181,2021,3,1865825,1,19.666666,1.0540466
2018,182,2021,3,1866588.321917808,2,22.375,1.198711
2018,183,2021,3,1867277.773972603,3,22.5,1.2049626
2018,184,2021,3,1868041.095890411,4,25.666668,1.3739884
2018,185,2021,3,1868779.794520548,5,29.375,1.5718813
2018,186,2021,3,1869543.116438356,6,30.166668,1.613585
2018,187,2021,3,1870281.815068493,7,37.5,2.0050454
2018,188,2021,3,1871045.136986301,8,34.375,1.8372085
2018,189,2021,3,1871808.45890411,9,37.041668,1.978924
2018,190,2021,3,1872547.157534247,10,39,2.0827246
2018,191,2021,3,1873310.479452055,11,28.125,1.5013528
2018,192,2021,3,1874049.178082192,12,38.916668,2.0766087
2019,157,2019,0,1751939.5,1,690.95831,39.439621
2019,158,2019,0,1758205.619178083,2,630,35.831985
2019,159,2019,0,1763865.339726028,3,666.58337,37.791058
2019,160,2019,0,1770131.45890411,4,589.33337,33.293198
2019,161,2019,0,1776195.44520548,5,483.125,27.199991
2019,162,2019,0,1782461.564383562,6,408.95831,22.943457
2019,163,2019,0,1788525.550684932,7,356.58331,19.937279
2019,164,2019,0,1794791.669863014,8,299.625,16.694138
2019,165,2019,0,1801057.789041096,9,221.08334,12.275194
2019,166,2019,0,1807121.775342466,10,162.91666,9.0152559
2019,167,2019,0,1813387.894520548,11,94,5.1836677
2019,168,2019,0,1819451.880821918,12,32.333347,1.7770927
2019,169,2020,1,1825718,1,91.083328,4.9889045
2019,170,2020,1,1825972.098360656,2,137.25,7.5165443
2019,171,2020,1,1826209.803278689,3,192.79166,10.556928
2019,172,2020,1,1826463.901639344,4,225.95833,12.371355
2019,173,2020,1,1826709.803278689,5,306.5,16.778801
2019,174,2020,1,1826963.901639344,6,372.91669,20.411825
2019,175,2020,1,1827209.803278689,7,420.54166,23.015511
2019,176,2020,1,1827463.901639344,8,492.875,26.970436
2019,177,2020,1,1827718,9,493.25,26.987206
2019,178,2020,1,1827963.901639344,10,578.16669,31.629
2019,179,2020,1,1828218,11,631.875,34.562344
2019,180,2020,1,1828463.901639344,12,645.875,35.323368
2019,181,2021,2,1828718,1,35.916664,1.9640352
2019,182,2021,2,1829508.712328767,2,23.625,1.2913303
2019,183,2021,2,1830222.904109589,3,35.541668,1.9419311
2019,184,2021,2,1831013.616438356,4,44.875,2.4508283
2019,185,2021,2,1831778.821917808,5,48.875,2.6681714
2019,186,2021,2,1832569.534246576,6,43.75,2.3873582
2019,187,2021,2,1833334.739726027,7,53.833332,2.9363613
2019,188,2021,2,1834125.452054795,8,52.5,2.8623996
2019,189,2021,2,1834916.164383562,9,52.625,2.8679783
2019,190,2021,2,1835681.369863014,10,58.25,3.1732087
2019,191,2021,2,1836472.082191781,11,60.375,3.2875533
2019,192,2021,2,1837237.287671233,12,47.625,2.5922074
2020,169,2020,0,1737932,1,794.45831,45.712852
2020,170,2020,0,1741379.987704918,2,666.75,38.288597
2020,171,2020,0,1744605.524590164,3,573.16669,32.853657
2020,172,2020,0,1748053.512295082,4,481.66669,27.554459
2020,173,2020,0,1751390.274590164,5,455.625,26.015047
2020,174,2020,0,1754838.262295082,6,406.79163,23.181147
2020,175,2020,0,1758175.024590164,7,334.125,19.00408
2020,176,2020,0,1761623.012295082,8,284.25,16.135689
2020,177,2020,0,1765071,9,199.50002,11.302662
2020,178,2020,0,1768407.762295082,10,149.79166,8.4704256
2020,179,2020,0,1771855.75,11,89.375,5.0441465
2020,180,2020,0,1775192.512295082,12,28.000013,1.5772945
2020,181,2021,1,1778640.5,1,86.083336,4.839839
2020,182,2021,1,1779437.879452055,2,140.875,7.9168258
2020,183,2021,1,1780158.093150685,3,195.875,11.003236
2020,184,2021,1,1780955.47260274,4,279.83331,15.712539
2020,185,2021,1,1781727.130136986,5,330.75,18.563448
2020,186,2021,1,1782524.509589041,6,351.79169,19.735588
2020,187,2021,1,1783296.167123288,7,437.29169,24.52154
2020,188,2021,1,1784093.546575342,8,503.75,28.235626
2020,189,2021,1,1784890.926027397,9,600.29163,33.63184
2020,190,2021,1,1785662.583561644,10,643.87506,36.058048
2020,191,2021,1,1786459.963013699,11,610.125,34.152737
2020,192,2021,1,1787231.620547945,12,712.125,39.845142
2021,181,2021,0,1693987.5,1,723.54163,42.712337
2021,182,2021,0,1700881.347945206,2,600.25,35.290527
2021,183,2021,0,1707108.049315069,3,596.91669,34.966545
2021,184,2021,0,1714001.897260274,4,569.50006,33.226337
2021,185,2021,0,1720673.363013699,5,476.25,27.678118
2021,186,2021,0,1727567.210958904,6,385.66663,22.324263
2021,187,2021,0,1734238.676712329,7,345.58331,19.92709
2021,188,2021,0,1741132.524657534,8,288.75,16.584034
2021,189,2021,0,1748026.372602739,9,240.33334,13.748839
2021,190,2021,0,1754697.838356164,10,166.04166,9.4626923
2021,191,2021,0,1761591.68630137,11,86,4.8819485
2021,192,2021,0,1768263.152054794,12,30.875015,1.7460645
